event_id,org_token,source_system,bill_record_id,event_type,event_at,available_at,amount_minor,currency,reverses_event_id,terminal_flag,source_ref
EV000001,PM,CPL_BILLING,CPL-R00001,SUBMITTED,2023-07-07T16:01:00-05:00,2023-07-08T00:38:11-05:00,3463,USD,,false,CPL/SRC/events/00001
EV000002,PM,CPL_BILLING,CPL-R00001,CLOSED_NO_PAYMENT,2023-10-23T14:13:00-05:00,2023-10-30T19:01:37-05:00,,,,true,CPL/SRC/events/00002
EV000003,PM,CPL_BILLING,CPL-R00002,SUBMITTED,2023-09-07T08:10:00-05:00,2023-09-07T21:04:04-05:00,44333,USD,,false,CPL/SRC/events/00003
EV000004,PM,CPL_BILLING,,PAYMENT_POSTED,2023-10-05T14:30:00-05:00,2023-10-05T15:22:05-05:00,44333,USD,,false,CPL/SRC/events/00004
EV000005,PM,CPL_BILLING,CPL-R00003,SUBMITTED,2023-09-04T13:09:00-05:00,2023-09-07T08:37:49-05:00,7666,USD,,false,CPL/SRC/events/00005
EV000006,PM,CPL_BILLING,CPL-R00004,SUBMITTED,2023-06-05T11:59:00-05:00,2023-06-22T12:46:17-05:00,48176,USD,,false,CPL/SRC/events/00006
EV000007,PM,CPL_BILLING,,PAYMENT_POSTED,2023-08-10T11:12:00-05:00,2023-08-10T12:23:25-05:00,48176,USD,,false,CPL/SRC/events/00007
EV000008,PM,CPL_BILLING,CPL-R00005,SUBMITTED,2022-11-01T11:12:00-05:00,2022-11-01T14:22:20-05:00,14570,USD,,false,CPL/SRC/events/00008
EV000009,PM,CPL_BILLING,,PAYMENT_POSTED,2022-11-03T13:26:00-05:00,2022-11-04T07:47:47-05:00,14570,USD,,false,CPL/SRC/events/00009
EV000010,PM,CPL_BILLING,CPL-R00006,SUBMITTED,2022-10-31T09:56:00-05:00,2022-12-19T12:49:16-06:00,7055,USD,,false,CPL/SRC/events/00010
EV000011,PM,CPL_BILLING,CPL-R00007,SUBMITTED,2023-05-01T08:11:00-05:00,2023-05-05T01:14:26-05:00,7472,USD,,false,CPL/SRC/events/00011
EV000012,PM,CPL_BILLING,,PAYMENT_POSTED,2023-05-11T12:27:00-05:00,2023-05-11T17:55:04-05:00,7472,USD,,false,CPL/SRC/events/00012
EV000013,PM,CPL_BILLING,CPL-R00008,SUBMITTED,2023-05-04T14:54:00-05:00,2023-05-04T23:10:23-05:00,10729,USD,,false,CPL/SRC/events/00013
EV000014,PM,CPL_BILLING,,PAYMENT_POSTED,2023-05-10T08:34:00-05:00,2023-05-10T15:51:01-05:00,10729,USD,,false,CPL/SRC/events/00014
EV000015,PM,CPL_BILLING,CPL-R00009,SUBMITTED,2022-11-09T08:57:00-06:00,2022-11-10T09:03:28-06:00,11260,USD,,false,CPL/SRC/events/00015
EV000016,PM,CPL_BILLING,CPL-R00010,CORRECTED,2022-11-14T10:58:00-06:00,2022-11-14T15:35:37-06:00,12959,USD,,false,CPL/SRC/events/00016
EV000017,PM,CPL_BILLING,CPL-R00009,VOID_VERSION,2022-11-14T10:58:00-06:00,2022-11-14T11:26:51-06:00,11260,USD,,false,CPL/SRC/events/00017
EV000018,PM,CPL_BILLING,,PAYMENT_POSTED,2022-11-21T14:45:00-06:00,2022-11-23T07:14:53-06:00,12959,USD,,false,CPL/SRC/events/00018
EV000019,PM,CPL_BILLING,CPL-R00011,SUBMITTED,2022-10-10T08:03:00-05:00,2022-10-11T01:38:24-05:00,4030,USD,,false,CPL/SRC/events/00019
EV000020,PM,CPL_BILLING,CPL-R00012,CORRECTED,2022-10-17T14:56:00-05:00,2022-10-17T22:08:44-05:00,5092,USD,,false,CPL/SRC/events/00020
EV000021,PM,CPL_BILLING,CPL-R00011,VOID_VERSION,2022-10-17T14:56:00-05:00,2022-10-17T18:47:57-05:00,4030,USD,,false,CPL/SRC/events/00021
EV000022,PM,CPL_BILLING,,PAYMENT_POSTED,2022-10-21T08:39:00-05:00,2022-10-21T12:55:32-05:00,5092,USD,,false,CPL/SRC/events/00022
EV000023,PM,CPL_BILLING,CPL-R00013,SUBMITTED,2022-10-10T14:53:00-05:00,2022-10-10T16:19:28-05:00,5753,USD,,false,CPL/SRC/events/00023
EV000024,PM,CPL_BILLING,CPL-R00014,SUBMITTED,2023-05-04T14:05:00-05:00,2023-05-07T15:28:18-05:00,46815,USD,,false,CPL/SRC/events/00024
EV000025,PM,CPL_BILLING,CPL-R00015,CORRECTED,2023-05-15T15:59:00-05:00,2023-05-19T03:18:19-05:00,48523,USD,,false,CPL/SRC/events/00025
EV000026,PM,CPL_BILLING,,PAYMENT_POSTED,2023-05-19T15:04:00-05:00,2023-05-19T21:18:34-05:00,48523,USD,,false,CPL/SRC/events/00026
EV000027,PM,CPL_BILLING,CPL-R00016,SUBMITTED,2023-07-10T16:48:00-05:00,2023-07-10T18:31:11-05:00,9881,USD,,false,CPL/SRC/events/00027
EV000028,PM,CPL_BILLING,,PAYMENT_POSTED,2023-07-31T11:29:00-05:00,2023-08-08T10:58:02-05:00,9881,USD,,false,CPL/SRC/events/00028
EV000029,PM,CPL_BILLING,CPL-R00017,SUBMITTED,2022-09-05T09:31:00-05:00,2022-09-05T15:50:16-05:00,35176,USD,,false,CPL/SRC/events/00029
EV000030,PM,CPL_BILLING,,PAYMENT_POSTED,2022-10-03T16:11:00-05:00,2022-10-09T04:07:56-05:00,35176,USD,,false,CPL/SRC/events/00030
EV000031,PM,CPL_BILLING,CPL-R00018,SUBMITTED,2022-10-07T14:13:00-05:00,2022-10-11T22:01:22-05:00,13634,USD,,false,CPL/SRC/events/00031
EV000032,PM,CPL_BILLING,,PAYMENT_POSTED,2022-11-07T10:50:00-06:00,2022-11-07T12:19:41-06:00,13634,USD,,false,CPL/SRC/events/00032
EV000033,PM,CPL_BILLING,CPL-R00019,SUBMITTED,2023-07-17T11:30:00-05:00,2023-07-17T18:20:53-05:00,6658,USD,,false,CPL/SRC/events/00033
EV000034,PM,CPL_BILLING,,PAYMENT_POSTED,2023-08-07T13:48:00-05:00,2023-08-12T13:11:14-05:00,6658,USD,,false,CPL/SRC/events/00034
EV000035,PM,CPL_BILLING,CPL-R00020,SUBMITTED,2023-01-27T16:22:00-06:00,2023-02-03T02:20:01-06:00,47644,USD,,false,CPL/SRC/events/00035
EV000036,PM,CPL_BILLING,,PAYMENT_POSTED,2023-02-20T15:05:00-06:00,2023-02-20T20:54:56-06:00,47644,USD,,false,CPL/SRC/events/00036
EV000037,PM,CPL_BILLING,CPL-R00021,SUBMITTED,2023-07-17T15:09:00-05:00,2023-07-17T17:26:52-05:00,7776,USD,,false,CPL/SRC/events/00037
EV000038,PM,CPL_BILLING,,PAYMENT_POSTED,2023-07-27T13:27:00-05:00,2023-07-29T23:15:16-05:00,7776,USD,,false,CPL/SRC/events/00038
EV000039,PM,CPL_BILLING,CPL-R00022,SUBMITTED,2023-09-08T12:27:00-05:00,2023-09-09T18:49:15-05:00,43068,EUR,,false,CPL/SRC/events/00039
EV000040,PM,CPL_BILLING,,PAYMENT_POSTED,2023-10-26T08:09:00-05:00,2023-10-27T06:46:51-05:00,43068,USD,,false,CPL/SRC/events/00040
EV000041,PM,CPL_BILLING,CPL-R00023,SUBMITTED,2023-02-27T16:35:00-06:00,2023-02-27T23:20:10-06:00,3511,USD,,false,CPL/SRC/events/00041
EV000042,PM,CPL_BILLING,,PAYMENT_POSTED,2023-05-12T10:10:00-05:00,2023-05-18T11:49:38-05:00,3511,USD,,false,CPL/SRC/events/00042
EV000043,PM,CPL_BILLING,CPL-R00024,SUBMITTED,2023-05-29T16:43:00-05:00,2023-05-29T16:49:39-05:00,6293,USD,,false,CPL/SRC/events/00043
EV000044,PM,CPL_BILLING,,PAYMENT_POSTED,2023-06-19T15:56:00-05:00,2023-06-22T16:28:13-05:00,6293,USD,,false,CPL/SRC/events/00044
EV000045,PM,CPL_BILLING,CPL-R00025,SUBMITTED,2023-01-23T13:44:00-06:00,2023-01-29T00:17:23-06:00,8010,USD,,false,CPL/SRC/events/00045
EV000046,PM,CPL_BILLING,CPL-R00026,SUBMITTED,2022-07-27T10:01:00-05:00,2022-07-27T14:25:16-05:00,10441,USD,,false,CPL/SRC/events/00046
EV000047,PM,CPL_BILLING,,PAYMENT_POSTED,2022-08-11T13:53:00-05:00,2022-08-13T15:19:35-05:00,10441,USD,,false,CPL/SRC/events/00047
EV000048,PM,CPL_BILLING,CPL-R00027,SUBMITTED,2022-11-30T09:27:00-06:00,2022-12-07T20:38:48-06:00,23882,USD,,false,CPL/SRC/events/00048
EV000049,PM,CPL_BILLING,,PAYMENT_POSTED,2022-12-13T10:24:00-06:00,2022-12-21T03:32:24-06:00,23882,USD,,false,CPL/SRC/events/00049
EV000050,PM,CPL_BILLING,CPL-R00028,SUBMITTED,2022-11-14T09:51:00-06:00,2022-11-14T12:48:00-06:00,60839,USD,,false,CPL/SRC/events/00050
EV000051,PM,CPL_BILLING,,PAYMENT_POSTED,2022-11-21T09:17:00-06:00,2022-11-21T16:05:49-06:00,60839,USD,,false,CPL/SRC/events/00051
EV000052,PM,CPL_BILLING,CPL-R00029,SUBMITTED,2023-07-11T11:25:00-05:00,2023-07-11T16:25:16-05:00,21634,USD,,false,CPL/SRC/events/00052
EV000053,PM,CPL_BILLING,CPL-R00030,SUBMITTED,2023-01-30T12:01:00-06:00,2023-02-01T21:19:21-06:00,5925,USD,,false,CPL/SRC/events/00053
EV000054,PM,CPL_BILLING,,PAYMENT_POSTED,2023-02-21T09:15:00-06:00,2023-02-21T15:37:21-06:00,5925,USD,,false,CPL/SRC/events/00054
EV000055,PM,CPL_BILLING,CPL-R00031,SUBMITTED,2023-09-04T16:21:00-05:00,2023-09-25T16:21:00-05:00,6144,USD,,false,CPL/SRC/events/00055
EV000056,PM,CPL_BILLING,CPL-R00032,CORRECTED,2023-09-06T16:56:00-05:00,2023-09-07T00:24:39-05:00,5767,USD,,false,CPL/SRC/events/00056
EV000057,PM,CPL_BILLING,,PAYMENT_POSTED,2023-09-19T16:22:00-05:00,2023-09-19T21:59:53-05:00,5767,USD,,false,CPL/SRC/events/00057
EV000058,PM,CPL_BILLING,CPL-R00033,SUBMITTED,2023-08-30T11:35:00-05:00,2023-08-30T14:21:56-05:00,11783,USD,,false,CPL/SRC/events/00058
EV000059,PM,CPL_BILLING,CPL-R00034,SUBMITTED,2023-06-21T14:41:00-05:00,2023-06-22T01:00:17-05:00,10418,USD,,false,CPL/SRC/events/00059
EV000060,PM,CPL_BILLING,,PAYMENT_POSTED,2023-07-06T11:45:00-05:00,2023-07-06T14:17:49-05:00,10418,USD,,false,CPL/SRC/events/00060
EV000061,PM,CPL_BILLING,CPL-R00035,SUBMITTED,2023-06-19T10:06:00-05:00,2023-06-19T10:55:47-05:00,13713,USD,,false,CPL/SRC/events/00061
EV000062,PM,CPL_BILLING,CPL-R00036,SUBMITTED,2023-06-12T10:31:00-05:00,2023-06-13T05:25:14-05:00,29572,USD,,false,CPL/SRC/events/00062
EV000063,PM,CPL_BILLING,CPL-R00037,SUBMITTED,2022-07-27T13:51:00-05:00,2022-07-27T15:53:31-05:00,12003,USD,,false,CPL/SRC/events/00063
EV000064,PM,CPL_BILLING,,PAYMENT_POSTED,2022-09-19T10:41:00-05:00,2022-09-25T08:48:26-05:00,12003,USD,,false,CPL/SRC/events/00064
EV000065,PM,CPL_BILLING,CPL-R00037,PAYMENT_REVERSED,2022-10-03T09:27:00-05:00,2022-10-05T05:36:25-05:00,5869,USD,EV000064,false,CPL/SRC/events/00065
EV000066,PM,CPL_BILLING,CPL-R00038,SUBMITTED,2023-01-02T15:32:00-06:00,2023-01-15T00:10:13-06:00,6218,USD,,false,CPL/SRC/events/00066
EV000067,PM,CPL_BILLING,CPL-R00039,SUBMITTED,2023-01-03T08:09:00-06:00,2023-01-03T12:08:05-06:00,15425,USD,,false,CPL/SRC/events/00067
EV000068,PM,CPL_BILLING,CPL-R00040,CORRECTED,2023-01-05T15:07:00-06:00,2023-01-05T18:12:32-06:00,18987,USD,,false,CPL/SRC/events/00068
EV000069,PM,CPL_BILLING,CPL-R00039,VOID_VERSION,2023-01-05T15:07:00-06:00,2023-01-05T17:29:29-06:00,15425,USD,,false,CPL/SRC/events/00069
EV000070,PM,CPL_BILLING,,PAYMENT_POSTED,2023-01-23T08:30:00-06:00,2023-01-29T21:43:41-06:00,18987,USD,,false,CPL/SRC/events/00070
EV000071,PM,CPL_BILLING,CPL-R00041,SUBMITTED,2023-01-02T09:30:00-06:00,2023-01-02T13:53:07-06:00,19274,USD,,false,CPL/SRC/events/00071
EV000072,PM,CPL_BILLING,CPL-R00042,SUBMITTED,2023-10-02T10:47:00-05:00,2023-10-08T10:31:45-05:00,13550,USD,,false,CPL/SRC/events/00072
EV000073,PM,CPL_BILLING,CPL-R00043,SUBMITTED,2022-11-23T14:17:00-06:00,2022-11-28T11:36:11-06:00,3910,USD,,false,CPL/SRC/events/00073
EV000074,PM,CPL_BILLING,CPL-R00043,CLOSED_NO_PAYMENT,2023-01-23T08:10:00-06:00,2023-01-23T13:40:01-06:00,,,,true,CPL/SRC/events/00074
EV000075,PM,CPL_BILLING,CPL-R00044,SUBMITTED,2023-02-21T15:39:00-06:00,2023-02-23T10:48:11-06:00,4426,USD,,false,CPL/SRC/events/00075
EV000076,PM,CPL_BILLING,CPL-R00045,SUBMITTED,2023-07-04T14:15:00-05:00,2023-07-07T03:30:39-05:00,11363,USD,,false,CPL/SRC/events/00076
EV000077,PM,CPL_BILLING,CPL-R00046,SUBMITTED,2022-12-15T12:43:00-06:00,2022-12-15T14:34:27-06:00,24556,USD,,false,CPL/SRC/events/00077
EV000078,PM,CPL_BILLING,CPL-R00047,SUBMITTED,2023-06-07T13:18:00-05:00,2023-06-09T14:30:39-05:00,20359,USD,,false,CPL/SRC/events/00078
EV000079,PM,CPL_BILLING,CPL-R00047,CLOSED_NO_PAYMENT,2023-09-29T09:33:00-05:00,2023-10-01T16:08:27-05:00,,,,true,CPL/SRC/events/00079
EV000080,PM,CPL_BILLING,CPL-R00048,SUBMITTED,2023-09-27T16:53:00-05:00,2023-09-28T08:11:30-05:00,8407,USD,,false,CPL/SRC/events/00080
EV000081,PM,CPL_BILLING,,PAYMENT_POSTED,2023-10-27T10:02:00-05:00,2023-10-30T15:30:28-05:00,8407,USD,,false,CPL/SRC/events/00081
EV000082,PM,CPL_BILLING,CPL-R00048,PAYMENT_REVERSED,2023-10-30T08:12:00-05:00,2023-10-30T17:41:47-05:00,8407,USD,EV000081,false,CPL/SRC/events/00082
EV000083,PM,CPL_BILLING,CPL-R00049,SUBMITTED,2022-11-14T11:58:00-06:00,2022-11-24T03:40:48-06:00,9985,USD,,false,CPL/SRC/events/00083
EV000084,PM,CPL_BILLING,,PAYMENT_POSTED,2022-11-23T10:18:00-06:00,2022-11-24T05:38:51-06:00,9985,EUR,,false,CPL/SRC/events/00084
EV000085,PM,CPL_BILLING,CPL-R00050,SUBMITTED,2023-02-20T09:48:00-06:00,2023-02-20T15:29:45-06:00,17232,USD,,false,CPL/SRC/events/00085
EV000086,PM,CPL_BILLING,,PAYMENT_POSTED,2023-03-30T08:24:00-05:00,2023-03-30T08:38:46-05:00,17232,USD,,false,CPL/SRC/events/00086
EV000087,PM,CPL_BILLING,CPL-R00051,SUBMITTED,2022-09-19T10:52:00-05:00,2022-09-19T12:55:18-05:00,5608,USD,,false,CPL/SRC/events/00087
EV000088,PM,CPL_BILLING,,PAYMENT_POSTED,2022-09-26T13:14:00-05:00,2022-09-26T20:50:38-05:00,5608,USD,,false,CPL/SRC/events/00088
EV000089,PM,CPL_BILLING,CPL-R00052,SUBMITTED,2023-05-05T14:38:00-05:00,2023-05-05T20:48:18-05:00,12408,USD,,false,CPL/SRC/events/00089
EV000090,PM,CPL_BILLING,,PAYMENT_POSTED,2023-05-29T10:37:00-05:00,2023-05-29T17:47:23-05:00,12408,USD,,false,CPL/SRC/events/00090
EV000091,PM,CPL_BILLING,CPL-R00053,SUBMITTED,2022-11-23T10:32:00-06:00,2022-11-27T07:50:34-06:00,11985,USD,,false,CPL/SRC/events/00091
EV000092,PM,CPL_BILLING,,PAYMENT_POSTED,2022-12-19T13:35:00-06:00,2022-12-19T21:06:47-06:00,11985,USD,,false,CPL/SRC/events/00092
EV000093,PM,CPL_BILLING,CPL-R00054,SUBMITTED,2022-08-16T09:51:00-05:00,2022-08-16T11:54:10-05:00,3556,USD,,false,CPL/SRC/events/00093
EV000094,PM,CPL_BILLING,,PAYMENT_POSTED,2022-09-05T13:29:00-05:00,2022-09-09T00:00:57-05:00,3556,USD,,false,CPL/SRC/events/00094
EV000095,PM,CPL_BILLING,CPL-R00055,SUBMITTED,2023-04-17T13:54:00-05:00,2023-04-27T00:05:21-05:00,3406,USD,,false,CPL/SRC/events/00095
EV000096,PM,CPL_BILLING,,PAYMENT_POSTED,2023-05-08T11:16:00-05:00,2023-05-08T11:23:43-05:00,3406,USD,,false,CPL/SRC/events/00096
EV000097,PM,CPL_BILLING,CPL-R00056,SUBMITTED,2023-04-17T16:52:00-05:00,2023-05-07T02:37:21-05:00,19686,USD,,false,CPL/SRC/events/00097
EV000098,PM,CPL_BILLING,CPL-R00057,SUBMITTED,2023-04-10T10:59:00-05:00,2023-04-11T20:19:43-05:00,9645,USD,,false,CPL/SRC/events/00098
EV000099,PM,CPL_BILLING,,PAYMENT_POSTED,2023-04-17T16:27:00-05:00,2023-04-20T14:52:25-05:00,9645,USD,,false,CPL/SRC/events/00099
EV000100,PM,CPL_BILLING,CPL-R00058,SUBMITTED,2023-09-20T12:41:00-05:00,2023-09-21T22:14:14-05:00,19798,USD,,false,CPL/SRC/events/00100
EV000101,PM,CPL_BILLING,,PAYMENT_POSTED,2023-10-19T12:26:00-05:00,2023-10-21T00:04:45-05:00,19798,USD,,false,CPL/SRC/events/00101
EV000102,PM,CPL_BILLING,CPL-R00059,SUBMITTED,2023-09-11T11:10:00-05:00,2023-09-13T04:08:25-05:00,15888,USD,,false,CPL/SRC/events/00102
EV000103,PM,CPL_BILLING,,PAYMENT_POSTED,2023-10-16T13:38:00-05:00,2023-10-16T14:21:12-05:00,15888,USD,,false,CPL/SRC/events/00103
EV000104,PM,CPL_BILLING,CPL-R00060,SUBMITTED,2022-09-02T08:56:00-05:00,2022-09-02T16:38:56-05:00,10994,USD,,false,CPL/SRC/events/00104
EV000105,PM,CPL_BILLING,,PAYMENT_POSTED,2022-09-23T08:59:00-05:00,2022-09-26T08:07:19-05:00,10994,USD,,false,CPL/SRC/events/00105
EV000106,PM,CPL_BILLING,CPL-R00061,SUBMITTED,2023-08-09T15:55:00-05:00,2023-08-14T15:21:49-05:00,9310,USD,,false,CPL/SRC/events/00106
EV000107,PM,CPL_BILLING,,PAYMENT_POSTED,2023-08-17T15:25:00-05:00,2023-08-30T08:25:17-05:00,9310,USD,,false,CPL/SRC/events/00107
EV000108,PM,CPL_BILLING,CPL-R00062,SUBMITTED,2023-05-30T09:38:00-05:00,2023-05-30T12:43:56-05:00,2510,USD,,false,CPL/SRC/events/00108
EV000109,PM,CPL_BILLING,,PAYMENT_POSTED,2023-06-06T12:24:00-05:00,2023-06-15T05:45:11-05:00,2510,USD,,false,CPL/SRC/events/00109
EV000110,PM,CPL_BILLING,CPL-R00063,SUBMITTED,2022-10-03T11:52:00-05:00,2022-10-05T12:51:35-05:00,5271,USD,,false,CPL/SRC/events/00110
EV000111,PM,CPL_BILLING,,PAYMENT_POSTED,2022-11-14T09:48:00-06:00,2022-11-14T13:15:26-06:00,5271,USD,,false,CPL/SRC/events/00111
EV000112,PM,CPL_BILLING,CPL-R00064,SUBMITTED,2023-06-26T16:24:00-05:00,2023-06-29T01:47:30-05:00,13281,USD,,false,CPL/SRC/events/00112
EV000113,PM,CPL_BILLING,CPL-R00064,CLOSED_NO_PAYMENT,2023-08-10T13:20:00-05:00,2023-08-10T18:06:08-05:00,,,,true,CPL/SRC/events/00113
EV000114,PM,CPL_BILLING,CPL-R00065,SUBMITTED,2023-05-01T09:01:00-05:00,2023-05-04T23:13:14-05:00,9929,USD,,false,CPL/SRC/events/00114
EV000115,PM,CPL_BILLING,,PAYMENT_POSTED,2023-05-25T08:29:00-05:00,2023-05-28T09:59:46-05:00,9929,USD,,false,CPL/SRC/events/00115
EV000116,PM,CPL_BILLING,CPL-R00066,SUBMITTED,2022-12-14T16:31:00-06:00,2022-12-14T20:12:35-06:00,3615,USD,,false,CPL/SRC/events/00116
EV000117,PM,CPL_BILLING,,PAYMENT_POSTED,2023-01-11T12:50:00-06:00,2023-01-14T06:59:42-06:00,3615,USD,,false,CPL/SRC/events/00117
EV000118,PM,CPL_BILLING,CPL-R00067,SUBMITTED,2022-12-13T08:20:00-06:00,2022-12-13T12:48:48-06:00,13569,USD,,false,CPL/SRC/events/00118
EV000119,PM,CPL_BILLING,CPL-R00068,SUBMITTED,2022-08-19T11:21:00-05:00,2022-08-22T08:05:45-05:00,11751,USD,,false,CPL/SRC/events/00119
EV000120,PM,CPL_BILLING,CPL-R00069,SUBMITTED,2023-07-07T15:31:00-05:00,2023-07-18T10:08:04-05:00,122723,USD,,false,CPL/SRC/events/00120
EV000121,PM,CPL_BILLING,,PAYMENT_POSTED,2023-07-27T16:37:00-05:00,2023-07-31T17:29:05-05:00,122723,USD,,false,CPL/SRC/events/00121
EV000122,PM,CPL_BILLING,CPL-R00070,SUBMITTED,2023-05-16T14:01:00-05:00,2023-05-18T06:29:44-05:00,5035,USD,,false,CPL/SRC/events/00122
EV000123,PM,CPL_BILLING,,PAYMENT_POSTED,2023-06-29T10:46:00-05:00,2023-06-29T14:59:02-05:00,5035,USD,,false,CPL/SRC/events/00123
EV000124,PM,CPL_BILLING,CPL-R00071,SUBMITTED,2022-08-08T15:30:00-05:00,2022-08-14T18:29:01-05:00,14624,USD,,false,CPL/SRC/events/00124
EV000125,PM,CPL_BILLING,,PAYMENT_POSTED,2022-09-14T14:47:00-05:00,2022-09-14T19:29:42-05:00,14624,USD,,false,CPL/SRC/events/00125
EV000126,PM,CPL_BILLING,CPL-R00072,SUBMITTED,2023-08-14T08:11:00-05:00,2023-10-03T09:50:46-05:00,33486,USD,,false,CPL/SRC/events/00126
EV000127,PM,CPL_BILLING,,PAYMENT_POSTED,2023-09-14T09:49:00-05:00,2023-09-16T04:55:00-05:00,33486,USD,,false,CPL/SRC/events/00127
EV000128,PM,CPL_BILLING,CPL-R00073,SUBMITTED,2023-01-02T10:46:00-06:00,2023-01-02T14:13:08-06:00,5337,USD,,false,CPL/SRC/events/00128
EV000129,PM,CPL_BILLING,,PAYMENT_POSTED,2023-02-06T16:16:00-06:00,2023-02-12T01:21:22-06:00,5337,USD,,false,CPL/SRC/events/00129
EV000130,PM,CPL_BILLING,CPL-R00074,SUBMITTED,2022-07-18T11:18:00-05:00,2022-07-19T16:16:50-05:00,9995,USD,,false,CPL/SRC/events/00130
EV000131,PM,CPL_BILLING,,PAYMENT_POSTED,2022-08-04T15:43:00-05:00,2022-08-04T20:12:01-05:00,9995,USD,,false,CPL/SRC/events/00131
EV000132,PM,CPL_BILLING,CPL-R00075,SUBMITTED,2023-03-27T16:35:00-05:00,2023-03-31T14:23:58-05:00,20995,USD,,false,CPL/SRC/events/00132
EV000133,PM,CPL_BILLING,,PAYMENT_POSTED,2023-05-10T08:04:00-05:00,2023-05-12T16:50:20-05:00,20995,USD,,false,CPL/SRC/events/00133
EV000134,PM,CPL_BILLING,CPL-R00076,SUBMITTED,2023-03-20T16:13:00-05:00,2023-03-20T20:21:40-05:00,10363,USD,,false,CPL/SRC/events/00134
EV000135,PM,CPL_BILLING,,PAYMENT_POSTED,2023-03-27T12:08:00-05:00,2023-03-28T20:14:47-05:00,10363,USD,,false,CPL/SRC/events/00135
EV000136,PM,CPL_BILLING,CPL-R00077,SUBMITTED,2023-07-10T10:39:00,2023-07-10T16:58:08,11591,USD,,false,CPL/SRC/events/00136
EV000137,PM,CPL_BILLING,,PAYMENT_POSTED,2023-08-21T09:23:00-05:00,2023-08-23T05:50:53-05:00,11591,USD,,false,CPL/SRC/events/00137
EV000138,PM,CPL_BILLING,CPL-R00078,SUBMITTED,2022-07-19T13:55:00-05:00,2022-07-19T17:48:31-05:00,6422,USD,,false,CPL/SRC/events/00138
EV000139,PM,CPL_BILLING,,PAYMENT_POSTED,2022-09-07T12:10:00-05:00,2022-09-19T14:26:54-05:00,6422,USD,,false,CPL/SRC/events/00139
EV000140,PM,CPL_BILLING,CPL-R00079,SUBMITTED,2022-07-19T11:05:00-05:00,2022-07-20T10:06:59-05:00,20236,USD,,false,CPL/SRC/events/00140
EV000141,PM,CPL_BILLING,CPL-R00078,PAYMENT_REVERSED,2022-09-19T13:07:00-05:00,2022-10-01T07:18:18-05:00,6422,USD,EV000139,false,CPL/SRC/events/00141
EV000142,PM,CPL_BILLING,CPL-R00080,SUBMITTED,2023-07-19T16:50:00-05:00,2023-07-22T09:11:35-05:00,2736,USD,,false,CPL/SRC/events/00142
EV000143,PM,CPL_BILLING,,PAYMENT_POSTED,2023-08-07T12:03:00-05:00,2023-08-09T15:49:55-05:00,2736,USD,,false,CPL/SRC/events/00143
EV000144,PM,CPL_BILLING,CPL-R00081,SUBMITTED,2023-08-08T14:30:00-05:00,2023-08-10T07:57:34-05:00,51150,USD,,false,CPL/SRC/events/00144
EV000145,PM,CPL_BILLING,,PAYMENT_POSTED,2023-08-21T10:44:00-05:00,2023-08-21T15:05:08-05:00,51150,USD,,false,CPL/SRC/events/00145
EV000146,PM,CPL_BILLING,CPL-R00082,SUBMITTED,2022-09-05T15:12:00-05:00,2022-09-05T15:51:45-05:00,12115,USD,,false,CPL/SRC/events/00146
EV000147,PM,CPL_BILLING,,PAYMENT_POSTED,2022-09-16T16:33:00-05:00,2022-09-18T05:00:31-05:00,12115,USD,,false,CPL/SRC/events/00147
EV000148,PM,CPL_BILLING,CPL-R00083,SUBMITTED,2022-09-05T10:13:00-05:00,2022-09-06T02:34:32-05:00,10187,USD,,false,CPL/SRC/events/00148
EV000149,PM,CPL_BILLING,CPL-R00084,SUBMITTED,2023-05-01T15:11:00-05:00,2023-05-01T19:12:44-05:00,13117,USD,,false,CPL/SRC/events/00149
EV000150,PM,CPL_BILLING,,PAYMENT_POSTED,2023-05-22T08:24:00-05:00,2023-05-22T15:52:40-05:00,13117,USD,,false,CPL/SRC/events/00150
EV000151,PM,CPL_BILLING,CPL-R00085,SUBMITTED,2022-12-26T13:35:00-06:00,2022-12-26T20:20:53-06:00,5827,USD,,false,CPL/SRC/events/00151
EV000152,PM,CPL_BILLING,,PAYMENT_POSTED,2023-02-06T13:57:00-06:00,2023-02-09T04:19:42-06:00,5827,USD,,false,CPL/SRC/events/00152
EV000153,PM,CPL_BILLING,CPL-R00086,SUBMITTED,2023-09-11T10:09:00-05:00,2023-09-12T09:41:52-05:00,3749,USD,,false,CPL/SRC/events/00153
EV000154,PM,CPL_BILLING,,PAYMENT_POSTED,2023-09-18T14:54:00-05:00,2023-09-23T16:18:40-05:00,3749,USD,,false,CPL/SRC/events/00154
EV000155,PM,CPL_BILLING,CPL-R00087,SUBMITTED,2022-11-07T11:30:00-06:00,2022-11-14T21:36:37-06:00,15331,USD,,false,CPL/SRC/events/00155
EV000156,PM,CPL_BILLING,CPL-R00088,CORRECTED,2022-11-10T16:11:00-06:00,2022-11-12T18:31:05-06:00,14814,USD,,false,CPL/SRC/events/00156
EV000157,PM,CPL_BILLING,CPL-R00087,VOID_VERSION,2022-11-10T16:11:00-06:00,2022-11-13T00:59:21-06:00,15331,USD,,false,CPL/SRC/events/00157
EV000158,PM,CPL_BILLING,,PAYMENT_POSTED,2022-12-26T13:08:00-06:00,2022-12-30T14:23:31-06:00,14814,USD,,false,CPL/SRC/events/00158
EV000159,PM,CPL_BILLING,CPL-R00089,SUBMITTED,2022-10-25T15:59:00-05:00,2022-11-01T17:08:35-05:00,16317,USD,,false,CPL/SRC/events/00159
EV000160,PM,CPL_BILLING,,PAYMENT_POSTED,2022-11-10T08:21:00-06:00,2022-11-10T09:10:11-06:00,16317,USD,,false,CPL/SRC/events/00160
EV000161,PM,CPL_BILLING,CPL-R00090,SUBMITTED,2022-08-04T14:08:00-05:00,2022-08-04T21:18:28-05:00,8651,USD,,false,CPL/SRC/events/00161
EV000162,PM,CPL_BILLING,,PAYMENT_POSTED,2022-08-12T11:40:00-05:00,2022-09-21T14:51:21-05:00,8651,USD,,false,CPL/SRC/events/00162
EV000163,PM,CPL_BILLING,CPL-R00091,SUBMITTED,2023-05-31T08:01:00-05:00,2023-06-01T16:42:09-05:00,4094,USD,,false,CPL/SRC/events/00163
EV000164,PM,CPL_BILLING,,PAYMENT_POSTED,2023-06-19T12:52:00-05:00,2023-06-24T04:42:19-05:00,4094,USD,,false,CPL/SRC/events/00164
EV000165,PM,CPL_BILLING,CPL-R00092,SUBMITTED,2023-01-23T14:33:00-06:00,2023-02-23T00:50:57-06:00,4992,USD,,false,CPL/SRC/events/00165
EV000166,PM,CPL_BILLING,CPL-R00092,CLOSED_NO_PAYMENT,2023-05-16T09:39:00-05:00,2023-05-16T10:05:14-05:00,,,,true,CPL/SRC/events/00166
EV000167,PM,CPL_BILLING,CPL-R00093,SUBMITTED,2023-02-01T08:40:00-06:00,2023-02-01T11:32:11-06:00,41398,USD,,false,CPL/SRC/events/00167
EV000168,PM,CPL_BILLING,,PAYMENT_POSTED,2023-02-13T15:27:00-06:00,2023-02-13T16:42:11-06:00,41398,USD,,false,CPL/SRC/events/00168
EV000169,PM,CPL_BILLING,CPL-R00094,SUBMITTED,2023-03-27T16:01:00-05:00,2023-03-30T20:06:44-05:00,11112,USD,,false,CPL/SRC/events/00169
EV000170,PM,CPL_BILLING,,PAYMENT_POSTED,2023-04-17T12:36:00-05:00,2023-04-17T12:49:42-05:00,11112,USD,,false,CPL/SRC/events/00170
EV000171,PM,CPL_BILLING,CPL-R00095,SUBMITTED,2022-11-14T08:40:00-06:00,2022-11-14T14:43:18-06:00,10252,USD,,false,CPL/SRC/events/00171
EV000172,PM,CPL_BILLING,CPL-R00096,SUBMITTED,2023-07-31T14:58:00-05:00,2023-08-03T21:58:20-05:00,27424,USD,,false,CPL/SRC/events/00172
EV000173,PM,CPL_BILLING,CPL-R00097,SUBMITTED,2023-08-23T14:30:00-05:00,2023-08-27T15:55:31-05:00,12196,USD,,false,CPL/SRC/events/00173
EV000174,PM,CPL_BILLING,,PAYMENT_POSTED,2023-09-07T11:56:00-05:00,2023-09-09T10:53:41-05:00,12196,USD,,false,CPL/SRC/events/00174
EV000175,PM,CPL_BILLING,CPL-R00097,PAYMENT_REVERSED,2023-09-12T13:56:00-05:00,2023-09-14T15:08:05-05:00,12196,USD,EV000174,false,CPL/SRC/events/00175
EV000176,PM,CPL_BILLING,CPL-R00098,SUBMITTED,2022-09-13T13:04:00-05:00,2022-09-13T18:15:13-05:00,8159,USD,,false,CPL/SRC/events/00176
EV000177,PM,CPL_BILLING,,PAYMENT_POSTED,2022-10-17T10:07:00-05:00,2022-10-17T17:41:22-05:00,8159,USD,,false,CPL/SRC/events/00177
EV000178,PM,CPL_BILLING,CPL-R00099,SUBMITTED,2023-09-22T14:55:00-05:00,2023-09-22T16:13:47-05:00,75776,USD,,false,CPL/SRC/events/00178
EV000179,PM,CPL_BILLING,,PAYMENT_POSTED,2023-10-02T15:56:00-05:00,2023-10-02T17:58:26-05:00,75776,USD,,false,CPL/SRC/events/00179
EV000180,PM,CPL_BILLING,CPL-R00100,SUBMITTED,2022-10-17T10:46:00-05:00,2022-10-22T06:37:31-05:00,13342,USD,,false,CPL/SRC/events/00180
EV000181,PM,CPL_BILLING,,PAYMENT_POSTED,2022-10-31T16:44:00-05:00,2022-10-31T19:44:02-05:00,13342,USD,,false,CPL/SRC/events/00181
EV000182,PM,CPL_BILLING,CPL-R00101,SUBMITTED,2023-04-10T12:11:00-05:00,2023-04-10T22:17:19-05:00,5317,USD,,false,CPL/SRC/events/00182
EV000183,PM,CPL_BILLING,,PAYMENT_POSTED,2023-05-15T13:12:00-05:00,2023-05-19T06:53:41-05:00,5317,USD,,false,CPL/SRC/events/00183
EV000184,PM,CPL_BILLING,CPL-R00102,SUBMITTED,2023-05-29T12:04:00-05:00,2023-05-29T17:20:20-05:00,7774,USD,,false,CPL/SRC/events/00184
EV000185,PM,CPL_BILLING,CPL-R00103,CORRECTED,2023-06-05T10:48:00-05:00,2023-06-05T10:56:53-05:00,8752,USD,,false,CPL/SRC/events/00185
EV000186,PM,CPL_BILLING,,PAYMENT_POSTED,2023-07-04T09:08:00-05:00,2023-07-04T17:07:38-05:00,8752,USD,,false,CPL/SRC/events/00186
EV000187,PM,CPL_BILLING,CPL-R00104,SUBMITTED,2023-07-31T13:14:00-05:00,2023-08-05T01:18:50-05:00,17267,USD,,false,CPL/SRC/events/00187
EV000188,PM,CPL_BILLING,,PAYMENT_POSTED,2023-11-09T13:21:00-06:00,2023-11-09T16:29:18-06:00,17267,USD,,false,CPL/SRC/events/00188
EV000189,PM,CPL_BILLING,CPL-R00105,SUBMITTED,2023-08-14T16:52:00-05:00,2023-09-26T07:32:15-05:00,22589,USD,,false,CPL/SRC/events/00189
EV000190,PM,CPL_BILLING,,PAYMENT_POSTED,2023-08-28T09:53:00-05:00,2023-08-28T14:38:44-05:00,22589,USD,,false,CPL/SRC/events/00190
EV000191,PM,CPL_BILLING,CPL-R00106,SUBMITTED,2022-10-24T11:30:00-05:00,2022-10-24T14:09:00-05:00,27075,USD,,false,CPL/SRC/events/00191
EV000192,PM,CPL_BILLING,,PAYMENT_POSTED,2022-11-04T14:23:00-05:00,2022-11-04T15:51:46-05:00,27075,USD,,false,CPL/SRC/events/00192
EV000193,PM,CPL_BILLING,CPL-R00107,SUBMITTED,2022-08-22T14:19:00-05:00,2022-08-22T21:45:19-05:00,69668,USD,,false,CPL/SRC/events/00193
EV000194,PM,CPL_BILLING,CPL-R00108,SUBMITTED,2023-04-10T11:25:00-05:00,2023-04-15T11:06:34-05:00,14621,USD,,false,CPL/SRC/events/00194
EV000195,PM,CPL_BILLING,,PAYMENT_POSTED,2023-04-26T16:01:00-05:00,2023-04-27T22:45:02-05:00,14621,USD,,false,CPL/SRC/events/00195
EV000196,PM,CPL_BILLING,CPL-R00109,SUBMITTED,2022-09-22T09:35:00-05:00,2022-09-23T22:38:35-05:00,10623,USD,,false,CPL/SRC/events/00196
EV000197,PM,CPL_BILLING,CPL-R00109,CLOSED_NO_PAYMENT,2022-11-15T14:05:00-06:00,2022-11-17T04:12:23-06:00,,,,true,CPL/SRC/events/00197
EV000198,PM,CPL_BILLING,CPL-R00110,SUBMITTED,2022-11-10T09:19:00-06:00,2022-11-10T12:54:07-06:00,12064,USD,,false,CPL/SRC/events/00198
EV000199,PM,CPL_BILLING,,PAYMENT_POSTED,2023-01-17T10:32:00-06:00,2023-01-20T00:35:17-06:00,12064,USD,,false,CPL/SRC/events/00199
EV000200,PM,CPL_BILLING,CPL-R00111,SUBMITTED,2022-11-10T14:07:00-06:00,2022-11-20T08:40:06-06:00,7718,USD,,false,CPL/SRC/events/00200
EV000201,PM,CPL_BILLING,CPL-R00112,SUBMITTED,2023-03-13T14:01:00-05:00,2023-03-22T14:15:07-05:00,11201,USD,,false,CPL/SRC/events/00201
EV000202,PM,CPL_BILLING,,PAYMENT_POSTED,2023-03-28T11:54:00-05:00,2023-04-01T21:43:31-05:00,11201,USD,,false,CPL/SRC/events/00202
EV000203,PM,CPL_BILLING,CPL-R00113,SUBMITTED,2022-11-07T10:16:00-06:00,2022-11-11T22:11:26-06:00,44833,USD,,false,CPL/SRC/events/00203
EV000204,PM,CPL_BILLING,,PAYMENT_POSTED,2023-01-05T09:45:00-06:00,2023-01-05T16:24:44-06:00,44833,USD,,false,CPL/SRC/events/00204
EV000205,PM,CPL_BILLING,CPL-R00113,PAYMENT_REVERSED,2023-01-10T11:29:00-06:00,2023-01-11T10:48:04-06:00,10064,USD,EV000204,false,CPL/SRC/events/00205
EV000206,PM,CPL_BILLING,CPL-R00114,SUBMITTED,2023-09-08T12:31:00-05:00,2023-09-09T14:55:17-05:00,28253,USD,,false,CPL/SRC/events/00206
EV000207,PM,CPL_BILLING,,PAYMENT_POSTED,2023-09-25T11:40:00-05:00,2023-09-28T13:52:45-05:00,28253,USD,,false,CPL/SRC/events/00207
EV000208,PM,CPL_BILLING,CPL-R00115,SUBMITTED,2023-02-13T08:45:00-06:00,2023-02-15T19:50:52-06:00,62720,USD,,false,CPL/SRC/events/00208
EV000209,PM,CPL_BILLING,,PAYMENT_POSTED,2023-02-20T10:12:00-06:00,2023-02-20T11:08:36-06:00,62720,USD,,false,CPL/SRC/events/00209
EV000210,PM,CPL_BILLING,CPL-R00116,SUBMITTED,2022-10-10T13:50:00-05:00,2022-10-13T03:45:05-05:00,29224,USD,,false,CPL/SRC/events/00210
EV000211,PM,CPL_BILLING,CPL-R00116,CLOSED_NO_PAYMENT,2023-01-20T09:21:00-06:00,2023-01-24T23:48:31-06:00,,,,true,CPL/SRC/events/00211
EV000212,PM,CPL_BILLING,CPL-R00117,SUBMITTED,2022-12-19T13:57:00-06:00,2022-12-19T20:45:57-06:00,7873,USD,,false,CPL/SRC/events/00212
EV000213,PM,CPL_BILLING,,PAYMENT_POSTED,2023-02-03T10:36:00-06:00,2023-02-09T19:14:19-06:00,7873,USD,,false,CPL/SRC/events/00213
EV000214,PM,CPL_BILLING,CPL-R00118,SUBMITTED,2022-12-16T12:10:00-06:00,2023-01-06T12:10:00-06:00,7348,USD,,false,CPL/SRC/events/00214
EV000215,PM,CPL_BILLING,CPL-R00119,SUBMITTED,2023-02-09T16:12:00-06:00,2023-02-09T22:31:13-06:00,14578,USD,,false,CPL/SRC/events/00215
EV000216,PM,CPL_BILLING,,PAYMENT_POSTED,2023-02-28T13:23:00-06:00,2023-02-28T19:30:17-06:00,14578,USD,,false,CPL/SRC/events/00216
EV000217,PM,CPL_BILLING,CPL-R00120,SUBMITTED,2022-09-16T11:14:00-05:00,2022-09-19T17:40:59-05:00,3601,USD,,false,CPL/SRC/events/00217
EV000218,PM,CPL_BILLING,,PAYMENT_POSTED,2022-10-11T12:18:00-05:00,2022-10-20T05:35:51-05:00,3601,USD,,false,CPL/SRC/events/00218
EV000219,PM,CPL_BILLING,CPL-R00121,SUBMITTED,2023-06-12T11:24:00-05:00,2023-06-12T16:40:03-05:00,5687,USD,,false,CPL/SRC/events/00219
EV000220,PM,CPL_BILLING,,PAYMENT_POSTED,2023-07-05T12:58:00-05:00,2023-07-12T05:53:54-05:00,5687,USD,,false,CPL/SRC/events/00220
EV000221,PM,CPL_BILLING,CPL-R00122,SUBMITTED,2023-09-29T10:47:00-05:00,2023-10-03T00:04:29-05:00,6520,USD,,false,CPL/SRC/events/00221
EV000222,PM,CPL_BILLING,,PAYMENT_POSTED,2023-10-13T16:47:00-05:00,2023-10-19T00:28:36-05:00,6520,USD,,false,CPL/SRC/events/00222
EV000223,PM,CPL_BILLING,CPL-R00123,SUBMITTED,2023-02-21T08:02:00-06:00,2023-02-24T05:20:24-06:00,7028,USD,,false,CPL/SRC/events/00223
EV000224,PM,CPL_BILLING,,PAYMENT_POSTED,2023-02-27T14:48:00-06:00,2023-03-01T10:12:28-06:00,7028,USD,,false,CPL/SRC/events/00224
EV000225,PM,CPL_BILLING,CPL-R00124,SUBMITTED,2023-02-06T15:44:00-06:00,2023-02-07T20:37:39-06:00,35435,USD,,false,CPL/SRC/events/00225
EV000226,PM,CPL_BILLING,,PAYMENT_POSTED,2023-03-06T08:15:00-06:00,2023-03-06T09:49:18-06:00,35435,USD,,false,CPL/SRC/events/00226
EV000227,PM,CPL_BILLING,CPL-R00125,SUBMITTED,2022-12-12T14:03:00-06:00,2022-12-13T22:31:26-06:00,13329,USD,,false,CPL/SRC/events/00227
EV000228,PM,CPL_BILLING,CPL-R00125,CLOSED_NO_PAYMENT,2023-02-01T08:39:00-06:00,2023-02-01T12:36:04-06:00,,,,true,CPL/SRC/events/00228
EV000229,PM,CPL_BILLING,CPL-R00126,SUBMITTED,2023-07-13T16:11:00-05:00,2023-07-13T21:09:50-05:00,9055,USD,,false,CPL/SRC/events/00229
EV000230,PM,CPL_BILLING,CPL-R00127,SUBMITTED,2023-04-26T12:03:00-05:00,2023-04-30T08:34:45-05:00,6580,USD,,false,CPL/SRC/events/00230
EV000231,PM,CPL_BILLING,,PAYMENT_POSTED,2023-06-14T13:06:00-05:00,2023-06-14T13:57:53-05:00,6580,USD,,false,CPL/SRC/events/00231
EV000232,PM,CPL_BILLING,CPL-R00128,SUBMITTED,2023-05-01T08:18:00-05:00,2023-05-01T08:34:16-05:00,10244,USD,,false,CPL/SRC/events/00232
EV000233,PM,CPL_BILLING,,PAYMENT_POSTED,2023-05-24T11:58:00-05:00,2023-05-27T00:04:21-05:00,10244,USD,,false,CPL/SRC/events/00233
EV000234,PM,CPL_BILLING,CPL-R00129,SUBMITTED,2023-01-12T11:57:00-06:00,2023-01-12T15:31:44-06:00,9030,USD,,false,CPL/SRC/events/00234
EV000235,PM,CPL_BILLING,,PAYMENT_POSTED,2023-02-08T13:06:00-06:00,2023-02-10T10:29:30-06:00,9030,USD,,false,CPL/SRC/events/00235
EV000236,PM,CPL_BILLING,CPL-R00130,SUBMITTED,2022-08-01T15:24:00-05:00,2022-08-01T19:31:02-05:00,15217,USD,,false,CPL/SRC/events/00236
EV000237,PM,CPL_BILLING,,PAYMENT_POSTED,2022-09-12T12:31:00-05:00,2022-09-13T07:44:35-05:00,15217,USD,,false,CPL/SRC/events/00237
EV000238,PM,CPL_BILLING,CPL-R00131,SUBMITTED,2023-09-01T10:47:00-05:00,2023-09-06T09:32:37-05:00,13344,USD,,false,CPL/SRC/events/00238
EV000239,PM,CPL_BILLING,,PAYMENT_POSTED,2023-09-20T15:15:00-05:00,2023-09-20T21:12:20-05:00,13344,USD,,false,CPL/SRC/events/00239
EV000240,PM,CPL_BILLING,CPL-R00132,SUBMITTED,2022-11-11T09:13:00-06:00,2022-11-11T16:52:50-06:00,14027,USD,,false,CPL/SRC/events/00240
EV000241,PM,CPL_BILLING,,PAYMENT_POSTED,2022-11-21T09:17:00-06:00,2022-11-26T19:38:59-06:00,14027,USD,,false,CPL/SRC/events/00241
EV000242,PM,CPL_BILLING,CPL-R00133,SUBMITTED,2023-05-08T16:20:00-05:00,2023-05-11T04:42:07-05:00,14785,USD,,false,CPL/SRC/events/00242
EV000243,PM,CPL_BILLING,,PAYMENT_POSTED,2023-05-18T12:47:00-05:00,2023-05-18T13:13:37-05:00,14785,USD,,false,CPL/SRC/events/00243
EV000244,PM,CPL_BILLING,CPL-R00134,SUBMITTED,2023-05-08T12:22:00-05:00,2023-05-08T19:27:30-05:00,19836,USD,,false,CPL/SRC/events/00244
EV000245,PM,CPL_BILLING,CPL-R00135,SUBMITTED,2023-08-21T11:01:00-05:00,2023-08-27T01:27:03-05:00,5484,USD,,false,CPL/SRC/events/00245
EV000246,PM,CPL_BILLING,,PAYMENT_POSTED,2023-09-04T11:57:00-05:00,2023-09-06T03:22:18-05:00,5484,USD,,false,CPL/SRC/events/00246
EV000247,PM,CPL_BILLING,CPL-R00136,SUBMITTED,2023-02-28T09:43:00-06:00,2023-02-28T13:14:37-06:00,33607,USD,,false,CPL/SRC/events/00247
EV000248,PM,CPL_BILLING,,PAYMENT_POSTED,2023-03-20T13:33:00-05:00,2023-03-24T09:28:37-05:00,33607,USD,,false,CPL/SRC/events/00248
EV000249,PM,CPL_BILLING,CPL-R00137,SUBMITTED,2023-02-06T09:08:00-06:00,2023-02-07T09:35:57-06:00,3884,USD,,false,CPL/SRC/events/00249
EV000250,PM,CPL_BILLING,,PAYMENT_POSTED,2023-03-09T14:35:00-06:00,2023-03-09T18:19:03-06:00,3884,USD,,false,CPL/SRC/events/00250
EV000251,PM,CPL_BILLING,CPL-R00138,SUBMITTED,2023-04-11T14:36:00-05:00,2023-04-11T20:09:21-05:00,14472,USD,,false,CPL/SRC/events/00251
EV000252,PM,CPL_BILLING,,PAYMENT_POSTED,2023-05-23T14:50:00-05:00,2023-05-23T16:57:07-05:00,14472,USD,,false,CPL/SRC/events/00252
EV000253,PM,CPL_BILLING,CPL-R00139,SUBMITTED,2023-06-12T09:25:00-05:00,2023-06-18T03:52:32-05:00,11539,USD,,false,CPL/SRC/events/00253
EV000254,PM,CPL_BILLING,,PAYMENT_POSTED,2023-07-14T13:15:00-05:00,2023-07-15T17:48:48-05:00,11539,USD,,false,CPL/SRC/events/00254
EV000255,PM,CPL_BILLING,CPL-R00140,SUBMITTED,2023-06-08T12:53:00-05:00,2023-06-08T15:58:04-05:00,12111,USD,,false,CPL/SRC/events/00255
EV000256,PM,CPL_BILLING,CPL-R00141,SUBMITTED,2023-06-12T14:37:00-05:00,2023-06-22T09:14:29-05:00,9078,USD,,false,CPL/SRC/events/00256
EV000257,PM,CPL_BILLING,,PAYMENT_POSTED,2023-07-17T08:02:00-05:00,2023-07-19T03:50:25-05:00,9078,USD,,false,CPL/SRC/events/00257
EV000258,PM,CPL_BILLING,CPL-R00142,SUBMITTED,2022-11-21T16:17:00-06:00,2022-11-21T22:18:17-06:00,30401,USD,,false,CPL/SRC/events/00258
EV000259,PM,CPL_BILLING,,PAYMENT_POSTED,2022-11-28T09:25:00-06:00,2022-11-28T21:57:07-06:00,30401,USD,,false,CPL/SRC/events/00259
EV000260,PM,CPL_BILLING,CPL-R00143,SUBMITTED,2022-07-11T13:51:00-05:00,2022-07-11T17:51:31-05:00,29314,USD,,false,CPL/SRC/events/00260
EV000261,PM,CPL_BILLING,CPL-R00144,SUBMITTED,2023-08-25T10:50:00-05:00,2023-08-28T11:43:29-05:00,22243,USD,,false,CPL/SRC/events/00261
EV000262,PM,CPL_BILLING,,PAYMENT_POSTED,2023-09-07T12:33:00-05:00,2023-09-07T15:09:21-05:00,22243,USD,,false,CPL/SRC/events/00262
EV000263,PM,CPL_BILLING,CPL-R00145,SUBMITTED,2023-06-23T08:20:00-05:00,2023-06-25T04:18:28-05:00,27009,USD,,false,CPL/SRC/events/00263
EV000264,PM,CPL_BILLING,,PAYMENT_POSTED,2023-07-06T16:50:00-05:00,2023-07-06T18:24:13-05:00,27009,USD,,false,CPL/SRC/events/00264
EV000265,PM,CPL_BILLING,CPL-R00146,SUBMITTED,2023-01-30T09:38:00-06:00,2023-01-30T20:54:06-06:00,32878,USD,,false,CPL/SRC/events/00265
EV000266,PM,CPL_BILLING,,PAYMENT_POSTED,2023-03-13T11:31:00-05:00,2023-03-13T14:06:38-05:00,32878,USD,,false,CPL/SRC/events/00266
EV000267,PM,CPL_BILLING,CPL-R00147,SUBMITTED,2023-03-28T12:15:00-05:00,2023-03-28T12:26:06-05:00,36039,USD,,false,CPL/SRC/events/00267
EV000268,PM,CPL_BILLING,,PAYMENT_POSTED,2023-07-17T08:31:00-05:00,2023-07-26T04:30:24-05:00,36039,USD,,false,CPL/SRC/events/00268
EV000269,PM,CPL_BILLING,CPL-R00148,SUBMITTED,2022-10-12T14:57:00-05:00,2022-10-12T17:37:11-05:00,34681,USD,,false,CPL/SRC/events/00269
EV000270,PM,CPL_BILLING,CPL-R00149,CORRECTED,2022-10-14T13:16:00-05:00,2022-10-15T19:16:07-05:00,39199,USD,,false,CPL/SRC/events/00270
EV000271,PM,CPL_BILLING,CPL-R00148,VOID_VERSION,2022-10-14T13:16:00-05:00,2022-11-04T10:05:26-05:00,34681,USD,,false,CPL/SRC/events/00271
EV000272,PM,CPL_BILLING,,PAYMENT_POSTED,2022-10-27T08:42:00-05:00,2022-10-29T10:00:27-05:00,39199,USD,,false,CPL/SRC/events/00272
EV000273,PM,CPL_BILLING,CPL-R00150,SUBMITTED,2023-02-01T09:35:00-06:00,2023-02-22T09:35:00-06:00,15545,USD,,false,CPL/SRC/events/00273
EV000274,PM,CPL_BILLING,,PAYMENT_POSTED,2023-02-08T13:56:00-06:00,2023-02-10T02:09:51-06:00,15545,USD,,false,CPL/SRC/events/00274
EV000275,PM,CPL_BILLING,CPL-R00151,SUBMITTED,2023-07-31T09:26:00-05:00,2023-08-10T08:58:10-05:00,30358,USD,,false,CPL/SRC/events/00275
EV000276,PM,CPL_BILLING,,PAYMENT_POSTED,2023-08-08T09:31:00-05:00,2023-08-08T15:25:20-05:00,30358,USD,,false,CPL/SRC/events/00276
EV000277,PM,CPL_BILLING,CPL-R00152,SUBMITTED,2023-02-09T13:17:00-06:00,2023-02-09T18:27:04-06:00,7665,USD,,false,CPL/SRC/events/00277
EV000278,PM,CPL_BILLING,CPL-R00153,CORRECTED,2023-02-14T16:34:00-06:00,2023-02-14T22:01:29-06:00,8321,USD,,false,CPL/SRC/events/00278
EV000279,PM,CPL_BILLING,CPL-R00152,VOID_VERSION,2023-02-14T16:34:00-06:00,2023-02-14T23:07:39-06:00,7665,USD,,false,CPL/SRC/events/00279
EV000280,PM,CPL_BILLING,,PAYMENT_POSTED,2023-02-20T10:03:00-06:00,2023-03-13T10:03:00-05:00,8321,USD,,false,CPL/SRC/events/00280
EV000281,PM,CPL_BILLING,CPL-R00154,SUBMITTED,2022-11-11T08:29:00-06:00,2022-11-16T19:13:47-06:00,7774,USD,,false,CPL/SRC/events/00281
EV000282,PM,CPL_BILLING,,PAYMENT_POSTED,2022-12-05T10:04:00-06:00,2022-12-05T22:37:27-06:00,7774,USD,,false,CPL/SRC/events/00282
EV000283,PM,CPL_BILLING,CPL-R00155,SUBMITTED,2023-02-24T09:09:00-06:00,2023-02-24T16:43:52-06:00,57074,USD,,false,CPL/SRC/events/00283
EV000284,PM,CPL_BILLING,,PAYMENT_POSTED,2023-03-02T12:01:00-06:00,2023-03-03T16:37:05-06:00,57074,USD,,false,CPL/SRC/events/00284
EV000285,PM,CPL_BILLING,CPL-R00156,SUBMITTED,2023-05-04T14:16:00-05:00,2023-05-07T22:09:19-05:00,8271,USD,,false,CPL/SRC/events/00285
EV000286,PM,CPL_BILLING,CPL-R00157,SUBMITTED,2023-07-17T10:47:00-05:00,2023-07-17T16:04:32-05:00,25732,USD,,false,CPL/SRC/events/00286
EV000287,PM,CPL_BILLING,,PAYMENT_POSTED,2023-08-14T10:00:00-05:00,2023-08-20T11:02:45-05:00,25732,USD,,false,CPL/SRC/events/00287
EV000288,PM,CPL_BILLING,CPL-R00158,SUBMITTED,2023-07-18T08:00:00-05:00,2023-07-18T13:04:15-05:00,7211,USD,,false,CPL/SRC/events/00288
EV000289,PM,CPL_BILLING,,PAYMENT_POSTED,2023-08-28T16:03:00-05:00,2023-08-28T20:49:47-05:00,7211,USD,,false,CPL/SRC/events/00289
EV000290,PM,CPL_BILLING,CPL-R00159,SUBMITTED,2023-09-19T16:05:00-05:00,2023-09-19T16:38:24-05:00,12646,USD,,false,CPL/SRC/events/00290
EV000291,PM,CPL_BILLING,CPL-R00160,SUBMITTED,2023-05-10T14:50:00-05:00,2023-05-10T19:59:53-05:00,96900,USD,,false,CPL/SRC/events/00291
EV000292,PM,CPL_BILLING,,PAYMENT_POSTED,2023-05-15T16:03:00-05:00,2023-05-17T17:46:48-05:00,96900,USD,,false,CPL/SRC/events/00292
EV000293,PM,CPL_BILLING,CPL-R00161,SUBMITTED,2023-07-21T13:54:00,2023-07-21T15:40:08,31934,USD,,false,CPL/SRC/events/00293
EV000294,PM,CPL_BILLING,,PAYMENT_POSTED,2023-08-15T10:39:00-05:00,2023-08-18T13:59:08-05:00,31934,USD,,false,CPL/SRC/events/00294
EV000295,PM,CPL_BILLING,CPL-R00162,SUBMITTED,2023-07-17T08:38:00-05:00,2023-07-18T15:46:50-05:00,153888,USD,,false,CPL/SRC/events/00295
EV000296,PM,CPL_BILLING,,PAYMENT_POSTED,2023-09-18T15:58:00-05:00,2023-09-18T18:28:44-05:00,153888,USD,,false,CPL/SRC/events/00296
EV000297,PM,CPL_BILLING,CPL-R00163,SUBMITTED,2023-07-13T13:06:00-05:00,2023-07-13T13:30:43-05:00,10595,USD,,false,CPL/SRC/events/00297
EV000298,PM,CPL_BILLING,CPL-R00164,SUBMITTED,2023-05-09T10:25:00-05:00,2023-05-12T19:11:08-05:00,18360,USD,,false,CPL/SRC/events/00298
EV000299,PM,CPL_BILLING,CPL-R00165,CORRECTED,2023-05-19T13:11:00-05:00,2023-05-19T16:10:02-05:00,22828,USD,,false,CPL/SRC/events/00299
EV000300,PM,CPL_BILLING,,PAYMENT_POSTED,2023-06-09T09:27:00-05:00,2023-06-09T18:52:27-05:00,22828,USD,,false,CPL/SRC/events/00300
EV000301,PM,CPL_BILLING,CPL-R00166,SUBMITTED,2023-09-22T13:59:00-05:00,2023-09-25T08:46:32-05:00,17104,USD,,false,CPL/SRC/events/00301
EV000302,PM,CPL_BILLING,CPL-R00167,SUBMITTED,2022-07-11T10:42:00-05:00,2022-07-11T14:38:14-05:00,9018,USD,,false,CPL/SRC/events/00302
EV000303,PM,CPL_BILLING,,PAYMENT_POSTED,2022-08-22T14:02:00-05:00,2022-08-25T23:44:05-05:00,9018,USD,,false,CPL/SRC/events/00303
EV000304,PM,CPL_BILLING,CPL-R00168,SUBMITTED,2023-08-17T08:13:00-05:00,2023-08-17T11:48:55-05:00,8239,USD,,false,CPL/SRC/events/00304
EV000305,PM,CPL_BILLING,CPL-R00169,CORRECTED,2023-08-23T10:43:00-05:00,2023-08-23T17:45:46-05:00,7936,USD,,false,CPL/SRC/events/00305
EV000306,PM,CPL_BILLING,,PAYMENT_POSTED,2023-09-11T15:22:00-05:00,2023-09-11T22:17:17-05:00,7936,USD,,false,CPL/SRC/events/00306
EV000307,PM,CPL_BILLING,CPL-R00170,SUBMITTED,2022-07-18T08:20:00-05:00,2022-07-29T21:01:44-05:00,16775,USD,,false,CPL/SRC/events/00307
EV000308,PM,CPL_BILLING,,PAYMENT_POSTED,2022-08-09T11:12:00-05:00,2022-08-09T12:43:35-05:00,16775,USD,,false,CPL/SRC/events/00308
EV000309,PM,CPL_BILLING,CPL-R00171,SUBMITTED,2023-03-02T09:53:00-06:00,2023-03-03T08:08:53-06:00,9124,USD,,false,CPL/SRC/events/00309
EV000310,PM,CPL_BILLING,,PAYMENT_POSTED,2023-03-13T15:31:00-05:00,2023-03-13T16:13:02-05:00,9124,USD,,false,CPL/SRC/events/00310
EV000311,PM,CPL_BILLING,CPL-R00172,SUBMITTED,2022-08-22T08:18:00-05:00,2022-08-27T02:03:37-05:00,14538,USD,,false,CPL/SRC/events/00311
EV000312,PM,CPL_BILLING,,PAYMENT_POSTED,2022-08-29T09:26:00-05:00,2022-08-29T10:42:43-05:00,14538,USD,,false,CPL/SRC/events/00312
EV000313,PM,CPL_BILLING,CPL-R00173,SUBMITTED,2023-03-16T10:05:00-05:00,2023-03-23T09:48:27-05:00,8980,USD,,false,CPL/SRC/events/00313
EV000314,PM,CPL_BILLING,,PAYMENT_POSTED,2023-03-24T08:10:00-05:00,2023-03-26T12:49:45-05:00,8980,USD,,false,CPL/SRC/events/00314
EV000315,PM,CPL_BILLING,CPL-R00174,SUBMITTED,2022-08-02T16:24:00-05:00,2022-08-02T16:44:24-05:00,44201,USD,,false,CPL/SRC/events/00315
EV000316,PM,CPL_BILLING,,PAYMENT_POSTED,2022-09-05T11:17:00-05:00,2022-09-05T11:31:54-05:00,44201,USD,,false,CPL/SRC/events/00316
EV000317,PM,CPL_BILLING,CPL-R00175,SUBMITTED,2023-02-06T15:47:00-06:00,2023-02-09T04:55:54-06:00,25368,USD,,false,CPL/SRC/events/00317
EV000318,PM,CPL_BILLING,,PAYMENT_POSTED,2023-03-29T12:24:00-05:00,2023-03-29T14:38:39-05:00,25368,USD,,false,CPL/SRC/events/00318
EV000319,PM,CPL_BILLING,CPL-R00176,SUBMITTED,2023-05-29T13:10:00-05:00,2023-06-06T03:31:00-05:00,12353,USD,,false,CPL/SRC/events/00319
EV000320,PM,CPL_BILLING,,PAYMENT_POSTED,2023-06-14T14:00:00-05:00,2023-06-22T11:03:24-05:00,12353,USD,,false,CPL/SRC/events/00320
EV000321,PM,CPL_BILLING,CPL-R00177,SUBMITTED,2022-09-14T14:23:00-05:00,2022-09-15T20:52:02-05:00,5348,USD,,false,CPL/SRC/events/00321
EV000322,PM,CPL_BILLING,,PAYMENT_POSTED,2022-10-17T16:35:00-05:00,2022-10-17T17:21:26-05:00,5348,USD,,false,CPL/SRC/events/00322
EV000323,PM,CPL_BILLING,CPL-R00178,SUBMITTED,2023-05-15T14:37:00-05:00,2023-05-15T19:10:38-05:00,2753,USD,,false,CPL/SRC/events/00323
EV000324,PM,CPL_BILLING,,PAYMENT_POSTED,2023-05-29T09:38:00-05:00,2023-06-01T10:18:31-05:00,2753,USD,,false,CPL/SRC/events/00324
EV000325,PM,CPL_BILLING,CPL-R00179,SUBMITTED,2022-11-07T09:38:00-06:00,2022-11-07T13:00:47-06:00,242772,USD,,false,CPL/SRC/events/00325
EV000326,PM,CPL_BILLING,,PAYMENT_POSTED,2022-11-30T09:50:00-06:00,2022-12-04T04:51:34-06:00,242772,USD,,false,CPL/SRC/events/00326
EV000327,PM,CPL_BILLING,CPL-R00180,SUBMITTED,2023-05-03T16:00:00-05:00,2023-05-03T23:33:24-05:00,4665,USD,,false,CPL/SRC/events/00327
EV000328,PM,CPL_BILLING,,PAYMENT_POSTED,2023-05-19T15:54:00-05:00,2023-06-09T15:54:00-05:00,4665,USD,,false,CPL/SRC/events/00328
EV000329,PM,CPL_BILLING,CPL-R00181,SUBMITTED,2023-04-04T09:15:00-05:00,2023-04-11T11:03:24-05:00,10213,USD,,false,CPL/SRC/events/00329
EV000330,PM,CPL_BILLING,,PAYMENT_POSTED,2023-04-13T10:35:00-05:00,2023-04-13T13:26:58-05:00,10213,USD,,false,CPL/SRC/events/00330
EV000331,PM,CPL_BILLING,CPL-R00182,SUBMITTED,2022-10-13T12:16:00-05:00,2022-10-14T01:36:42-05:00,9760,USD,,false,CPL/SRC/events/00331
EV000332,PM,CPL_BILLING,CPL-R00183,SUBMITTED,2022-08-15T15:12:00-05:00,2022-08-15T15:36:20-05:00,15132,USD,,false,CPL/SRC/events/00332
EV000333,PM,CPL_BILLING,,PAYMENT_POSTED,2022-08-29T08:26:00-05:00,2022-08-30T13:15:55-05:00,15132,USD,,false,CPL/SRC/events/00333
EV000334,PM,CPL_BILLING,CPL-R00184,SUBMITTED,2023-04-04T13:33:00-05:00,2023-04-04T19:02:39-05:00,7546,USD,,false,CPL/SRC/events/00334
EV000335,PM,CPL_BILLING,,PAYMENT_POSTED,2023-05-09T12:00:00-05:00,2023-05-09T13:25:58-05:00,7546,USD,,false,CPL/SRC/events/00335
EV000336,PM,CPL_BILLING,CPL-R00185,SUBMITTED,2023-01-09T14:51:00-06:00,2023-01-09T19:01:17-06:00,6756,USD,,false,CPL/SRC/events/00336
EV000337,PM,CPL_BILLING,CPL-R00186,CORRECTED,2023-01-16T16:46:00-06:00,2023-01-16T21:48:07-06:00,8256,USD,,false,CPL/SRC/events/00337
EV000338,PM,CPL_BILLING,,PAYMENT_POSTED,2023-01-18T10:35:00-06:00,2023-01-20T00:53:14-06:00,8256,USD,,false,CPL/SRC/events/00338
EV000339,PM,CPL_BILLING,CPL-R00187,SUBMITTED,2023-01-25T11:30:00-06:00,2023-01-31T01:16:56-06:00,7493,USD,,false,CPL/SRC/events/00339
EV000340,PM,CPL_BILLING,CPL-R00188,CORRECTED,2023-01-26T12:35:00-06:00,2023-01-28T08:25:51-06:00,6664,USD,,false,CPL/SRC/events/00340
EV000341,PM,CPL_BILLING,CPL-R00187,VOID_VERSION,2023-01-26T12:35:00-06:00,2023-01-26T13:02:58-06:00,7493,USD,,false,CPL/SRC/events/00341
EV000342,PM,CPL_BILLING,,PAYMENT_POSTED,2023-02-06T09:08:00-06:00,2023-02-07T17:24:23-06:00,6664,USD,,false,CPL/SRC/events/00342
EV000343,PM,CPL_BILLING,CPL-R00189,SUBMITTED,2023-08-10T10:58:00-05:00,2023-09-27T15:43:20-05:00,35220,USD,,false,CPL/SRC/events/00343
EV000344,PM,CPL_BILLING,CPL-R00190,SUBMITTED,2023-03-03T15:39:00-06:00,2023-03-03T23:21:17-06:00,9970,USD,,false,CPL/SRC/events/00344
EV000345,PM,CPL_BILLING,,PAYMENT_POSTED,2023-03-13T14:40:00-05:00,2023-03-13T15:42:23-05:00,9970,USD,,false,CPL/SRC/events/00345
EV000346,PM,CPL_BILLING,CPL-R00191,SUBMITTED,2023-03-03T11:02:00-06:00,2023-03-03T12:13:23-06:00,10321,USD,,false,CPL/SRC/events/00346
EV000347,PM,CPL_BILLING,,PAYMENT_POSTED,2023-03-28T16:06:00-05:00,2023-03-28T20:45:14-05:00,10321,USD,,false,CPL/SRC/events/00347
EV000348,PM,CPL_BILLING,CPL-R00192,SUBMITTED,2023-06-19T12:34:00-05:00,2023-06-19T14:34:20-05:00,31803,USD,,false,CPL/SRC/events/00348
EV000349,PM,CPL_BILLING,,PAYMENT_POSTED,2023-07-04T08:40:00-05:00,2023-07-04T08:46:04-05:00,31803,USD,,false,CPL/SRC/events/00349
EV000350,PM,CPL_BILLING,CPL-R00193,SUBMITTED,2022-12-14T15:54:00-06:00,2022-12-14T17:02:12-06:00,6859,USD,,false,CPL/SRC/events/00350
EV000351,PM,CPL_BILLING,,PAYMENT_POSTED,2023-01-30T15:20:00-06:00,2023-01-31T14:54:15-06:00,6859,USD,,false,CPL/SRC/events/00351
EV000352,PM,CPL_BILLING,CPL-R00194,SUBMITTED,2023-05-09T13:52:00-05:00,2023-05-09T14:02:57-05:00,64449,USD,,false,CPL/SRC/events/00352
EV000353,PM,CPL_BILLING,,PAYMENT_POSTED,2023-05-30T10:08:00-05:00,2023-05-30T11:21:27-05:00,64449,USD,,false,CPL/SRC/events/00353
EV000354,PM,CPL_BILLING,CPL-R00195,SUBMITTED,2023-05-12T08:00:00-05:00,2023-05-12T09:17:30-05:00,33662,USD,,false,CPL/SRC/events/00354
EV000355,PM,CPL_BILLING,,PAYMENT_POSTED,2023-06-15T12:36:00-05:00,2023-06-15T17:27:35-05:00,33662,USD,,false,CPL/SRC/events/00355
EV000356,PM,CPL_BILLING,CPL-R00196,SUBMITTED,2023-02-24T11:39:00-06:00,2023-03-06T23:22:18-06:00,8075,USD,,false,CPL/SRC/events/00356
EV000357,PM,CPL_BILLING,CPL-R00197,SUBMITTED,2023-09-04T10:16:00-05:00,2023-09-08T15:26:29-05:00,205385,USD,,false,CPL/SRC/events/00357
EV000358,PM,CPL_BILLING,,PAYMENT_POSTED,2023-10-20T12:57:00-05:00,2023-10-25T05:18:05-05:00,205385,USD,,false,CPL/SRC/events/00358
EV000359,PM,CPL_BILLING,CPL-R00198,SUBMITTED,2023-03-20T13:23:00-05:00,2023-03-22T08:07:25-05:00,25446,USD,,false,CPL/SRC/events/00359
EV000360,PM,CPL_BILLING,,PAYMENT_POSTED,2023-04-12T09:21:00-05:00,2023-04-12T11:51:42-05:00,25446,USD,,false,CPL/SRC/events/00360
EV000361,PM,CPL_BILLING,CPL-R00199,SUBMITTED,2023-07-19T08:15:00-05:00,2023-07-19T15:48:43-05:00,7263,USD,,false,CPL/SRC/events/00361
EV000362,PM,CPL_BILLING,CPL-R00200,SUBMITTED,2023-08-03T10:26:00-05:00,2023-08-05T18:21:03-05:00,30650,USD,,false,CPL/SRC/events/00362
EV000363,PM,CPL_BILLING,,PAYMENT_POSTED,2023-08-18T08:26:00-05:00,2023-08-20T06:14:56-05:00,30650,USD,,false,CPL/SRC/events/00363
EV000364,PM,CPL_BILLING,CPL-R00201,SUBMITTED,2023-07-25T11:37:00-05:00,2023-07-29T09:06:33-05:00,45872,USD,,false,CPL/SRC/events/00364
EV000365,PM,CPL_BILLING,CPL-R00201,CLOSED_NO_PAYMENT,2023-11-21T14:56:00-06:00,2023-11-21T21:43:08-06:00,,,,true,CPL/SRC/events/00365
EV000366,PM,CPL_BILLING,CPL-R00202,SUBMITTED,2022-12-26T10:05:00-06:00,2022-12-27T01:02:27-06:00,178961,USD,,false,CPL/SRC/events/00366
EV000367,PM,CPL_BILLING,,PAYMENT_POSTED,2022-12-30T16:11:00-06:00,2023-01-01T13:03:34-06:00,178961,USD,,false,CPL/SRC/events/00367
EV000368,PM,CPL_BILLING,CPL-R00203,SUBMITTED,2022-11-21T11:15:00-06:00,2022-11-21T15:34:05-06:00,9854,USD,,false,CPL/SRC/events/00368
EV000369,PM,CPL_BILLING,,PAYMENT_POSTED,2022-12-19T08:58:00-06:00,2022-12-25T14:45:01-06:00,9854,USD,,false,CPL/SRC/events/00369
EV000370,PM,CPL_BILLING,CPL-R00204,SUBMITTED,2023-05-29T09:00:00-05:00,2023-05-29T10:20:06-05:00,12372,USD,,false,CPL/SRC/events/00370
EV000371,PM,CPL_BILLING,,PAYMENT_POSTED,2023-06-12T13:45:00-05:00,2023-06-12T16:36:36-05:00,12372,USD,,false,CPL/SRC/events/00371
EV000372,PM,CPL_BILLING,CPL-R00205,SUBMITTED,2022-07-18T15:57:00-05:00,2022-07-26T23:33:48-05:00,11933,USD,,false,CPL/SRC/events/00372
EV000373,PM,CPL_BILLING,CPL-R00205,CLOSED_NO_PAYMENT,2022-10-31T11:37:00-05:00,2022-10-31T19:55:00-05:00,,,,true,CPL/SRC/events/00373
EV000374,PM,CPL_BILLING,CPL-R00206,SUBMITTED,2022-10-20T13:04:00-05:00,2022-10-22T01:23:55-05:00,20717,USD,,false,CPL/SRC/events/00374
EV000375,PM,CPL_BILLING,CPL-R00207,SUBMITTED,2022-08-08T11:13:00-05:00,2022-08-08T12:21:53-05:00,7889,USD,,false,CPL/SRC/events/00375
EV000376,PM,CPL_BILLING,CPL-R00208,CORRECTED,2022-08-15T14:21:00-05:00,2022-08-15T20:33:16-05:00,9863,USD,,false,CPL/SRC/events/00376
EV000377,PM,CPL_BILLING,,PAYMENT_POSTED,2022-08-24T13:16:00-05:00,2022-08-24T16:58:11-05:00,9863,USD,,false,CPL/SRC/events/00377
EV000378,PM,CPL_BILLING,CPL-R00209,SUBMITTED,2023-02-01T14:26:00-06:00,2023-02-01T19:43:31-06:00,6532,USD,,false,CPL/SRC/events/00378
EV000379,PM,CPL_BILLING,,PAYMENT_POSTED,2023-04-18T08:38:00-05:00,2023-04-20T12:09:38-05:00,6532,USD,,false,CPL/SRC/events/00379
EV000380,PM,CPL_BILLING,CPL-R00210,SUBMITTED,2023-08-08T08:22:00-05:00,2023-08-08T08:59:47-05:00,16381,USD,,false,CPL/SRC/events/00380
EV000381,PM,CPL_BILLING,,PAYMENT_POSTED,2023-08-14T13:58:00-05:00,2023-08-14T15:40:17-05:00,16381,USD,,false,CPL/SRC/events/00381
EV000382,PM,CPL_BILLING,CPL-R00211,SUBMITTED,2023-05-23T09:31:00-05:00,2023-05-23T11:30:37-05:00,17934,USD,,false,CPL/SRC/events/00382
EV000383,PM,CPL_BILLING,,PAYMENT_POSTED,2023-06-30T13:53:00-05:00,2023-06-30T15:29:46-05:00,17934,USD,,false,CPL/SRC/events/00383
EV000384,PM,CPL_BILLING,CPL-R00212,SUBMITTED,2022-11-25T12:12:00-06:00,2022-11-25T12:52:34-06:00,4507,USD,,false,CPL/SRC/events/00384
EV000385,PM,CPL_BILLING,,PAYMENT_POSTED,2022-12-09T16:45:00-06:00,2023-02-11T03:16:44-06:00,4507,USD,,false,CPL/SRC/events/00385
EV000386,PM,CPL_BILLING,CPL-R00213,SUBMITTED,2022-11-25T11:36:00-06:00,2022-11-27T01:20:34-06:00,43066,USD,,false,CPL/SRC/events/00386
EV000387,PM,CPL_BILLING,,PAYMENT_POSTED,2023-01-12T16:38:00-06:00,2023-01-12T16:56:14-06:00,43066,USD,,false,CPL/SRC/events/00387
EV000388,PM,CPL_BILLING,CPL-R00214,SUBMITTED,2022-11-22T08:48:00-06:00,2022-11-23T09:06:12-06:00,19858,USD,,false,CPL/SRC/events/00388
EV000389,PM,CPL_BILLING,CPL-R00215,SUBMITTED,2022-09-26T12:50:00-05:00,2022-10-14T01:49:16-05:00,15960,USD,,false,CPL/SRC/events/00389
EV000390,PM,CPL_BILLING,,PAYMENT_POSTED,2022-10-05T08:06:00-05:00,2022-10-21T01:21:38-05:00,15960,USD,,false,CPL/SRC/events/00390
EV000391,PM,CPL_BILLING,CPL-R00216,SUBMITTED,2022-12-29T08:30:00-06:00,2023-01-02T17:48:20-06:00,5361,USD,,false,CPL/SRC/events/00391
EV000392,PM,CPL_BILLING,,PAYMENT_POSTED,2023-01-10T16:33:00-06:00,2023-01-13T00:43:30-06:00,5361,USD,,false,CPL/SRC/events/00392
EV000393,PM,CPL_BILLING,CPL-R00217,SUBMITTED,2023-07-03T08:52:00-05:00,2023-07-06T06:17:07-05:00,7952,USD,,false,CPL/SRC/events/00393
EV000394,PM,CPL_BILLING,,PAYMENT_POSTED,2023-08-03T13:27:00-05:00,2023-08-03T18:57:50-05:00,7952,USD,,false,CPL/SRC/events/00394
EV000395,PM,CPL_BILLING,CPL-R00218,SUBMITTED,2023-05-29T16:07:00-05:00,2023-05-29T17:27:31-05:00,3867,USD,,false,CPL/SRC/events/00395
EV000396,PM,CPL_BILLING,,PAYMENT_POSTED,2023-06-07T10:05:00-05:00,2023-06-10T15:13:44-05:00,3867,USD,,false,CPL/SRC/events/00396
EV000397,PM,CPL_BILLING,CPL-R00219,SUBMITTED,2023-05-26T08:04:00-05:00,2023-06-01T07:14:14-05:00,11486,USD,,false,CPL/SRC/events/00397
EV000398,PM,CPL_BILLING,CPL-R00220,SUBMITTED,2022-11-29T14:58:00-06:00,2022-11-29T18:32:20-06:00,7677,USD,,false,CPL/SRC/events/00398
EV000399,PM,CPL_BILLING,CPL-R00221,SUBMITTED,2022-08-15T09:54:00-05:00,2022-08-15T14:30:14-05:00,60552,USD,,false,CPL/SRC/events/00399
EV000400,PM,CPL_BILLING,,PAYMENT_POSTED,2022-08-19T09:16:00-05:00,2022-08-19T13:45:09-05:00,60552,USD,,false,CPL/SRC/events/00400
EV000401,PM,CPL_BILLING,CPL-R00222,SUBMITTED,2023-08-28T08:44:00-05:00,2023-08-28T09:59:03-05:00,6855,USD,,false,CPL/SRC/events/00401
EV000402,PM,CPL_BILLING,,PAYMENT_POSTED,2023-10-25T10:52:00-05:00,2023-12-10T11:21:51-06:00,6855,USD,,false,CPL/SRC/events/00402
EV000403,PM,CPL_BILLING,CPL-R00223,SUBMITTED,2023-04-24T08:57:00-05:00,2023-04-25T21:22:58-05:00,4155,USD,,false,CPL/SRC/events/00403
EV000404,PM,CPL_BILLING,CPL-R00224,CORRECTED,2023-04-28T11:09:00-05:00,2023-04-28T12:21:00-05:00,3835,USD,,false,CPL/SRC/events/00404
EV000405,PM,CPL_BILLING,CPL-R00223,VOID_VERSION,2023-04-28T11:09:00-05:00,2023-05-01T22:13:38-05:00,4155,USD,,false,CPL/SRC/events/00405
EV000406,PM,CPL_BILLING,,PAYMENT_POSTED,2023-04-28T11:20:00-05:00,2023-04-28T13:33:51-05:00,3835,USD,,false,CPL/SRC/events/00406
EV000407,PM,CPL_BILLING,CPL-R00225,SUBMITTED,2023-07-31T09:54:00-05:00,2023-07-31T13:08:20-05:00,9983,USD,,false,CPL/SRC/events/00407
EV000408,PM,CPL_BILLING,,PAYMENT_POSTED,2023-09-04T14:13:00-05:00,2023-09-07T12:41:34-05:00,9983,USD,,false,CPL/SRC/events/00408
EV000409,PM,CPL_BILLING,CPL-R00226,SUBMITTED,2023-07-14T12:59:00-05:00,2023-07-16T09:46:15-05:00,9207,USD,,false,CPL/SRC/events/00409
EV000410,PM,CPL_BILLING,,PAYMENT_POSTED,2023-08-28T09:47:00-05:00,2023-08-29T14:36:53-05:00,9207,USD,,false,CPL/SRC/events/00410
EV000411,PM,CPL_BILLING,CPL-R00227,SUBMITTED,2023-09-04T11:05:00-05:00,2023-09-04T12:31:55-05:00,5970,USD,,false,CPL/SRC/events/00411
EV000412,PM,CPL_BILLING,,PAYMENT_POSTED,2023-09-18T09:38:00-05:00,2023-09-18T10:35:40-05:00,5970,USD,,false,CPL/SRC/events/00412
EV000413,PM,CPL_BILLING,CPL-R00228,SUBMITTED,2023-08-28T08:54:00-05:00,2023-09-03T08:34:53-05:00,9880,USD,,false,CPL/SRC/events/00413
EV000414,PM,CPL_BILLING,,PAYMENT_POSTED,2023-10-09T09:24:00-05:00,2023-10-30T09:24:00-05:00,9880,USD,,false,CPL/SRC/events/00414
EV000415,PM,CPL_BILLING,CPL-R00229,SUBMITTED,2022-09-30T09:47:00-05:00,2022-10-03T14:43:59-05:00,11688,USD,,false,CPL/SRC/events/00415
EV000416,PM,CPL_BILLING,,PAYMENT_POSTED,2022-10-31T09:49:00-05:00,2022-11-04T08:37:59-05:00,11688,USD,,false,CPL/SRC/events/00416
EV000417,PM,CPL_BILLING,CPL-R00230,SUBMITTED,2023-05-08T12:35:00-05:00,2023-05-12T09:05:28-05:00,13715,USD,,false,CPL/SRC/events/00417
EV000418,PM,CPL_BILLING,CPL-R00230,CLOSED_NO_PAYMENT,2023-09-04T14:06:00-05:00,2023-09-04T16:57:13-05:00,,,,true,CPL/SRC/events/00418
EV000419,PM,CPL_BILLING,CPL-R00231,SUBMITTED,2022-08-26T12:26:00-05:00,2022-08-27T13:43:15-05:00,11350,USD,,false,CPL/SRC/events/00419
EV000420,PM,CPL_BILLING,,PAYMENT_POSTED,2022-09-01T11:47:00-05:00,2022-09-01T19:24:30-05:00,11350,USD,,false,CPL/SRC/events/00420
EV000421,PM,CPL_BILLING,CPL-R00232,SUBMITTED,2022-09-07T15:06:00-05:00,2022-09-08T19:05:36-05:00,2596,USD,,false,CPL/SRC/events/00421
EV000422,PM,CPL_BILLING,CPL-R00233,SUBMITTED,2023-06-19T11:50:00-05:00,2023-06-19T13:24:43-05:00,66123,USD,,false,CPL/SRC/events/00422
EV000423,PM,CPL_BILLING,CPL-R00233,CLOSED_NO_PAYMENT,2023-07-31T08:25:00-05:00,2023-08-02T12:54:13-05:00,,,,true,CPL/SRC/events/00423
EV000424,PM,CPL_BILLING,CPL-R00234,SUBMITTED,2023-05-05T12:56:00-05:00,2023-05-05T19:02:28-05:00,10767,USD,,false,CPL/SRC/events/00424
EV000425,PM,CPL_BILLING,,PAYMENT_POSTED,2023-05-09T11:09:00-05:00,2023-05-21T08:07:58-05:00,10767,USD,,false,CPL/SRC/events/00425
EV000426,PM,CPL_BILLING,CPL-R00234,PAYMENT_REVERSED,2023-05-17T13:04:00-05:00,2023-05-22T09:38:24-05:00,8600,USD,EV000425,false,CPL/SRC/events/00426
EV000427,PM,CPL_BILLING,CPL-R00235,SUBMITTED,2022-07-15T15:16:00-05:00,2022-07-21T15:25:17-05:00,10232,USD,,false,CPL/SRC/events/00427
EV000428,PM,CPL_BILLING,CPL-R00236,CORRECTED,2022-07-26T11:59:00-05:00,2022-08-02T07:13:33-05:00,9021,USD,,false,CPL/SRC/events/00428
EV000429,PM,CPL_BILLING,CPL-R00235,VOID_VERSION,2022-07-26T11:59:00-05:00,2022-07-27T03:42:38-05:00,10232,USD,,false,CPL/SRC/events/00429
EV000430,PM,CPL_BILLING,,PAYMENT_POSTED,2022-07-19T15:26:00-05:00,2022-07-19T18:19:58-05:00,9021,USD,,false,CPL/SRC/events/00430
EV000431,PM,CPL_BILLING,CPL-R00237,SUBMITTED,2022-11-16T12:14:00-06:00,2022-11-16T18:48:50-06:00,6154,USD,,false,CPL/SRC/events/00431
EV000432,PM,CPL_BILLING,CPL-R00238,CORRECTED,2022-11-23T13:49:00-06:00,2022-11-23T19:09:34-06:00,5691,USD,,false,CPL/SRC/events/00432
EV000433,PM,CPL_BILLING,,PAYMENT_POSTED,2022-11-22T12:52:00-06:00,2022-12-07T04:57:11-06:00,5691,USD,,false,CPL/SRC/events/00433
EV000434,PM,CPL_BILLING,CPL-R00239,SUBMITTED,2023-08-15T10:01:00-05:00,2023-08-16T13:43:11-05:00,2500,USD,,false,CPL/SRC/events/00434
EV000435,PM,CPL_BILLING,CPL-R00240,CORRECTED,2023-08-17T10:25:00-05:00,2023-08-19T18:20:12-05:00,2234,USD,,false,CPL/SRC/events/00435
EV000436,PM,CPL_BILLING,,PAYMENT_POSTED,2023-08-30T15:51:00-05:00,2023-09-03T14:44:49-05:00,2234,USD,,false,CPL/SRC/events/00436
EV000437,PM,CPL_BILLING,CPL-R00241,SUBMITTED,2023-09-26T14:55:00-05:00,2023-10-02T14:20:43-05:00,56098,USD,,false,CPL/SRC/events/00437
EV000438,PM,CPL_BILLING,,PAYMENT_POSTED,2023-10-10T16:31:00-05:00,2023-10-11T10:24:44-05:00,56098,USD,,false,CPL/SRC/events/00438
EV000439,PM,CPL_BILLING,CPL-R00242,SUBMITTED,2023-09-26T15:07:00-05:00,2023-09-30T02:54:01-05:00,9349,USD,,false,CPL/SRC/events/00439
EV000440,PM,CPL_BILLING,CPL-R00243,SUBMITTED,2023-05-18T12:35:00-05:00,2023-05-19T18:12:26-05:00,11050,USD,,false,CPL/SRC/events/00440
EV000441,PM,CPL_BILLING,,PAYMENT_POSTED,2023-05-29T09:51:00-05:00,2023-06-03T01:47:47-05:00,11050,USD,,false,CPL/SRC/events/00441
EV000442,PM,CPL_BILLING,CPL-R00244,SUBMITTED,2023-01-02T15:13:00-06:00,2023-01-05T01:19:27-06:00,17407,USD,,false,CPL/SRC/events/00442
EV000443,PM,CPL_BILLING,,PAYMENT_POSTED,2023-01-17T10:56:00-06:00,2023-01-17T12:54:15-06:00,17407,USD,,false,CPL/SRC/events/00443
EV000444,PM,CPL_BILLING,CPL-R00245,SUBMITTED,2023-03-27T15:48:00-05:00,2023-03-27T20:11:27-05:00,6217,USD,,false,CPL/SRC/events/00444
EV000445,PM,CPL_BILLING,,PAYMENT_POSTED,2023-04-10T16:12:00-05:00,2023-04-10T22:12:37-05:00,6217,USD,,false,CPL/SRC/events/00445
EV000446,PM,CPL_BILLING,CPL-R00246,SUBMITTED,2022-10-11T14:17:00-05:00,2022-10-13T01:24:01-05:00,14632,USD,,false,CPL/SRC/events/00446
EV000447,PM,CPL_BILLING,,PAYMENT_POSTED,2022-11-04T12:11:00-05:00,2022-11-04T16:12:38-05:00,14632,USD,,false,CPL/SRC/events/00447
EV000448,PM,CPL_BILLING,CPL-R00247,SUBMITTED,2022-10-17T13:19:00-05:00,2022-10-17T18:31:33-05:00,37184,USD,,false,CPL/SRC/events/00448
EV000449,PM,CPL_BILLING,,PAYMENT_POSTED,2022-11-11T15:40:00-06:00,2022-11-14T15:23:47-06:00,37184,USD,,false,CPL/SRC/events/00449
EV000450,PM,CPL_BILLING,CPL-R00248,SUBMITTED,2022-12-22T13:52:00-06:00,2022-12-23T23:39:00-06:00,11409,USD,,false,CPL/SRC/events/00450
EV000451,PM,CPL_BILLING,,PAYMENT_POSTED,2023-01-09T15:20:00-06:00,2023-01-13T06:37:13-06:00,11409,USD,,false,CPL/SRC/events/00451
EV000452,PM,CPL_BILLING,CPL-R00249,SUBMITTED,2023-05-15T15:25:00-05:00,2023-05-16T16:26:18-05:00,32257,USD,,false,CPL/SRC/events/00452
EV000453,PM,CPL_BILLING,,PAYMENT_POSTED,2023-06-06T15:12:00-05:00,2023-06-08T10:48:54-05:00,32257,USD,,false,CPL/SRC/events/00453
EV000454,PM,CPL_BILLING,CPL-R00250,SUBMITTED,2022-09-09T12:58:00-05:00,2022-09-09T18:28:26-05:00,22159,USD,,false,CPL/SRC/events/00454
EV000455,PM,CPL_BILLING,,PAYMENT_POSTED,2022-10-03T13:29:00-05:00,2022-10-04T20:57:27-05:00,22159,USD,,false,CPL/SRC/events/00455
EV000456,PM,CPL_BILLING,CPL-R00251,SUBMITTED,2023-02-21T16:44:00-06:00,2023-03-03T09:39:08-06:00,8822,USD,,false,CPL/SRC/events/00456
EV000457,PM,CPL_BILLING,,PAYMENT_POSTED,2023-03-15T09:24:00-05:00,2023-03-15T10:31:05-05:00,8822,USD,,false,CPL/SRC/events/00457
EV000458,PM,CPL_BILLING,CPL-R00252,SUBMITTED,2023-08-14T15:30:00-05:00,2023-08-19T02:36:40-05:00,7362,USD,,false,CPL/SRC/events/00458
EV000459,PM,CPL_BILLING,,PAYMENT_POSTED,2023-09-11T15:10:00-05:00,2023-09-11T15:55:07-05:00,7362,USD,,false,CPL/SRC/events/00459
EV000460,PM,CPL_BILLING,CPL-R00253,SUBMITTED,2023-07-31T11:06:00-05:00,2023-08-04T00:10:21-05:00,13046,USD,,false,CPL/SRC/events/00460
EV000461,PM,CPL_BILLING,,PAYMENT_POSTED,2023-08-28T11:17:00-05:00,2023-08-28T13:14:59-05:00,13046,USD,,false,CPL/SRC/events/00461
EV000462,PM,CPL_BILLING,CPL-R00254,SUBMITTED,2023-01-23T13:23:00-06:00,2023-01-25T11:58:28-06:00,20854,USD,,false,CPL/SRC/events/00462
EV000463,PM,CPL_BILLING,,PAYMENT_POSTED,2023-02-28T08:03:00-06:00,2023-02-28T14:33:10-06:00,20854,USD,,false,CPL/SRC/events/00463
EV000464,PM,CPL_BILLING,CPL-R00255,SUBMITTED,2023-05-31T10:21:00-05:00,2023-05-31T11:20:14-05:00,5602,USD,,false,CPL/SRC/events/00464
EV000465,PM,CPL_BILLING,CPL-R00256,SUBMITTED,2023-06-05T12:52:00-05:00,2023-06-11T01:02:49-05:00,42278,USD,,false,CPL/SRC/events/00465
EV000466,PM,CPL_BILLING,CPL-R00257,CORRECTED,2023-06-12T08:29:00-05:00,2023-06-15T23:00:40-05:00,53924,USD,,false,CPL/SRC/events/00466
EV000467,PM,CPL_BILLING,CPL-R00257,CLOSED_NO_PAYMENT,2023-08-30T10:35:00-05:00,2023-09-04T02:05:43-05:00,,,,true,CPL/SRC/events/00467
EV000468,PM,CPL_BILLING,CPL-R00258,SUBMITTED,2022-08-26T16:09:00-05:00,2022-08-30T08:20:50-05:00,9221,USD,,false,CPL/SRC/events/00468
EV000469,PM,CPL_BILLING,,PAYMENT_POSTED,2022-10-19T09:01:00-05:00,2022-10-20T03:43:54-05:00,9221,USD,,false,CPL/SRC/events/00469
EV000470,PM,CPL_BILLING,CPL-R00259,SUBMITTED,2023-04-11T16:35:00-05:00,2023-05-01T22:47:14-05:00,30210,USD,,false,CPL/SRC/events/00470
EV000471,PM,CPL_BILLING,,PAYMENT_POSTED,2023-05-15T09:56:00-05:00,2023-05-15T13:09:20-05:00,30210,USD,,false,CPL/SRC/events/00471
EV000472,PM,CPL_BILLING,CPL-R00260,SUBMITTED,2022-09-01T15:14:00-05:00,2022-09-05T03:54:15-05:00,20421,USD,,false,CPL/SRC/events/00472
EV000473,PM,CPL_BILLING,,PAYMENT_POSTED,2022-09-19T08:10:00-05:00,2022-09-19T14:27:00-05:00,20421,USD,,false,CPL/SRC/events/00473
EV000474,PM,CPL_BILLING,CPL-R00261,SUBMITTED,2022-11-11T08:34:00-06:00,2022-11-16T08:49:29-06:00,9123,USD,,false,CPL/SRC/events/00474
EV000475,PM,CPL_BILLING,,PAYMENT_POSTED,2022-11-23T14:48:00-06:00,2022-11-23T22:14:19-06:00,9123,USD,,false,CPL/SRC/events/00475
EV000476,PM,CPL_BILLING,CPL-R00262,SUBMITTED,2022-07-01T09:24:00-05:00,2022-07-01T13:22:51-05:00,11319,USD,,false,CPL/SRC/events/00476
EV000477,PM,CPL_BILLING,,PAYMENT_POSTED,2022-08-01T14:08:00-05:00,2022-08-01T19:33:16-05:00,11319,USD,,false,CPL/SRC/events/00477
EV000478,PM,CPL_BILLING,CPL-R00263,SUBMITTED,2023-06-01T14:40:00-05:00,2023-06-03T03:06:18-05:00,6658,USD,,false,CPL/SRC/events/00478
EV000479,PM,CPL_BILLING,,PAYMENT_POSTED,2023-06-12T11:54:00-05:00,2023-06-12T16:39:11-05:00,6658,USD,,false,CPL/SRC/events/00479
EV000480,PM,CPL_BILLING,CPL-R00264,SUBMITTED,2023-01-23T09:49:00-06:00,2023-01-23T17:05:25-06:00,8472,USD,,false,CPL/SRC/events/00480
EV000481,PM,CPL_BILLING,CPL-R00265,CORRECTED,2023-01-25T16:03:00-06:00,2023-01-25T16:13:48-06:00,10185,USD,,false,CPL/SRC/events/00481
EV000482,PM,CPL_BILLING,CPL-R00264,VOID_VERSION,2023-01-25T16:03:00-06:00,2023-01-25T21:46:51-06:00,8472,USD,,false,CPL/SRC/events/00482
EV000483,PM,CPL_BILLING,,PAYMENT_POSTED,2023-03-06T12:24:00-06:00,2023-03-07T04:00:38-06:00,10185,USD,,false,CPL/SRC/events/00483
EV000484,PM,CPL_BILLING,CPL-R00266,SUBMITTED,2023-08-14T10:22:00-05:00,2023-08-17T17:49:59-05:00,34400,USD,,false,CPL/SRC/events/00484
EV000485,PM,CPL_BILLING,,PAYMENT_POSTED,2023-09-07T12:08:00-05:00,2023-09-07T12:43:44-05:00,34400,USD,,false,CPL/SRC/events/00485
EV000486,PM,CPL_BILLING,CPL-R00267,SUBMITTED,2022-09-27T12:28:00-05:00,2022-09-27T18:28:27-05:00,2505,USD,,false,CPL/SRC/events/00486
EV000487,PM,CPL_BILLING,CPL-R00268,CORRECTED,2022-10-03T16:05:00-05:00,2022-10-05T23:01:31-05:00,2855,USD,,false,CPL/SRC/events/00487
EV000488,PM,CPL_BILLING,,PAYMENT_POSTED,2022-10-03T10:23:00-05:00,2022-10-03T14:49:59-05:00,2855,USD,,false,CPL/SRC/events/00488
EV000489,PM,CPL_BILLING,CPL-R00269,SUBMITTED,2022-08-05T15:01:00-05:00,2022-08-11T16:18:49-05:00,11425,USD,,false,CPL/SRC/events/00489
EV000490,PM,CPL_BILLING,CPL-R00270,CORRECTED,2022-08-08T13:33:00-05:00,2022-08-10T00:12:50-05:00,11098,USD,,false,CPL/SRC/events/00490
EV000491,PM,CPL_BILLING,CPL-R00271,SUBMITTED,2022-07-18T11:54:00-05:00,2022-07-18T16:42:29-05:00,12315,USD,,false,CPL/SRC/events/00491
EV000492,PM,CPL_BILLING,CPL-R00272,SUBMITTED,2022-07-22T16:10:00-05:00,2022-07-25T22:31:34-05:00,16365,USD,,false,CPL/SRC/events/00492
EV000493,PM,CPL_BILLING,CPL-R00272,CLOSED_NO_PAYMENT,2022-09-12T08:22:00-05:00,2022-09-12T09:55:44-05:00,,,,true,CPL/SRC/events/00493
EV000494,PM,CPL_BILLING,CPL-R00273,SUBMITTED,2023-02-13T12:54:00-06:00,2023-02-13T20:14:32-06:00,63097,USD,,false,CPL/SRC/events/00494
EV000495,PM,CPL_BILLING,,PAYMENT_POSTED,2023-03-02T10:50:00-06:00,2023-03-02T12:05:30-06:00,63097,USD,,false,CPL/SRC/events/00495
EV000496,PM,CPL_BILLING,CPL-R00274,SUBMITTED,2023-09-04T13:41:00-05:00,2023-09-08T07:30:34-05:00,38772,USD,,false,CPL/SRC/events/00496
EV000497,PM,CPL_BILLING,CPL-R00275,SUBMITTED,2023-04-21T15:29:00-05:00,2023-04-29T14:10:35-05:00,13159,USD,,false,CPL/SRC/events/00497
EV000498,PM,CPL_BILLING,,PAYMENT_POSTED,2023-05-05T09:01:00-05:00,2023-05-05T15:13:23-05:00,13159,USD,,false,CPL/SRC/events/00498
EV000499,PM,CPL_BILLING,CPL-R00276,SUBMITTED,2022-12-01T11:26:00-06:00,2022-12-19T11:03:03-06:00,8594,USD,,false,CPL/SRC/events/00499
EV000500,PM,CPL_BILLING,,PAYMENT_POSTED,2022-12-12T15:05:00-06:00,2022-12-25T11:17:56-06:00,8594,USD,,false,CPL/SRC/events/00500
EV000501,PM,CPL_BILLING,CPL-R00277,SUBMITTED,2023-07-17T14:46:00-05:00,2023-07-17T18:48:12-05:00,32144,USD,,false,CPL/SRC/events/00501
EV000502,PM,CPL_BILLING,,PAYMENT_POSTED,2023-07-28T16:47:00-05:00,2023-07-28T23:29:02-05:00,32144,USD,,false,CPL/SRC/events/00502
EV000503,PM,CPL_BILLING,CPL-R00278,SUBMITTED,2023-09-29T14:05:00-05:00,2023-09-29T15:48:14-05:00,89753,USD,,false,CPL/SRC/events/00503
EV000504,PM,CPL_BILLING,,PAYMENT_POSTED,2023-10-16T12:56:00-05:00,2023-10-16T18:58:08-05:00,89753,USD,,false,CPL/SRC/events/00504
EV000505,PM,CPL_BILLING,CPL-R00279,SUBMITTED,2023-03-14T16:25:00-05:00,2023-03-19T15:37:21-05:00,13505,USD,,false,CPL/SRC/events/00505
EV000506,PM,CPL_BILLING,,PAYMENT_POSTED,2023-03-23T16:26:00-05:00,2023-03-25T21:17:50-05:00,13505,USD,,false,CPL/SRC/events/00506
EV000507,PM,CPL_BILLING,CPL-R00280,SUBMITTED,2023-07-14T10:57:00-05:00,2023-07-14T18:09:31-05:00,8697,USD,,false,CPL/SRC/events/00507
EV000508,PM,CPL_BILLING,,PAYMENT_POSTED,2023-08-07T09:00:00-05:00,2023-08-18T15:17:40-05:00,8697,USD,,false,CPL/SRC/events/00508
EV000509,PM,CPL_BILLING,CPL-R00281,SUBMITTED,2023-01-09T08:50:00-06:00,2023-01-09T11:29:47-06:00,56902,USD,,false,CPL/SRC/events/00509
EV000510,PM,CPL_BILLING,,PAYMENT_POSTED,2023-02-09T10:53:00-06:00,2023-02-12T01:47:38-06:00,56902,USD,,false,CPL/SRC/events/00510
EV000511,PM,CPL_BILLING,CPL-R00282,SUBMITTED,2023-03-01T12:54:00-06:00,2023-03-01T14:14:10-06:00,200919,USD,,false,CPL/SRC/events/00511
EV000512,PM,CPL_BILLING,,PAYMENT_POSTED,2023-03-27T13:45:00-05:00,2023-03-30T21:27:11-05:00,200919,USD,,false,CPL/SRC/events/00512
EV000513,PM,CPL_BILLING,CPL-R00283,SUBMITTED,2022-08-22T16:00:00-05:00,2022-08-24T06:12:54-05:00,22051,USD,,false,CPL/SRC/events/00513
EV000514,PM,CPL_BILLING,CPL-R00283,CLOSED_NO_PAYMENT,2022-12-14T11:06:00-06:00,2022-12-14T14:54:50-06:00,,,,true,CPL/SRC/events/00514
EV000515,PM,CPL_BILLING,CPL-R00284,SUBMITTED,2023-04-10T12:05:00-05:00,2023-04-12T13:33:49-05:00,20917,USD,,false,CPL/SRC/events/00515
EV000516,PM,CPL_BILLING,,PAYMENT_POSTED,2023-05-05T15:10:00-05:00,2023-05-07T07:44:28-05:00,20917,USD,,false,CPL/SRC/events/00516
EV000517,PM,CPL_BILLING,CPL-R00285,SUBMITTED,2022-09-23T16:52:00-05:00,2022-09-24T17:23:35-05:00,11255,USD,,false,CPL/SRC/events/00517
EV000518,PM,CPL_BILLING,,PAYMENT_POSTED,2022-09-29T16:42:00-05:00,2022-09-29T23:49:42-05:00,11255,USD,,false,CPL/SRC/events/00518
EV000519,PM,CPL_BILLING,CPL-R00286,SUBMITTED,2022-12-16T13:24:00-06:00,2022-12-19T02:12:32-06:00,6745,USD,,false,CPL/SRC/events/00519
EV000520,PM,CPL_BILLING,,PAYMENT_POSTED,2023-01-24T14:08:00-06:00,2023-01-24T19:15:28-06:00,6745,USD,,false,CPL/SRC/events/00520
EV000521,PM,CPL_BILLING,CPL-R00287,SUBMITTED,2023-01-25T15:30:00-06:00,2023-01-25T18:44:08-06:00,3875,USD,,false,CPL/SRC/events/00521
EV000522,PM,CPL_BILLING,CPL-R00288,SUBMITTED,2022-11-17T10:04:00-06:00,2022-11-20T11:03:42-06:00,17360,USD,,false,CPL/SRC/events/00522
EV000523,PM,CPL_BILLING,,PAYMENT_POSTED,2022-11-30T10:17:00-06:00,2022-12-06T11:31:07-06:00,17360,USD,,false,CPL/SRC/events/00523
EV000524,PM,CPL_BILLING,CPL-R00289,SUBMITTED,2023-03-24T08:58:00-05:00,2023-03-24T21:32:52-05:00,13802,USD,,false,CPL/SRC/events/00524
EV000525,PM,CPL_BILLING,,PAYMENT_POSTED,2023-05-09T09:23:00-05:00,2023-05-09T12:22:33-05:00,13802,USD,,false,CPL/SRC/events/00525
EV000526,PM,CPL_BILLING,CPL-R00290,SUBMITTED,2023-03-27T09:44:00-05:00,2023-03-27T10:12:21-05:00,4936,USD,,false,CPL/SRC/events/00526
EV000527,PM,CPL_BILLING,CPL-R00291,CORRECTED,2023-04-03T13:56:00-05:00,2023-04-07T17:54:52-05:00,5960,USD,,false,CPL/SRC/events/00527
EV000528,PM,CPL_BILLING,,PAYMENT_POSTED,2023-04-06T09:16:00-05:00,2023-04-09T00:42:18-05:00,5960,USD,,false,CPL/SRC/events/00528
EV000529,PM,CPL_BILLING,CPL-R00292,SUBMITTED,2022-11-17T16:49:00-06:00,2022-11-21T02:06:16-06:00,3095,USD,,false,CPL/SRC/events/00529
EV000530,PM,CPL_BILLING,,PAYMENT_POSTED,2022-12-15T10:22:00-06:00,2022-12-18T13:22:18-06:00,3095,USD,,false,CPL/SRC/events/00530
EV000531,PM,CPL_BILLING,CPL-R00293,SUBMITTED,2023-01-17T09:55:00-06:00,2023-01-18T01:39:10-06:00,26771,USD,,false,CPL/SRC/events/00531
EV000532,PM,CPL_BILLING,,PAYMENT_POSTED,2023-02-15T13:32:00-06:00,2023-02-15T19:46:57-06:00,26771,USD,,false,CPL/SRC/events/00532
EV000533,PM,CPL_BILLING,CPL-R00294,SUBMITTED,2022-10-24T11:11:00,2022-10-24T17:36:13,14908,USD,,false,CPL/SRC/events/00533
EV000534,PM,CPL_BILLING,CPL-R00295,CORRECTED,2022-10-31T14:06:00-05:00,2022-10-31T19:56:48-05:00,17012,USD,,false,CPL/SRC/events/00534
EV000535,PM,CPL_BILLING,CPL-R00295,CLOSED_NO_PAYMENT,2022-11-15T13:24:00-06:00,2022-11-17T04:58:22-06:00,,,,true,CPL/SRC/events/00535
EV000536,PM,CPL_BILLING,CPL-R00296,SUBMITTED,2022-09-07T11:25:00-05:00,2022-09-12T22:08:51-05:00,8503,USD,,false,CPL/SRC/events/00536
EV000537,PM,CPL_BILLING,CPL-R00297,CORRECTED,2022-09-08T12:59:00-05:00,2022-09-20T20:32:34-05:00,9735,USD,,false,CPL/SRC/events/00537
EV000538,PM,CPL_BILLING,CPL-R00296,VOID_VERSION,2022-09-08T12:59:00-05:00,2022-10-31T09:16:19-05:00,8503,USD,,false,CPL/SRC/events/00538
EV000539,PM,CPL_BILLING,,PAYMENT_POSTED,2022-10-03T14:42:00-05:00,2022-10-03T20:16:44-05:00,9735,USD,,false,CPL/SRC/events/00539
EV000540,PM,CPL_BILLING,CPL-R00298,SUBMITTED,2023-02-20T10:24:00-06:00,2023-02-21T20:17:11-06:00,11285,USD,,false,CPL/SRC/events/00540
EV000541,PM,CPL_BILLING,,PAYMENT_POSTED,2023-05-29T11:49:00-05:00,2023-06-01T16:56:11-05:00,11285,USD,,false,CPL/SRC/events/00541
EV000542,PM,CPL_BILLING,CPL-R00299,SUBMITTED,2022-07-18T12:24:00-05:00,2022-07-18T18:43:59-05:00,28986,USD,,false,CPL/SRC/events/00542
EV000543,PM,CPL_BILLING,,PAYMENT_POSTED,2022-07-27T16:11:00-05:00,2022-07-27T22:53:45-05:00,28986,USD,,false,CPL/SRC/events/00543
EV000544,PM,CPL_BILLING,CPL-R00300,SUBMITTED,2023-06-08T16:08:00-05:00,2023-06-25T04:11:19-05:00,47243,USD,,false,CPL/SRC/events/00544
EV000545,PM,CPL_BILLING,,PAYMENT_POSTED,2023-06-20T12:29:00-05:00,2023-06-21T15:17:13-05:00,47243,USD,,false,CPL/SRC/events/00545
EV000546,PM,CPL_BILLING,CPL-R00301,SUBMITTED,2022-07-18T08:27:00-05:00,2022-07-18T10:03:36-05:00,14579,USD,,false,CPL/SRC/events/00546
EV000547,PM,CPL_BILLING,,PAYMENT_POSTED,2022-08-04T12:23:00-05:00,2022-08-08T15:46:49-05:00,14579,USD,,false,CPL/SRC/events/00547
EV000548,PM,CPL_BILLING,CPL-R00302,SUBMITTED,2023-03-01T14:50:00-06:00,2023-03-02T12:45:20-06:00,12389,USD,,false,CPL/SRC/events/00548
EV000549,PM,CPL_BILLING,,PAYMENT_POSTED,2023-04-03T12:45:00-05:00,2023-04-03T18:10:48-05:00,12389,USD,,false,CPL/SRC/events/00549
EV000550,PM,CPL_BILLING,CPL-R00303,SUBMITTED,2023-07-21T08:29:00-05:00,2023-07-21T08:55:00-05:00,5656,USD,,false,CPL/SRC/events/00550
EV000551,PM,CPL_BILLING,,PAYMENT_POSTED,2023-08-07T16:23:00-05:00,2023-08-13T04:37:04-05:00,5656,USD,,false,CPL/SRC/events/00551
EV000552,PM,CPL_BILLING,CPL-R00304,SUBMITTED,2022-11-28T12:58:00-06:00,2023-01-01T00:55:45-06:00,150163,USD,,false,CPL/SRC/events/00552
EV000553,PM,CPL_BILLING,,PAYMENT_POSTED,2022-12-08T12:35:00-06:00,2022-12-14T19:38:53-06:00,150163,USD,,false,CPL/SRC/events/00553
EV000554,PM,CPL_BILLING,CPL-R00305,SUBMITTED,2022-11-23T11:40:00-06:00,2022-12-09T09:41:23-06:00,21263,USD,,false,CPL/SRC/events/00554
EV000555,PM,CPL_BILLING,CPL-R00306,SUBMITTED,2023-03-06T08:51:00-06:00,2023-03-06T15:08:13-06:00,4476,USD,,false,CPL/SRC/events/00555
EV000556,PM,CPL_BILLING,,PAYMENT_POSTED,2023-03-28T13:08:00-05:00,2023-04-03T09:14:55-05:00,4476,USD,,false,CPL/SRC/events/00556
EV000557,PM,CPL_BILLING,CPL-R00307,SUBMITTED,2022-11-21T16:06:00-06:00,2022-11-25T11:18:20-06:00,67698,USD,,false,CPL/SRC/events/00557
EV000558,PM,CPL_BILLING,CPL-R00308,CORRECTED,2022-11-28T11:56:00-06:00,2022-11-28T15:42:42-06:00,67665,USD,,false,CPL/SRC/events/00558
EV000559,PM,CPL_BILLING,,PAYMENT_POSTED,2023-01-05T13:53:00-06:00,2023-01-07T03:32:28-06:00,67665,USD,,false,CPL/SRC/events/00559
EV000560,PM,CPL_BILLING,CPL-R00309,SUBMITTED,2022-12-02T13:32:00-06:00,2023-02-07T01:19:40-06:00,6333,USD,,false,CPL/SRC/events/00560
EV000561,PM,CPL_BILLING,,PAYMENT_POSTED,2022-12-23T13:59:00-06:00,2023-01-03T08:51:48-06:00,6333,USD,,false,CPL/SRC/events/00561
EV000562,PM,CPL_BILLING,CPL-R00310,SUBMITTED,2023-02-27T12:02:00-06:00,2023-02-28T10:15:16-06:00,9247,USD,,false,CPL/SRC/events/00562
EV000563,PM,CPL_BILLING,,PAYMENT_POSTED,2023-07-17T13:50:00-05:00,2023-07-17T17:27:12-05:00,9247,USD,,false,CPL/SRC/events/00563
EV000564,PM,CPL_BILLING,CPL-R00311,SUBMITTED,2022-11-28T11:42:00-06:00,2022-11-28T16:51:43-06:00,2500,USD,,false,CPL/SRC/events/00564
EV000565,PM,CPL_BILLING,,PAYMENT_POSTED,2022-12-19T09:45:00-06:00,2022-12-19T13:28:45-06:00,2500,USD,,false,CPL/SRC/events/00565
EV000566,PM,CPL_BILLING,CPL-R00312,SUBMITTED,2022-11-23T13:20:00-06:00,2022-11-25T05:49:25-06:00,9126,USD,,false,CPL/SRC/events/00566
EV000567,PM,CPL_BILLING,CPL-R00313,SUBMITTED,2023-02-15T15:50:00-06:00,2023-02-17T01:15:25-06:00,53482,USD,,false,CPL/SRC/events/00567
EV000568,PM,CPL_BILLING,,PAYMENT_POSTED,2023-03-01T09:14:00-06:00,2023-03-01T16:20:34-06:00,53482,USD,,false,CPL/SRC/events/00568
EV000569,PM,CPL_BILLING,CPL-R00314,SUBMITTED,2022-09-05T12:58:00-05:00,2022-09-14T20:02:13-05:00,16769,USD,,false,CPL/SRC/events/00569
EV000570,PM,CPL_BILLING,CPL-R00315,SUBMITTED,2022-07-04T12:36:00-05:00,2022-07-04T16:50:01-05:00,40044,USD,,false,CPL/SRC/events/00570
EV000571,PM,CPL_BILLING,,PAYMENT_POSTED,2022-07-28T15:07:00-05:00,2022-07-31T13:46:24-05:00,40044,USD,,false,CPL/SRC/events/00571
EV000572,PM,CPL_BILLING,CPL-R00316,SUBMITTED,2022-07-19T09:31:00-05:00,2022-07-19T15:38:23-05:00,4002,USD,,false,CPL/SRC/events/00572
EV000573,PM,CPL_BILLING,,PAYMENT_POSTED,2022-08-05T14:34:00-05:00,2022-08-05T17:16:51-05:00,4002,USD,,false,CPL/SRC/events/00573
EV000574,PM,CPL_BILLING,CPL-R00317,SUBMITTED,2023-09-12T09:31:00-05:00,2023-09-17T09:36:18-05:00,63529,USD,,false,CPL/SRC/events/00574
EV000575,PM,CPL_BILLING,,PAYMENT_POSTED,2023-10-10T08:08:00-05:00,2023-10-24T03:40:12-05:00,63529,USD,,false,CPL/SRC/events/00575
EV000576,PM,CPL_BILLING,CPL-R00318,SUBMITTED,2023-01-23T09:03:00-06:00,2023-01-25T23:35:28-06:00,11702,USD,,false,CPL/SRC/events/00576
EV000577,PM,CPL_BILLING,,PAYMENT_POSTED,2023-02-01T13:17:00-06:00,2023-02-01T15:05:19-06:00,11702,USD,,false,CPL/SRC/events/00577
EV000578,PM,CPL_BILLING,CPL-R00319,SUBMITTED,2022-07-18T11:46:00-05:00,2022-07-18T13:22:35-05:00,14458,USD,,false,CPL/SRC/events/00578
EV000579,PM,CPL_BILLING,,PAYMENT_POSTED,2022-08-31T13:43:00-05:00,2022-09-04T11:02:53-05:00,14458,USD,,false,CPL/SRC/events/00579
EV000580,PM,CPL_BILLING,CPL-R00320,SUBMITTED,2023-08-04T13:11:00-05:00,2023-08-04T20:34:18-05:00,7150,USD,,false,CPL/SRC/events/00580
EV000581,PM,CPL_BILLING,,PAYMENT_POSTED,2023-08-17T10:23:00-05:00,2023-08-17T16:06:04-05:00,7150,USD,,false,CPL/SRC/events/00581
EV000582,PM,CPL_BILLING,CPL-R00321,SUBMITTED,2023-04-04T10:38:00-05:00,2023-04-09T14:55:12-05:00,35990,USD,,false,CPL/SRC/events/00582
EV000583,PM,CPL_BILLING,CPL-R00322,CORRECTED,2023-04-14T14:33:00-05:00,2023-04-14T18:20:05-05:00,36269,USD,,false,CPL/SRC/events/00583
EV000584,PM,CPL_BILLING,CPL-R00321,VOID_VERSION,2023-04-14T14:33:00-05:00,2023-04-14T20:50:17-05:00,35990,USD,,false,CPL/SRC/events/00584
EV000585,PM,CPL_BILLING,,PAYMENT_POSTED,2023-04-20T12:52:00-05:00,2023-04-20T15:03:54-05:00,36269,USD,,false,CPL/SRC/events/00585
EV000586,PM,CPL_BILLING,CPL-R00323,SUBMITTED,2023-07-10T13:14:00-05:00,2023-07-11T00:14:34-05:00,19237,USD,,false,CPL/SRC/events/00586
EV000587,PM,CPL_BILLING,,PAYMENT_POSTED,2023-08-01T14:28:00-05:00,2023-08-04T03:51:52-05:00,19237,USD,,false,CPL/SRC/events/00587
EV000588,PM,CPL_BILLING,CPL-R00324,SUBMITTED,2023-06-19T11:53:00-05:00,2023-06-20T19:46:31-05:00,3895,USD,,false,CPL/SRC/events/00588
EV000589,PM,CPL_BILLING,,PAYMENT_POSTED,2023-07-17T15:36:00-05:00,2023-07-17T22:28:43-05:00,3895,USD,,false,CPL/SRC/events/00589
EV000590,PM,CPL_BILLING,CPL-R00325,SUBMITTED,2022-10-18T16:26:00-05:00,2022-10-20T00:38:07-05:00,11693,USD,,false,CPL/SRC/events/00590
EV000591,PM,CPL_BILLING,,PAYMENT_POSTED,2023-01-10T15:05:00-06:00,2023-01-10T16:35:01-06:00,11693,USD,,false,CPL/SRC/events/00591
EV000592,PM,CPL_BILLING,CPL-R00326,SUBMITTED,2022-10-17T13:16:00-05:00,2022-10-17T20:26:07-05:00,13656,USD,,false,CPL/SRC/events/00592
EV000593,PM,CPL_BILLING,CPL-R00327,SUBMITTED,2023-08-24T14:24:00-05:00,2023-08-26T06:18:57-05:00,130278,USD,,false,CPL/SRC/events/00593
EV000594,PM,CPL_BILLING,,PAYMENT_POSTED,2023-08-28T10:45:00-05:00,2023-08-28T16:49:03-05:00,130278,USD,,false,CPL/SRC/events/00594
EV000595,PM,CPL_BILLING,CPL-R00328,SUBMITTED,2023-08-21T10:17:00-05:00,2023-08-23T18:55:21-05:00,8939,USD,,false,CPL/SRC/events/00595
EV000596,PM,CPL_BILLING,CPL-R00329,SUBMITTED,2023-05-05T12:58:00-05:00,2023-05-05T15:13:23-05:00,38341,USD,,false,CPL/SRC/events/00596
EV000597,PM,CPL_BILLING,,PAYMENT_POSTED,2023-05-22T16:28:00-05:00,2023-05-22T20:32:20-05:00,38341,USD,,false,CPL/SRC/events/00597
EV000598,PM,CPL_BILLING,CPL-R00330,SUBMITTED,2023-03-13T12:51:00-05:00,2023-04-03T12:51:00-05:00,9314,USD,,false,CPL/SRC/events/00598
EV000599,PM,CPL_BILLING,,PAYMENT_POSTED,2023-04-27T08:38:00-05:00,2023-04-27T13:48:20-05:00,9314,USD,,false,CPL/SRC/events/00599
EV000600,PM,CPL_BILLING,CPL-R00331,SUBMITTED,2022-11-14T16:57:00-06:00,2022-11-15T21:39:57-06:00,12222,USD,,false,CPL/SRC/events/00600
EV000601,PM,CPL_BILLING,,PAYMENT_POSTED,2022-12-05T14:48:00-06:00,2022-12-07T18:38:59-06:00,12222,USD,,false,CPL/SRC/events/00601
EV000602,PM,CPL_BILLING,CPL-R00332,SUBMITTED,2022-11-10T09:19:00-06:00,2022-11-10T11:45:01-06:00,5107,USD,,false,CPL/SRC/events/00602
EV000603,PM,CPL_BILLING,CPL-R00333,SUBMITTED,2023-01-27T11:03:00-06:00,2023-02-03T02:59:17-06:00,9315,USD,,false,CPL/SRC/events/00603
EV000604,PM,CPL_BILLING,CPL-R00334,CORRECTED,2023-02-07T09:29:00-06:00,2023-02-08T08:32:36-06:00,9798,USD,,false,CPL/SRC/events/00604
EV000605,PM,CPL_BILLING,CPL-R00333,VOID_VERSION,2023-02-07T09:29:00-06:00,2023-02-08T07:44:54-06:00,9315,USD,,false,CPL/SRC/events/00605
EV000606,PM,CPL_BILLING,,PAYMENT_POSTED,2023-02-08T08:44:00-06:00,2023-02-08T09:25:30-06:00,9798,USD,,false,CPL/SRC/events/00606
EV000607,PM,CPL_BILLING,CPL-R00335,SUBMITTED,2023-09-11T14:19:00-05:00,2023-09-11T19:53:03-05:00,23482,EUR,,false,CPL/SRC/events/00607
EV000608,PM,CPL_BILLING,CPL-R00336,SUBMITTED,2023-03-20T11:42:00-05:00,2023-03-26T10:52:16-05:00,5089,USD,,false,CPL/SRC/events/00608
EV000609,PM,CPL_BILLING,,PAYMENT_POSTED,2023-04-17T10:34:00-05:00,2023-04-23T03:00:00-05:00,5089,USD,,false,CPL/SRC/events/00609
EV000610,PM,CPL_BILLING,CPL-R00337,SUBMITTED,2022-11-07T14:02:00-06:00,2022-11-07T20:48:57-06:00,16247,USD,,false,CPL/SRC/events/00610
EV000611,PM,CPL_BILLING,CPL-R00338,CORRECTED,2022-11-15T16:11:00-06:00,2022-11-17T03:33:29-06:00,14483,USD,,false,CPL/SRC/events/00611
EV000612,PM,CPL_BILLING,CPL-R00337,VOID_VERSION,2022-11-15T16:11:00-06:00,2022-11-28T07:08:11-06:00,16247,USD,,false,CPL/SRC/events/00612
EV000613,PM,CPL_BILLING,,PAYMENT_POSTED,2022-12-26T13:11:00-06:00,2022-12-26T16:55:46-06:00,14483,USD,,false,CPL/SRC/events/00613
EV000614,PM,CPL_BILLING,CPL-R00339,SUBMITTED,2022-10-21T10:21:00-05:00,2022-10-21T14:07:02-05:00,12247,USD,,false,CPL/SRC/events/00614
EV000615,PM,CPL_BILLING,,PAYMENT_POSTED,2023-01-26T09:15:00-06:00,2023-01-26T15:58:47-06:00,12247,USD,,false,CPL/SRC/events/00615
EV000616,PM,CPL_BILLING,CPL-R00340,SUBMITTED,2022-08-02T10:26:00-05:00,2022-08-23T10:26:00-05:00,19679,USD,,false,CPL/SRC/events/00616
EV000617,PM,CPL_BILLING,,PAYMENT_POSTED,2022-08-23T08:57:00-05:00,2022-08-23T09:17:38-05:00,19679,USD,,false,CPL/SRC/events/00617
EV000618,PM,CPL_BILLING,CPL-R00341,SUBMITTED,2022-10-10T09:38:00-05:00,2022-10-10T22:36:43-05:00,3872,USD,,false,CPL/SRC/events/00618
EV000619,PM,CPL_BILLING,,PAYMENT_POSTED,2023-01-31T09:36:00-06:00,2023-01-31T15:19:56-06:00,3872,USD,,false,CPL/SRC/events/00619
EV000620,PM,CPL_BILLING,CPL-R00342,SUBMITTED,2023-08-09T08:50:00-05:00,2023-08-09T10:23:26-05:00,6871,USD,,false,CPL/SRC/events/00620
EV000621,PM,CPL_BILLING,,PAYMENT_POSTED,2023-10-06T11:25:00-05:00,2023-10-06T13:29:48-05:00,6871,USD,,false,CPL/SRC/events/00621
EV000622,PM,CPL_BILLING,CPL-R00343,SUBMITTED,2023-03-02T08:48:00-06:00,2023-03-12T00:22:33-06:00,20970,USD,,false,CPL/SRC/events/00622
EV000623,PM,CPL_BILLING,,PAYMENT_POSTED,2023-03-21T10:01:00-05:00,2023-03-21T13:05:35-05:00,20970,USD,,false,CPL/SRC/events/00623
EV000624,PM,CPL_BILLING,CPL-R00344,SUBMITTED,2023-03-02T08:42:00-06:00,2023-03-02T10:24:44-06:00,6955,USD,,false,CPL/SRC/events/00624
EV000625,PM,CPL_BILLING,CPL-R00345,SUBMITTED,2023-04-24T08:55:00-05:00,2023-04-29T22:01:14-05:00,10620,USD,,false,CPL/SRC/events/00625
EV000626,PM,CPL_BILLING,,PAYMENT_POSTED,2023-05-31T09:19:00-05:00,2023-05-31T10:43:44-05:00,10620,USD,,false,CPL/SRC/events/00626
EV000627,PM,CPL_BILLING,CPL-R00346,SUBMITTED,2023-03-28T09:03:00-05:00,2023-03-28T14:42:21-05:00,18197,USD,,false,CPL/SRC/events/00627
EV000628,PM,CPL_BILLING,,PAYMENT_POSTED,2023-04-10T13:14:00-05:00,2023-04-10T14:23:54-05:00,18197,USD,,false,CPL/SRC/events/00628
EV000629,PM,CPL_BILLING,CPL-R00347,SUBMITTED,2023-01-17T11:23:00-06:00,2023-01-25T10:28:58-06:00,20545,USD,,false,CPL/SRC/events/00629
EV000630,PM,CPL_BILLING,,PAYMENT_POSTED,2023-03-27T16:16:00-05:00,2023-03-27T19:02:04-05:00,20545,USD,,false,CPL/SRC/events/00630
EV000631,PM,CPL_BILLING,CPL-R00348,SUBMITTED,2023-09-12T08:51:00-05:00,2023-09-17T15:14:07-05:00,9857,USD,,false,CPL/SRC/events/00631
EV000632,PM,CPL_BILLING,,PAYMENT_POSTED,2023-10-02T11:14:00-05:00,2023-10-06T04:47:58-05:00,9857,USD,,false,CPL/SRC/events/00632
EV000633,PM,CPL_BILLING,CPL-R00349,SUBMITTED,2022-12-12T16:04:00-06:00,2022-12-25T06:06:24-06:00,53554,USD,,false,CPL/SRC/events/00633
EV000634,PM,CPL_BILLING,,PAYMENT_POSTED,2022-12-26T13:53:00-06:00,2023-01-01T10:34:22-06:00,53554,USD,,false,CPL/SRC/events/00634
EV000635,PM,CPL_BILLING,CPL-R00350,SUBMITTED,2023-05-01T10:55:00-05:00,2023-05-02T18:23:26-05:00,30327,USD,,false,CPL/SRC/events/00635
EV000636,PM,CPL_BILLING,CPL-R00351,SUBMITTED,2022-10-13T12:05:00-05:00,2022-10-19T16:11:48-05:00,9665,USD,,false,CPL/SRC/events/00636
EV000637,PM,CPL_BILLING,,PAYMENT_POSTED,2022-10-24T13:52:00-05:00,2022-10-24T14:58:03-05:00,9665,USD,,false,CPL/SRC/events/00637
EV000638,PM,CPL_BILLING,CPL-R00352,SUBMITTED,2022-10-10T08:22:00-05:00,2022-10-10T15:33:09-05:00,16313,USD,,false,CPL/SRC/events/00638
EV000639,PM,CPL_BILLING,CPL-R00353,SUBMITTED,2022-11-14T08:03:00-06:00,2022-11-20T18:22:55-06:00,27774,USD,,false,CPL/SRC/events/00639
EV000640,PM,CPL_BILLING,,PAYMENT_POSTED,2022-12-22T10:24:00-06:00,2022-12-22T17:42:02-06:00,27774,USD,,false,CPL/SRC/events/00640
EV000641,PM,CPL_BILLING,CPL-R00354,SUBMITTED,2023-04-24T15:43:00-05:00,2023-04-27T05:45:51-05:00,7721,USD,,false,CPL/SRC/events/00641
EV000642,PM,CPL_BILLING,,PAYMENT_POSTED,2023-05-04T15:13:00-05:00,2023-05-05T06:47:47-05:00,7721,USD,,false,CPL/SRC/events/00642
EV000643,PM,CPL_BILLING,CPL-R00355,SUBMITTED,2023-05-18T10:14:00-05:00,2023-05-18T12:23:42-05:00,38107,USD,,false,CPL/SRC/events/00643
EV000644,PM,CPL_BILLING,CPL-R00356,CORRECTED,2023-05-26T12:18:00-05:00,2023-05-28T14:17:46-05:00,42766,USD,,false,CPL/SRC/events/00644
EV000645,PM,CPL_BILLING,CPL-R00357,SUBMITTED,2023-02-16T12:32:00-06:00,2023-02-17T23:15:17-06:00,88530,USD,,false,CPL/SRC/events/00645
EV000646,PM,CPL_BILLING,,PAYMENT_POSTED,2023-03-03T12:40:00-06:00,2023-03-03T20:16:31-06:00,88530,USD,,false,CPL/SRC/events/00646
EV000647,PM,CPL_BILLING,CPL-R00358,SUBMITTED,2022-07-29T10:01:00-05:00,2022-07-30T21:50:53-05:00,9426,USD,,false,CPL/SRC/events/00647
EV000648,PM,CPL_BILLING,,PAYMENT_POSTED,2022-08-15T13:00:00-05:00,2022-08-15T14:16:51-05:00,9426,USD,,false,CPL/SRC/events/00648
EV000649,PM,CPL_BILLING,CPL-R00359,SUBMITTED,2022-12-06T12:33:00-06:00,2022-12-06T19:16:44-06:00,6612,USD,,false,CPL/SRC/events/00649
EV000650,PM,CPL_BILLING,,PAYMENT_POSTED,2023-01-02T11:16:00-06:00,2023-01-03T23:24:29-06:00,6612,USD,,false,CPL/SRC/events/00650
EV000651,PM,CPL_BILLING,CPL-R00360,SUBMITTED,2022-11-21T15:10:00-06:00,2022-11-21T22:58:09-06:00,42923,USD,,false,CPL/SRC/events/00651
EV000652,PM,CPL_BILLING,,PAYMENT_POSTED,2022-11-28T14:31:00-06:00,2022-11-28T21:41:57-06:00,42923,USD,,false,CPL/SRC/events/00652
EV000653,PM,CPL_BILLING,CPL-R00361,SUBMITTED,2023-04-11T16:13:00-05:00,2023-04-11T16:37:20-05:00,4368,USD,,false,CPL/SRC/events/00653
EV000654,PM,CPL_BILLING,,PAYMENT_POSTED,2023-05-16T11:00:00-05:00,2023-05-17T21:04:29-05:00,4368,USD,,false,CPL/SRC/events/00654
EV000655,PM,CPL_BILLING,CPL-R00362,SUBMITTED,2023-05-15T15:24:00-05:00,2023-05-15T22:12:48-05:00,4294,USD,,false,CPL/SRC/events/00655
EV000656,PM,CPL_BILLING,CPL-R00362,CLOSED_NO_PAYMENT,2023-07-24T16:14:00-05:00,2023-07-24T19:15:59-05:00,,,,true,CPL/SRC/events/00656
EV000657,PM,CPL_BILLING,CPL-R00363,SUBMITTED,2022-09-21T15:19:00-05:00,2022-09-22T22:03:35-05:00,12391,USD,,false,CPL/SRC/events/00657
EV000658,PM,CPL_BILLING,CPL-R00364,SUBMITTED,2023-03-07T16:51:00-06:00,2023-03-09T07:22:07-06:00,9695,USD,,false,CPL/SRC/events/00658
EV000659,PM,CPL_BILLING,,PAYMENT_POSTED,2023-03-20T11:33:00-05:00,2023-03-20T18:13:47-05:00,9695,USD,,false,CPL/SRC/events/00659
EV000660,PM,CPL_BILLING,CPL-R00365,SUBMITTED,2023-05-24T15:55:00-05:00,2023-05-24T18:18:49-05:00,3788,USD,,false,CPL/SRC/events/00660
EV000661,PM,CPL_BILLING,,PAYMENT_POSTED,2023-06-15T12:18:00-05:00,2023-07-06T04:28:04-05:00,3788,USD,,false,CPL/SRC/events/00661
EV000662,PM,CPL_BILLING,CPL-R00366,SUBMITTED,2022-11-08T15:05:00-06:00,2022-11-11T11:36:08-06:00,17064,USD,,false,CPL/SRC/events/00662
EV000663,PM,CPL_BILLING,,PAYMENT_POSTED,2022-11-21T16:32:00-06:00,2022-11-21T17:17:59-06:00,17064,USD,,false,CPL/SRC/events/00663
EV000664,PM,CPL_BILLING,CPL-R00366,PAYMENT_REVERSED,2022-11-28T15:35:00-06:00,2022-11-28T19:24:44-06:00,8467,USD,EV000663,false,CPL/SRC/events/00664
EV000665,PM,CPL_BILLING,CPL-R00367,SUBMITTED,2023-04-10T09:02:00-05:00,2023-04-10T14:41:54-05:00,5428,USD,,false,CPL/SRC/events/00665
EV000666,PM,CPL_BILLING,CPL-R00367,CLOSED_NO_PAYMENT,2023-07-07T11:38:00-05:00,2023-07-07T15:54:27-05:00,,,,true,CPL/SRC/events/00666
EV000667,PM,CPL_BILLING,CPL-R00368,SUBMITTED,2023-09-05T14:40:00-05:00,2023-09-05T16:27:02-05:00,3504,USD,,false,CPL/SRC/events/00667
EV000668,PM,CPL_BILLING,,PAYMENT_POSTED,2023-09-21T08:03:00-05:00,2023-09-26T08:25:18-05:00,3504,USD,,false,CPL/SRC/events/00668
EV000669,PM,CPL_BILLING,CPL-R00369,SUBMITTED,2023-01-16T11:51:00-06:00,2023-01-16T17:09:08-06:00,81120,USD,,false,CPL/SRC/events/00669
EV000670,PM,CPL_BILLING,,PAYMENT_POSTED,2023-01-26T09:10:00-06:00,2023-01-26T16:15:53-06:00,81120,USD,,false,CPL/SRC/events/00670
EV000671,PM,CPL_BILLING,CPL-R00370,SUBMITTED,2023-03-17T16:00:00-05:00,2023-03-21T05:07:14-05:00,3388,USD,,false,CPL/SRC/events/00671
EV000672,PM,CPL_BILLING,,PAYMENT_POSTED,2023-05-03T16:43:00-05:00,2023-05-04T12:16:29-05:00,3388,USD,,false,CPL/SRC/events/00672
EV000673,PM,CPL_BILLING,CPL-R00371,SUBMITTED,2023-05-04T16:11:00-05:00,2023-05-04T21:42:53-05:00,11966,USD,,false,CPL/SRC/events/00673
EV000674,PM,CPL_BILLING,,PAYMENT_POSTED,2023-05-22T13:51:00-05:00,2023-05-22T21:34:50-05:00,11966,USD,,false,CPL/SRC/events/00674
EV000675,PM,CPL_BILLING,CPL-R00372,SUBMITTED,2022-12-12T11:48:00-06:00,2022-12-12T19:42:09-06:00,9017,USD,,false,CPL/SRC/events/00675
EV000676,PM,CPL_BILLING,CPL-R00373,SUBMITTED,2022-08-03T15:39:00-05:00,2022-08-03T16:14:04-05:00,43667,USD,,false,CPL/SRC/events/00676
EV000677,PM,CPL_BILLING,,PAYMENT_POSTED,2022-08-22T13:46:00-05:00,2022-08-22T16:29:00-05:00,43667,USD,,false,CPL/SRC/events/00677
EV000678,PM,CPL_BILLING,CPL-R00374,SUBMITTED,2022-10-17T08:19:00-05:00,2022-10-17T15:28:39-05:00,2821,USD,,false,CPL/SRC/events/00678
EV000679,PM,CPL_BILLING,,PAYMENT_POSTED,2022-11-14T13:48:00-06:00,2023-01-26T07:36:55-06:00,2821,USD,,false,CPL/SRC/events/00679
EV000680,PM,CPL_BILLING,CPL-R00375,SUBMITTED,2023-06-22T16:39:00-05:00,2023-06-22T23:50:34-05:00,3710,USD,,false,CPL/SRC/events/00680
EV000681,PM,CPL_BILLING,CPL-R00376,CORRECTED,2023-07-03T15:40:00-05:00,2023-07-03T18:09:47-05:00,3287,USD,,false,CPL/SRC/events/00681
EV000682,PM,CPL_BILLING,CPL-R00377,SUBMITTED,2023-09-18T09:03:00-05:00,2023-09-25T16:56:01-05:00,179706,USD,,false,CPL/SRC/events/00682
EV000683,PM,CPL_BILLING,,PAYMENT_POSTED,2023-10-23T08:49:00-05:00,2023-10-24T12:15:33-05:00,179706,USD,,false,CPL/SRC/events/00683
EV000684,PM,CPL_BILLING,CPL-R00378,SUBMITTED,2022-12-14T11:28:00-06:00,2022-12-14T18:06:36-06:00,20355,USD,,false,CPL/SRC/events/00684
EV000685,PM,CPL_BILLING,,PAYMENT_POSTED,2022-12-21T09:06:00-06:00,2022-12-25T03:54:28-06:00,20355,USD,,false,CPL/SRC/events/00685
EV000686,PM,CPL_BILLING,CPL-R00379,SUBMITTED,2023-03-28T08:22:00-05:00,2023-03-28T14:32:16-05:00,15674,USD,,false,CPL/SRC/events/00686
EV000687,PM,CPL_BILLING,,PAYMENT_POSTED,2023-04-18T13:20:00-05:00,2023-04-23T16:09:00-05:00,15674,USD,,false,CPL/SRC/events/00687
EV000688,PM,CPL_BILLING,CPL-R00380,SUBMITTED,2023-07-25T16:13:00-05:00,2023-08-01T13:25:39-05:00,9979,USD,,false,CPL/SRC/events/00688
EV000689,PM,CPL_BILLING,,PAYMENT_POSTED,2023-08-22T16:02:00-05:00,2023-08-22T19:25:31-05:00,9979,USD,,false,CPL/SRC/events/00689
EV000690,PM,CPL_BILLING,CPL-R00381,SUBMITTED,2023-07-24T10:00:00-05:00,2023-07-25T12:33:18-05:00,11213,USD,,false,CPL/SRC/events/00690
EV000691,PM,CPL_BILLING,,PAYMENT_POSTED,2023-07-31T09:09:00-05:00,2023-08-07T10:24:20-05:00,11213,USD,,false,CPL/SRC/events/00691
EV000692,PM,CPL_BILLING,CPL-R00382,SUBMITTED,2023-08-07T16:10:00-05:00,2023-08-13T22:27:27-05:00,18311,USD,,false,CPL/SRC/events/00692
EV000693,PM,CPL_BILLING,,PAYMENT_POSTED,2023-09-29T15:02:00-05:00,2023-10-02T01:15:53-05:00,18311,USD,,false,CPL/SRC/events/00693
EV000694,PM,CPL_BILLING,CPL-R00383,SUBMITTED,2022-11-02T11:21:00-05:00,2022-11-02T14:01:23-05:00,28032,USD,,false,CPL/SRC/events/00694
EV000695,PM,CPL_BILLING,,PAYMENT_POSTED,2022-11-29T09:05:00-06:00,2022-11-29T14:27:30-06:00,28032,USD,,false,CPL/SRC/events/00695
EV000696,PM,CPL_BILLING,CPL-R00384,SUBMITTED,2022-07-18T13:14:00-05:00,2022-07-18T17:09:51-05:00,54905,USD,,false,CPL/SRC/events/00696
EV000697,PM,CPL_BILLING,,PAYMENT_POSTED,2022-09-26T12:06:00-05:00,2022-09-26T13:40:08-05:00,54905,USD,,false,CPL/SRC/events/00697
EV000698,PM,CPL_BILLING,CPL-R00385,SUBMITTED,2023-03-21T16:38:00-05:00,2023-03-25T03:45:24-05:00,32147,USD,,false,CPL/SRC/events/00698
EV000699,PM,CPL_BILLING,,PAYMENT_POSTED,2023-05-01T10:51:00-05:00,2023-05-01T14:29:02-05:00,32147,USD,,false,CPL/SRC/events/00699
EV000700,PM,CPL_BILLING,CPL-R00386,SUBMITTED,2022-09-14T14:50:00-05:00,2022-09-16T07:11:10-05:00,6869,USD,,false,CPL/SRC/events/00700
EV000701,PM,CPL_BILLING,,PAYMENT_POSTED,2022-12-02T11:37:00-06:00,2022-12-02T17:29:15-06:00,6869,USD,,false,CPL/SRC/events/00701
EV000702,PM,CPL_BILLING,CPL-R00387,SUBMITTED,2022-12-28T14:47:00-06:00,2022-12-28T16:23:31-06:00,8104,USD,,false,CPL/SRC/events/00702
EV000703,PM,CPL_BILLING,,PAYMENT_POSTED,2023-01-02T10:57:00-06:00,2023-01-02T13:38:53-06:00,8104,USD,,false,CPL/SRC/events/00703
EV000704,PM,CPL_BILLING,CPL-R00388,SUBMITTED,2022-11-03T16:12:00-05:00,2022-11-05T00:05:51-05:00,39209,USD,,false,CPL/SRC/events/00704
EV000705,PM,CPL_BILLING,,PAYMENT_POSTED,2022-11-14T14:04:00-06:00,2022-11-17T01:47:31-06:00,39209,USD,,false,CPL/SRC/events/00705
EV000706,PM,CPL_BILLING,CPL-R00389,SUBMITTED,2022-10-31T10:42:00-05:00,2022-11-08T16:11:12-06:00,38955,USD,,false,CPL/SRC/events/00706
EV000707,PM,CPL_BILLING,CPL-R00390,SUBMITTED,2023-01-09T10:52:00-06:00,2023-01-11T08:40:16-06:00,144951,USD,,false,CPL/SRC/events/00707
EV000708,PM,CPL_BILLING,CPL-R00391,CORRECTED,2023-01-17T08:52:00-06:00,2023-01-23T03:59:44-06:00,186281,USD,,false,CPL/SRC/events/00708
EV000709,PM,CPL_BILLING,CPL-R00390,VOID_VERSION,2023-01-17T08:52:00-06:00,2023-01-17T11:26:58-06:00,144951,USD,,false,CPL/SRC/events/00709
EV000710,PM,CPL_BILLING,,PAYMENT_POSTED,2023-01-26T11:42:00-06:00,2023-01-28T03:44:49-06:00,186281,USD,,false,CPL/SRC/events/00710
EV000711,PM,CPL_BILLING,CPL-R00392,SUBMITTED,2023-01-23T10:09:00-06:00,2023-01-25T14:34:01-06:00,7880,USD,,false,CPL/SRC/events/00711
EV000712,PM,CPL_BILLING,,PAYMENT_POSTED,2023-03-01T08:26:00-06:00,2023-03-01T10:00:49-06:00,7880,USD,,false,CPL/SRC/events/00712
EV000713,PM,CPL_BILLING,CPL-R00393,SUBMITTED,2023-06-01T15:55:00-05:00,2023-06-01T16:55:38-05:00,34377,USD,,false,CPL/SRC/events/00713
EV000714,PM,CPL_BILLING,,PAYMENT_POSTED,2023-06-26T09:30:00-05:00,2023-06-26T15:58:53-05:00,34377,USD,,false,CPL/SRC/events/00714
EV000715,PM,CPL_BILLING,CPL-R00394,SUBMITTED,2022-11-16T14:35:00-06:00,2022-11-16T15:03:15-06:00,10098,USD,,false,CPL/SRC/events/00715
EV000716,PM,CPL_BILLING,CPL-R00395,CORRECTED,2022-11-17T12:02:00-06:00,2022-11-20T12:20:26-06:00,10021,USD,,false,CPL/SRC/events/00716
EV000717,PM,CPL_BILLING,CPL-R00396,SUBMITTED,2022-09-12T11:17:00-05:00,2022-09-12T15:49:28-05:00,5466,USD,,false,CPL/SRC/events/00717
EV000718,PM,CPL_BILLING,,PAYMENT_POSTED,2022-10-07T16:56:00-05:00,2022-10-07T19:13:52-05:00,5466,USD,,false,CPL/SRC/events/00718
EV000719,PM,CPL_BILLING,CPL-R00397,SUBMITTED,2023-06-26T14:32:00-05:00,2023-06-28T08:25:10-05:00,6353,USD,,false,CPL/SRC/events/00719
EV000720,PM,CPL_BILLING,CPL-R00397,CLOSED_NO_PAYMENT,2023-10-05T12:28:00-05:00,2023-10-07T02:30:45-05:00,,,,true,CPL/SRC/events/00720
EV000721,PM,CPL_BILLING,CPL-R00398,SUBMITTED,2023-02-15T11:04:00-06:00,2023-02-15T17:53:49-06:00,4005,USD,,false,CPL/SRC/events/00721
EV000722,PM,CPL_BILLING,,PAYMENT_POSTED,2023-03-06T12:25:00-06:00,2023-03-07T00:07:33-06:00,4005,USD,,false,CPL/SRC/events/00722
EV000723,PM,CPL_BILLING,CPL-R00399,SUBMITTED,2022-11-30T08:48:00-06:00,2022-12-03T18:08:20-06:00,26409,USD,,false,CPL/SRC/events/00723
EV000724,PM,CPL_BILLING,,PAYMENT_POSTED,2022-12-12T12:00:00-06:00,2022-12-12T13:24:26-06:00,26409,USD,,false,CPL/SRC/events/00724
EV000725,PM,CPL_BILLING,CPL-R00400,SUBMITTED,2023-04-24T10:55:00-05:00,2023-04-24T17:06:46-05:00,16188,USD,,false,CPL/SRC/events/00725
EV000726,PM,CPL_BILLING,,PAYMENT_POSTED,2023-08-08T08:14:00-05:00,2023-08-08T15:06:55-05:00,16188,USD,,false,CPL/SRC/events/00726
EV000727,PM,CPL_BILLING,CPL-R00401,SUBMITTED,2022-09-28T10:19:00-05:00,2022-09-28T17:35:56-05:00,14135,USD,,false,CPL/SRC/events/00727
EV000728,PM,CPL_BILLING,,PAYMENT_POSTED,2022-11-01T13:59:00-05:00,2022-11-03T00:41:29-05:00,14135,USD,,false,CPL/SRC/events/00728
EV000729,PM,CPL_BILLING,CPL-R00402,SUBMITTED,2022-11-07T10:31:00-06:00,2022-11-10T13:26:48-06:00,26001,USD,,false,CPL/SRC/events/00729
EV000730,PM,CPL_BILLING,,PAYMENT_POSTED,2022-11-21T15:42:00-06:00,2022-11-21T23:37:16-06:00,26001,USD,,false,CPL/SRC/events/00730
EV000731,PM,CPL_BILLING,CPL-R00403,SUBMITTED,2023-09-06T09:13:00-05:00,2023-09-13T09:03:50-05:00,7324,USD,,false,CPL/SRC/events/00731
EV000732,PM,CPL_BILLING,,PAYMENT_POSTED,2023-11-09T08:31:00-06:00,2023-11-09T11:15:41-06:00,7324,USD,,false,CPL/SRC/events/00732
EV000733,PM,CPL_BILLING,CPL-R00404,SUBMITTED,2023-05-16T16:59:00-05:00,2023-05-21T17:52:39-05:00,2500,USD,,false,CPL/SRC/events/00733
EV000734,PM,CPL_BILLING,,PAYMENT_POSTED,2023-06-08T12:21:00-05:00,2023-06-08T13:04:20-05:00,2500,USD,,false,CPL/SRC/events/00734
EV000735,PM,CPL_BILLING,CPL-R00405,SUBMITTED,2023-02-10T09:32:00-06:00,2023-02-22T02:27:37-06:00,28452,USD,,false,CPL/SRC/events/00735
EV000736,PM,CPL_BILLING,,PAYMENT_POSTED,2023-02-20T12:20:00-06:00,2023-02-20T14:39:19-06:00,28452,USD,,false,CPL/SRC/events/00736
EV000737,PM,CPL_BILLING,CPL-R00406,SUBMITTED,2022-12-26T10:55:00-06:00,2022-12-26T16:58:14-06:00,2500,USD,,false,CPL/SRC/events/00737
EV000738,PM,CPL_BILLING,,PAYMENT_POSTED,2023-01-24T11:39:00-06:00,2023-01-24T17:16:37-06:00,2500,USD,,false,CPL/SRC/events/00738
EV000739,PM,CPL_BILLING,CPL-R00407,SUBMITTED,2023-08-01T15:09:00-05:00,2023-08-01T21:25:49-05:00,6174,USD,,false,CPL/SRC/events/00739
EV000740,PM,CPL_BILLING,,PAYMENT_POSTED,2023-08-15T08:40:00-05:00,2023-08-15T08:59:58-05:00,6174,USD,,false,CPL/SRC/events/00740
EV000741,PM,CPL_BILLING,CPL-R00408,SUBMITTED,2023-09-04T10:52:00-05:00,2023-09-04T14:35:58-05:00,12228,USD,,false,CPL/SRC/events/00741
EV000742,PM,CPL_BILLING,,PAYMENT_POSTED,2023-10-16T16:21:00-05:00,2023-10-28T15:24:32-05:00,12228,USD,,false,CPL/SRC/events/00742
EV000743,PM,CPL_BILLING,CPL-R00409,SUBMITTED,2022-12-09T13:57:00-06:00,2022-12-09T18:53:34-06:00,8991,USD,,false,CPL/SRC/events/00743
EV000744,PM,CPL_BILLING,,PAYMENT_POSTED,2022-12-26T15:13:00-06:00,2022-12-26T22:32:58-06:00,8991,USD,,false,CPL/SRC/events/00744
EV000745,PM,CPL_BILLING,CPL-R00410,SUBMITTED,2023-04-10T13:33:00-05:00,2023-04-17T07:09:11-05:00,12720,USD,,false,CPL/SRC/events/00745
EV000746,PM,CPL_BILLING,,PAYMENT_POSTED,2023-05-16T10:29:00-05:00,2023-05-16T15:59:52-05:00,12720,USD,,false,CPL/SRC/events/00746
EV000747,PM,CPL_BILLING,CPL-R00411,SUBMITTED,2023-02-09T08:38:00-06:00,2023-02-09T11:42:22-06:00,11843,USD,,false,CPL/SRC/events/00747
EV000748,PM,CPL_BILLING,CPL-R00412,SUBMITTED,2023-01-12T14:19:00-06:00,2023-01-17T06:10:29-06:00,14621,USD,,false,CPL/SRC/events/00748
EV000749,PM,CPL_BILLING,CPL-R00412,CLOSED_NO_PAYMENT,2023-04-03T13:42:00-05:00,2023-04-05T12:18:01-05:00,,,,true,CPL/SRC/events/00749
EV000750,PM,CPL_BILLING,CPL-R00413,SUBMITTED,2022-12-20T11:35:00-06:00,2022-12-23T05:43:00-06:00,48705,USD,,false,CPL/SRC/events/00750
EV000751,PM,CPL_BILLING,,PAYMENT_POSTED,2023-01-10T15:17:00-06:00,2023-01-10T19:09:03-06:00,48705,USD,,false,CPL/SRC/events/00751
EV000752,PM,CPL_BILLING,CPL-R00414,SUBMITTED,2023-08-07T10:58:00-05:00,2023-08-22T21:03:35-05:00,9700,USD,,false,CPL/SRC/events/00752
EV000753,PM,CPL_BILLING,,PAYMENT_POSTED,2023-08-14T11:12:00-05:00,2023-08-14T12:44:50-05:00,9700,USD,,false,CPL/SRC/events/00753
EV000754,PM,CPL_BILLING,CPL-R00415,SUBMITTED,2023-05-08T09:26:00-05:00,2023-05-11T17:20:53-05:00,37101,USD,,false,CPL/SRC/events/00754
EV000755,PM,CPL_BILLING,,PAYMENT_POSTED,2023-05-31T12:37:00-05:00,2023-06-03T11:43:26-05:00,37101,USD,,false,CPL/SRC/events/00755
EV000756,PM,CPL_BILLING,CPL-R00416,SUBMITTED,2023-08-03T13:31:00-05:00,2023-08-07T11:50:06-05:00,138621,USD,,false,CPL/SRC/events/00756
EV000757,PM,CPL_BILLING,,PAYMENT_POSTED,2023-08-17T13:35:00-05:00,2023-08-18T15:58:42-05:00,138621,USD,,false,CPL/SRC/events/00757
EV000758,PM,CPL_BILLING,CPL-R00417,SUBMITTED,2023-01-03T12:51:00-06:00,2023-01-04T21:15:36-06:00,30096,USD,,false,CPL/SRC/events/00758
EV000759,PM,CPL_BILLING,CPL-R00418,CORRECTED,2023-01-05T11:32:00-06:00,2023-01-08T10:45:14-06:00,26629,USD,,false,CPL/SRC/events/00759
EV000760,PM,CPL_BILLING,,PAYMENT_POSTED,2023-02-06T11:24:00-06:00,2023-02-06T16:06:53-06:00,26629,USD,,false,CPL/SRC/events/00760
EV000761,PM,CPL_BILLING,CPL-R00419,SUBMITTED,2023-04-26T11:19:00-05:00,2023-04-27T21:29:04-05:00,6261,USD,,false,CPL/SRC/events/00761
EV000762,PM,CPL_BILLING,CPL-R00420,CORRECTED,2023-05-08T12:47:00-05:00,2023-05-08T18:04:19-05:00,6613,USD,,false,CPL/SRC/events/00762
EV000763,PM,CPL_BILLING,CPL-R00419,VOID_VERSION,2023-05-08T12:47:00-05:00,2023-05-10T00:19:02-05:00,6261,USD,,false,CPL/SRC/events/00763
EV000764,PM,CPL_BILLING,CPL-R00421,SUBMITTED,2023-08-25T15:00:00-05:00,2023-08-28T13:38:46-05:00,6632,USD,,false,CPL/SRC/events/00764
EV000765,PM,CPL_BILLING,CPL-R00421,CLOSED_NO_PAYMENT,2023-11-27T13:08:00-06:00,2023-11-29T09:34:36-06:00,,,,true,CPL/SRC/events/00765
EV000766,PM,TRI_BILLING,TRI-R00422,SUBMITTED,2022-10-19T11:27:00-06:00,2022-10-19T11:45:33-06:00,20828,USD,,false,TRI/SRC/events/00766
EV000767,PM,TRI_BILLING,,PAYMENT_POSTED,2022-11-07T16:47:00-07:00,2022-11-07T21:11:13-07:00,20828,USD,,false,TRI/SRC/events/00767
EV000768,PM,TRI_BILLING,TRI-R00423,SUBMITTED,2023-05-25T13:14:00-06:00,2023-05-29T01:44:32-06:00,3294,USD,,false,TRI/SRC/events/00768
EV000769,PM,TRI_BILLING,,PAYMENT_POSTED,2023-06-19T11:04:00-06:00,2023-06-19T16:46:17-06:00,3294,USD,,false,TRI/SRC/events/00769
EV000770,PM,TRI_BILLING,TRI-R00424,SUBMITTED,2023-07-21T16:36:00-06:00,2023-07-21T19:38:30-06:00,2500,USD,,false,TRI/SRC/events/00770
EV000771,PM,TRI_BILLING,,PAYMENT_POSTED,2023-09-01T14:12:00-06:00,2023-09-01T14:43:13-06:00,2500,USD,,false,TRI/SRC/events/00771
EV000772,PM,TRI_BILLING,TRI-R00425,SUBMITTED,2022-09-19T10:50:00-06:00,2022-09-25T08:54:20-06:00,5578,USD,,false,TRI/SRC/events/00772
EV000773,PM,TRI_BILLING,TRI-R00426,SUBMITTED,2023-09-05T16:03:00-06:00,2023-09-11T03:54:00-06:00,78380,USD,,false,TRI/SRC/events/00773
EV000774,PM,TRI_BILLING,,PAYMENT_POSTED,2023-09-26T15:24:00-06:00,2023-09-26T18:17:42-06:00,78380,USD,,false,TRI/SRC/events/00774
EV000775,PM,TRI_BILLING,TRI-R00427,SUBMITTED,2023-03-30T11:23:00-06:00,2023-04-05T06:30:16-06:00,2500,USD,,false,TRI/SRC/events/00775
EV000776,PM,TRI_BILLING,,PAYMENT_POSTED,2023-04-07T13:28:00-06:00,2023-04-12T07:54:34-06:00,2500,USD,,false,TRI/SRC/events/00776
EV000777,PM,TRI_BILLING,TRI-R00428,SUBMITTED,2023-05-15T11:02:00-06:00,2023-05-15T17:32:40-06:00,7986,USD,,false,TRI/SRC/events/00777
EV000778,PM,TRI_BILLING,TRI-R00429,CORRECTED,2023-05-16T15:58:00-06:00,2023-05-16T20:05:48-06:00,8603,USD,,false,TRI/SRC/events/00778
EV000779,PM,TRI_BILLING,TRI-R00428,VOID_VERSION,2023-05-16T15:58:00-06:00,2023-05-16T16:47:50-06:00,7986,USD,,false,TRI/SRC/events/00779
EV000780,PM,TRI_BILLING,,PAYMENT_POSTED,2023-06-05T13:56:00-06:00,2023-06-07T15:24:27-06:00,8603,USD,,false,TRI/SRC/events/00780
EV000781,PM,TRI_BILLING,TRI-R00430,SUBMITTED,2023-01-10T14:48:00-07:00,2023-01-10T17:50:14-07:00,16681,USD,,false,TRI/SRC/events/00781
EV000782,PM,TRI_BILLING,TRI-R00431,CORRECTED,2023-01-20T11:49:00-07:00,2023-01-20T17:18:21-07:00,15448,USD,,false,TRI/SRC/events/00782
EV000783,PM,TRI_BILLING,,PAYMENT_POSTED,2023-02-07T09:17:00-07:00,2023-02-13T13:13:54-07:00,15448,USD,,false,TRI/SRC/events/00783
EV000784,PM,TRI_BILLING,TRI-R00432,SUBMITTED,2023-02-13T13:07:00-07:00,2023-02-13T14:26:28-07:00,6995,USD,,false,TRI/SRC/events/00784
EV000785,PM,TRI_BILLING,,PAYMENT_POSTED,2023-02-17T13:10:00-07:00,2023-02-17T14:32:16-07:00,6995,USD,,false,TRI/SRC/events/00785
EV000786,PM,TRI_BILLING,TRI-R00433,SUBMITTED,2023-07-12T16:52:00-06:00,2023-07-16T12:07:27-06:00,23459,USD,,false,TRI/SRC/events/00786
EV000787,PM,TRI_BILLING,,PAYMENT_POSTED,2023-10-31T10:04:00-06:00,2023-11-02T09:35:03-06:00,23459,USD,,false,TRI/SRC/events/00787
EV000788,PM,TRI_BILLING,TRI-R00434,SUBMITTED,2023-06-05T15:03:00-06:00,2023-06-05T21:41:38-06:00,7664,USD,,false,TRI/SRC/events/00788
EV000789,PM,TRI_BILLING,,PAYMENT_POSTED,2023-07-03T16:48:00-06:00,2023-07-06T15:35:08-06:00,7664,USD,,false,TRI/SRC/events/00789
EV000790,PM,TRI_BILLING,TRI-R00435,SUBMITTED,2022-10-24T16:22:00-06:00,2022-10-25T15:53:50-06:00,7318,USD,,false,TRI/SRC/events/00790
EV000791,PM,TRI_BILLING,TRI-R00436,SUBMITTED,2023-05-04T15:34:00-06:00,2023-05-04T18:26:23-06:00,153324,USD,,false,TRI/SRC/events/00791
EV000792,PM,TRI_BILLING,,PAYMENT_POSTED,2023-05-18T08:18:00-06:00,2023-05-19T08:33:53-06:00,153324,USD,,false,TRI/SRC/events/00792
EV000793,PM,TRI_BILLING,TRI-R00437,SUBMITTED,2022-09-20T12:03:00-06:00,2022-09-23T10:48:25-06:00,8047,USD,,false,TRI/SRC/events/00793
EV000794,PM,TRI_BILLING,,PAYMENT_POSTED,2022-10-14T15:21:00-06:00,2022-10-17T13:43:19-06:00,8047,USD,,false,TRI/SRC/events/00794
EV000795,PM,TRI_BILLING,TRI-R00438,SUBMITTED,2023-09-04T09:06:00-06:00,2023-09-06T05:28:56-06:00,39332,USD,,false,TRI/SRC/events/00795
EV000796,PM,TRI_BILLING,TRI-R00438,CLOSED_NO_PAYMENT,2023-12-28T10:07:00-07:00,2023-12-30T00:36:43-07:00,,,,true,TRI/SRC/events/00796
EV000797,PM,TRI_BILLING,TRI-R00439,SUBMITTED,2023-03-15T14:43:00-06:00,2023-03-15T17:32:17-06:00,21278,USD,,false,TRI/SRC/events/00797
EV000798,PM,TRI_BILLING,,PAYMENT_POSTED,2023-05-15T11:37:00-06:00,2023-05-25T00:29:18-06:00,21278,USD,,false,TRI/SRC/events/00798
EV000799,PM,TRI_BILLING,TRI-R00440,SUBMITTED,2022-07-25T12:44:00-06:00,2022-07-29T11:00:56-06:00,35958,USD,,false,TRI/SRC/events/00799
EV000800,PM,TRI_BILLING,,PAYMENT_POSTED,2022-08-08T10:31:00-06:00,2022-08-11T04:19:20-06:00,35958,USD,,false,TRI/SRC/events/00800
EV000801,PM,TRI_BILLING,TRI-R00441,SUBMITTED,2022-07-11T12:06:00-06:00,2022-07-11T17:45:42-06:00,67632,USD,,false,TRI/SRC/events/00801
EV000802,PM,TRI_BILLING,TRI-R00442,SUBMITTED,2023-08-22T11:42:00-06:00,2023-08-22T14:14:35-06:00,19145,USD,,false,TRI/SRC/events/00802
EV000803,PM,TRI_BILLING,,PAYMENT_POSTED,2023-11-07T12:38:00-07:00,2023-12-21T18:02:38-07:00,19145,USD,,false,TRI/SRC/events/00803
EV000804,PM,TRI_BILLING,TRI-R00443,SUBMITTED,2023-01-09T13:00:00-07:00,2023-01-09T21:51:33-07:00,12198,USD,,false,TRI/SRC/events/00804
EV000805,PM,TRI_BILLING,,PAYMENT_POSTED,2023-01-19T09:28:00-07:00,2023-01-28T06:54:20-07:00,12198,USD,,false,TRI/SRC/events/00805
EV000806,PM,TRI_BILLING,TRI-R00444,SUBMITTED,2023-01-09T16:11:00-07:00,2023-01-09T16:30:50-07:00,22075,USD,,false,TRI/SRC/events/00806
EV000807,PM,TRI_BILLING,TRI-R00445,SUBMITTED,2022-07-11T10:44:00-06:00,2022-07-11T17:58:57-06:00,24466,USD,,false,TRI/SRC/events/00807
EV000808,PM,TRI_BILLING,,PAYMENT_POSTED,2022-08-01T13:00:00-06:00,2022-08-12T06:02:04-06:00,24466,USD,,false,TRI/SRC/events/00808
EV000809,PM,TRI_BILLING,TRI-R00446,SUBMITTED,2022-07-15T11:45:00-06:00,2022-08-01T21:04:39-06:00,76108,USD,,false,TRI/SRC/events/00809
EV000810,PM,TRI_BILLING,TRI-R00447,CORRECTED,2022-07-25T08:27:00-06:00,2022-07-26T14:37:23-06:00,90925,USD,,false,TRI/SRC/events/00810
EV000811,PM,TRI_BILLING,,PAYMENT_POSTED,2022-07-20T08:59:00-06:00,2022-07-22T11:04:31-06:00,90925,USD,,false,TRI/SRC/events/00811
EV000812,PM,TRI_BILLING,TRI-R00448,SUBMITTED,2022-11-28T16:14:00-07:00,2022-12-04T11:55:25-07:00,23546,USD,,false,TRI/SRC/events/00812
EV000813,PM,TRI_BILLING,TRI-R00449,CORRECTED,2022-12-09T08:58:00-07:00,2022-12-10T16:59:40-07:00,30465,USD,,false,TRI/SRC/events/00813
EV000814,PM,TRI_BILLING,,PAYMENT_POSTED,2022-12-19T12:14:00-07:00,2022-12-22T07:26:05-07:00,30465,USD,,false,TRI/SRC/events/00814
EV000815,PM,TRI_BILLING,TRI-R00450,SUBMITTED,2023-05-17T16:06:00-06:00,2023-05-20T04:14:03-06:00,24646,USD,,false,TRI/SRC/events/00815
EV000816,PM,TRI_BILLING,,PAYMENT_POSTED,2023-06-02T15:27:00-06:00,2023-06-03T10:39:18-06:00,24646,USD,,false,TRI/SRC/events/00816
EV000817,PM,TRI_BILLING,TRI-R00451,SUBMITTED,2023-05-12T14:19:00-06:00,2023-07-13T13:20:22-06:00,6013,USD,,false,TRI/SRC/events/00817
EV000818,PM,TRI_BILLING,TRI-R00452,SUBMITTED,2023-08-25T08:55:00-06:00,2023-08-27T07:56:40-06:00,56570,USD,,false,TRI/SRC/events/00818
EV000819,PM,TRI_BILLING,,PAYMENT_POSTED,2023-08-28T13:28:00-06:00,2023-08-28T15:04:13-06:00,56570,USD,,false,TRI/SRC/events/00819
EV000820,PM,TRI_BILLING,TRI-R00453,SUBMITTED,2023-08-21T12:10:00-06:00,2023-08-24T12:57:50-06:00,13687,USD,,false,TRI/SRC/events/00820
EV000821,PM,TRI_BILLING,TRI-R00454,SUBMITTED,2023-06-26T13:49:00-06:00,2023-06-26T20:23:43-06:00,52061,USD,,false,TRI/SRC/events/00821
EV000822,PM,TRI_BILLING,,PAYMENT_POSTED,2023-07-17T12:46:00-06:00,2023-07-18T19:21:58-06:00,52061,USD,,false,TRI/SRC/events/00822
EV000823,PM,TRI_BILLING,TRI-R00455,SUBMITTED,2023-01-16T11:30:00-07:00,2023-01-16T13:03:18-07:00,5753,USD,,false,TRI/SRC/events/00823
EV000824,PM,TRI_BILLING,,PAYMENT_POSTED,2023-01-26T12:18:00-07:00,2023-01-29T23:51:37-07:00,5753,USD,,false,TRI/SRC/events/00824
EV000825,PM,TRI_BILLING,TRI-R00456,SUBMITTED,2023-01-12T14:31:00-07:00,2023-01-12T18:40:16-07:00,16569,USD,,false,TRI/SRC/events/00825
EV000826,PM,TRI_BILLING,TRI-R00457,SUBMITTED,2022-11-01T08:27:00-06:00,2022-11-02T21:36:57-06:00,7904,USD,,false,TRI/SRC/events/00826
EV000827,PM,TRI_BILLING,,PAYMENT_POSTED,2022-11-07T10:14:00-07:00,2022-11-16T03:12:57-07:00,7904,USD,,false,TRI/SRC/events/00827
EV000828,PM,TRI_BILLING,TRI-R00458,SUBMITTED,2022-12-05T13:40:00-07:00,2022-12-09T11:39:56-07:00,13117,USD,,false,TRI/SRC/events/00828
EV000829,PM,TRI_BILLING,,PAYMENT_POSTED,2022-12-27T12:51:00-07:00,2022-12-27T14:58:06-07:00,13117,USD,,false,TRI/SRC/events/00829
EV000830,PM,TRI_BILLING,TRI-R00459,SUBMITTED,2023-02-14T09:55:00-07:00,2023-02-14T16:57:25-07:00,7703,USD,,false,TRI/SRC/events/00830
EV000831,PM,TRI_BILLING,,PAYMENT_POSTED,2023-04-24T12:58:00-06:00,2023-05-02T11:10:39-06:00,7703,USD,,false,TRI/SRC/events/00831
EV000832,PM,TRI_BILLING,TRI-R00460,SUBMITTED,2022-10-17T09:32:00-06:00,2022-10-21T20:54:04-06:00,15684,USD,,false,TRI/SRC/events/00832
EV000833,PM,TRI_BILLING,,PAYMENT_POSTED,2022-11-14T09:17:00-07:00,2022-11-14T14:02:48-07:00,15684,USD,,false,TRI/SRC/events/00833
EV000834,PM,TRI_BILLING,TRI-R00461,SUBMITTED,2023-02-27T08:09:00-07:00,2023-03-01T18:10:10-07:00,3865,USD,,false,TRI/SRC/events/00834
EV000835,PM,TRI_BILLING,,PAYMENT_POSTED,2023-03-06T13:02:00-07:00,2023-03-07T10:47:45-07:00,3865,USD,,false,TRI/SRC/events/00835
EV000836,PM,TRI_BILLING,TRI-R00462,SUBMITTED,2022-10-19T15:57:00-06:00,2022-10-23T17:42:15-06:00,5831,USD,,false,TRI/SRC/events/00836
EV000837,PM,TRI_BILLING,,PAYMENT_POSTED,2022-11-07T09:16:00-07:00,2022-11-07T13:04:16-07:00,5831,USD,,false,TRI/SRC/events/00837
EV000838,PM,TRI_BILLING,TRI-R00463,SUBMITTED,2023-05-01T12:06:00-06:00,2023-05-04T12:54:10-06:00,15258,USD,,false,TRI/SRC/events/00838
EV000839,PM,TRI_BILLING,TRI-R00464,CORRECTED,2023-05-08T08:19:00-06:00,2023-05-11T23:50:22-06:00,19508,USD,,false,TRI/SRC/events/00839
EV000840,PM,TRI_BILLING,TRI-R00463,VOID_VERSION,2023-05-08T08:19:00-06:00,2023-05-13T18:23:14-06:00,15258,USD,,false,TRI/SRC/events/00840
EV000841,PM,TRI_BILLING,,PAYMENT_POSTED,2023-05-22T16:42:00-06:00,2023-05-23T14:17:51-06:00,19508,USD,,false,TRI/SRC/events/00841
EV000842,PM,TRI_BILLING,TRI-R00465,SUBMITTED,2023-06-09T11:32:00-06:00,2023-06-12T18:57:46-06:00,10012,USD,,false,TRI/SRC/events/00842
EV000843,PM,TRI_BILLING,,PAYMENT_POSTED,2023-06-16T15:43:00-06:00,2023-06-16T21:39:12-06:00,10012,USD,,false,TRI/SRC/events/00843
EV000844,PM,TRI_BILLING,TRI-R00466,SUBMITTED,2022-10-31T15:53:00-06:00,2022-11-03T18:22:57-06:00,103066,USD,,false,TRI/SRC/events/00844
EV000845,PM,TRI_BILLING,,PAYMENT_POSTED,2022-12-19T12:27:00-07:00,2022-12-19T15:44:07-07:00,103066,USD,,false,TRI/SRC/events/00845
EV000846,PM,TRI_BILLING,TRI-R00467,SUBMITTED,2023-07-31T12:22:00-06:00,2023-07-31T15:38:11-06:00,198420,USD,,false,TRI/SRC/events/00846
EV000847,PM,TRI_BILLING,,PAYMENT_POSTED,2023-08-16T09:19:00-06:00,2023-08-19T03:33:16-06:00,198420,USD,,false,TRI/SRC/events/00847
EV000848,PM,TRI_BILLING,TRI-R00468,SUBMITTED,2022-12-23T13:47:00-07:00,2022-12-24T05:20:09-07:00,30566,USD,,false,TRI/SRC/events/00848
EV000849,PM,TRI_BILLING,,PAYMENT_POSTED,2023-01-18T14:04:00-07:00,2023-01-21T11:53:03-07:00,30566,USD,,false,TRI/SRC/events/00849
EV000850,PM,TRI_BILLING,TRI-R00469,SUBMITTED,2023-09-08T15:34:00-06:00,2023-09-08T16:48:01-06:00,28787,USD,,false,TRI/SRC/events/00850
EV000851,PM,TRI_BILLING,,PAYMENT_POSTED,2023-10-04T08:19:00-06:00,2023-10-04T11:40:11-06:00,28787,USD,,false,TRI/SRC/events/00851
EV000852,PM,TRI_BILLING,TRI-R00470,SUBMITTED,2023-08-28T16:58:00-06:00,2023-08-28T23:50:32-06:00,78800,USD,,false,TRI/SRC/events/00852
EV000853,PM,TRI_BILLING,,PAYMENT_POSTED,2023-09-11T16:28:00-06:00,2023-09-14T20:57:24-06:00,78800,USD,,false,TRI/SRC/events/00853
EV000854,PM,TRI_BILLING,TRI-R00471,SUBMITTED,2022-10-31T11:59:00-06:00,2022-11-06T07:28:33-07:00,15697,USD,,false,TRI/SRC/events/00854
EV000855,PM,TRI_BILLING,,PAYMENT_POSTED,2022-11-17T11:01:00-07:00,2022-11-17T12:08:50-07:00,15697,USD,,false,TRI/SRC/events/00855
EV000856,PM,TRI_BILLING,TRI-R00472,SUBMITTED,2022-09-14T13:26:00-06:00,2022-09-14T16:44:23-06:00,52883,USD,,false,TRI/SRC/events/00856
EV000857,PM,TRI_BILLING,,PAYMENT_POSTED,2022-10-10T15:47:00-06:00,2022-10-13T17:48:35-06:00,52883,USD,,false,TRI/SRC/events/00857
EV000858,PM,TRI_BILLING,TRI-R00473,SUBMITTED,2022-09-20T12:16:00-06:00,2022-09-20T18:53:46-06:00,7018,USD,,false,TRI/SRC/events/00858
EV000859,PM,TRI_BILLING,,PAYMENT_POSTED,2022-10-07T10:21:00-06:00,2022-10-12T00:31:42-06:00,7018,USD,,false,TRI/SRC/events/00859
EV000860,PM,TRI_BILLING,TRI-R00474,SUBMITTED,2023-09-27T08:03:00-06:00,2023-09-28T01:57:07-06:00,4168,USD,,false,TRI/SRC/events/00860
EV000861,PM,TRI_BILLING,,PAYMENT_POSTED,2023-10-25T11:55:00-06:00,2023-10-25T15:20:40-06:00,4168,USD,,false,TRI/SRC/events/00861
EV000862,PM,TRI_BILLING,TRI-R00475,SUBMITTED,2022-11-04T08:18:00-06:00,2022-11-04T14:03:30-06:00,4890,USD,,false,TRI/SRC/events/00862
EV000863,PM,TRI_BILLING,,PAYMENT_POSTED,2023-02-13T14:49:00-07:00,2023-02-13T15:14:52-07:00,4890,USD,,false,TRI/SRC/events/00863
EV000864,PM,TRI_BILLING,TRI-R00476,SUBMITTED,2023-06-12T08:09:00-06:00,2023-06-14T11:47:52-06:00,58747,USD,,false,TRI/SRC/events/00864
EV000865,PM,TRI_BILLING,,PAYMENT_POSTED,2023-07-03T16:26:00-06:00,2023-07-03T23:07:44-06:00,58747,USD,,false,TRI/SRC/events/00865
EV000866,PM,TRI_BILLING,TRI-R00477,SUBMITTED,2023-06-09T12:43:00-06:00,2023-06-09T14:55:58-06:00,17898,USD,,false,TRI/SRC/events/00866
EV000867,PM,TRI_BILLING,TRI-R00478,SUBMITTED,2022-08-17T15:18:00-06:00,2022-08-17T22:33:38-06:00,7346,USD,,false,TRI/SRC/events/00867
EV000868,PM,TRI_BILLING,,PAYMENT_POSTED,2022-08-26T15:19:00-06:00,2022-09-04T06:55:40-06:00,7346,USD,,false,TRI/SRC/events/00868
EV000869,PM,TRI_BILLING,TRI-R00479,SUBMITTED,2023-04-19T10:06:00-06:00,2023-04-24T08:25:29-06:00,3887,USD,,false,TRI/SRC/events/00869
EV000870,PM,TRI_BILLING,TRI-R00479,CLOSED_NO_PAYMENT,2023-08-08T13:14:00-06:00,2023-08-12T15:23:51-06:00,,,,true,TRI/SRC/events/00870
EV000871,PM,TRI_BILLING,TRI-R00480,SUBMITTED,2023-01-16T15:44:00-07:00,2023-01-16T21:04:54-07:00,2868,USD,,false,TRI/SRC/events/00871
EV000872,PM,TRI_BILLING,,PAYMENT_POSTED,2023-03-06T10:55:00-07:00,2023-03-06T17:42:42-07:00,2868,USD,,false,TRI/SRC/events/00872
EV000873,PM,TRI_BILLING,TRI-R00481,SUBMITTED,2022-11-15T11:16:00-07:00,2022-11-15T18:17:43-07:00,2697,USD,,false,TRI/SRC/events/00873
EV000874,PM,TRI_BILLING,,PAYMENT_POSTED,2022-12-12T08:07:00-07:00,2022-12-12T09:38:31-07:00,2697,USD,,false,TRI/SRC/events/00874
EV000875,PM,TRI_BILLING,TRI-R00482,SUBMITTED,2023-08-28T10:23:00-06:00,2023-09-01T06:56:41-06:00,9152,USD,,false,TRI/SRC/events/00875
EV000876,PM,TRI_BILLING,TRI-R00483,SUBMITTED,2023-05-15T13:02:00-06:00,2023-05-15T18:26:59-06:00,14145,USD,,false,TRI/SRC/events/00876
EV000877,PM,TRI_BILLING,,PAYMENT_POSTED,2023-05-24T10:39:00-06:00,2023-05-30T13:53:00-06:00,14145,USD,,false,TRI/SRC/events/00877
EV000878,PM,TRI_BILLING,TRI-R00484,SUBMITTED,2023-07-31T12:42:00-06:00,2023-07-31T14:14:33-06:00,11894,USD,,false,TRI/SRC/events/00878
EV000879,PM,TRI_BILLING,,PAYMENT_POSTED,2023-08-15T15:33:00-06:00,2023-08-15T22:30:12-06:00,11894,USD,,false,TRI/SRC/events/00879
EV000880,PM,TRI_BILLING,TRI-R00485,SUBMITTED,2023-01-30T09:52:00-07:00,2023-01-31T04:11:47-07:00,14453,USD,,false,TRI/SRC/events/00880
EV000881,PM,TRI_BILLING,,PAYMENT_POSTED,2023-03-06T11:02:00-07:00,2023-03-06T13:55:44-07:00,14453,USD,,false,TRI/SRC/events/00881
EV000882,PM,TRI_BILLING,TRI-R00486,SUBMITTED,2022-07-13T15:41:00-06:00,2022-07-13T16:11:16-06:00,5457,USD,,false,TRI/SRC/events/00882
EV000883,PM,TRI_BILLING,,PAYMENT_POSTED,2022-08-08T15:24:00-06:00,2022-08-08T19:06:00-06:00,5457,USD,,false,TRI/SRC/events/00883
EV000884,PM,TRI_BILLING,TRI-R00487,SUBMITTED,2023-06-06T13:30:00-06:00,2023-06-10T19:29:28-06:00,9245,USD,,false,TRI/SRC/events/00884
EV000885,PM,TRI_BILLING,,PAYMENT_POSTED,2023-06-14T13:46:00-06:00,2023-06-14T21:35:34-06:00,9245,USD,,false,TRI/SRC/events/00885
EV000886,PM,TRI_BILLING,TRI-R00488,SUBMITTED,2023-06-28T11:26:00-06:00,2023-07-03T15:38:56-06:00,49316,USD,,false,TRI/SRC/events/00886
EV000887,PM,TRI_BILLING,TRI-R00489,CORRECTED,2023-07-04T09:01:00-06:00,2023-07-04T10:58:34-06:00,52254,USD,,false,TRI/SRC/events/00887
EV000888,PM,TRI_BILLING,,PAYMENT_POSTED,2023-07-18T11:44:00-06:00,2023-07-18T19:40:56-06:00,52254,USD,,false,TRI/SRC/events/00888
EV000889,PM,TRI_BILLING,TRI-R00490,SUBMITTED,2022-12-29T09:38:00-07:00,2023-01-02T21:40:15-07:00,10181,USD,,false,TRI/SRC/events/00889
EV000890,PM,TRI_BILLING,,PAYMENT_POSTED,2023-01-27T12:12:00-07:00,2023-02-06T02:49:55-07:00,10181,USD,,false,TRI/SRC/events/00890
EV000891,PM,TRI_BILLING,TRI-R00491,SUBMITTED,2023-05-08T10:54:00-06:00,2023-05-15T05:44:32-06:00,5283,USD,,false,TRI/SRC/events/00891
EV000892,PM,TRI_BILLING,,PAYMENT_POSTED,2023-05-22T16:27:00-06:00,2023-05-23T00:07:24-06:00,5283,USD,,false,TRI/SRC/events/00892
EV000893,PM,TRI_BILLING,TRI-R00492,SUBMITTED,2023-08-01T10:35:00-06:00,2023-08-01T13:24:30-06:00,12460,USD,,false,TRI/SRC/events/00893
EV000894,PM,TRI_BILLING,,PAYMENT_POSTED,2023-08-14T13:28:00-06:00,2023-08-14T15:26:48-06:00,12460,USD,,false,TRI/SRC/events/00894
EV000895,PM,TRI_BILLING,TRI-R00493,SUBMITTED,2023-01-23T16:05:00-07:00,2023-01-25T02:55:59-07:00,63683,USD,,false,TRI/SRC/events/00895
EV000896,PM,TRI_BILLING,TRI-R00494,CORRECTED,2023-01-30T15:18:00-07:00,2023-01-30T17:43:05-07:00,77742,USD,,false,TRI/SRC/events/00896
EV000897,PM,TRI_BILLING,,PAYMENT_POSTED,2023-03-16T09:35:00-06:00,2023-03-16T16:14:31-06:00,77742,USD,,false,TRI/SRC/events/00897
EV000898,PM,TRI_BILLING,TRI-R00495,SUBMITTED,2023-08-15T08:20:00-06:00,2023-08-15T14:12:10-06:00,28030,USD,,false,TRI/SRC/events/00898
EV000899,PM,TRI_BILLING,,PAYMENT_POSTED,2023-09-08T08:39:00-06:00,2023-09-08T10:02:14-06:00,28030,USD,,false,TRI/SRC/events/00899
EV000900,PM,TRI_BILLING,TRI-R00496,SUBMITTED,2023-04-19T13:43:00-06:00,2023-04-26T19:15:20-06:00,151198,USD,,false,TRI/SRC/events/00900
EV000901,PM,TRI_BILLING,,PAYMENT_POSTED,2023-05-16T15:25:00-06:00,2023-05-20T07:17:47-06:00,151198,USD,,false,TRI/SRC/events/00901
EV000902,PM,TRI_BILLING,TRI-R00497,SUBMITTED,2022-08-03T15:23:00-06:00,2022-08-04T20:39:21-06:00,17945,USD,,false,TRI/SRC/events/00902
EV000903,PM,TRI_BILLING,,PAYMENT_POSTED,2022-08-12T16:30:00-06:00,2022-08-18T13:35:29-06:00,17945,USD,,false,TRI/SRC/events/00903
EV000904,PM,TRI_BILLING,TRI-R00498,SUBMITTED,2023-08-30T08:12:00-06:00,2023-08-30T09:33:52-06:00,6910,USD,,false,TRI/SRC/events/00904
EV000905,PM,TRI_BILLING,,PAYMENT_POSTED,2023-09-06T12:01:00-06:00,2023-09-07T12:46:34-06:00,6910,USD,,false,TRI/SRC/events/00905
EV000906,PM,TRI_BILLING,TRI-R00499,SUBMITTED,2023-03-20T10:34:00-06:00,2023-04-06T12:23:29-06:00,11936,USD,,false,TRI/SRC/events/00906
EV000907,PM,TRI_BILLING,,PAYMENT_POSTED,2023-03-27T10:31:00-06:00,2023-03-31T02:10:34-06:00,11936,USD,,false,TRI/SRC/events/00907
EV000908,PM,TRI_BILLING,TRI-R00500,SUBMITTED,2022-12-06T08:13:00-07:00,2022-12-06T15:00:13-07:00,23689,USD,,false,TRI/SRC/events/00908
EV000909,PM,TRI_BILLING,,PAYMENT_POSTED,2023-01-30T13:45:00-07:00,2023-01-30T15:16:24-07:00,23689,USD,,false,TRI/SRC/events/00909
EV000910,PM,TRI_BILLING,TRI-R00501,SUBMITTED,2023-01-16T10:23:00-07:00,2023-01-17T11:51:35-07:00,19693,USD,,false,TRI/SRC/events/00910
EV000911,PM,TRI_BILLING,,PAYMENT_POSTED,2023-02-13T11:12:00-07:00,2023-02-26T01:48:56-07:00,19693,USD,,false,TRI/SRC/events/00911
EV000912,PM,TRI_BILLING,TRI-R00502,SUBMITTED,2022-08-11T09:55:00-06:00,2022-08-11T16:08:09-06:00,6991,USD,,false,TRI/SRC/events/00912
EV000913,PM,TRI_BILLING,,PAYMENT_POSTED,2022-08-25T11:18:00-06:00,2022-08-26T16:45:16-06:00,6991,USD,,false,TRI/SRC/events/00913
EV000914,PM,TRI_BILLING,TRI-R00503,SUBMITTED,2023-02-13T08:13:00-07:00,2023-02-15T06:33:51-07:00,11613,USD,,false,TRI/SRC/events/00914
EV000915,PM,TRI_BILLING,,PAYMENT_POSTED,2023-04-19T15:52:00-06:00,2023-04-19T21:30:26-06:00,11613,USD,,false,TRI/SRC/events/00915
EV000916,PM,TRI_BILLING,TRI-R00504,SUBMITTED,2023-01-25T11:24:00-07:00,2023-01-25T11:42:44-07:00,22273,USD,,false,TRI/SRC/events/00916
EV000917,PM,TRI_BILLING,,PAYMENT_POSTED,2023-02-02T14:07:00-07:00,2023-02-03T20:31:16-07:00,22273,USD,,false,TRI/SRC/events/00917
EV000918,PM,TRI_BILLING,TRI-R00505,SUBMITTED,2023-09-22T08:27:00-06:00,2023-09-30T04:16:08-06:00,14406,USD,,false,TRI/SRC/events/00918
EV000919,PM,TRI_BILLING,,PAYMENT_POSTED,2023-10-16T14:19:00-06:00,2023-10-22T22:00:52-06:00,14406,USD,,false,TRI/SRC/events/00919
EV000920,PM,TRI_BILLING,TRI-R00506,SUBMITTED,2023-05-22T15:27:00-06:00,2023-05-22T19:12:15-06:00,8199,USD,,false,TRI/SRC/events/00920
EV000921,PM,TRI_BILLING,,PAYMENT_POSTED,2023-07-06T08:54:00-06:00,2023-07-06T15:50:41-06:00,8199,USD,,false,TRI/SRC/events/00921
EV000922,PM,TRI_BILLING,TRI-R00507,SUBMITTED,2022-08-11T16:54:00-06:00,2022-08-12T16:09:02-06:00,9036,USD,,false,TRI/SRC/events/00922
EV000923,PM,TRI_BILLING,,PAYMENT_POSTED,2022-08-22T08:20:00-06:00,2022-08-26T01:12:36-06:00,9036,USD,,false,TRI/SRC/events/00923
EV000924,PM,TRI_BILLING,TRI-R00508,SUBMITTED,2022-08-08T15:42:00-06:00,2022-08-08T23:10:30-06:00,3580,USD,,false,TRI/SRC/events/00924
EV000925,PM,TRI_BILLING,,PAYMENT_POSTED,2022-08-19T10:45:00-06:00,2022-08-20T16:37:12-06:00,3580,USD,,false,TRI/SRC/events/00925
EV000926,PM,TRI_BILLING,TRI-R00509,SUBMITTED,2022-07-05T16:57:00-06:00,2022-07-08T21:25:23-06:00,14935,USD,,false,TRI/SRC/events/00926
EV000927,PM,TRI_BILLING,,PAYMENT_POSTED,2022-07-15T09:48:00-06:00,2022-07-15T15:49:31-06:00,14935,USD,,false,TRI/SRC/events/00927
EV000928,PM,TRI_BILLING,TRI-R00510,SUBMITTED,2022-10-10T11:44:00-06:00,2022-10-16T13:11:19-06:00,6448,USD,,false,TRI/SRC/events/00928
EV000929,PM,TRI_BILLING,,PAYMENT_POSTED,2022-10-14T09:37:00-06:00,2022-10-17T08:43:19-06:00,6448,USD,,false,TRI/SRC/events/00929
EV000930,PM,TRI_BILLING,TRI-R00511,SUBMITTED,2022-12-27T16:04:00-07:00,2022-12-30T23:54:50-07:00,21117,USD,,false,TRI/SRC/events/00930
EV000931,PM,TRI_BILLING,,PAYMENT_POSTED,2023-01-16T16:44:00-07:00,2023-01-16T21:08:14-07:00,21117,USD,,false,TRI/SRC/events/00931
EV000932,PM,TRI_BILLING,TRI-R00512,SUBMITTED,2022-09-01T09:24:00-06:00,2022-09-01T16:30:07-06:00,12017,USD,,false,TRI/SRC/events/00932
EV000933,PM,TRI_BILLING,,PAYMENT_POSTED,2022-09-19T10:51:00-06:00,2022-09-19T18:02:22-06:00,12017,USD,,false,TRI/SRC/events/00933
EV000934,PM,TRI_BILLING,TRI-R00513,SUBMITTED,2023-05-11T15:55:00-06:00,2023-05-11T19:46:34-06:00,12113,USD,,false,TRI/SRC/events/00934
EV000935,PM,TRI_BILLING,TRI-R00514,CORRECTED,2023-05-18T16:01:00-06:00,2023-05-21T16:24:11-06:00,12799,USD,,false,TRI/SRC/events/00935
EV000936,PM,TRI_BILLING,,PAYMENT_POSTED,2023-05-18T11:50:00-06:00,2023-05-18T14:19:14-06:00,12799,USD,,false,TRI/SRC/events/00936
EV000937,PM,TRI_BILLING,TRI-R00515,SUBMITTED,2023-05-08T14:24:00-06:00,2023-05-08T17:10:38-06:00,10963,USD,,false,TRI/SRC/events/00937
EV000938,PM,TRI_BILLING,,PAYMENT_POSTED,2023-05-29T08:58:00-06:00,2023-05-29T12:15:36-06:00,10963,USD,,false,TRI/SRC/events/00938
EV000939,PM,TRI_BILLING,TRI-R00516,SUBMITTED,2022-11-17T14:32:00-07:00,2022-11-17T15:49:29-07:00,5599,USD,,false,TRI/SRC/events/00939
EV000940,PM,TRI_BILLING,,PAYMENT_POSTED,2022-12-27T09:10:00-07:00,2022-12-27T13:44:21-07:00,5599,USD,,false,TRI/SRC/events/00940
EV000941,PM,TRI_BILLING,TRI-R00517,SUBMITTED,2023-08-30T13:13:00-06:00,2023-08-30T14:47:46-06:00,6285,USD,,false,TRI/SRC/events/00941
EV000942,PM,TRI_BILLING,TRI-R00518,SUBMITTED,2022-11-18T09:02:00-07:00,2022-11-18T15:35:43-07:00,11406,USD,,false,TRI/SRC/events/00942
EV000943,PM,TRI_BILLING,,PAYMENT_POSTED,2022-12-23T08:53:00-07:00,2023-02-21T02:34:55-07:00,11406,USD,,false,TRI/SRC/events/00943
EV000944,PM,TRI_BILLING,TRI-R00519,SUBMITTED,2023-02-15T08:06:00-07:00,2023-02-23T04:04:46-07:00,19940,USD,,false,TRI/SRC/events/00944
EV000945,PM,TRI_BILLING,,PAYMENT_POSTED,2023-02-23T14:39:00-07:00,2023-02-26T06:32:41-07:00,19940,USD,,false,TRI/SRC/events/00945
EV000946,PM,TRI_BILLING,TRI-R00520,SUBMITTED,2023-04-03T09:57:00-06:00,2023-04-05T08:41:10-06:00,95981,USD,,false,TRI/SRC/events/00946
EV000947,PM,TRI_BILLING,,PAYMENT_POSTED,2023-04-21T08:53:00-06:00,2023-04-26T10:36:53-06:00,95981,USD,,false,TRI/SRC/events/00947
EV000948,PM,TRI_BILLING,TRI-R00521,SUBMITTED,2023-05-18T16:43:00-06:00,2023-05-19T06:27:39-06:00,36735,USD,,false,TRI/SRC/events/00948
EV000949,PM,TRI_BILLING,,PAYMENT_POSTED,2023-05-25T12:26:00-06:00,2023-05-25T20:19:40-06:00,36735,USD,,false,TRI/SRC/events/00949
EV000950,PM,TRI_BILLING,TRI-R00522,SUBMITTED,2023-05-15T15:34:00-06:00,2023-05-15T21:55:51-06:00,27186,USD,,false,TRI/SRC/events/00950
EV000951,PM,TRI_BILLING,,PAYMENT_POSTED,2023-06-05T11:12:00-06:00,2023-06-12T04:45:52-06:00,27186,USD,,false,TRI/SRC/events/00951
EV000952,PM,TRI_BILLING,TRI-R00523,SUBMITTED,2023-05-16T11:47:00-06:00,2023-05-16T18:52:15-06:00,30634,USD,,false,TRI/SRC/events/00952
EV000953,PM,TRI_BILLING,,PAYMENT_POSTED,2023-05-19T11:18:00-06:00,2023-05-25T05:43:11-06:00,30634,USD,,false,TRI/SRC/events/00953
EV000954,PM,TRI_BILLING,TRI-R00524,SUBMITTED,2022-08-03T10:59:00-06:00,2022-08-03T18:01:36-06:00,11809,USD,,false,TRI/SRC/events/00954
EV000955,PM,TRI_BILLING,,PAYMENT_POSTED,2022-08-16T13:50:00-06:00,2022-08-16T19:54:45-06:00,11809,USD,,false,TRI/SRC/events/00955
EV000956,PM,TRI_BILLING,TRI-R00525,SUBMITTED,2023-05-29T14:28:00-06:00,2023-05-29T19:25:26-06:00,35286,USD,,false,TRI/SRC/events/00956
EV000957,PM,TRI_BILLING,TRI-R00526,SUBMITTED,2023-06-14T14:17:00-06:00,2023-06-16T14:48:25-06:00,43854,USD,,false,TRI/SRC/events/00957
EV000958,PM,TRI_BILLING,,PAYMENT_POSTED,2023-06-26T11:27:00-06:00,2023-06-26T11:44:36-06:00,43854,USD,,false,TRI/SRC/events/00958
EV000959,PM,TRI_BILLING,TRI-R00527,SUBMITTED,2022-10-28T11:39:00-06:00,2022-10-28T19:24:52-06:00,26652,USD,,false,TRI/SRC/events/00959
EV000960,PM,TRI_BILLING,,PAYMENT_POSTED,2022-11-04T11:32:00-06:00,2022-11-06T23:02:30-07:00,26652,USD,,false,TRI/SRC/events/00960
EV000961,PM,TRI_BILLING,TRI-R00528,SUBMITTED,2022-10-26T11:10:00-06:00,2022-10-29T16:23:52-06:00,11796,USD,,false,TRI/SRC/events/00961
EV000962,PM,TRI_BILLING,TRI-R00529,SUBMITTED,2023-06-05T10:27:00-06:00,2023-06-06T17:10:29-06:00,8019,USD,,false,TRI/SRC/events/00962
EV000963,PM,TRI_BILLING,,PAYMENT_POSTED,2023-06-20T08:13:00-06:00,2023-07-07T02:01:32-06:00,8019,USD,,false,TRI/SRC/events/00963
EV000964,PM,TRI_BILLING,TRI-R00530,SUBMITTED,2023-05-29T09:22:00-06:00,2023-05-29T15:07:33-06:00,15703,USD,,false,TRI/SRC/events/00964
EV000965,PM,TRI_BILLING,,PAYMENT_POSTED,2023-06-07T13:26:00-06:00,2023-06-10T11:23:46-06:00,15703,USD,,false,TRI/SRC/events/00965
EV000966,PM,TRI_BILLING,TRI-R00531,SUBMITTED,2023-06-12T08:30:00-06:00,2023-06-12T11:46:14-06:00,12343,USD,,false,TRI/SRC/events/00966
EV000967,PM,TRI_BILLING,,PAYMENT_POSTED,2023-06-15T10:19:00-06:00,2023-06-16T19:09:30-06:00,12343,USD,,false,TRI/SRC/events/00967
EV000968,PM,TRI_BILLING,TRI-R00532,SUBMITTED,2023-05-22T15:18:00-06:00,2023-05-25T08:52:32-06:00,4678,USD,,false,TRI/SRC/events/00968
EV000969,PM,TRI_BILLING,,PAYMENT_POSTED,2023-06-02T09:26:00-06:00,2023-06-07T04:18:02-06:00,4678,USD,,false,TRI/SRC/events/00969
EV000970,PM,TRI_BILLING,TRI-R00532,PAYMENT_REVERSED,2023-06-15T13:37:00-06:00,2023-06-15T19:40:56-06:00,4678,USD,EV000969,false,TRI/SRC/events/00970
EV000971,PM,TRI_BILLING,TRI-R00533,SUBMITTED,2023-09-11T08:12:00-06:00,2023-09-11T10:54:32-06:00,15178,USD,,false,TRI/SRC/events/00971
EV000972,PM,TRI_BILLING,TRI-R00534,CORRECTED,2023-09-18T12:41:00-06:00,2023-09-21T09:13:42-06:00,18498,USD,,false,TRI/SRC/events/00972
EV000973,PM,TRI_BILLING,,PAYMENT_POSTED,2023-09-25T14:30:00-06:00,2023-09-25T16:48:24-06:00,18498,USD,,false,TRI/SRC/events/00973
EV000974,PM,TRI_BILLING,TRI-R00535,SUBMITTED,2023-04-11T14:38:00-06:00,2023-04-11T15:46:22-06:00,22699,USD,,false,TRI/SRC/events/00974
EV000975,PM,TRI_BILLING,TRI-R00536,CORRECTED,2023-04-20T14:47:00-06:00,2023-04-21T15:56:19-06:00,25730,USD,,false,TRI/SRC/events/00975
EV000976,PM,TRI_BILLING,TRI-R00535,VOID_VERSION,2023-04-20T14:47:00-06:00,2023-04-20T15:56:39-06:00,22699,USD,,false,TRI/SRC/events/00976
EV000977,PM,TRI_BILLING,,PAYMENT_POSTED,2023-04-21T13:06:00-06:00,2023-04-21T19:06:09-06:00,25730,USD,,false,TRI/SRC/events/00977
EV000978,PM,TRI_BILLING,TRI-R00537,SUBMITTED,2023-06-22T14:35:00-06:00,2023-08-05T01:09:36-06:00,43451,USD,,false,TRI/SRC/events/00978
EV000979,PM,TRI_BILLING,,PAYMENT_POSTED,2023-07-11T15:16:00-06:00,2023-07-19T09:38:47-06:00,43451,USD,,false,TRI/SRC/events/00979
EV000980,PM,TRI_BILLING,TRI-R00538,SUBMITTED,2023-01-31T08:07:00-07:00,2023-02-13T15:18:20-07:00,17435,USD,,false,TRI/SRC/events/00980
EV000981,PM,TRI_BILLING,,PAYMENT_POSTED,2023-02-10T08:08:00-07:00,2023-02-20T23:51:10-07:00,17435,USD,,false,TRI/SRC/events/00981
EV000982,PM,TRI_BILLING,TRI-R00539,SUBMITTED,2022-08-11T09:50:00-06:00,2022-08-19T17:50:17-06:00,15418,USD,,false,TRI/SRC/events/00982
EV000983,PM,TRI_BILLING,,PAYMENT_POSTED,2022-08-22T14:17:00-06:00,2022-08-22T20:16:36-06:00,15418,USD,,false,TRI/SRC/events/00983
EV000984,PM,TRI_BILLING,TRI-R00540,SUBMITTED,2022-08-09T15:10:00-06:00,2022-08-09T22:44:50-06:00,9450,USD,,false,TRI/SRC/events/00984
EV000985,PM,TRI_BILLING,TRI-R00541,SUBMITTED,2023-03-27T09:52:00-06:00,2023-03-28T15:33:38-06:00,15537,USD,,false,TRI/SRC/events/00985
EV000986,PM,TRI_BILLING,,PAYMENT_POSTED,2023-04-04T09:33:00-06:00,2023-04-04T10:40:53-06:00,15537,USD,,false,TRI/SRC/events/00986
EV000987,PM,TRI_BILLING,TRI-R00542,SUBMITTED,2023-05-02T13:16:00-06:00,2023-05-04T12:00:56-06:00,21047,USD,,false,TRI/SRC/events/00987
EV000988,PM,TRI_BILLING,,PAYMENT_POSTED,2023-05-15T16:14:00-06:00,2023-07-17T17:37:48-06:00,21047,USD,,false,TRI/SRC/events/00988
EV000989,PM,TRI_BILLING,TRI-R00543,SUBMITTED,2022-07-18T11:01:00-06:00,2022-07-22T21:56:22-06:00,11197,USD,,false,TRI/SRC/events/00989
EV000990,PM,TRI_BILLING,,PAYMENT_POSTED,2022-08-15T11:45:00-06:00,2022-08-16T18:27:16-06:00,11197,USD,,false,TRI/SRC/events/00990
EV000991,PM,TRI_BILLING,TRI-R00544,SUBMITTED,2022-09-16T16:07:00-06:00,2022-09-16T19:01:34-06:00,20391,USD,,false,TRI/SRC/events/00991
EV000992,PM,TRI_BILLING,TRI-R00545,CORRECTED,2022-09-23T14:40:00-06:00,2022-09-23T19:34:35-06:00,24953,USD,,false,TRI/SRC/events/00992
EV000993,PM,TRI_BILLING,,PAYMENT_POSTED,2022-10-17T11:58:00-06:00,2022-10-17T18:27:29-06:00,24953,USD,,false,TRI/SRC/events/00993
EV000994,PM,TRI_BILLING,TRI-R00546,SUBMITTED,2022-07-29T11:40:00-06:00,2022-08-04T11:28:11-06:00,14496,USD,,false,TRI/SRC/events/00994
EV000995,PM,TRI_BILLING,,PAYMENT_POSTED,2022-08-17T10:42:00-06:00,2022-08-18T04:14:16-06:00,14496,USD,,false,TRI/SRC/events/00995
EV000996,PM,TRI_BILLING,TRI-R00547,SUBMITTED,2023-07-31T08:28:00-06:00,2023-08-03T17:28:54-06:00,114383,USD,,false,TRI/SRC/events/00996
EV000997,PM,TRI_BILLING,TRI-R00548,SUBMITTED,2023-05-15T12:05:00-06:00,2023-05-20T10:21:35-06:00,9449,USD,,false,TRI/SRC/events/00997
EV000998,PM,TRI_BILLING,,PAYMENT_POSTED,2023-06-06T15:50:00-06:00,2023-06-06T23:33:24-06:00,9449,USD,,false,TRI/SRC/events/00998
EV000999,PM,TRI_BILLING,TRI-R00549,SUBMITTED,2023-07-19T10:11:00-06:00,2023-07-19T13:23:57-06:00,15661,USD,,false,TRI/SRC/events/00999
EV001000,PM,TRI_BILLING,,PAYMENT_POSTED,2023-08-01T13:27:00-06:00,2023-08-04T19:04:28-06:00,15661,USD,,false,TRI/SRC/events/01000
EV001001,PM,TRI_BILLING,TRI-R00550,SUBMITTED,2022-10-28T14:04:00-06:00,2022-11-01T22:18:05-06:00,7121,USD,,false,TRI/SRC/events/01001
EV001002,PM,TRI_BILLING,,PAYMENT_POSTED,2022-11-23T10:35:00-07:00,2022-11-25T13:55:56-07:00,7121,USD,,false,TRI/SRC/events/01002
EV001003,PM,TRI_BILLING,TRI-R00551,SUBMITTED,2022-12-23T14:06:00-07:00,2022-12-30T02:55:21-07:00,3963,USD,,false,TRI/SRC/events/01003
EV001004,PM,TRI_BILLING,,PAYMENT_POSTED,2023-03-14T13:01:00-06:00,2023-03-21T00:05:54-06:00,3963,USD,,false,TRI/SRC/events/01004
EV001005,PM,TRI_BILLING,TRI-R00552,SUBMITTED,2023-02-17T12:10:00-07:00,2023-02-19T05:49:36-07:00,76572,USD,,false,TRI/SRC/events/01005
EV001006,PM,TRI_BILLING,,PAYMENT_POSTED,2023-03-07T14:12:00-07:00,2023-03-09T14:02:32-07:00,76572,USD,,false,TRI/SRC/events/01006
EV001007,PM,TRI_BILLING,TRI-R00553,SUBMITTED,2022-11-24T12:19:00-07:00,2022-11-25T02:03:27-07:00,117819,USD,,false,TRI/SRC/events/01007
EV001008,PM,TRI_BILLING,,PAYMENT_POSTED,2023-01-06T13:16:00-07:00,2023-01-06T14:45:31-07:00,117819,USD,,false,TRI/SRC/events/01008
EV001009,PM,TRI_BILLING,TRI-R00554,SUBMITTED,2023-05-22T10:06:00-06:00,2023-05-29T15:41:08-06:00,14494,USD,,false,TRI/SRC/events/01009
EV001010,PM,TRI_BILLING,,PAYMENT_POSTED,2023-06-12T10:32:00-06:00,2023-06-12T10:52:21-06:00,14494,USD,,false,TRI/SRC/events/01010
EV001011,PM,TRI_BILLING,TRI-R00555,SUBMITTED,2023-05-23T10:04:00-06:00,2023-05-23T14:58:19-06:00,4916,USD,,false,TRI/SRC/events/01011
EV001012,PM,TRI_BILLING,,PAYMENT_POSTED,2023-06-07T08:28:00-06:00,2023-06-07T15:44:15-06:00,4916,USD,,false,TRI/SRC/events/01012
EV001013,PM,TRI_BILLING,TRI-R00556,SUBMITTED,2023-05-30T10:49:00-06:00,2023-05-30T12:33:14-06:00,13110,USD,,false,TRI/SRC/events/01013
EV001014,PM,TRI_BILLING,,PAYMENT_POSTED,2023-06-19T08:57:00-06:00,2023-06-19T14:07:38-06:00,13110,USD,,false,TRI/SRC/events/01014
EV001015,PM,TRI_BILLING,TRI-R00557,SUBMITTED,2023-09-15T08:08:00-06:00,2023-09-15T11:09:40-06:00,40659,USD,,false,TRI/SRC/events/01015
EV001016,PM,TRI_BILLING,,PAYMENT_POSTED,2023-10-02T08:38:00-06:00,2023-10-04T17:34:54-06:00,40659,USD,,false,TRI/SRC/events/01016
EV001017,PM,TRI_BILLING,TRI-R00558,SUBMITTED,2023-03-29T12:23:00-06:00,2023-03-29T19:48:03-06:00,2500,USD,,false,TRI/SRC/events/01017
EV001018,PM,TRI_BILLING,,PAYMENT_POSTED,2023-05-16T08:31:00-06:00,2023-05-16T10:26:23-06:00,2500,USD,,false,TRI/SRC/events/01018
EV001019,PM,TRI_BILLING,TRI-R00559,SUBMITTED,2023-03-13T15:08:00-06:00,2023-03-13T15:59:24-06:00,4478,USD,,false,TRI/SRC/events/01019
EV001020,PM,TRI_BILLING,,PAYMENT_POSTED,2023-04-17T15:54:00-06:00,2023-04-29T08:42:09-06:00,4478,USD,,false,TRI/SRC/events/01020
EV001021,PM,TRI_BILLING,TRI-R00560,SUBMITTED,2023-05-08T08:56:00-06:00,2023-05-13T10:31:09-06:00,3058,USD,,false,TRI/SRC/events/01021
EV001022,PM,TRI_BILLING,,PAYMENT_POSTED,2023-05-29T08:30:00-06:00,2023-06-08T12:43:40-06:00,3058,USD,,false,TRI/SRC/events/01022
EV001023,PM,TRI_BILLING,TRI-R00561,SUBMITTED,2023-01-31T14:05:00-07:00,2023-01-31T19:01:21-07:00,8649,USD,,false,TRI/SRC/events/01023
EV001024,PM,TRI_BILLING,,PAYMENT_POSTED,2023-02-27T16:03:00-07:00,2023-02-27T21:20:43-07:00,8649,USD,,false,TRI/SRC/events/01024
EV001025,PM,TRI_BILLING,TRI-R00562,SUBMITTED,2023-03-17T14:27:00-06:00,2023-03-24T18:41:51-06:00,9388,USD,,false,TRI/SRC/events/01025
EV001026,PM,TRI_BILLING,,PAYMENT_POSTED,2023-03-27T08:38:00-06:00,2023-04-02T14:42:23-06:00,9388,USD,,false,TRI/SRC/events/01026
EV001027,PM,TRI_BILLING,TRI-R00563,SUBMITTED,2023-01-30T11:14:00-07:00,2023-02-04T07:07:21-07:00,93011,USD,,false,TRI/SRC/events/01027
EV001028,PM,TRI_BILLING,TRI-R00564,CORRECTED,2023-02-01T12:04:00-07:00,2023-02-01T15:12:00-07:00,84676,USD,,false,TRI/SRC/events/01028
EV001029,PM,TRI_BILLING,,PAYMENT_POSTED,2023-02-06T12:19:00-07:00,2023-02-08T20:14:05-07:00,84676,USD,,false,TRI/SRC/events/01029
EV001030,PM,TRI_BILLING,TRI-R00565,SUBMITTED,2023-01-30T08:45:00-07:00,2023-02-03T11:42:26-07:00,14388,USD,,false,TRI/SRC/events/01030
EV001031,PM,TRI_BILLING,,PAYMENT_POSTED,2023-04-06T14:17:00-06:00,2023-04-06T16:10:45-06:00,14388,USD,,false,TRI/SRC/events/01031
EV001032,PM,TRI_BILLING,TRI-R00566,SUBMITTED,2023-06-22T13:50:00-06:00,2023-06-24T23:01:53-06:00,13406,USD,,false,TRI/SRC/events/01032
EV001033,PM,TRI_BILLING,,PAYMENT_POSTED,2023-08-04T12:38:00-06:00,2023-08-04T14:13:35-06:00,13406,USD,,false,TRI/SRC/events/01033
EV001034,PM,TRI_BILLING,TRI-R00567,SUBMITTED,2023-01-20T10:14:00-07:00,2023-01-20T13:04:58-07:00,16208,USD,,false,TRI/SRC/events/01034
EV001035,PM,TRI_BILLING,,PAYMENT_POSTED,2023-05-04T13:51:00-06:00,2023-05-06T08:55:06-06:00,16208,USD,,false,TRI/SRC/events/01035
EV001036,PM,TRI_BILLING,TRI-R00568,SUBMITTED,2023-08-07T10:08:00-06:00,2023-08-07T14:17:48-06:00,7886,USD,,false,TRI/SRC/events/01036
EV001037,PM,TRI_BILLING,,PAYMENT_POSTED,2023-08-30T15:53:00-06:00,2023-08-30T22:02:24-06:00,7886,USD,,false,TRI/SRC/events/01037
EV001038,PM,TRI_BILLING,TRI-R00569,SUBMITTED,2023-07-19T09:41:00-06:00,2023-07-19T10:47:26-06:00,7359,USD,,false,TRI/SRC/events/01038
EV001039,PM,TRI_BILLING,,PAYMENT_POSTED,2023-08-03T09:49:00-06:00,2023-08-03T14:33:51-06:00,7359,USD,,false,TRI/SRC/events/01039
EV001040,PM,TRI_BILLING,TRI-R00570,SUBMITTED,2023-06-06T10:17:00-06:00,2023-06-06T10:26:10-06:00,89997,USD,,false,TRI/SRC/events/01040
EV001041,PM,TRI_BILLING,,PAYMENT_POSTED,2023-07-17T13:22:00-06:00,2023-07-17T19:41:44-06:00,89997,USD,,false,TRI/SRC/events/01041
EV001042,PM,TRI_BILLING,TRI-R00571,SUBMITTED,2023-09-11T10:45:00-06:00,2023-09-19T15:59:37-06:00,128297,USD,,false,TRI/SRC/events/01042
EV001043,PM,TRI_BILLING,,PAYMENT_POSTED,2023-10-23T14:40:00-06:00,2023-10-24T23:09:32-06:00,128297,USD,,false,TRI/SRC/events/01043
EV001044,PM,TRI_BILLING,TRI-R00571,PAYMENT_REVERSED,2023-10-25T11:25:00-06:00,2023-10-29T18:24:47-06:00,83198,USD,,false,TRI/SRC/events/01044
EV001045,PM,TRI_BILLING,TRI-R00572,SUBMITTED,2023-07-03T12:06:00-06:00,2023-07-03T14:27:55-06:00,9488,USD,,false,TRI/SRC/events/01045
EV001046,PM,TRI_BILLING,,PAYMENT_POSTED,2023-07-26T12:15:00-06:00,2023-07-27T17:34:15-06:00,9488,USD,,false,TRI/SRC/events/01046
EV001047,PM,TRI_BILLING,TRI-R00573,SUBMITTED,2023-09-11T11:23:00-06:00,2023-09-12T15:11:39-06:00,6772,USD,,false,TRI/SRC/events/01047
EV001048,PM,TRI_BILLING,,PAYMENT_POSTED,2023-10-23T14:19:00-06:00,2023-10-23T19:17:26-06:00,6772,USD,,false,TRI/SRC/events/01048
EV001049,PM,TRI_BILLING,TRI-R00574,SUBMITTED,2023-01-09T11:58:00-07:00,2023-01-15T01:31:01-07:00,3232,USD,,false,TRI/SRC/events/01049
EV001050,PM,TRI_BILLING,,PAYMENT_POSTED,2023-01-25T14:45:00-07:00,2023-01-27T01:18:10-07:00,3232,USD,,false,TRI/SRC/events/01050
EV001051,PM,TRI_BILLING,TRI-R00575,SUBMITTED,2022-08-25T16:06:00-06:00,2022-08-28T05:28:01-06:00,4734,USD,,false,TRI/SRC/events/01051
EV001052,PM,TRI_BILLING,,PAYMENT_POSTED,2022-09-14T12:32:00-06:00,2022-09-14T14:40:02-06:00,4734,USD,,false,TRI/SRC/events/01052
EV001053,PM,TRI_BILLING,TRI-R00576,SUBMITTED,2022-07-06T14:07:00-06:00,2022-07-06T16:38:39-06:00,7413,USD,,false,TRI/SRC/events/01053
EV001054,PM,TRI_BILLING,,PAYMENT_POSTED,2022-07-11T08:56:00-06:00,2022-07-11T14:40:39-06:00,7413,USD,,false,TRI/SRC/events/01054
EV001055,PM,TRI_BILLING,TRI-R00577,SUBMITTED,2023-07-17T11:52:00-06:00,2023-07-19T02:33:07-06:00,21706,USD,,false,TRI/SRC/events/01055
EV001056,PM,TRI_BILLING,TRI-R00578,SUBMITTED,2023-05-19T13:07:00-06:00,2023-05-19T13:23:11-06:00,11867,USD,,false,TRI/SRC/events/01056
EV001057,PM,TRI_BILLING,TRI-R00579,SUBMITTED,2022-10-28T09:20:00-06:00,2022-10-31T03:24:07-06:00,21232,USD,,false,TRI/SRC/events/01057
EV001058,PM,TRI_BILLING,,PAYMENT_POSTED,2022-11-17T16:15:00-07:00,2022-11-20T12:32:31-07:00,21232,USD,,false,TRI/SRC/events/01058
EV001059,PM,TRI_BILLING,TRI-R00580,SUBMITTED,2023-08-15T12:11:00-06:00,2023-08-16T16:50:11-06:00,7346,USD,,false,TRI/SRC/events/01059
EV001060,PM,TRI_BILLING,,PAYMENT_POSTED,2023-09-06T12:57:00-06:00,2023-09-08T12:36:56-06:00,7346,USD,,false,TRI/SRC/events/01060
EV001061,PM,TRI_BILLING,TRI-R00581,SUBMITTED,2023-08-14T12:14:00-06:00,2023-08-19T03:34:20-06:00,7313,USD,,false,TRI/SRC/events/01061
EV001062,PM,TRI_BILLING,TRI-R00582,SUBMITTED,2023-02-24T16:24:00-07:00,2023-02-24T20:08:42-07:00,9589,USD,,false,TRI/SRC/events/01062
EV001063,PM,TRI_BILLING,,PAYMENT_POSTED,2023-03-15T10:45:00-06:00,2023-03-15T11:03:10-06:00,9589,USD,,false,TRI/SRC/events/01063
EV001064,PM,TRI_BILLING,TRI-R00583,SUBMITTED,2023-02-15T15:47:00-07:00,2023-02-23T17:29:17-07:00,18658,USD,,false,TRI/SRC/events/01064
EV001065,PM,TRI_BILLING,,PAYMENT_POSTED,2023-03-02T14:08:00-07:00,2023-03-02T14:24:49-07:00,18658,USD,,false,TRI/SRC/events/01065
EV001066,PM,TRI_BILLING,TRI-R00584,SUBMITTED,2023-02-13T14:43:00-07:00,2023-02-13T15:26:50-07:00,7381,USD,,false,TRI/SRC/events/01066
EV001067,PM,TRI_BILLING,TRI-R00585,SUBMITTED,2022-11-15T11:58:00-07:00,2022-11-15T18:35:48-07:00,6803,USD,,false,TRI/SRC/events/01067
EV001068,PM,TRI_BILLING,TRI-R00585,CLOSED_NO_PAYMENT,2023-03-10T13:22:00-07:00,2023-03-10T16:16:53-07:00,,,,true,TRI/SRC/events/01068
EV001069,PM,TRI_BILLING,TRI-R00586,SUBMITTED,2023-02-17T09:43:00-07:00,2023-02-17T10:32:07-07:00,12976,USD,,false,TRI/SRC/events/01069
EV001070,PM,TRI_BILLING,,PAYMENT_POSTED,2023-03-22T16:52:00-06:00,2023-03-23T17:00:29-06:00,12976,USD,,false,TRI/SRC/events/01070
EV001071,PM,TRI_BILLING,TRI-R00587,SUBMITTED,2022-08-24T14:29:00-06:00,2022-08-27T16:09:39-06:00,6287,USD,,false,TRI/SRC/events/01071
EV001072,PM,TRI_BILLING,,PAYMENT_POSTED,2022-09-16T13:25:00-06:00,2022-09-17T07:51:24-06:00,6287,USD,,false,TRI/SRC/events/01072
EV001073,PM,TRI_BILLING,TRI-R00588,SUBMITTED,2022-08-22T14:30:00-06:00,2022-09-06T16:13:29-06:00,16296,USD,,false,TRI/SRC/events/01073
EV001074,PM,TRI_BILLING,TRI-R00589,SUBMITTED,2022-12-22T16:55:00-07:00,2022-12-22T23:03:48-07:00,121821,USD,,false,TRI/SRC/events/01074
EV001075,PM,TRI_BILLING,,PAYMENT_POSTED,2023-01-16T14:57:00-07:00,2023-01-16T19:35:15-07:00,121821,USD,,false,TRI/SRC/events/01075
EV001076,PM,TRI_BILLING,TRI-R00590,SUBMITTED,2023-03-29T16:07:00-06:00,2023-03-31T02:02:55-06:00,9795,USD,,false,TRI/SRC/events/01076
EV001077,PM,TRI_BILLING,,PAYMENT_POSTED,2023-04-26T10:42:00-06:00,2023-04-27T10:58:57-06:00,9795,USD,,false,TRI/SRC/events/01077
EV001078,PM,TRI_BILLING,TRI-R00591,SUBMITTED,2023-09-11T09:25:00-06:00,2023-09-13T11:14:22-06:00,95418,USD,,false,TRI/SRC/events/01078
EV001079,PM,TRI_BILLING,,PAYMENT_POSTED,2023-09-22T16:43:00-06:00,2023-09-22T20:04:53-06:00,95418,USD,,false,TRI/SRC/events/01079
EV001080,PM,TRI_BILLING,TRI-R00592,SUBMITTED,2022-09-20T16:27:00-06:00,2022-09-20T20:41:43-06:00,15056,USD,,false,TRI/SRC/events/01080
EV001081,PM,TRI_BILLING,,PAYMENT_POSTED,2022-11-18T10:38:00-07:00,2022-11-18T17:02:26-07:00,15056,USD,,false,TRI/SRC/events/01081
EV001082,PM,TRI_BILLING,TRI-R00593,SUBMITTED,2022-09-19T14:43:00-06:00,2022-09-22T02:41:02-06:00,13381,USD,,false,TRI/SRC/events/01082
EV001083,PM,TRI_BILLING,TRI-R00594,SUBMITTED,2023-04-14T14:18:00-06:00,2023-04-14T15:37:57-06:00,8264,USD,,false,TRI/SRC/events/01083
EV001084,PM,TRI_BILLING,,PAYMENT_POSTED,2023-04-27T08:13:00-06:00,2023-05-02T23:54:04-06:00,8264,USD,,false,TRI/SRC/events/01084
EV001085,PM,TRI_BILLING,TRI-R00595,SUBMITTED,2022-12-19T10:11:00-07:00,2022-12-19T15:46:03-07:00,51702,USD,,false,TRI/SRC/events/01085
EV001086,PM,TRI_BILLING,TRI-R00596,CORRECTED,2022-12-23T11:15:00-07:00,2022-12-25T07:02:38-07:00,44858,USD,,false,TRI/SRC/events/01086
EV001087,PM,TRI_BILLING,,PAYMENT_POSTED,2023-01-12T15:38:00-07:00,2023-01-14T18:35:50-07:00,44858,USD,,false,TRI/SRC/events/01087
EV001088,PM,TRI_BILLING,TRI-R00597,SUBMITTED,2023-03-06T08:04:00-07:00,2023-03-06T10:17:16-07:00,46239,USD,,false,TRI/SRC/events/01088
EV001089,PM,TRI_BILLING,,PAYMENT_POSTED,2023-04-10T09:15:00-06:00,2023-04-13T20:11:21-06:00,46239,USD,,false,TRI/SRC/events/01089
EV001090,PM,TRI_BILLING,TRI-R00598,SUBMITTED,2023-03-02T13:03:00-07:00,2023-03-05T14:53:13-07:00,7179,USD,,false,TRI/SRC/events/01090
EV001091,PM,TRI_BILLING,TRI-R00599,SUBMITTED,2023-01-04T16:26:00-07:00,2023-01-04T17:12:42-07:00,9746,USD,,false,TRI/SRC/events/01091
EV001092,PM,TRI_BILLING,,PAYMENT_POSTED,2023-01-31T14:00:00-07:00,2023-01-31T17:18:32-07:00,9746,USD,,false,TRI/SRC/events/01092
EV001093,PM,TRI_BILLING,TRI-R00600,SUBMITTED,2023-05-08T08:45:00-06:00,2023-05-22T23:44:49-06:00,97594,USD,,false,TRI/SRC/events/01093
EV001094,PM,TRI_BILLING,TRI-R00600,CLOSED_NO_PAYMENT,2023-09-04T16:02:00-06:00,2023-09-15T09:28:01-06:00,,,,true,TRI/SRC/events/01094
EV001095,PM,TRI_BILLING,TRI-R00601,SUBMITTED,2023-09-25T11:32:00-06:00,2023-09-25T13:28:50-06:00,211390,USD,,false,TRI/SRC/events/01095
EV001096,PM,TRI_BILLING,,PAYMENT_POSTED,2023-10-11T08:12:00-06:00,2023-10-13T03:02:14-06:00,211390,USD,,false,TRI/SRC/events/01096
EV001097,PM,TRI_BILLING,TRI-R00602,SUBMITTED,2023-08-21T08:55:00-06:00,2023-08-25T20:24:53-06:00,21168,USD,,false,TRI/SRC/events/01097
EV001098,PM,TRI_BILLING,,PAYMENT_POSTED,2023-09-18T14:25:00-06:00,2023-09-18T20:02:47-06:00,21168,USD,,false,TRI/SRC/events/01098
EV001099,PM,TRI_BILLING,TRI-R00603,SUBMITTED,2023-08-16T09:14:00-06:00,2023-08-18T21:35:33-06:00,9655,USD,,false,TRI/SRC/events/01099
EV001100,PM,TRI_BILLING,TRI-R00604,SUBMITTED,2023-03-23T14:15:00-06:00,2023-03-24T06:15:06-06:00,6771,USD,,false,TRI/SRC/events/01100
EV001101,PM,TRI_BILLING,,PAYMENT_POSTED,2023-04-28T09:50:00-06:00,2023-05-14T07:23:56-06:00,6771,USD,,false,TRI/SRC/events/01101
EV001102,PM,TRI_BILLING,TRI-R00605,SUBMITTED,2023-03-20T12:37:00-06:00,2023-03-20T17:53:11-06:00,13048,USD,,false,TRI/SRC/events/01102
EV001103,PM,TRI_BILLING,TRI-R00604,PAYMENT_REVERSED,2023-05-10T14:50:00-06:00,2023-05-12T16:04:46-06:00,2520,USD,EV001101,false,TRI/SRC/events/01103
EV001104,PM,TRI_BILLING,TRI-R00606,SUBMITTED,2023-02-03T14:08:00-07:00,2023-02-03T14:26:32-07:00,4029,USD,,false,TRI/SRC/events/01104
EV001105,PM,TRI_BILLING,,PAYMENT_POSTED,2023-03-07T09:04:00-07:00,2023-03-07T16:41:35-07:00,4029,USD,,false,TRI/SRC/events/01105
EV001106,PM,TRI_BILLING,TRI-R00606,PAYMENT_REVERSED,2023-03-21T09:48:00-06:00,2023-03-21T11:50:07-06:00,2273,USD,,false,TRI/SRC/events/01106
EV001107,PM,TRI_BILLING,TRI-R00607,SUBMITTED,2022-12-12T11:02:00-07:00,2023-02-14T05:39:27-07:00,9572,USD,,false,TRI/SRC/events/01107
EV001108,PM,TRI_BILLING,TRI-R00607,CLOSED_NO_PAYMENT,2023-01-24T13:32:00-07:00,2023-01-27T16:14:58-07:00,,,,true,TRI/SRC/events/01108
EV001109,PM,TRI_BILLING,TRI-R00608,SUBMITTED,2022-12-20T14:19:00-07:00,2022-12-23T08:00:07-07:00,4372,USD,,false,TRI/SRC/events/01109
EV001110,PM,TRI_BILLING,,PAYMENT_POSTED,2023-01-20T08:19:00-07:00,2023-01-20T12:04:50-07:00,4372,USD,,false,TRI/SRC/events/01110
EV001111,PM,TRI_BILLING,TRI-R00609,SUBMITTED,2023-04-27T15:34:00-06:00,2023-04-27T17:48:35-06:00,6951,USD,,false,TRI/SRC/events/01111
EV001112,PM,TRI_BILLING,TRI-R00610,SUBMITTED,2022-09-29T13:21:00-06:00,2022-10-01T00:14:38-06:00,7274,USD,,false,TRI/SRC/events/01112
EV001113,PM,TRI_BILLING,TRI-R00611,SUBMITTED,2022-11-28T09:48:00-07:00,2022-11-28T11:49:24-07:00,16677,USD,,false,TRI/SRC/events/01113
EV001114,PM,TRI_BILLING,TRI-R00612,CORRECTED,2022-11-29T10:28:00-07:00,2022-12-01T04:55:49-07:00,19610,USD,,false,TRI/SRC/events/01114
EV001115,PM,TRI_BILLING,,PAYMENT_POSTED,2022-12-19T11:00:00-07:00,2022-12-21T09:59:57-07:00,19610,USD,,false,TRI/SRC/events/01115
EV001116,PM,TRI_BILLING,TRI-R00613,SUBMITTED,2023-06-09T08:34:00-06:00,2023-06-09T15:21:25-06:00,10911,USD,,false,TRI/SRC/events/01116
EV001117,PM,TRI_BILLING,,PAYMENT_POSTED,2023-07-03T11:20:00-06:00,2023-07-05T00:41:12-06:00,10911,USD,,false,TRI/SRC/events/01117
EV001118,PM,TRI_BILLING,TRI-R00614,SUBMITTED,2023-06-08T13:25:00-06:00,2023-06-08T15:15:29-06:00,16976,USD,,false,TRI/SRC/events/01118
EV001119,PM,TRI_BILLING,TRI-R00615,SUBMITTED,2023-04-25T14:39:00-06:00,2023-04-29T13:52:58-06:00,3380,USD,,false,TRI/SRC/events/01119
EV001120,PM,TRI_BILLING,,PAYMENT_POSTED,2023-05-10T16:03:00-06:00,2023-05-12T21:01:16-06:00,3380,USD,,false,TRI/SRC/events/01120
EV001121,PM,TRI_BILLING,TRI-R00616,SUBMITTED,2023-03-13T14:32:00-06:00,2023-03-13T18:07:04-06:00,27875,USD,,false,TRI/SRC/events/01121
EV001122,PM,TRI_BILLING,,PAYMENT_POSTED,2023-04-14T13:05:00-06:00,2023-04-15T12:26:46-06:00,27875,USD,,false,TRI/SRC/events/01122
EV001123,PM,TRI_BILLING,TRI-R00617,SUBMITTED,2022-09-19T12:22:00-06:00,2022-09-22T20:22:28-06:00,39734,USD,,false,TRI/SRC/events/01123
EV001124,PM,TRI_BILLING,,PAYMENT_POSTED,2022-10-06T09:55:00-06:00,2022-10-07T15:28:59-06:00,39734,USD,,false,TRI/SRC/events/01124
EV001125,PM,TRI_BILLING,TRI-R00618,SUBMITTED,2023-04-24T13:21:00-06:00,2023-04-24T14:57:06-06:00,43675,USD,,false,TRI/SRC/events/01125
EV001126,PM,TRI_BILLING,TRI-R00619,SUBMITTED,2023-06-05T16:27:00-06:00,2023-06-06T09:28:23-06:00,8556,USD,,false,TRI/SRC/events/01126
EV001127,PM,TRI_BILLING,TRI-R00620,SUBMITTED,2022-11-25T12:08:00-07:00,2022-11-25T23:03:00-07:00,30136,USD,,false,TRI/SRC/events/01127
EV001128,PM,TRI_BILLING,TRI-R00621,CORRECTED,2022-12-05T16:45:00-07:00,2022-12-12T22:36:28-07:00,36998,USD,,false,TRI/SRC/events/01128
EV001129,PM,TRI_BILLING,,PAYMENT_POSTED,2022-12-20T14:43:00-07:00,2022-12-23T02:20:09-07:00,36998,USD,,false,TRI/SRC/events/01129
EV001130,PM,TRI_BILLING,TRI-R00622,SUBMITTED,2023-01-17T10:09:00-07:00,2023-01-17T10:51:43-07:00,89257,USD,,false,TRI/SRC/events/01130
EV001131,PM,TRI_BILLING,,PAYMENT_POSTED,2023-02-01T16:08:00-07:00,2023-02-01T18:21:37-07:00,89257,USD,,false,TRI/SRC/events/01131
EV001132,PM,TRI_BILLING,TRI-R00623,SUBMITTED,2023-05-22T12:19:00-06:00,2023-05-22T14:07:33-06:00,5094,USD,,false,TRI/SRC/events/01132
EV001133,PM,TRI_BILLING,,PAYMENT_POSTED,2023-06-22T15:29:00-06:00,2023-06-26T11:16:16-06:00,5094,USD,,false,TRI/SRC/events/01133
EV001134,PM,TRI_BILLING,TRI-R00624,SUBMITTED,2022-12-15T10:54:00-07:00,2022-12-15T16:25:58-07:00,4931,USD,,false,TRI/SRC/events/01134
EV001135,PM,TRI_BILLING,,PAYMENT_POSTED,2023-01-09T09:39:00-07:00,2023-01-09T14:23:18-07:00,4931,USD,,false,TRI/SRC/events/01135
EV001136,PM,TRI_BILLING,TRI-R00625,SUBMITTED,2023-02-01T09:27:00-07:00,2023-02-06T20:28:46-07:00,18685,USD,,false,TRI/SRC/events/01136
EV001137,PM,TRI_BILLING,,PAYMENT_POSTED,2023-03-01T13:14:00-07:00,2023-03-04T11:45:21-07:00,18685,USD,,false,TRI/SRC/events/01137
EV001138,PM,TRI_BILLING,TRI-R00626,SUBMITTED,2023-06-22T09:39:00-06:00,2023-06-23T10:45:07-06:00,11621,USD,,false,TRI/SRC/events/01138
EV001139,PM,TRI_BILLING,,PAYMENT_POSTED,2023-07-03T09:12:00-06:00,2023-07-09T21:59:06-06:00,11621,USD,,false,TRI/SRC/events/01139
EV001140,PM,TRI_BILLING,TRI-R00627,SUBMITTED,2022-12-05T16:13:00-07:00,2022-12-08T07:06:58-07:00,20623,USD,,false,TRI/SRC/events/01140
EV001141,PM,TRI_BILLING,,PAYMENT_POSTED,2022-12-20T16:08:00-07:00,2022-12-20T19:59:16-07:00,20623,USD,,false,TRI/SRC/events/01141
EV001142,PM,TRI_BILLING,TRI-R00628,SUBMITTED,2022-11-10T09:22:00-07:00,2022-11-13T10:07:06-07:00,12347,USD,,false,TRI/SRC/events/01142
EV001143,PM,TRI_BILLING,,PAYMENT_POSTED,2022-11-23T10:16:00-07:00,2022-11-23T16:48:54-07:00,12347,USD,,false,TRI/SRC/events/01143
EV001144,PM,TRI_BILLING,TRI-R00629,SUBMITTED,2023-08-23T15:38:00-06:00,2023-08-25T17:18:07-06:00,5913,USD,,false,TRI/SRC/events/01144
EV001145,PM,TRI_BILLING,,PAYMENT_POSTED,2023-09-15T12:08:00-06:00,2023-09-15T15:50:29-06:00,5913,USD,,false,TRI/SRC/events/01145
EV001146,PM,TRI_BILLING,TRI-R00630,SUBMITTED,2022-08-01T08:20:00-06:00,2022-08-01T15:12:11-06:00,9743,USD,,false,TRI/SRC/events/01146
EV001147,PM,TRI_BILLING,,PAYMENT_POSTED,2022-08-15T12:51:00-06:00,2022-08-17T18:40:51-06:00,9743,USD,,false,TRI/SRC/events/01147
EV001148,PM,TRI_BILLING,TRI-R00631,SUBMITTED,2022-07-15T13:18:00-06:00,2022-07-19T05:49:55-06:00,5934,USD,,false,TRI/SRC/events/01148
EV001149,PM,TRI_BILLING,,PAYMENT_POSTED,2022-07-25T16:12:00-06:00,2022-07-25T20:38:50-06:00,5934,USD,,false,TRI/SRC/events/01149
EV001150,PM,TRI_BILLING,TRI-R00632,SUBMITTED,2023-03-15T14:48:00-06:00,2023-03-19T13:36:53-06:00,10358,USD,,false,TRI/SRC/events/01150
EV001151,PM,TRI_BILLING,,PAYMENT_POSTED,2023-05-08T13:24:00-06:00,2023-05-19T08:23:50-06:00,10358,USD,,false,TRI/SRC/events/01151
EV001152,PM,TRI_BILLING,TRI-R00633,SUBMITTED,2022-11-03T14:30:00-06:00,2022-11-04T04:08:14-06:00,74753,USD,,false,TRI/SRC/events/01152
EV001153,PM,TRI_BILLING,,PAYMENT_POSTED,2022-11-15T15:39:00-07:00,2022-11-15T16:56:48-07:00,74753,USD,,false,TRI/SRC/events/01153
EV001154,PM,TRI_BILLING,TRI-R00634,SUBMITTED,2023-04-25T14:23:00-06:00,2023-04-25T19:51:59-06:00,8137,USD,,false,TRI/SRC/events/01154
EV001155,PM,TRI_BILLING,,PAYMENT_POSTED,2023-05-08T11:44:00-06:00,2023-05-08T16:39:17-06:00,8137,USD,,false,TRI/SRC/events/01155
EV001156,PM,TRI_BILLING,TRI-R00635,SUBMITTED,2023-01-12T13:42:00-07:00,2023-01-12T20:16:25-07:00,26190,USD,,false,TRI/SRC/events/01156
EV001157,PM,TRI_BILLING,,PAYMENT_POSTED,2023-01-26T13:50:00-07:00,2023-01-26T16:28:53-07:00,26190,USD,,false,TRI/SRC/events/01157
EV001158,PM,TRI_BILLING,TRI-R00636,SUBMITTED,2023-07-28T11:17:00-06:00,2023-07-30T02:03:16-06:00,17936,USD,,false,TRI/SRC/events/01158
EV001159,PM,TRI_BILLING,,PAYMENT_POSTED,2023-09-11T08:24:00-06:00,2023-09-11T13:47:53-06:00,17936,USD,,false,TRI/SRC/events/01159
EV001160,PM,TRI_BILLING,TRI-R00637,SUBMITTED,2023-09-27T15:48:00-06:00,2023-10-01T22:31:14-06:00,36307,USD,,false,TRI/SRC/events/01160
EV001161,PM,TRI_BILLING,TRI-R00638,SUBMITTED,2023-08-07T11:24:00-06:00,2023-08-08T09:07:02-06:00,15510,USD,,false,TRI/SRC/events/01161
EV001162,PM,TRI_BILLING,,PAYMENT_POSTED,2023-08-30T08:05:00,2023-08-30T13:36:42,15510,USD,,false,TRI/SRC/events/01162
EV001163,PM,TRI_BILLING,TRI-R00639,SUBMITTED,2023-04-10T12:11:00-06:00,2023-04-16T18:24:17-06:00,5647,USD,,false,TRI/SRC/events/01163
EV001164,PM,TRI_BILLING,,PAYMENT_POSTED,2023-04-17T12:46:00-06:00,2023-04-20T16:09:17-06:00,5647,USD,,false,TRI/SRC/events/01164
EV001165,PM,TRI_BILLING,TRI-R00640,SUBMITTED,2022-07-25T12:08:00-06:00,2022-07-27T20:50:49-06:00,321064,USD,,false,TRI/SRC/events/01165
EV001166,PM,TRI_BILLING,,PAYMENT_POSTED,2022-08-08T08:39:00-06:00,2022-08-08T16:15:11-06:00,321064,USD,,false,TRI/SRC/events/01166
EV001167,PM,TRI_BILLING,TRI-R00641,SUBMITTED,2023-03-15T16:30:00-06:00,2023-03-15T19:27:02-06:00,16485,USD,,false,TRI/SRC/events/01167
EV001168,PM,TRI_BILLING,,PAYMENT_POSTED,2023-04-10T14:49:00-06:00,2023-04-10T16:01:50-06:00,16485,USD,,false,TRI/SRC/events/01168
EV001169,PM,TRI_BILLING,TRI-R00642,SUBMITTED,2023-07-18T11:05:00-06:00,2023-07-20T08:47:02-06:00,12015,USD,,false,TRI/SRC/events/01169
EV001170,PM,TRI_BILLING,,PAYMENT_POSTED,2023-09-08T15:41:00-06:00,2023-09-17T17:20:34-06:00,12015,USD,,false,TRI/SRC/events/01170
EV001171,PM,TRI_BILLING,TRI-R00643,SUBMITTED,2023-07-14T16:25:00-06:00,2023-07-14T17:38:50-06:00,31625,USD,,false,TRI/SRC/events/01171
EV001172,PM,TRI_BILLING,,PAYMENT_POSTED,2023-08-07T12:13:00-06:00,2023-08-19T04:59:44-06:00,31625,USD,,false,TRI/SRC/events/01172
EV001173,PM,TRI_BILLING,TRI-R00644,SUBMITTED,2023-04-06T14:41:00-06:00,2023-04-15T23:12:51-06:00,7542,USD,,false,TRI/SRC/events/01173
EV001174,PM,TRI_BILLING,,PAYMENT_POSTED,2023-04-17T09:22:00-06:00,2023-04-19T11:50:48-06:00,7542,USD,,false,TRI/SRC/events/01174
EV001175,PM,TRI_BILLING,TRI-R00645,SUBMITTED,2022-12-19T10:26:00-07:00,2022-12-20T03:56:45-07:00,54487,USD,,false,TRI/SRC/events/01175
EV001176,PM,TRI_BILLING,,PAYMENT_POSTED,2023-01-05T12:44:00-07:00,2023-01-08T02:11:57-07:00,54487,USD,,false,TRI/SRC/events/01176
EV001177,PM,TRI_BILLING,TRI-R00646,SUBMITTED,2023-01-24T12:19:00-07:00,2023-01-31T23:18:22-07:00,3256,USD,,false,TRI/SRC/events/01177
EV001178,PM,TRI_BILLING,,PAYMENT_POSTED,2023-02-17T13:34:00-07:00,2023-02-19T14:21:34-07:00,3256,USD,,false,TRI/SRC/events/01178
EV001179,PM,TRI_BILLING,TRI-R00647,SUBMITTED,2023-03-17T15:40:00-06:00,2023-03-18T13:43:28-06:00,95465,USD,,false,TRI/SRC/events/01179
EV001180,PM,TRI_BILLING,,PAYMENT_POSTED,2023-04-24T09:42:00-06:00,2023-05-11T02:33:33-06:00,95465,USD,,false,TRI/SRC/events/01180
EV001181,PM,TRI_BILLING,TRI-R00648,SUBMITTED,2022-09-05T16:46:00-06:00,2022-09-05T19:20:53-06:00,125682,USD,,false,TRI/SRC/events/01181
EV001182,PM,TRI_BILLING,,PAYMENT_POSTED,2022-09-12T11:24:00-06:00,2022-09-12T17:43:17-06:00,125682,USD,,false,TRI/SRC/events/01182
EV001183,PM,TRI_BILLING,TRI-R00649,SUBMITTED,2022-09-01T14:21:00-06:00,2022-09-06T01:35:20-06:00,9279,USD,,false,TRI/SRC/events/01183
EV001184,PM,TRI_BILLING,TRI-R00650,SUBMITTED,2022-11-23T09:35:00-07:00,2022-11-28T08:39:47-07:00,4982,USD,,false,TRI/SRC/events/01184
EV001185,PM,TRI_BILLING,,PAYMENT_POSTED,2022-11-28T15:43:00-07:00,2022-12-01T12:26:50-07:00,4982,USD,,false,TRI/SRC/events/01185
EV001186,PM,TRI_BILLING,TRI-R00651,SUBMITTED,2023-08-14T15:20:00-06:00,2023-08-15T21:48:33-06:00,5090,USD,,false,TRI/SRC/events/01186
EV001187,PM,TRI_BILLING,,PAYMENT_POSTED,2023-08-22T08:18:00-06:00,2023-08-22T08:48:21-06:00,5090,USD,,false,TRI/SRC/events/01187
EV001188,PM,TRI_BILLING,TRI-R00652,SUBMITTED,2023-05-22T11:44:00-06:00,2023-05-29T17:31:58-06:00,7070,USD,,false,TRI/SRC/events/01188
EV001189,PM,TRI_BILLING,,PAYMENT_POSTED,2023-07-12T16:35:00-06:00,2023-07-12T20:19:49-06:00,7070,USD,,false,TRI/SRC/events/01189
EV001190,PM,TRI_BILLING,TRI-R00653,SUBMITTED,2023-04-13T16:49:00-06:00,2023-04-13T18:55:30-06:00,20416,USD,,false,TRI/SRC/events/01190
EV001191,PM,TRI_BILLING,,PAYMENT_POSTED,2023-05-08T14:07:00-06:00,2023-05-08T18:35:19-06:00,20416,USD,,false,TRI/SRC/events/01191
EV001192,PM,TRI_BILLING,TRI-R00654,SUBMITTED,2023-05-26T12:14:00-06:00,2023-05-26T17:55:57-06:00,50542,USD,,false,TRI/SRC/events/01192
EV001193,PM,TRI_BILLING,,PAYMENT_POSTED,2023-06-05T11:22:00-06:00,2023-06-05T13:37:15-06:00,50542,USD,,false,TRI/SRC/events/01193
EV001194,PM,TRI_BILLING,TRI-R00655,SUBMITTED,2023-05-01T15:57:00-06:00,2023-05-04T05:48:36-06:00,19401,USD,,false,TRI/SRC/events/01194
EV001195,PM,TRI_BILLING,,PAYMENT_POSTED,2023-05-08T09:29:00-06:00,2023-05-08T09:42:59-06:00,19401,USD,,false,TRI/SRC/events/01195
EV001196,PM,TRI_BILLING,TRI-R00656,SUBMITTED,2023-05-19T09:45:00-06:00,2023-05-23T14:22:22-06:00,14278,USD,,false,TRI/SRC/events/01196
EV001197,PM,TRI_BILLING,TRI-R00657,CORRECTED,2023-05-30T11:54:00-06:00,2023-05-31T10:09:04-06:00,14228,USD,,false,TRI/SRC/events/01197
EV001198,PM,TRI_BILLING,TRI-R00656,VOID_VERSION,2023-05-30T11:54:00-06:00,2023-05-31T22:31:39-06:00,14278,USD,,false,TRI/SRC/events/01198
EV001199,PM,TRI_BILLING,,PAYMENT_POSTED,2023-06-05T16:24:00-06:00,2023-06-05T23:30:54-06:00,14228,USD,,false,TRI/SRC/events/01199
EV001200,PM,TRI_BILLING,TRI-R00658,SUBMITTED,2023-08-10T14:16:00-06:00,2023-08-10T17:15:31-06:00,28412,USD,,false,TRI/SRC/events/01200
EV001201,PM,TRI_BILLING,,PAYMENT_POSTED,2023-08-23T13:48:00-06:00,2023-08-28T01:48:29-06:00,28412,USD,,false,TRI/SRC/events/01201
EV001202,PM,TRI_BILLING,TRI-R00659,SUBMITTED,2022-10-18T09:02:00-06:00,2022-12-24T12:06:22-07:00,7702,USD,,false,TRI/SRC/events/01202
EV001203,PM,TRI_BILLING,,PAYMENT_POSTED,2022-11-11T12:45:00-07:00,2022-11-11T16:05:05-07:00,7702,USD,,false,TRI/SRC/events/01203
EV001204,PM,TRI_BILLING,TRI-R00660,SUBMITTED,2023-04-17T16:40:00-06:00,2023-04-22T13:32:57-06:00,167103,USD,,false,TRI/SRC/events/01204
EV001205,PM,TRI_BILLING,,PAYMENT_POSTED,2023-05-08T13:22:00-06:00,2023-05-10T03:19:38-06:00,167103,USD,,false,TRI/SRC/events/01205
EV001206,PM,TRI_BILLING,TRI-R00661,SUBMITTED,2022-12-01T15:54:00-07:00,2022-12-01T23:05:41-07:00,3517,USD,,false,TRI/SRC/events/01206
EV001207,PM,TRI_BILLING,,PAYMENT_POSTED,2022-12-26T08:49:00-07:00,2022-12-27T15:43:27-07:00,3517,USD,,false,TRI/SRC/events/01207
EV001208,PM,TRI_BILLING,TRI-R00662,SUBMITTED,2022-11-18T11:44:00-07:00,2022-11-18T12:59:57-07:00,132399,USD,,false,TRI/SRC/events/01208
EV001209,PM,TRI_BILLING,,PAYMENT_POSTED,2023-01-20T14:45:00-07:00,2023-01-22T07:54:01-07:00,132399,USD,,false,TRI/SRC/events/01209
EV001210,PM,TRI_BILLING,TRI-R00663,SUBMITTED,2022-11-15T12:43:00-07:00,2022-11-19T00:07:51-07:00,12679,USD,,false,TRI/SRC/events/01210
EV001211,PM,TRI_BILLING,TRI-R00664,SUBMITTED,2022-09-02T16:43:00-06:00,2022-09-07T13:31:29-06:00,57752,USD,,false,TRI/SRC/events/01211
EV001212,PM,TRI_BILLING,,PAYMENT_POSTED,2022-10-10T16:38:00-06:00,2022-10-12T19:08:36-06:00,57752,USD,,false,TRI/SRC/events/01212
EV001213,PM,TRI_BILLING,TRI-R00665,SUBMITTED,2023-05-08T14:41:00-06:00,2023-05-10T02:11:11-06:00,60751,USD,,false,TRI/SRC/events/01213
EV001214,PM,TRI_BILLING,TRI-R00666,SUBMITTED,2023-02-27T12:28:00-07:00,2023-02-27T17:39:00-07:00,8782,USD,,false,TRI/SRC/events/01214
EV001215,PM,TRI_BILLING,,PAYMENT_POSTED,2023-03-15T15:25:00-06:00,2023-03-15T17:33:26-06:00,8782,USD,,false,TRI/SRC/events/01215
EV001216,PM,TRI_BILLING,TRI-R00667,SUBMITTED,2022-07-13T09:04:00-06:00,2022-07-13T13:57:54-06:00,12195,USD,,false,TRI/SRC/events/01216
EV001217,PM,TRI_BILLING,,PAYMENT_POSTED,2022-07-28T08:15:00-06:00,2022-07-28T12:37:49-06:00,12195,USD,,false,TRI/SRC/events/01217
EV001218,PM,TRI_BILLING,TRI-R00668,SUBMITTED,2023-09-04T12:10:00-06:00,2023-09-05T17:55:30-06:00,20761,USD,,false,TRI/SRC/events/01218
EV001219,PM,TRI_BILLING,TRI-R00669,SUBMITTED,2022-11-23T10:30:00-07:00,2022-11-29T17:02:13-07:00,13850,USD,,false,TRI/SRC/events/01219
EV001220,PM,TRI_BILLING,,PAYMENT_POSTED,2022-12-12T13:17:00-07:00,2022-12-13T13:49:31-07:00,13850,USD,,false,TRI/SRC/events/01220
EV001221,PM,TRI_BILLING,TRI-R00670,SUBMITTED,2022-11-21T08:43:00-07:00,2022-11-22T15:40:20-07:00,14693,USD,,false,TRI/SRC/events/01221
EV001222,PM,TRI_BILLING,TRI-R00671,SUBMITTED,2023-05-18T11:46:00-06:00,2023-05-20T14:17:20-06:00,166653,USD,,false,TRI/SRC/events/01222
EV001223,PM,TRI_BILLING,TRI-R00672,SUBMITTED,2023-02-13T09:57:00-07:00,2023-02-13T13:53:34-07:00,12660,USD,,false,TRI/SRC/events/01223
EV001224,PM,TRI_BILLING,TRI-R00673,CORRECTED,2023-02-20T11:06:00-07:00,2023-02-23T21:16:49-07:00,15177,USD,,false,TRI/SRC/events/01224
EV001225,PM,TRI_BILLING,,PAYMENT_POSTED,2023-02-28T12:37:00-07:00,2023-03-02T06:47:42-07:00,15177,USD,,false,TRI/SRC/events/01225
EV001226,PM,TRI_BILLING,TRI-R00674,SUBMITTED,2023-04-26T15:53:00-06:00,2023-04-27T17:42:08-06:00,14158,USD,,false,TRI/SRC/events/01226
EV001227,PM,TRI_BILLING,TRI-R00675,CORRECTED,2023-05-01T13:26:00-06:00,2023-05-05T02:27:51-06:00,16149,USD,,false,TRI/SRC/events/01227
EV001228,PM,TRI_BILLING,,PAYMENT_POSTED,2023-05-22T10:55:00-06:00,2023-05-22T11:18:18-06:00,16149,USD,,false,TRI/SRC/events/01228
EV001229,PM,TRI_BILLING,TRI-R00676,SUBMITTED,2023-02-07T14:46:00-07:00,2023-02-08T15:40:29-07:00,6334,USD,,false,TRI/SRC/events/01229
EV001230,PM,TRI_BILLING,,PAYMENT_POSTED,2023-03-06T15:24:00-07:00,2023-03-10T05:38:00-07:00,6334,USD,,false,TRI/SRC/events/01230
EV001231,PM,TRI_BILLING,TRI-R00677,SUBMITTED,2023-04-07T13:05:00-06:00,2023-04-07T20:49:16-06:00,30084,USD,,false,TRI/SRC/events/01231
EV001232,PM,TRI_BILLING,,PAYMENT_POSTED,2023-04-18T09:24:00-06:00,2023-05-03T01:26:50-06:00,30084,USD,,false,TRI/SRC/events/01232
EV001233,PM,TRI_BILLING,TRI-R00678,SUBMITTED,2023-08-28T16:05:00-06:00,2023-09-01T09:31:49-06:00,13745,USD,,false,TRI/SRC/events/01233
EV001234,PM,TRI_BILLING,,PAYMENT_POSTED,2023-09-14T10:27:00-06:00,2023-09-14T14:44:07-06:00,13745,USD,,false,TRI/SRC/events/01234
EV001235,PM,TRI_BILLING,TRI-R00679,SUBMITTED,2023-01-13T12:35:00-07:00,2023-01-14T06:32:43-07:00,10651,USD,,false,TRI/SRC/events/01235
EV001236,PM,TRI_BILLING,,PAYMENT_POSTED,2023-01-24T12:25:00-07:00,2023-01-24T20:14:57-07:00,10651,USD,,false,TRI/SRC/events/01236
EV001237,PM,TRI_BILLING,TRI-R00680,SUBMITTED,2022-10-10T14:31:00-06:00,2022-10-10T19:24:31-06:00,34278,USD,,false,TRI/SRC/events/01237
EV001238,PM,TRI_BILLING,,PAYMENT_POSTED,2022-10-27T08:07:00-06:00,2022-10-27T09:47:15-06:00,34278,EUR,,false,TRI/SRC/events/01238
EV001239,PM,TRI_BILLING,TRI-R00681,SUBMITTED,2023-01-30T11:13:00-07:00,2023-02-02T10:51:05-07:00,11770,USD,,false,TRI/SRC/events/01239
EV001240,PM,TRI_BILLING,,PAYMENT_POSTED,2023-02-27T11:50:00-07:00,2023-02-27T18:06:48-07:00,11770,USD,,false,TRI/SRC/events/01240
EV001241,PM,TRI_BILLING,TRI-R00682,SUBMITTED,2023-04-21T16:12:00-06:00,2023-04-21T21:53:28-06:00,71612,USD,,false,TRI/SRC/events/01241
EV001242,PM,TRI_BILLING,,PAYMENT_POSTED,2023-06-26T13:35:00-06:00,2023-07-08T15:16:51-06:00,71612,USD,,false,TRI/SRC/events/01242
EV001243,PM,TRI_BILLING,TRI-R00683,SUBMITTED,2022-08-22T08:07:00-06:00,2022-08-22T11:54:53-06:00,17606,USD,,false,TRI/SRC/events/01243
EV001244,PM,TRI_BILLING,,PAYMENT_POSTED,2022-09-05T13:02:00-06:00,2022-09-05T13:37:44-06:00,17606,USD,,false,TRI/SRC/events/01244
EV001245,PM,TRI_BILLING,TRI-R00684,SUBMITTED,2023-02-06T12:16:00-07:00,2023-02-06T16:54:04-07:00,5710,USD,,false,TRI/SRC/events/01245
EV001246,PM,TRI_BILLING,TRI-R00685,SUBMITTED,2022-07-21T09:09:00-06:00,2022-07-27T01:10:35-06:00,11605,USD,,false,TRI/SRC/events/01246
EV001247,PM,TRI_BILLING,,PAYMENT_POSTED,2022-07-28T08:30:00-06:00,2022-07-28T13:04:03-06:00,11605,USD,,false,TRI/SRC/events/01247
EV001248,PM,TRI_BILLING,TRI-R00686,SUBMITTED,2022-12-13T13:55:00-07:00,2022-12-13T20:36:35-07:00,23981,USD,,false,TRI/SRC/events/01248
EV001249,PM,TRI_BILLING,,PAYMENT_POSTED,2022-12-19T09:41:00-07:00,2022-12-19T10:45:11-07:00,23981,USD,,false,TRI/SRC/events/01249
EV001250,PM,TRI_BILLING,TRI-R00687,SUBMITTED,2023-01-10T14:21:00-07:00,2023-01-29T02:17:31-07:00,5888,USD,,false,TRI/SRC/events/01250
EV001251,PM,TRI_BILLING,TRI-R00688,SUBMITTED,2023-03-31T14:38:00-06:00,2023-04-08T10:11:11-06:00,4499,USD,,false,TRI/SRC/events/01251
EV001252,PM,TRI_BILLING,TRI-R00689,CORRECTED,2023-04-03T08:52:00-06:00,2023-04-06T09:28:18-06:00,4817,USD,,false,TRI/SRC/events/01252
EV001253,PM,TRI_BILLING,,PAYMENT_POSTED,2023-04-13T13:31:00-06:00,2023-04-13T18:29:55-06:00,4817,USD,,false,TRI/SRC/events/01253
EV001254,PM,TRI_BILLING,TRI-R00690,SUBMITTED,2022-12-05T08:41:00-07:00,2022-12-10T08:49:04-07:00,6989,USD,,false,TRI/SRC/events/01254
EV001255,PM,TRI_BILLING,,PAYMENT_POSTED,2023-01-11T09:17:00-07:00,2023-01-11T12:14:41-07:00,6989,USD,,false,TRI/SRC/events/01255
EV001256,PM,TRI_BILLING,TRI-R00691,SUBMITTED,2022-12-05T13:12:00-07:00,2022-12-05T21:11:29-07:00,17830,USD,,false,TRI/SRC/events/01256
EV001257,PM,TRI_BILLING,TRI-R00692,SUBMITTED,2023-07-31T14:25:00-06:00,2023-08-08T08:46:40-06:00,7228,USD,,false,TRI/SRC/events/01257
EV001258,PM,TRI_BILLING,,PAYMENT_POSTED,2023-08-09T14:26:00-06:00,2023-08-09T18:58:29-06:00,7228,USD,,false,TRI/SRC/events/01258
EV001259,PM,TRI_BILLING,TRI-R00693,SUBMITTED,2023-03-06T15:01:00-07:00,2023-03-08T23:04:29-07:00,83139,USD,,false,TRI/SRC/events/01259
EV001260,PM,TRI_BILLING,,PAYMENT_POSTED,2023-03-20T11:45:00-06:00,2023-03-23T23:26:49-06:00,83139,USD,,false,TRI/SRC/events/01260
EV001261,PM,TRI_BILLING,TRI-R00694,SUBMITTED,2023-06-01T14:37:00-06:00,2023-06-05T21:31:33-06:00,3379,USD,,false,TRI/SRC/events/01261
EV001262,PM,TRI_BILLING,,PAYMENT_POSTED,2023-06-12T12:23:00-06:00,2023-06-15T06:20:43-06:00,3379,USD,,false,TRI/SRC/events/01262
EV001263,PM,TRI_BILLING,TRI-R00695,SUBMITTED,2023-05-09T09:45:00-06:00,2023-05-09T11:00:02-06:00,8359,USD,,false,TRI/SRC/events/01263
EV001264,PM,TRI_BILLING,,PAYMENT_POSTED,2023-05-22T16:14:00-06:00,2023-06-12T16:14:00-06:00,8359,USD,,false,TRI/SRC/events/01264
EV001265,PM,TRI_BILLING,TRI-R00696,SUBMITTED,2023-06-02T15:40:00-06:00,2023-06-13T01:03:52-06:00,171212,USD,,false,TRI/SRC/events/01265
EV001266,PM,TRI_BILLING,TRI-R00696,CLOSED_NO_PAYMENT,2023-09-11T15:05:00-06:00,2023-09-15T17:28:29-06:00,,,,true,TRI/SRC/events/01266
EV001267,PM,TRI_BILLING,TRI-R00697,SUBMITTED,2022-07-26T13:29:00-06:00,2022-07-26T15:51:33-06:00,11031,USD,,false,TRI/SRC/events/01267
EV001268,PM,TRI_BILLING,,PAYMENT_POSTED,2022-08-04T11:53:00-06:00,2022-08-06T06:12:11-06:00,11031,USD,,false,TRI/SRC/events/01268
EV001269,PM,TRI_BILLING,TRI-R00698,SUBMITTED,2022-12-21T10:33:00-07:00,2022-12-23T10:54:18-07:00,7382,USD,,false,TRI/SRC/events/01269
EV001270,PM,TRI_BILLING,,PAYMENT_POSTED,2023-02-14T16:16:00-07:00,2023-02-18T02:59:50-07:00,7382,USD,,false,TRI/SRC/events/01270
EV001271,PM,TRI_BILLING,TRI-R00699,SUBMITTED,2023-04-03T08:48:00-06:00,2023-04-03T11:24:19-06:00,25788,USD,,false,TRI/SRC/events/01271
EV001272,PM,TRI_BILLING,TRI-R00699,CLOSED_NO_PAYMENT,2023-06-06T12:21:00-06:00,2023-06-06T17:12:09-06:00,,EUR,,true,TRI/SRC/events/01272
EV001273,PM,TRI_BILLING,TRI-R00700,SUBMITTED,2022-08-04T13:34:00-06:00,2022-08-06T04:05:50-06:00,5597,USD,,false,TRI/SRC/events/01273
EV001274,PM,TRI_BILLING,TRI-R00701,CORRECTED,2022-08-08T10:27:00-06:00,2022-08-11T23:12:57-06:00,4778,USD,,false,TRI/SRC/events/01274
EV001275,PM,TRI_BILLING,TRI-R00700,VOID_VERSION,2022-08-08T10:27:00-06:00,2022-08-09T12:05:02-06:00,5597,USD,,false,TRI/SRC/events/01275
EV001276,PM,TRI_BILLING,,PAYMENT_POSTED,2022-10-20T14:04:00-06:00,2022-10-30T08:54:27-06:00,4778,USD,,false,TRI/SRC/events/01276
EV001277,PM,TRI_BILLING,TRI-R00702,SUBMITTED,2022-11-01T16:20:00-06:00,2022-11-01T22:00:28-06:00,19456,USD,,false,TRI/SRC/events/01277
EV001278,PM,TRI_BILLING,,PAYMENT_POSTED,2022-11-11T08:04:00-07:00,2022-11-11T09:09:26-07:00,19456,USD,,false,TRI/SRC/events/01278
EV001279,PM,TRI_BILLING,TRI-R00703,SUBMITTED,2022-12-26T11:16:00-07:00,2022-12-26T16:33:56-07:00,14742,USD,,false,TRI/SRC/events/01279
EV001280,PM,TRI_BILLING,,PAYMENT_POSTED,2023-01-16T13:40:00-07:00,2023-01-16T21:08:39-07:00,14742,USD,,false,TRI/SRC/events/01280
EV001281,PM,TRI_BILLING,TRI-R00704,SUBMITTED,2023-07-07T10:25:00-06:00,2023-07-08T19:20:23-06:00,37700,EUR,,false,TRI/SRC/events/01281
EV001282,PM,TRI_BILLING,,PAYMENT_POSTED,2023-08-16T12:41:00-06:00,2023-08-16T14:16:42-06:00,37700,USD,,false,TRI/SRC/events/01282
EV001283,PM,TRI_BILLING,TRI-R00705,SUBMITTED,2022-11-11T10:27:00-07:00,2022-11-12T09:20:54-07:00,6924,USD,,false,TRI/SRC/events/01283
EV001284,PM,TRI_BILLING,,PAYMENT_POSTED,2022-12-01T11:14:00-07:00,2022-12-02T13:46:11-07:00,6924,USD,,false,TRI/SRC/events/01284
EV001285,PM,TRI_BILLING,TRI-R00706,SUBMITTED,2023-09-11T10:48:00-06:00,2023-09-27T11:55:18-06:00,15886,USD,,false,TRI/SRC/events/01285
EV001286,PM,TRI_BILLING,,PAYMENT_POSTED,2023-09-21T08:53:00-06:00,2023-09-21T16:01:40-06:00,15886,USD,,false,TRI/SRC/events/01286
EV001287,PM,TRI_BILLING,TRI-R00707,SUBMITTED,2023-09-11T08:21:00-06:00,2023-09-15T02:50:54-06:00,19375,USD,,false,TRI/SRC/events/01287
EV001288,PM,TRI_BILLING,,PAYMENT_POSTED,2023-11-14T16:39:00-07:00,2023-11-14T17:52:41-07:00,19375,USD,,false,TRI/SRC/events/01288
EV001289,PM,TRI_BILLING,TRI-R00708,SUBMITTED,2023-06-26T09:53:00-06:00,2023-06-26T13:23:51-06:00,7052,USD,,false,TRI/SRC/events/01289
EV001290,PM,TRI_BILLING,,PAYMENT_POSTED,2023-07-10T12:13:00-06:00,2023-07-12T17:13:58-06:00,7052,USD,,false,TRI/SRC/events/01290
EV001291,PM,TRI_BILLING,TRI-R00709,SUBMITTED,2023-07-12T11:17:00-06:00,2023-07-12T11:45:55-06:00,26894,USD,,false,TRI/SRC/events/01291
EV001292,PM,TRI_BILLING,,PAYMENT_POSTED,2023-07-25T11:31:00-06:00,2023-07-28T10:54:59-06:00,26894,USD,,false,TRI/SRC/events/01292
EV001293,PM,TRI_BILLING,TRI-R00710,SUBMITTED,2022-08-24T16:38:00-06:00,2022-08-24T19:48:48-06:00,7539,EUR,,false,TRI/SRC/events/01293
EV001294,PM,TRI_BILLING,TRI-R00711,CORRECTED,2022-08-29T14:46:00-06:00,2022-08-31T05:03:37-06:00,7624,USD,,false,TRI/SRC/events/01294
EV001295,PM,TRI_BILLING,TRI-R00710,VOID_VERSION,2022-08-29T14:46:00-06:00,2022-09-01T09:22:14-06:00,7539,USD,,false,TRI/SRC/events/01295
EV001296,PM,TRI_BILLING,,PAYMENT_POSTED,2022-09-15T14:10:00-06:00,2022-09-25T18:09:13-06:00,7624,USD,,false,TRI/SRC/events/01296
EV001297,PM,TRI_BILLING,TRI-R00711,PAYMENT_REVERSED,2022-09-19T08:34:00-06:00,2022-09-21T18:35:49-06:00,6030,USD,EV001296,false,TRI/SRC/events/01297
EV001298,PM,TRI_BILLING,TRI-R00712,SUBMITTED,2022-10-28T13:49:00-06:00,2022-10-29T18:15:56-06:00,4439,USD,,false,TRI/SRC/events/01298
EV001299,PM,TRI_BILLING,,PAYMENT_POSTED,2022-11-30T11:43:00-07:00,2022-12-07T03:17:37-07:00,4439,USD,,false,TRI/SRC/events/01299
EV001300,PM,TRI_BILLING,TRI-R00713,SUBMITTED,2023-05-08T15:47:00-06:00,2023-05-13T10:14:19-06:00,13797,USD,,false,TRI/SRC/events/01300
EV001301,PM,TRI_BILLING,,PAYMENT_POSTED,2023-05-22T10:03:00-06:00,2023-05-24T07:17:56-06:00,13797,USD,,false,TRI/SRC/events/01301
EV001302,PM,TRI_BILLING,TRI-R00714,SUBMITTED,2023-09-08T08:07:00-06:00,2023-09-08T23:02:49-06:00,9450,USD,,false,TRI/SRC/events/01302
EV001303,PM,TRI_BILLING,,PAYMENT_POSTED,2023-09-13T14:58:00-06:00,2023-09-15T22:28:41-06:00,9450,USD,,false,TRI/SRC/events/01303
EV001304,PM,TRI_BILLING,TRI-R00715,SUBMITTED,2023-08-21T12:44:00-06:00,2023-08-21T16:06:17-06:00,19403,USD,,false,TRI/SRC/events/01304
EV001305,PM,TRI_BILLING,,PAYMENT_POSTED,2023-09-13T10:24:00-06:00,2023-09-13T12:33:42-06:00,19403,USD,,false,TRI/SRC/events/01305
EV001306,PM,TRI_BILLING,TRI-R00716,SUBMITTED,2023-09-04T11:46:00-06:00,2023-09-06T04:05:12-06:00,19055,USD,,false,TRI/SRC/events/01306
EV001307,PM,TRI_BILLING,TRI-R00717,SUBMITTED,2022-11-24T08:52:00-07:00,2022-11-24T13:02:17-07:00,12446,USD,,false,TRI/SRC/events/01307
EV001308,PM,TRI_BILLING,,PAYMENT_POSTED,2023-02-06T14:25:00-07:00,2023-02-09T03:31:47-07:00,12446,USD,,false,TRI/SRC/events/01308
EV001309,PM,TRI_BILLING,TRI-R00718,SUBMITTED,2022-09-28T08:39:00-06:00,2022-09-28T09:46:27-06:00,22792,USD,,false,TRI/SRC/events/01309
EV001310,PM,TRI_BILLING,,PAYMENT_POSTED,2022-10-10T09:02:00-06:00,2022-10-10T12:24:41-06:00,22792,USD,,false,TRI/SRC/events/01310
EV001311,PM,TRI_BILLING,TRI-R00719,SUBMITTED,2023-04-19T15:49:00-06:00,2023-04-21T19:07:00-06:00,13284,USD,,false,TRI/SRC/events/01311
EV001312,PM,TRI_BILLING,TRI-R00720,SUBMITTED,2023-05-22T10:00:00-06:00,2023-05-24T12:06:39-06:00,5496,USD,,false,TRI/SRC/events/01312
EV001313,PM,TRI_BILLING,,PAYMENT_POSTED,2023-07-05T14:59:00-06:00,2023-07-07T01:21:07-06:00,5496,USD,,false,TRI/SRC/events/01313
EV001314,PM,TRI_BILLING,TRI-R00721,SUBMITTED,2023-04-10T15:57:00-06:00,2023-04-10T22:07:30-06:00,4432,USD,,false,TRI/SRC/events/01314
EV001315,PM,TRI_BILLING,,PAYMENT_POSTED,2023-04-17T09:55:00-06:00,2023-04-17T11:30:31-06:00,4432,USD,,false,TRI/SRC/events/01315
EV001316,PM,TRI_BILLING,TRI-R00722,SUBMITTED,2022-08-29T09:49:00-06:00,2022-09-02T02:53:16-06:00,9356,USD,,false,TRI/SRC/events/01316
EV001317,PM,TRI_BILLING,,PAYMENT_POSTED,2022-09-21T13:03:00-06:00,2022-09-21T16:41:38-06:00,9356,USD,,false,TRI/SRC/events/01317
EV001318,PM,TRI_BILLING,TRI-R00723,SUBMITTED,2023-02-01T10:03:00-07:00,2023-02-05T14:27:31-07:00,9308,USD,,false,TRI/SRC/events/01318
EV001319,PM,TRI_BILLING,,PAYMENT_POSTED,2023-02-15T10:16:00-07:00,2023-02-15T16:02:37-07:00,9308,USD,,false,TRI/SRC/events/01319
EV001320,PM,TRI_BILLING,TRI-R00724,SUBMITTED,2023-03-16T14:40:00-06:00,2023-03-16T16:47:04-06:00,9588,USD,,false,TRI/SRC/events/01320
EV001321,PM,TRI_BILLING,,PAYMENT_POSTED,2023-03-31T08:33:00-06:00,2023-03-31T15:01:26-06:00,9588,USD,,false,TRI/SRC/events/01321
EV001322,PM,TRI_BILLING,TRI-R00725,SUBMITTED,2022-11-17T10:00:00-07:00,2022-11-17T13:47:09-07:00,5862,USD,,false,TRI/SRC/events/01322
EV001323,PM,TRI_BILLING,,PAYMENT_POSTED,2022-12-13T14:00:00-07:00,2022-12-16T17:26:07-07:00,5862,USD,,false,TRI/SRC/events/01323
EV001324,PM,TRI_BILLING,TRI-R00726,SUBMITTED,2023-03-30T13:18:00-06:00,2023-03-30T17:58:33-06:00,79590,USD,,false,TRI/SRC/events/01324
EV001325,PM,TRI_BILLING,,PAYMENT_POSTED,2023-04-14T16:27:00-06:00,2023-04-16T01:22:21-06:00,79590,USD,,false,TRI/SRC/events/01325
EV001326,PM,TRI_BILLING,TRI-R00727,SUBMITTED,2022-08-12T16:09:00-06:00,2022-08-20T03:05:55-06:00,13834,USD,,false,TRI/SRC/events/01326
EV001327,PM,TRI_BILLING,,PAYMENT_POSTED,2022-08-18T08:12:00-06:00,2022-08-18T08:19:10-06:00,13834,USD,,false,TRI/SRC/events/01327
EV001328,PM,TRI_BILLING,TRI-R00728,SUBMITTED,2022-07-01T09:25:00-06:00,2022-07-04T18:50:04-06:00,7717,USD,,false,TRI/SRC/events/01328
EV001329,PM,TRI_BILLING,,PAYMENT_POSTED,2022-07-21T08:05:00-06:00,2022-07-21T08:45:51-06:00,7717,USD,,false,TRI/SRC/events/01329
EV001330,PM,TRI_BILLING,TRI-R00729,SUBMITTED,2022-11-16T08:29:00-07:00,2022-11-16T10:55:16-07:00,31047,USD,,false,TRI/SRC/events/01330
EV001331,PM,TRI_BILLING,,PAYMENT_POSTED,2022-11-18T12:43:00-07:00,2022-11-23T11:37:47-07:00,31047,USD,,false,TRI/SRC/events/01331
EV001332,PM,TRI_BILLING,TRI-R00730,SUBMITTED,2023-08-03T09:28:00-06:00,2023-08-08T12:03:35-06:00,12967,USD,,false,TRI/SRC/events/01332
EV001333,PM,TRI_BILLING,,PAYMENT_POSTED,2023-08-22T15:41:00-06:00,2023-08-22T22:43:41-06:00,12967,USD,,false,TRI/SRC/events/01333
EV001334,PM,TRI_BILLING,TRI-R00731,SUBMITTED,2023-06-15T09:29:00-06:00,2023-06-15T09:45:58-06:00,61375,USD,,false,TRI/SRC/events/01334
EV001335,PM,TRI_BILLING,,PAYMENT_POSTED,2023-08-15T15:05:00-06:00,2023-08-15T19:20:07-06:00,61375,USD,,false,TRI/SRC/events/01335
EV001336,PM,TRI_BILLING,TRI-R00732,SUBMITTED,2022-11-10T12:16:00-07:00,2022-11-10T19:46:24-07:00,114816,USD,,false,TRI/SRC/events/01336
EV001337,PM,TRI_BILLING,,PAYMENT_POSTED,2022-12-06T08:09:00-07:00,2022-12-06T12:24:25-07:00,114816,USD,,false,TRI/SRC/events/01337
EV001338,PM,TRI_BILLING,TRI-R00733,SUBMITTED,2023-09-07T10:27:00-06:00,2023-09-10T13:59:25-06:00,11163,USD,,false,TRI/SRC/events/01338
EV001339,PM,TRI_BILLING,,PAYMENT_POSTED,2023-10-11T14:21:00-06:00,2023-10-11T18:20:37-06:00,11163,USD,,false,TRI/SRC/events/01339
EV001340,PM,TRI_BILLING,TRI-R00734,SUBMITTED,2023-02-23T14:11:00-07:00,2023-02-23T15:37:20-07:00,15820,USD,,false,TRI/SRC/events/01340
EV001341,PM,TRI_BILLING,TRI-R00734,CLOSED_NO_PAYMENT,2023-04-13T11:31:00-06:00,2023-04-13T19:08:48-06:00,,,,true,TRI/SRC/events/01341
EV001342,PM,TRI_BILLING,TRI-R00735,SUBMITTED,2022-12-06T12:31:00-07:00,2022-12-06T20:01:34-07:00,9825,USD,,false,TRI/SRC/events/01342
EV001343,PM,TRI_BILLING,TRI-R00736,SUBMITTED,2023-09-19T08:46:00-06:00,2023-09-22T23:33:22-06:00,13510,USD,,false,TRI/SRC/events/01343
EV001344,PM,TRI_BILLING,,PAYMENT_POSTED,2023-10-09T08:04:00-06:00,2023-10-11T09:25:49-06:00,13510,USD,,false,TRI/SRC/events/01344
EV001345,PM,TRI_BILLING,TRI-R00737,SUBMITTED,2023-01-16T09:51:00-07:00,2023-01-16T15:21:42-07:00,2728,USD,,false,TRI/SRC/events/01345
EV001346,PM,TRI_BILLING,,PAYMENT_POSTED,2023-01-23T08:37:00-07:00,2023-01-27T20:30:49-07:00,2728,USD,,false,TRI/SRC/events/01346
EV001347,PM,TRI_BILLING,TRI-R00738,SUBMITTED,2023-08-14T14:31:00-06:00,2023-10-05T11:43:03-06:00,12207,USD,,false,TRI/SRC/events/01347
EV001348,PM,TRI_BILLING,,PAYMENT_POSTED,2023-09-21T12:06:00-06:00,2023-09-21T19:25:37-06:00,12207,USD,,false,TRI/SRC/events/01348
EV001349,PM,TRI_BILLING,TRI-R00739,SUBMITTED,2023-06-07T13:57:00-06:00,2023-06-15T16:43:15-06:00,4326,USD,,false,TRI/SRC/events/01349
EV001350,PM,TRI_BILLING,,PAYMENT_POSTED,2023-07-24T13:07:00-06:00,2023-07-24T16:30:53-06:00,4326,USD,,false,TRI/SRC/events/01350
EV001351,PM,TRI_BILLING,TRI-R00740,SUBMITTED,2023-05-29T09:10:00-06:00,2023-06-02T13:47:52-06:00,19307,USD,,false,TRI/SRC/events/01351
EV001352,PM,TRI_BILLING,,PAYMENT_POSTED,2023-06-13T12:02:00-06:00,2023-06-18T20:52:26-06:00,19307,USD,,false,TRI/SRC/events/01352
EV001353,PM,TRI_BILLING,TRI-R00741,SUBMITTED,2023-09-19T15:59:00-06:00,2023-09-19T19:21:35-06:00,32608,USD,,false,TRI/SRC/events/01353
EV001354,PM,TRI_BILLING,TRI-R00742,SUBMITTED,2023-10-02T08:24:00-06:00,2023-10-04T00:06:58-06:00,15582,USD,,false,TRI/SRC/events/01354
EV001355,PM,TRI_BILLING,,PAYMENT_POSTED,2023-10-18T10:11:00-06:00,2023-10-24T11:29:02-06:00,15582,USD,,false,TRI/SRC/events/01355
EV001356,PM,TRI_BILLING,TRI-R00743,SUBMITTED,2022-10-13T08:08:00-06:00,2022-10-14T07:45:49-06:00,94130,EUR,,false,TRI/SRC/events/01356
EV001357,PM,TRI_BILLING,,PAYMENT_POSTED,2022-10-27T13:52:00-06:00,2022-10-27T15:34:26-06:00,94130,USD,,false,TRI/SRC/events/01357
EV001358,PM,TRI_BILLING,TRI-R00744,SUBMITTED,2023-07-14T14:37:00-06:00,2023-07-14T15:46:25-06:00,3309,USD,,false,TRI/SRC/events/01358
EV001359,PM,TRI_BILLING,TRI-R00745,SUBMITTED,2023-01-05T08:16:00-07:00,2023-01-08T06:29:41-07:00,6840,USD,,false,TRI/SRC/events/01359
EV001360,PM,TRI_BILLING,,PAYMENT_POSTED,2023-02-13T09:39:00-07:00,2023-02-13T13:25:30-07:00,6840,USD,,false,TRI/SRC/events/01360
EV001361,PM,TRI_BILLING,TRI-R00746,SUBMITTED,2023-01-10T16:54:00-07:00,2023-01-10T19:05:12-07:00,13390,USD,,false,TRI/SRC/events/01361
EV001362,PM,TRI_BILLING,TRI-R00746,CLOSED_NO_PAYMENT,2023-02-27T13:18:00-07:00,2023-03-10T01:05:30-07:00,,,,true,TRI/SRC/events/01362
EV001363,PM,TRI_BILLING,TRI-R00747,SUBMITTED,2023-08-31T09:12:00-06:00,2023-09-01T12:04:19-06:00,3529,USD,,false,TRI/SRC/events/01363
EV001364,PM,TRI_BILLING,TRI-R00748,SUBMITTED,2023-06-14T16:53:00-06:00,2023-06-17T18:20:31-06:00,81710,USD,,false,TRI/SRC/events/01364
EV001365,PM,TRI_BILLING,,PAYMENT_POSTED,2023-06-26T08:48:00,2023-06-26T15:34:48,81710,USD,,false,TRI/SRC/events/01365
EV001366,PM,TRI_BILLING,TRI-R00749,SUBMITTED,2023-07-10T11:12:00-06:00,2023-07-10T11:29:18-06:00,13986,USD,,false,TRI/SRC/events/01366
EV001367,PM,TRI_BILLING,,PAYMENT_POSTED,2023-07-31T12:59:00-06:00,2023-08-05T01:59:26-06:00,13986,USD,,false,TRI/SRC/events/01367
EV001368,PM,TRI_BILLING,TRI-R00750,SUBMITTED,2023-09-04T15:20:00-06:00,2023-09-04T18:17:00-06:00,3849,USD,,false,TRI/SRC/events/01368
EV001369,PM,TRI_BILLING,,PAYMENT_POSTED,2023-09-21T11:44:00-06:00,2023-09-21T14:52:47-06:00,3849,USD,,false,TRI/SRC/events/01369
EV001370,PM,TRI_BILLING,TRI-R00751,SUBMITTED,2023-08-31T11:26:00-06:00,2023-09-02T15:23:34-06:00,12063,USD,,false,TRI/SRC/events/01370
EV001371,PM,TRI_BILLING,,PAYMENT_POSTED,2023-09-13T12:00:00-06:00,2023-09-13T18:55:46-06:00,12063,USD,,false,TRI/SRC/events/01371
EV001372,PM,TRI_BILLING,TRI-R00752,SUBMITTED,2022-09-19T09:51:00-06:00,2022-09-24T18:17:16-06:00,6413,USD,,false,TRI/SRC/events/01372
EV001373,PM,TRI_BILLING,TRI-R00753,CORRECTED,2022-09-22T14:55:00-06:00,2022-09-22T20:02:14-06:00,7441,USD,,false,TRI/SRC/events/01373
EV001374,PM,TRI_BILLING,,PAYMENT_POSTED,2022-10-03T16:53:00-06:00,2022-10-06T18:40:55-06:00,7441,USD,,false,TRI/SRC/events/01374
EV001375,PM,TRI_BILLING,TRI-R00754,SUBMITTED,2023-06-05T14:01:00-06:00,2023-06-05T17:07:16-06:00,5394,USD,,false,TRI/SRC/events/01375
EV001376,PM,TRI_BILLING,TRI-R00755,SUBMITTED,2022-07-18T12:59:00-06:00,2022-08-08T12:59:00-06:00,38046,USD,,false,TRI/SRC/events/01376
EV001377,PM,TRI_BILLING,,PAYMENT_POSTED,2022-10-06T08:55:00-06:00,2022-10-06T15:14:45-06:00,38046,USD,,false,TRI/SRC/events/01377
EV001378,PM,TRI_BILLING,TRI-R00756,SUBMITTED,2023-03-01T11:18:00-07:00,2023-03-04T21:18:46-07:00,26088,USD,,false,TRI/SRC/events/01378
EV001379,PM,TRI_BILLING,,PAYMENT_POSTED,2023-03-27T09:45:00-06:00,2023-03-27T11:33:18-06:00,26088,USD,,false,TRI/SRC/events/01379
EV001380,PM,TRI_BILLING,TRI-R00757,SUBMITTED,2023-01-02T14:15:00-07:00,2023-01-02T16:19:03-07:00,63141,USD,,false,TRI/SRC/events/01380
EV001381,PM,TRI_BILLING,,PAYMENT_POSTED,2023-02-16T11:55:00-07:00,2023-02-19T20:37:03-07:00,63141,USD,,false,TRI/SRC/events/01381
EV001382,PM,TRI_BILLING,TRI-R00758,SUBMITTED,2023-08-15T10:43:00-06:00,2023-08-15T17:57:36-06:00,40626,USD,,false,TRI/SRC/events/01382
EV001383,PM,TRI_BILLING,,PAYMENT_POSTED,2023-08-31T11:00:00-06:00,2023-08-31T11:21:01-06:00,40626,USD,,false,TRI/SRC/events/01383
EV001384,PM,TRI_BILLING,TRI-R00759,SUBMITTED,2023-04-14T14:51:00-06:00,2023-04-16T09:17:07-06:00,3630,USD,,false,TRI/SRC/events/01384
EV001385,PM,TRI_BILLING,TRI-R00759,CLOSED_NO_PAYMENT,2023-06-23T08:04:00-06:00,2023-07-03T23:11:10-06:00,,,,true,TRI/SRC/events/01385
EV001386,PM,TRI_BILLING,TRI-R00760,SUBMITTED,2023-07-31T13:45:00-06:00,2023-08-03T09:10:04-06:00,243911,USD,,false,TRI/SRC/events/01386
EV001387,PM,TRI_BILLING,,PAYMENT_POSTED,2023-08-30T14:02:00-06:00,2023-08-30T15:07:10-06:00,243911,USD,,false,TRI/SRC/events/01387
EV001388,PM,TRI_BILLING,TRI-R00761,SUBMITTED,2022-07-07T12:04:00-06:00,2022-07-13T17:01:46-06:00,7374,USD,,false,TRI/SRC/events/01388
EV001389,PM,TRI_BILLING,,PAYMENT_POSTED,2022-07-15T12:38:00-06:00,2022-07-17T15:14:26-06:00,7374,USD,,false,TRI/SRC/events/01389
EV001390,PM,TRI_BILLING,TRI-R00762,SUBMITTED,2023-09-05T10:17:00-06:00,2023-09-05T12:32:25-06:00,5703,USD,,false,TRI/SRC/events/01390
EV001391,PM,TRI_BILLING,TRI-R00763,CORRECTED,2023-09-11T09:11:00-06:00,2023-09-11T09:24:49-06:00,5421,USD,,false,TRI/SRC/events/01391
EV001392,PM,TRI_BILLING,,PAYMENT_POSTED,2023-10-17T11:54:00-06:00,2023-10-21T19:47:30-06:00,5421,USD,,false,TRI/SRC/events/01392
EV001393,PM,TRI_BILLING,TRI-R00764,SUBMITTED,2023-04-18T11:16:00-06:00,2023-04-22T13:42:45-06:00,18976,USD,,false,TRI/SRC/events/01393
EV001394,PM,TRI_BILLING,,PAYMENT_POSTED,2023-08-01T13:48:00-06:00,2023-08-01T21:27:38-06:00,18976,USD,,false,TRI/SRC/events/01394
EV001395,PM,TRI_BILLING,TRI-R00765,SUBMITTED,2022-07-06T08:08:00-06:00,2022-07-06T10:59:18-06:00,12888,USD,,false,TRI/SRC/events/01395
EV001396,PM,TRI_BILLING,,PAYMENT_POSTED,2022-08-29T15:23:00-06:00,2022-08-29T17:31:16-06:00,12888,USD,,false,TRI/SRC/events/01396
EV001397,PM,TRI_BILLING,TRI-R00766,SUBMITTED,2023-03-20T13:27:00-06:00,2023-03-20T15:51:40-06:00,13627,USD,,false,TRI/SRC/events/01397
EV001398,PM,TRI_BILLING,,PAYMENT_POSTED,2023-05-22T14:09:00-06:00,2023-05-23T17:55:05-06:00,13627,USD,,false,TRI/SRC/events/01398
EV001399,PM,TRI_BILLING,TRI-R00767,SUBMITTED,2023-03-15T14:16:00-06:00,2023-03-16T10:00:12-06:00,14367,USD,,false,TRI/SRC/events/01399
EV001400,PM,TRI_BILLING,TRI-R00768,SUBMITTED,2023-03-10T09:54:00-07:00,2023-03-11T12:11:39-07:00,5709,USD,,false,TRI/SRC/events/01400
EV001401,PM,TRI_BILLING,,PAYMENT_POSTED,2023-03-29T13:13:00-06:00,2023-04-19T13:13:00-06:00,5709,USD,,false,TRI/SRC/events/01401
EV001402,PM,TRI_BILLING,TRI-R00769,SUBMITTED,2022-09-08T09:25:00,2022-09-08T15:39:46,4962,USD,,false,TRI/SRC/events/01402
EV001403,PM,TRI_BILLING,TRI-R00770,CORRECTED,2022-09-12T13:31:00-06:00,2022-09-12T17:23:38-06:00,4412,USD,,false,TRI/SRC/events/01403
EV001404,PM,TRI_BILLING,,PAYMENT_POSTED,2022-09-19T12:42:00-06:00,2022-09-19T20:28:38-06:00,4412,USD,,false,TRI/SRC/events/01404
EV001405,PM,TRI_BILLING,TRI-R00771,SUBMITTED,2023-06-19T15:38:00-06:00,2023-06-20T03:56:57-06:00,3662,USD,,false,TRI/SRC/events/01405
EV001406,PM,TRI_BILLING,,PAYMENT_POSTED,2023-07-11T11:08:00-06:00,2023-07-11T14:01:12-06:00,3662,USD,,false,TRI/SRC/events/01406
EV001407,PM,TRI_BILLING,TRI-R00772,SUBMITTED,2022-07-18T14:28:00-06:00,2022-07-19T13:05:19-06:00,65261,USD,,false,TRI/SRC/events/01407
EV001408,PM,TRI_BILLING,TRI-R00773,SUBMITTED,2023-07-20T16:17:00-06:00,2023-07-24T17:41:24-06:00,12312,USD,,false,TRI/SRC/events/01408
EV001409,PM,TRI_BILLING,,PAYMENT_POSTED,2023-07-25T09:10:00-06:00,2023-07-25T12:26:29-06:00,12312,USD,,false,TRI/SRC/events/01409
EV001410,PM,TRI_BILLING,TRI-R00774,SUBMITTED,2022-11-14T11:33:00-07:00,2022-11-17T11:54:41-07:00,2500,USD,,false,TRI/SRC/events/01410
EV001411,PM,TRI_BILLING,TRI-R00775,CORRECTED,2022-11-23T11:56:00-07:00,2022-11-24T23:45:40-07:00,2942,USD,,false,TRI/SRC/events/01411
EV001412,PM,TRI_BILLING,,PAYMENT_POSTED,2022-11-21T13:53:00-07:00,2022-11-21T16:19:27-07:00,2942,USD,,false,TRI/SRC/events/01412
EV001413,PM,TRI_BILLING,TRI-R00776,SUBMITTED,2023-06-29T10:25:00-06:00,2023-07-04T05:19:36-06:00,12146,USD,,false,TRI/SRC/events/01413
EV001414,PM,TRI_BILLING,TRI-R00777,CORRECTED,2023-07-03T15:29:00-06:00,2023-07-07T02:15:51-06:00,10642,USD,,false,TRI/SRC/events/01414
EV001415,PM,TRI_BILLING,TRI-R00776,VOID_VERSION,2023-07-03T15:29:00-06:00,2023-07-05T14:04:55-06:00,12146,USD,,false,TRI/SRC/events/01415
EV001416,PM,TRI_BILLING,,PAYMENT_POSTED,2023-08-25T14:17:00-06:00,2023-08-25T21:45:50-06:00,10642,USD,,false,TRI/SRC/events/01416
EV001417,PM,TRI_BILLING,TRI-R00778,SUBMITTED,2023-06-27T10:28:00-06:00,2023-06-27T12:28:29-06:00,8311,USD,,false,TRI/SRC/events/01417
EV001418,PM,TRI_BILLING,TRI-R00777,PAYMENT_REVERSED,2023-09-07T09:57:00-06:00,2023-09-07T12:49:31-06:00,10642,USD,,false,TRI/SRC/events/01418
EV001419,PM,TRI_BILLING,TRI-R00779,SUBMITTED,2023-06-12T10:19:00-06:00,2023-06-13T18:01:17-06:00,4434,USD,,false,TRI/SRC/events/01419
EV001420,PM,TRI_BILLING,,PAYMENT_POSTED,2023-07-03T11:01:00-06:00,2023-07-03T18:02:32-06:00,4434,USD,,false,TRI/SRC/events/01420
EV001421,PM,TRI_BILLING,TRI-R00780,SUBMITTED,2023-03-31T13:42:00-06:00,2023-04-03T22:06:32-06:00,9337,USD,,false,TRI/SRC/events/01421
EV001422,PM,TRI_BILLING,,PAYMENT_POSTED,2023-06-27T10:17:00-06:00,2023-06-27T11:35:51-06:00,9337,USD,,false,TRI/SRC/events/01422
EV001423,PM,TRI_BILLING,TRI-R00781,SUBMITTED,2023-05-19T12:49:00-06:00,2023-05-30T21:01:12-06:00,66577,USD,,false,TRI/SRC/events/01423
EV001424,PM,TRI_BILLING,,PAYMENT_POSTED,2023-05-29T10:19:00-06:00,2023-05-29T17:17:52-06:00,66577,USD,,false,TRI/SRC/events/01424
EV001425,PM,TRI_BILLING,TRI-R00782,SUBMITTED,2023-08-09T12:52:00-06:00,2023-08-09T17:10:36-06:00,6451,USD,,false,TRI/SRC/events/01425
EV001426,PM,TRI_BILLING,TRI-R00782,CLOSED_NO_PAYMENT,2023-09-14T08:48:00-06:00,2023-09-17T16:25:08-06:00,,,,true,TRI/SRC/events/01426
EV001427,PM,TRI_BILLING,TRI-R00783,SUBMITTED,2022-08-15T15:35:00-06:00,2022-08-15T15:57:19-06:00,6902,USD,,false,TRI/SRC/events/01427
EV001428,PM,TRI_BILLING,,PAYMENT_POSTED,2022-08-26T11:07:00,2022-08-26T13:24:58,6902,USD,,false,TRI/SRC/events/01428
EV001429,PM,NDX_BILLING,NDX-R00784,SUBMITTED,2023-08-10T08:42:00-04:00,2023-08-11T01:53:34-04:00,4628,USD,,false,NDX/SRC/events/01429
EV001430,PM,NDX_BILLING,NDX-R00785,SUBMITTED,2022-12-15T11:53:00-05:00,2022-12-16T04:05:04-05:00,133558,USD,,false,NDX/SRC/events/01430
EV001431,PM,NDX_BILLING,,PAYMENT_POSTED,2023-01-02T10:09:00-05:00,2023-01-02T15:02:12-05:00,133558,USD,,false,NDX/SRC/events/01431
EV001432,PM,NDX_BILLING,NDX-R00786,SUBMITTED,2023-02-02T08:04:00-05:00,2023-02-04T04:15:38-05:00,7243,USD,,false,NDX/SRC/events/01432
EV001433,PM,NDX_BILLING,,PAYMENT_POSTED,2023-02-22T14:06:00-05:00,2023-03-05T08:56:52-05:00,7243,USD,,false,NDX/SRC/events/01433
EV001434,PM,NDX_BILLING,NDX-R00787,SUBMITTED,2023-01-23T12:59:00-05:00,2023-01-23T14:54:34-05:00,7891,USD,,false,NDX/SRC/events/01434
EV001435,PM,NDX_BILLING,,PAYMENT_POSTED,2023-02-13T09:15:00-05:00,2023-04-24T06:10:53-04:00,7891,USD,,false,NDX/SRC/events/01435
EV001436,PM,NDX_BILLING,NDX-R00788,SUBMITTED,2022-09-02T16:22:00-04:00,2022-09-02T22:26:50-04:00,79880,USD,,false,NDX/SRC/events/01436
EV001437,PM,NDX_BILLING,NDX-R00789,CORRECTED,2022-09-09T16:04:00-04:00,2022-09-20T05:58:36-04:00,79165,USD,,false,NDX/SRC/events/01437
EV001438,PM,NDX_BILLING,NDX-R00788,VOID_VERSION,2022-09-09T16:04:00-04:00,2022-09-09T16:22:55-04:00,79880,USD,,false,NDX/SRC/events/01438
EV001439,PM,NDX_BILLING,NDX-R00789,CLOSED_NO_PAYMENT,2022-10-10T15:13:00-04:00,2022-10-10T19:33:34-04:00,,,,true,NDX/SRC/events/01439
EV001440,PM,NDX_BILLING,NDX-R00790,SUBMITTED,2022-12-26T12:26:00-05:00,2022-12-29T01:45:06-05:00,4227,USD,,false,NDX/SRC/events/01440
EV001441,PM,NDX_BILLING,,PAYMENT_POSTED,2023-01-20T09:23:00-05:00,2023-01-20T11:34:31-05:00,4227,USD,,false,NDX/SRC/events/01441
EV001442,PM,NDX_BILLING,NDX-R00791,SUBMITTED,2023-02-21T11:15:00-05:00,2023-02-22T23:48:52-05:00,90958,USD,,false,NDX/SRC/events/01442
EV001443,PM,NDX_BILLING,,PAYMENT_POSTED,2023-03-13T13:19:00-04:00,2023-03-13T15:20:08-04:00,90958,USD,,false,NDX/SRC/events/01443
EV001444,PM,NDX_BILLING,NDX-R00792,SUBMITTED,2023-08-16T15:51:00-04:00,2023-08-16T21:31:25-04:00,15519,USD,,false,NDX/SRC/events/01444
EV001445,PM,NDX_BILLING,,PAYMENT_POSTED,2023-09-04T09:03:00-04:00,2023-09-06T14:36:53-04:00,15519,USD,,false,NDX/SRC/events/01445
EV001446,PM,NDX_BILLING,NDX-R00793,SUBMITTED,2022-09-05T10:42:00-04:00,2022-09-05T13:14:31-04:00,7937,USD,,false,NDX/SRC/events/01446
EV001447,PM,NDX_BILLING,,PAYMENT_POSTED,2022-10-24T12:06:00-04:00,2022-10-29T07:36:40-04:00,7937,USD,,false,NDX/SRC/events/01447
EV001448,PM,NDX_BILLING,NDX-R00794,SUBMITTED,2023-05-04T14:13:00-04:00,2023-05-04T19:15:32-04:00,8007,USD,,false,NDX/SRC/events/01448
EV001449,PM,NDX_BILLING,,PAYMENT_POSTED,2023-05-15T14:56:00-04:00,2023-05-17T09:29:56-04:00,8007,USD,,false,NDX/SRC/events/01449
EV001450,PM,NDX_BILLING,NDX-R00795,SUBMITTED,2023-09-18T15:48:00-04:00,2023-09-18T20:04:16-04:00,18591,USD,,false,NDX/SRC/events/01450
EV001451,PM,NDX_BILLING,NDX-R00795,CLOSED_NO_PAYMENT,2023-12-14T09:55:00-05:00,2023-12-14T10:26:03-05:00,,,,true,NDX/SRC/events/01451
EV001452,PM,NDX_BILLING,NDX-R00796,SUBMITTED,2023-04-03T12:50:00-04:00,2023-04-03T17:37:28-04:00,7979,USD,,false,NDX/SRC/events/01452
EV001453,PM,NDX_BILLING,,PAYMENT_POSTED,2023-04-10T11:48:00-04:00,2023-06-25T07:42:54-04:00,7979,USD,,false,NDX/SRC/events/01453
EV001454,PM,NDX_BILLING,NDX-R00797,SUBMITTED,2022-11-30T14:24:00-05:00,2022-12-07T21:35:49-05:00,14047,USD,,false,NDX/SRC/events/01454
EV001455,PM,NDX_BILLING,,PAYMENT_POSTED,2023-01-23T12:42:00-05:00,2023-01-23T15:57:22-05:00,14047,USD,,false,NDX/SRC/events/01455
EV001456,PM,NDX_BILLING,NDX-R00798,SUBMITTED,2022-11-21T11:09:00-05:00,2022-11-22T12:29:06-05:00,4498,USD,,false,NDX/SRC/events/01456
EV001457,PM,NDX_BILLING,,PAYMENT_POSTED,2022-12-02T09:51:00-05:00,2022-12-07T06:27:51-05:00,4498,USD,,false,NDX/SRC/events/01457
EV001458,PM,NDX_BILLING,NDX-R00799,SUBMITTED,2023-02-08T12:51:00-05:00,2023-02-08T16:50:13-05:00,20732,USD,,false,NDX/SRC/events/01458
EV001459,PM,NDX_BILLING,NDX-R00800,CORRECTED,2023-02-20T15:58:00-05:00,2023-02-20T17:24:39-05:00,18103,USD,,false,NDX/SRC/events/01459
EV001460,PM,NDX_BILLING,,PAYMENT_POSTED,2023-02-21T11:41:00-05:00,2023-02-21T15:31:40-05:00,18103,USD,,false,NDX/SRC/events/01460
EV001461,PM,NDX_BILLING,NDX-R00801,SUBMITTED,2023-05-05T12:37:00-04:00,2023-05-05T19:41:23-04:00,24712,USD,,false,NDX/SRC/events/01461
EV001462,PM,NDX_BILLING,NDX-R00802,SUBMITTED,2022-12-15T12:17:00-05:00,2022-12-16T21:49:16-05:00,10584,USD,,false,NDX/SRC/events/01462
EV001463,PM,NDX_BILLING,NDX-R00803,CORRECTED,2022-12-26T13:59:00-05:00,2022-12-26T18:11:27-05:00,10512,USD,,false,NDX/SRC/events/01463
EV001464,PM,NDX_BILLING,NDX-R00804,SUBMITTED,2023-06-30T14:19:00-04:00,2023-07-13T02:23:33-04:00,7506,USD,,false,NDX/SRC/events/01464
EV001465,PM,NDX_BILLING,,PAYMENT_POSTED,2023-07-10T13:29:00-04:00,2023-07-10T21:08:45-04:00,7506,USD,,false,NDX/SRC/events/01465
EV001466,PM,NDX_BILLING,NDX-R00805,SUBMITTED,2023-05-22T13:58:00-04:00,2023-06-12T13:58:00-04:00,26419,USD,,false,NDX/SRC/events/01466
EV001467,PM,NDX_BILLING,NDX-R00805,CLOSED_NO_PAYMENT,2023-09-18T14:47:00-04:00,2023-09-19T04:17:44-04:00,,,,true,NDX/SRC/events/01467
EV001468,PM,NDX_BILLING,NDX-R00806,SUBMITTED,2022-08-08T14:17:00-04:00,2022-08-09T11:57:57-04:00,16531,USD,,false,NDX/SRC/events/01468
EV001469,PM,NDX_BILLING,,PAYMENT_POSTED,2022-08-29T12:26:00-04:00,2022-09-06T13:43:01-04:00,16531,USD,,false,NDX/SRC/events/01469
EV001470,PM,NDX_BILLING,NDX-R00807,SUBMITTED,2023-04-17T16:54:00-04:00,2023-04-17T21:25:10-04:00,34035,USD,,false,NDX/SRC/events/01470
EV001471,PM,NDX_BILLING,,PAYMENT_POSTED,2023-05-29T08:07:00-04:00,2023-06-01T12:43:15-04:00,34035,USD,,false,NDX/SRC/events/01471
EV001472,PM,NDX_BILLING,NDX-R00808,SUBMITTED,2022-08-18T13:29:00-04:00,2022-08-21T06:07:35-04:00,5445,USD,,false,NDX/SRC/events/01472
EV001473,PM,NDX_BILLING,,PAYMENT_POSTED,2022-09-05T15:51:00-04:00,2022-09-08T05:31:10-04:00,5445,USD,,false,NDX/SRC/events/01473
EV001474,PM,NDX_BILLING,NDX-R00809,SUBMITTED,2023-06-05T10:55:00-04:00,2023-06-06T19:38:09-04:00,11905,USD,,false,NDX/SRC/events/01474
EV001475,PM,NDX_BILLING,NDX-R00810,SUBMITTED,2022-12-15T10:27:00-05:00,2022-12-16T04:35:58-05:00,7186,USD,,false,NDX/SRC/events/01475
EV001476,PM,NDX_BILLING,NDX-R00811,CORRECTED,2022-12-19T10:09:00-05:00,2022-12-19T12:04:40-05:00,6264,USD,,false,NDX/SRC/events/01476
EV001477,PM,NDX_BILLING,NDX-R00810,VOID_VERSION,2022-12-19T10:09:00-05:00,2022-12-21T15:29:26-05:00,7186,USD,,false,NDX/SRC/events/01477
EV001478,PM,NDX_BILLING,,PAYMENT_POSTED,2023-01-12T13:56:00-05:00,2023-01-12T22:59:28-05:00,6264,USD,,false,NDX/SRC/events/01478
EV001479,PM,NDX_BILLING,NDX-R00812,SUBMITTED,2023-06-22T08:01:00-04:00,2023-06-25T08:59:28-04:00,4910,USD,,false,NDX/SRC/events/01479
EV001480,PM,NDX_BILLING,,PAYMENT_POSTED,2023-07-10T14:22:00-04:00,2023-07-12T05:06:34-04:00,4910,USD,,false,NDX/SRC/events/01480
EV001481,PM,NDX_BILLING,NDX-R00813,SUBMITTED,2022-08-03T10:10:00-04:00,2022-08-03T17:23:06-04:00,13397,USD,,false,NDX/SRC/events/01481
EV001482,PM,NDX_BILLING,,PAYMENT_POSTED,2022-08-26T13:04:00-04:00,2022-08-26T15:01:26-04:00,13397,USD,,false,NDX/SRC/events/01482
EV001483,PM,NDX_BILLING,NDX-R00814,SUBMITTED,2023-08-28T08:07:00-04:00,2023-08-28T13:37:56-04:00,7167,USD,,false,NDX/SRC/events/01483
EV001484,PM,NDX_BILLING,NDX-R00815,CORRECTED,2023-08-30T11:45:00-04:00,2023-08-31T11:30:02-04:00,7650,USD,,false,NDX/SRC/events/01484
EV001485,PM,NDX_BILLING,,PAYMENT_POSTED,2023-09-15T13:50:00-04:00,2023-09-16T08:31:10-04:00,7650,USD,,false,NDX/SRC/events/01485
EV001486,PM,NDX_BILLING,NDX-R00816,SUBMITTED,2023-08-25T15:45:00-04:00,2023-08-27T22:41:11-04:00,10669,USD,,false,NDX/SRC/events/01486
EV001487,PM,NDX_BILLING,,PAYMENT_POSTED,2023-08-31T16:08:00-04:00,2023-09-01T04:57:55-04:00,10669,USD,,false,NDX/SRC/events/01487
EV001488,PM,NDX_BILLING,NDX-R00817,SUBMITTED,2022-10-07T08:11:00-04:00,2022-10-10T19:34:27-04:00,273022,USD,,false,NDX/SRC/events/01488
EV001489,PM,NDX_BILLING,NDX-R00818,SUBMITTED,2023-05-02T10:52:00-04:00,2023-05-06T19:44:08-04:00,3291,USD,,false,NDX/SRC/events/01489
EV001490,PM,NDX_BILLING,,PAYMENT_POSTED,2023-05-15T11:58:00-04:00,2023-05-21T04:25:30-04:00,3291,USD,,false,NDX/SRC/events/01490
EV001491,PM,NDX_BILLING,NDX-R00819,SUBMITTED,2022-07-05T16:43:00-04:00,2022-07-06T00:23:46-04:00,13345,USD,,false,NDX/SRC/events/01491
EV001492,PM,NDX_BILLING,,PAYMENT_POSTED,2022-07-28T13:50:00-04:00,2022-07-28T18:32:12-04:00,13345,USD,,false,NDX/SRC/events/01492
EV001493,PM,NDX_BILLING,NDX-R00820,SUBMITTED,2022-10-28T08:26:00-04:00,2022-10-28T13:47:31-04:00,36745,USD,,false,NDX/SRC/events/01493
EV001494,PM,NDX_BILLING,,PAYMENT_POSTED,2022-11-07T14:23:00-05:00,2022-11-08T20:36:16-05:00,36745,USD,,false,NDX/SRC/events/01494
EV001495,PM,NDX_BILLING,NDX-R00821,SUBMITTED,2023-03-14T09:58:00-04:00,2023-03-18T16:24:22-04:00,52902,USD,,false,NDX/SRC/events/01495
EV001496,PM,NDX_BILLING,,PAYMENT_POSTED,2023-03-27T08:14:00-04:00,2023-03-29T21:40:17-04:00,52902,USD,,false,NDX/SRC/events/01496
EV001497,PM,NDX_BILLING,NDX-R00822,SUBMITTED,2023-07-24T11:47:00-04:00,2023-08-04T18:54:33-04:00,49525,USD,,false,NDX/SRC/events/01497
EV001498,PM,NDX_BILLING,NDX-R00822,CLOSED_NO_PAYMENT,2023-08-24T15:56:00-04:00,2023-08-24T16:46:44-04:00,,,,true,NDX/SRC/events/01498
EV001499,PM,NDX_BILLING,NDX-R00823,SUBMITTED,2022-12-02T10:04:00-05:00,2022-12-02T10:15:38-05:00,31300,USD,,false,NDX/SRC/events/01499
EV001500,PM,NDX_BILLING,,PAYMENT_POSTED,2022-12-22T14:45:00-05:00,2022-12-22T19:37:24-05:00,31300,USD,,false,NDX/SRC/events/01500
EV001501,PM,NDX_BILLING,NDX-R00824,SUBMITTED,2023-01-05T14:41:00-05:00,2023-01-06T21:35:44-05:00,18689,USD,,false,NDX/SRC/events/01501
EV001502,PM,NDX_BILLING,,PAYMENT_POSTED,2023-01-18T08:21:00-05:00,2023-01-25T03:19:47-05:00,18689,USD,,false,NDX/SRC/events/01502
EV001503,PM,NDX_BILLING,NDX-R00825,SUBMITTED,2023-06-06T08:19:00-04:00,2023-06-16T23:57:03-04:00,4165,USD,,false,NDX/SRC/events/01503
EV001504,PM,NDX_BILLING,NDX-R00826,SUBMITTED,2022-08-17T15:10:00-04:00,2022-08-25T09:33:34-04:00,47085,USD,,false,NDX/SRC/events/01504
EV001505,PM,NDX_BILLING,,PAYMENT_POSTED,2022-08-24T12:45:00-04:00,2022-08-24T17:03:35-04:00,47085,USD,,false,NDX/SRC/events/01505
EV001506,PM,NDX_BILLING,NDX-R00827,SUBMITTED,2023-08-10T14:28:00-04:00,2023-08-16T13:34:46-04:00,66640,USD,,false,NDX/SRC/events/01506
EV001507,PM,NDX_BILLING,,PAYMENT_POSTED,2023-09-01T09:38:00-04:00,2023-09-02T22:11:59-04:00,66640,USD,,false,NDX/SRC/events/01507
EV001508,PM,NDX_BILLING,NDX-R00828,SUBMITTED,2023-03-21T15:42:00-04:00,2023-03-21T21:34:46-04:00,8733,USD,,false,NDX/SRC/events/01508
EV001509,PM,NDX_BILLING,,PAYMENT_POSTED,2023-04-26T15:59:00-04:00,2023-04-28T19:55:26-04:00,8733,USD,,false,NDX/SRC/events/01509
EV001510,PM,NDX_BILLING,NDX-R00829,SUBMITTED,2023-05-22T08:13:00-04:00,2023-05-23T07:23:18-04:00,5757,USD,,false,NDX/SRC/events/01510
EV001511,PM,NDX_BILLING,,PAYMENT_POSTED,2023-06-02T14:45:00-04:00,2023-06-03T23:34:52-04:00,5757,USD,,false,NDX/SRC/events/01511
EV001512,PM,NDX_BILLING,NDX-R00830,SUBMITTED,2022-12-26T16:16:00-05:00,2022-12-27T01:24:00-05:00,15457,USD,,false,NDX/SRC/events/01512
EV001513,PM,NDX_BILLING,,PAYMENT_POSTED,2023-01-26T08:54:00-05:00,2023-01-31T11:24:31-05:00,15457,USD,,false,NDX/SRC/events/01513
EV001514,PM,NDX_BILLING,NDX-R00831,SUBMITTED,2023-01-17T11:14:00-05:00,2023-01-17T12:57:52-05:00,8630,USD,,false,NDX/SRC/events/01514
EV001515,PM,NDX_BILLING,,PAYMENT_POSTED,2023-02-01T10:28:00-05:00,2023-02-01T13:32:31-05:00,8630,USD,,false,NDX/SRC/events/01515
EV001516,PM,NDX_BILLING,NDX-R00832,SUBMITTED,2023-01-16T16:28:00-05:00,2023-01-16T23:57:07-05:00,18344,USD,,false,NDX/SRC/events/01516
EV001517,PM,NDX_BILLING,NDX-R00833,SUBMITTED,2022-08-03T13:40:00-04:00,2022-08-24T13:40:00-04:00,10203,USD,,false,NDX/SRC/events/01517
EV001518,PM,NDX_BILLING,NDX-R00833,CLOSED_NO_PAYMENT,2022-11-24T13:23:00-05:00,2022-12-11T14:44:39-05:00,,,,true,NDX/SRC/events/01518
EV001519,PM,NDX_BILLING,NDX-R00834,SUBMITTED,2023-07-10T15:10:00-04:00,2023-07-10T21:30:04-04:00,15505,USD,,false,NDX/SRC/events/01519
EV001520,PM,NDX_BILLING,,PAYMENT_POSTED,2023-08-03T13:08:00-04:00,2023-08-03T18:03:40-04:00,15505,USD,,false,NDX/SRC/events/01520
EV001521,PM,NDX_BILLING,NDX-R00835,SUBMITTED,2023-01-23T09:34:00-05:00,2023-01-23T17:28:01-05:00,22944,USD,,false,NDX/SRC/events/01521
EV001522,PM,NDX_BILLING,,PAYMENT_POSTED,2023-02-22T12:02:00-05:00,2023-02-23T08:06:17-05:00,22944,USD,,false,NDX/SRC/events/01522
EV001523,PM,NDX_BILLING,NDX-R00836,SUBMITTED,2023-07-27T14:31:00-04:00,2023-07-27T15:33:16-04:00,14752,USD,,false,NDX/SRC/events/01523
EV001524,PM,NDX_BILLING,NDX-R00837,SUBMITTED,2023-04-27T16:03:00-04:00,2023-04-29T15:50:10-04:00,6330,USD,,false,NDX/SRC/events/01524
EV001525,PM,NDX_BILLING,,PAYMENT_POSTED,2023-05-15T09:58:00-04:00,2023-05-18T16:23:44-04:00,6330,USD,,false,NDX/SRC/events/01525
EV001526,PM,NDX_BILLING,NDX-R00838,SUBMITTED,2022-07-04T13:52:00-04:00,2022-07-06T03:31:05-04:00,99731,USD,,false,NDX/SRC/events/01526
EV001527,PM,NDX_BILLING,,PAYMENT_POSTED,2022-07-20T16:06:00-04:00,2022-07-20T23:59:36-04:00,99731,USD,,false,NDX/SRC/events/01527
EV001528,PM,NDX_BILLING,NDX-R00839,SUBMITTED,2022-08-19T13:23:00-04:00,2022-08-30T21:51:18-04:00,71422,USD,,false,NDX/SRC/events/01528
EV001529,PM,NDX_BILLING,,PAYMENT_POSTED,2022-10-10T11:33:00-04:00,2022-10-11T18:43:36-04:00,71422,USD,,false,NDX/SRC/events/01529
EV001530,PM,NDX_BILLING,NDX-R00840,SUBMITTED,2023-05-29T16:04:00-04:00,2023-05-31T08:21:20-04:00,6140,USD,,false,NDX/SRC/events/01530
EV001531,PM,NDX_BILLING,,PAYMENT_POSTED,2023-06-22T14:04:00-04:00,2023-06-23T21:14:12-04:00,6140,USD,,false,NDX/SRC/events/01531
EV001532,PM,NDX_BILLING,NDX-R00841,SUBMITTED,2023-05-29T08:46:00-04:00,2023-05-31T09:34:42-04:00,13543,USD,,false,NDX/SRC/events/01532
EV001533,PM,NDX_BILLING,NDX-R00842,SUBMITTED,2023-08-28T10:22:00-04:00,2023-08-29T02:38:26-04:00,6727,USD,,false,NDX/SRC/events/01533
EV001534,PM,NDX_BILLING,NDX-R00843,CORRECTED,2023-09-08T13:09:00-04:00,2023-09-08T20:26:00-04:00,6867,USD,,false,NDX/SRC/events/01534
EV001535,PM,NDX_BILLING,NDX-R00842,VOID_VERSION,2023-09-08T13:09:00-04:00,2023-09-08T16:11:46-04:00,6727,USD,,false,NDX/SRC/events/01535
EV001536,PM,NDX_BILLING,NDX-R00844,SUBMITTED,2023-01-16T10:34:00-05:00,2023-01-16T18:23:24-05:00,19042,USD,,false,NDX/SRC/events/01536
EV001537,PM,NDX_BILLING,,PAYMENT_POSTED,2023-01-31T09:49:00-05:00,2023-01-31T11:11:58-05:00,19042,USD,,false,NDX/SRC/events/01537
EV001538,PM,NDX_BILLING,NDX-R00845,SUBMITTED,2023-09-11T14:04:00-04:00,2023-09-11T14:58:54-04:00,17768,USD,,false,NDX/SRC/events/01538
EV001539,PM,NDX_BILLING,,PAYMENT_POSTED,2023-09-21T14:48:00-04:00,2023-09-22T08:00:33-04:00,17768,USD,,false,NDX/SRC/events/01539
EV001540,PM,NDX_BILLING,NDX-R00846,SUBMITTED,2023-03-21T12:09:00-04:00,2023-03-29T19:41:19-04:00,4624,USD,,false,NDX/SRC/events/01540
EV001541,PM,NDX_BILLING,,PAYMENT_POSTED,2023-06-01T09:16:00-04:00,2023-06-03T08:19:15-04:00,4624,USD,,false,NDX/SRC/events/01541
EV001542,PM,NDX_BILLING,NDX-R00847,SUBMITTED,2023-09-27T10:28:00-04:00,2023-09-28T07:21:04-04:00,24726,USD,,false,NDX/SRC/events/01542
EV001543,PM,NDX_BILLING,,PAYMENT_POSTED,2023-10-16T08:23:00-04:00,2023-10-18T09:16:02-04:00,24726,USD,,false,NDX/SRC/events/01543
EV001544,PM,NDX_BILLING,NDX-R00848,SUBMITTED,2022-07-12T11:22:00-04:00,2022-07-14T06:10:18-04:00,8287,USD,,false,NDX/SRC/events/01544
EV001545,PM,NDX_BILLING,NDX-R00849,CORRECTED,2022-07-13T14:57:00-04:00,2022-07-13T17:21:37-04:00,7523,USD,,false,NDX/SRC/events/01545
EV001546,PM,NDX_BILLING,,PAYMENT_POSTED,2022-07-28T13:15:00-04:00,2022-10-11T03:18:17-04:00,7523,USD,,false,NDX/SRC/events/01546
EV001547,PM,NDX_BILLING,NDX-R00850,SUBMITTED,2022-09-20T10:20:00-04:00,2022-09-20T17:48:34-04:00,145668,USD,,false,NDX/SRC/events/01547
EV001548,PM,NDX_BILLING,,PAYMENT_POSTED,2022-10-06T08:13:00-04:00,2022-10-09T21:28:12-04:00,145668,USD,,false,NDX/SRC/events/01548
EV001549,PM,NDX_BILLING,NDX-R00851,SUBMITTED,2023-09-11T09:09:00-04:00,2023-09-11T14:19:00-04:00,59642,USD,,false,NDX/SRC/events/01549
EV001550,PM,NDX_BILLING,,PAYMENT_POSTED,2023-11-06T14:49:00-05:00,2023-11-08T21:54:10-05:00,59642,EUR,,false,NDX/SRC/events/01550
EV001551,PM,NDX_BILLING,NDX-R00852,SUBMITTED,2022-07-15T11:27:00-04:00,2022-07-15T19:06:35-04:00,504417,USD,,false,NDX/SRC/events/01551
EV001552,PM,NDX_BILLING,,PAYMENT_POSTED,2022-08-09T09:39:00-04:00,2022-08-10T01:36:21-04:00,504417,USD,,false,NDX/SRC/events/01552
EV001553,PM,NDX_BILLING,NDX-R00853,SUBMITTED,2022-10-03T14:02:00-04:00,2022-10-08T16:33:41-04:00,8592,USD,,false,NDX/SRC/events/01553
EV001554,PM,NDX_BILLING,,PAYMENT_POSTED,2022-10-21T15:54:00-04:00,2022-10-23T21:16:13-04:00,8592,USD,,false,NDX/SRC/events/01554
EV001555,PM,NDX_BILLING,NDX-R00854,SUBMITTED,2023-03-29T12:26:00-04:00,2023-03-29T12:40:22-04:00,88871,USD,,false,NDX/SRC/events/01555
EV001556,PM,NDX_BILLING,,PAYMENT_POSTED,2023-04-05T11:50:00-04:00,2023-04-09T08:29:27-04:00,88871,USD,,false,NDX/SRC/events/01556
EV001557,PM,NDX_BILLING,NDX-R00855,SUBMITTED,2023-02-20T09:06:00-05:00,2023-02-20T13:25:29-05:00,10334,USD,,false,NDX/SRC/events/01557
EV001558,PM,NDX_BILLING,,PAYMENT_POSTED,2023-06-05T11:40:00-04:00,2023-06-06T18:20:36-04:00,10334,USD,,false,NDX/SRC/events/01558
EV001559,PM,NDX_BILLING,NDX-R00856,SUBMITTED,2022-11-08T15:04:00-05:00,2022-11-08T16:02:14-05:00,13151,USD,,false,NDX/SRC/events/01559
EV001560,PM,NDX_BILLING,,PAYMENT_POSTED,2023-02-15T14:20:00-05:00,2023-02-15T19:18:06-05:00,13151,USD,,false,NDX/SRC/events/01560
EV001561,PM,NDX_BILLING,NDX-R00857,SUBMITTED,2022-11-17T14:05:00-05:00,2022-11-18T14:14:50-05:00,132202,USD,,false,NDX/SRC/events/01561
EV001562,PM,NDX_BILLING,,PAYMENT_POSTED,2022-12-01T14:24:00-05:00,2022-12-05T15:32:59-05:00,132202,USD,,false,NDX/SRC/events/01562
EV001563,PM,NDX_BILLING,NDX-R00858,SUBMITTED,2022-11-04T14:59:00-04:00,2022-11-06T09:23:36-05:00,30707,USD,,false,NDX/SRC/events/01563
EV001564,PM,NDX_BILLING,,PAYMENT_POSTED,2023-01-04T16:19:00-05:00,2023-01-21T08:03:34-05:00,30707,USD,,false,NDX/SRC/events/01564
EV001565,PM,NDX_BILLING,NDX-R00859,SUBMITTED,2023-03-10T09:52:00-05:00,2023-03-10T15:54:35-05:00,5031,USD,,false,NDX/SRC/events/01565
EV001566,PM,NDX_BILLING,NDX-R00860,CORRECTED,2023-03-20T11:02:00-04:00,2023-03-20T16:01:13-04:00,5943,USD,,false,NDX/SRC/events/01566
EV001567,PM,NDX_BILLING,NDX-R00860,CLOSED_NO_PAYMENT,2023-07-05T12:25:00-04:00,2023-07-08T09:35:19-04:00,,,,true,NDX/SRC/events/01567
EV001568,PM,NDX_BILLING,NDX-R00861,SUBMITTED,2023-05-15T13:12:00-04:00,2023-05-17T06:20:39-04:00,11865,USD,,false,NDX/SRC/events/01568
EV001569,PM,NDX_BILLING,,PAYMENT_POSTED,2023-06-19T14:38:00-04:00,2023-07-05T12:50:34-04:00,11865,USD,,false,NDX/SRC/events/01569
EV001570,PM,NDX_BILLING,NDX-R00862,SUBMITTED,2023-08-22T16:55:00-04:00,2023-08-25T11:04:36-04:00,22769,USD,,false,NDX/SRC/events/01570
EV001571,PM,NDX_BILLING,NDX-R00863,SUBMITTED,2022-07-20T11:47:00-04:00,2022-07-22T16:10:33-04:00,33259,USD,,false,NDX/SRC/events/01571
EV001572,PM,NDX_BILLING,NDX-R00864,SUBMITTED,2023-06-26T14:37:00-04:00,2023-06-26T16:50:16-04:00,6637,USD,,false,NDX/SRC/events/01572
EV001573,PM,NDX_BILLING,,PAYMENT_POSTED,2023-07-20T14:36:00-04:00,2023-07-20T19:49:58-04:00,6637,USD,,false,NDX/SRC/events/01573
EV001574,PM,NDX_BILLING,NDX-R00865,SUBMITTED,2023-07-25T09:14:00-04:00,2023-07-26T23:44:00-04:00,32353,USD,,false,NDX/SRC/events/01574
EV001575,PM,NDX_BILLING,NDX-R00866,CORRECTED,2023-07-28T16:45:00-04:00,2023-07-30T01:37:56-04:00,27756,USD,,false,NDX/SRC/events/01575
EV001576,PM,NDX_BILLING,NDX-R00865,VOID_VERSION,2023-07-28T16:45:00-04:00,2023-07-28T22:12:24-04:00,32353,USD,,false,NDX/SRC/events/01576
EV001577,PM,NDX_BILLING,,PAYMENT_POSTED,2023-08-21T14:26:00-04:00,2023-08-21T18:21:30-04:00,27756,USD,,false,NDX/SRC/events/01577
EV001578,PM,NDX_BILLING,NDX-R00867,SUBMITTED,2022-07-15T14:51:00-04:00,2022-07-19T22:12:23-04:00,2664,USD,,false,NDX/SRC/events/01578
EV001579,PM,NDX_BILLING,,PAYMENT_POSTED,2022-10-10T13:26:00-04:00,2022-10-13T06:57:11-04:00,2664,USD,,false,NDX/SRC/events/01579
EV001580,PM,NDX_BILLING,NDX-R00868,SUBMITTED,2022-10-18T09:25:00-04:00,2022-10-20T17:36:45-04:00,14359,USD,,false,NDX/SRC/events/01580
EV001581,PM,NDX_BILLING,,PAYMENT_POSTED,2022-12-21T15:59:00-05:00,2022-12-21T20:08:41-05:00,14359,USD,,false,NDX/SRC/events/01581
EV001582,PM,NDX_BILLING,NDX-R00869,SUBMITTED,2023-02-14T10:12:00-05:00,2023-02-15T07:22:04-05:00,8682,USD,,false,NDX/SRC/events/01582
EV001583,PM,NDX_BILLING,,PAYMENT_POSTED,2023-04-04T09:32:00-04:00,2023-04-06T22:40:16-04:00,8682,USD,,false,NDX/SRC/events/01583
EV001584,PM,NDX_BILLING,NDX-R00870,SUBMITTED,2022-07-13T15:18:00-04:00,2022-07-13T17:14:26-04:00,15308,USD,,false,NDX/SRC/events/01584
EV001585,PM,NDX_BILLING,,PAYMENT_POSTED,2022-08-26T16:37:00-04:00,2022-08-26T22:03:50-04:00,15308,USD,,false,NDX/SRC/events/01585
EV001586,PM,NDX_BILLING,NDX-R00871,SUBMITTED,2022-09-06T11:28:00-04:00,2022-09-06T11:38:26-04:00,23586,USD,,false,NDX/SRC/events/01586
EV001587,PM,NDX_BILLING,,PAYMENT_POSTED,2022-10-20T09:19:00-04:00,2022-10-25T09:12:14-04:00,23586,USD,,false,NDX/SRC/events/01587
EV001588,PM,NDX_BILLING,NDX-R00872,SUBMITTED,2023-04-10T11:06:00-04:00,2023-04-14T19:08:40-04:00,46643,USD,,false,NDX/SRC/events/01588
EV001589,PM,NDX_BILLING,,PAYMENT_POSTED,2023-05-08T16:56:00-04:00,2023-05-08T17:06:58-04:00,46643,USD,,false,NDX/SRC/events/01589
EV001590,PM,NDX_BILLING,NDX-R00873,SUBMITTED,2022-07-11T14:11:00-04:00,2022-07-11T15:31:39-04:00,5699,USD,,false,NDX/SRC/events/01590
EV001591,PM,NDX_BILLING,,PAYMENT_POSTED,2022-07-25T15:10:00-04:00,2022-07-25T23:00:45-04:00,5699,USD,,false,NDX/SRC/events/01591
EV001592,PM,NDX_BILLING,NDX-R00874,SUBMITTED,2023-08-17T12:11:00-04:00,2023-08-17T18:06:37-04:00,4802,USD,,false,NDX/SRC/events/01592
EV001593,PM,NDX_BILLING,,PAYMENT_POSTED,2023-08-29T09:31:00-04:00,2023-09-05T11:05:55-04:00,4802,USD,,false,NDX/SRC/events/01593
EV001594,PM,NDX_BILLING,NDX-R00875,SUBMITTED,2023-09-08T11:26:00-04:00,2023-09-14T00:27:36-04:00,10713,USD,,false,NDX/SRC/events/01594
EV001595,PM,NDX_BILLING,,PAYMENT_POSTED,2023-10-09T16:41:00-04:00,2023-10-12T04:55:22-04:00,10713,USD,,false,NDX/SRC/events/01595
EV001596,PM,NDX_BILLING,NDX-R00876,SUBMITTED,2023-09-18T12:36:00-04:00,2023-09-21T07:15:49-04:00,12238,USD,,false,NDX/SRC/events/01596
EV001597,PM,NDX_BILLING,,PAYMENT_POSTED,2023-10-23T14:30:00-04:00,2023-10-25T04:03:08-04:00,12238,USD,,false,NDX/SRC/events/01597
EV001598,PM,NDX_BILLING,NDX-R00877,SUBMITTED,2023-06-02T16:23:00-04:00,2023-06-02T22:51:53-04:00,20992,USD,,false,NDX/SRC/events/01598
EV001599,PM,NDX_BILLING,,PAYMENT_POSTED,2023-06-28T10:26:00-04:00,2023-07-03T15:14:26-04:00,20992,USD,,false,NDX/SRC/events/01599
EV001600,PM,NDX_BILLING,NDX-R00878,SUBMITTED,2022-10-24T16:30:00-04:00,2022-10-25T07:20:39-04:00,20000,USD,,false,NDX/SRC/events/01600
EV001601,PM,NDX_BILLING,,PAYMENT_POSTED,2022-11-02T12:15:00-04:00,2022-11-19T04:11:25-05:00,20000,USD,,false,NDX/SRC/events/01601
EV001602,PM,NDX_BILLING,NDX-R00879,SUBMITTED,2022-08-17T12:31:00-04:00,2022-08-19T09:18:50-04:00,31902,USD,,false,NDX/SRC/events/01602
EV001603,PM,NDX_BILLING,NDX-R00879,CLOSED_NO_PAYMENT,2022-11-11T09:17:00-05:00,2022-11-14T08:16:08-05:00,,,,true,NDX/SRC/events/01603
EV001604,PM,NDX_BILLING,NDX-R00880,SUBMITTED,2023-02-13T11:16:00-05:00,2023-02-14T15:29:10-05:00,4578,USD,,false,NDX/SRC/events/01604
EV001605,PM,NDX_BILLING,,PAYMENT_POSTED,2023-03-08T11:35:00-05:00,2023-03-08T15:48:12-05:00,4578,USD,,false,NDX/SRC/events/01605
EV001606,PM,NDX_BILLING,NDX-R00881,SUBMITTED,2022-07-04T11:29:00-04:00,2022-07-06T06:13:08-04:00,3773,USD,,false,NDX/SRC/events/01606
EV001607,PM,NDX_BILLING,NDX-R00882,SUBMITTED,2023-03-09T13:35:00-05:00,2023-03-10T05:51:15-05:00,4073,USD,,false,NDX/SRC/events/01607
EV001608,PM,NDX_BILLING,,PAYMENT_POSTED,2023-03-22T12:51:00-04:00,2023-04-06T10:03:31-04:00,4073,USD,,false,NDX/SRC/events/01608
EV001609,PM,NDX_BILLING,NDX-R00883,SUBMITTED,2023-07-14T13:38:00-04:00,2023-07-15T18:10:19-04:00,5243,USD,,false,NDX/SRC/events/01609
EV001610,PM,NDX_BILLING,,PAYMENT_POSTED,2023-08-10T13:00:00-04:00,2023-08-13T04:52:19-04:00,5243,USD,,false,NDX/SRC/events/01610
EV001611,PM,NDX_BILLING,NDX-R00884,SUBMITTED,2023-07-11T08:02:00-04:00,2023-07-24T10:16:56-04:00,38961,USD,,false,NDX/SRC/events/01611
EV001612,PM,NDX_BILLING,NDX-R00885,SUBMITTED,2022-09-26T12:25:00-04:00,2022-09-26T17:13:45-04:00,214572,USD,,false,NDX/SRC/events/01612
EV001613,PM,NDX_BILLING,,PAYMENT_POSTED,2022-10-11T10:24:00-04:00,2022-10-11T13:19:53-04:00,214572,USD,,false,NDX/SRC/events/01613
EV001614,PM,NDX_BILLING,NDX-R00886,SUBMITTED,2023-01-09T15:47:00-05:00,2023-01-11T20:56:55-05:00,14246,USD,,false,NDX/SRC/events/01614
EV001615,PM,NDX_BILLING,NDX-R00887,CORRECTED,2023-01-18T13:46:00-05:00,2023-02-08T13:46:00-05:00,15502,USD,,false,NDX/SRC/events/01615
EV001616,PM,NDX_BILLING,NDX-R00886,VOID_VERSION,2023-01-18T13:46:00-05:00,2023-04-03T12:28:05-04:00,14246,USD,,false,NDX/SRC/events/01616
EV001617,PM,NDX_BILLING,,PAYMENT_POSTED,2023-01-30T11:43:00-05:00,2023-01-31T22:51:45-05:00,15502,USD,,false,NDX/SRC/events/01617
EV001618,PM,NDX_BILLING,NDX-R00888,SUBMITTED,2022-08-05T10:23:00-04:00,2022-08-10T19:15:56-04:00,10834,USD,,false,NDX/SRC/events/01618
EV001619,PM,NDX_BILLING,,PAYMENT_POSTED,2022-08-10T11:41:00-04:00,2022-08-10T19:11:58-04:00,10834,USD,,false,NDX/SRC/events/01619
EV001620,PM,NDX_BILLING,NDX-R00889,SUBMITTED,2023-04-18T13:22:00-04:00,2023-04-18T20:08:47-04:00,11038,USD,,false,NDX/SRC/events/01620
EV001621,PM,NDX_BILLING,NDX-R00890,SUBMITTED,2022-12-26T16:20:00-05:00,2023-01-11T06:25:53-05:00,241482,USD,,false,NDX/SRC/events/01621
EV001622,PM,NDX_BILLING,,PAYMENT_POSTED,2022-12-29T13:22:00-05:00,2023-01-04T21:58:08-05:00,241482,USD,,false,NDX/SRC/events/01622
EV001623,PM,NDX_BILLING,NDX-R00890,PAYMENT_REVERSED,2023-01-03T13:13:00-05:00,2023-01-03T16:56:59-05:00,64621,USD,EV001622,false,NDX/SRC/events/01623
EV001624,PM,NDX_BILLING,NDX-R00891,SUBMITTED,2023-02-27T09:07:00-05:00,2023-02-27T10:17:16-05:00,13288,USD,,false,NDX/SRC/events/01624
EV001625,PM,NDX_BILLING,,PAYMENT_POSTED,2023-03-23T16:43:00-04:00,2023-03-23T22:21:24-04:00,13288,USD,,false,NDX/SRC/events/01625
EV001626,PM,NDX_BILLING,NDX-R00892,SUBMITTED,2022-12-09T11:00:00-05:00,2022-12-10T17:00:27-05:00,31503,USD,,false,NDX/SRC/events/01626
EV001627,PM,NDX_BILLING,,PAYMENT_POSTED,2023-01-05T12:50:00-05:00,2023-01-05T15:52:32-05:00,31503,USD,,false,NDX/SRC/events/01627
EV001628,PM,NDX_BILLING,NDX-R00893,SUBMITTED,2023-06-13T10:56:00-04:00,2023-06-13T17:42:10-04:00,8739,USD,,false,NDX/SRC/events/01628
EV001629,PM,NDX_BILLING,,PAYMENT_POSTED,2023-07-10T13:22:00-04:00,2023-07-11T07:38:41-04:00,8739,USD,,false,NDX/SRC/events/01629
EV001630,PM,NDX_BILLING,NDX-R00894,SUBMITTED,2022-12-20T09:05:00-05:00,2022-12-20T20:00:00-05:00,2554,USD,,false,NDX/SRC/events/01630
EV001631,PM,NDX_BILLING,NDX-R00894,CLOSED_NO_PAYMENT,2023-02-27T14:15:00-05:00,2023-03-03T12:10:49-05:00,,,,true,NDX/SRC/events/01631
EV001632,PM,NDX_BILLING,NDX-R00895,SUBMITTED,2023-03-14T08:32:00-04:00,2023-03-14T15:31:57-04:00,20755,USD,,false,NDX/SRC/events/01632
EV001633,PM,NDX_BILLING,,PAYMENT_POSTED,2023-04-17T11:41:00-04:00,2023-04-19T01:48:53-04:00,20755,USD,,false,NDX/SRC/events/01633
EV001634,PM,NDX_BILLING,NDX-R00896,SUBMITTED,2023-09-11T13:04:00-04:00,2023-09-16T21:48:37-04:00,8240,USD,,false,NDX/SRC/events/01634
EV001635,PM,NDX_BILLING,,PAYMENT_POSTED,2023-09-18T10:09:00-04:00,2023-09-21T02:45:42-04:00,8240,USD,,false,NDX/SRC/events/01635
EV001636,PM,NDX_BILLING,NDX-R00897,SUBMITTED,2022-10-17T13:05:00-04:00,2022-10-18T12:15:20-04:00,7800,USD,,false,NDX/SRC/events/01636
EV001637,PM,NDX_BILLING,NDX-R00897,CLOSED_NO_PAYMENT,2022-12-05T09:57:00-05:00,2022-12-07T21:31:24-05:00,,,,true,NDX/SRC/events/01637
EV001638,PM,NDX_BILLING,NDX-R00898,SUBMITTED,2023-01-30T15:50:00-05:00,2023-01-30T17:20:07-05:00,14150,USD,,false,NDX/SRC/events/01638
EV001639,PM,NDX_BILLING,,PAYMENT_POSTED,2023-03-16T11:00:00-04:00,2023-03-28T14:37:40-04:00,14150,USD,,false,NDX/SRC/events/01639
EV001640,PM,NDX_BILLING,NDX-R00899,SUBMITTED,2022-09-26T08:20:00-04:00,2022-09-26T13:05:13-04:00,14404,USD,,false,NDX/SRC/events/01640
EV001641,PM,NDX_BILLING,NDX-R00899,CLOSED_NO_PAYMENT,2023-01-06T12:28:00-05:00,2023-01-07T20:58:17-05:00,,,,true,NDX/SRC/events/01641
EV001642,PM,NDX_BILLING,NDX-R00900,SUBMITTED,2023-09-25T14:44:00-04:00,2023-09-25T21:47:20-04:00,29163,USD,,false,NDX/SRC/events/01642
EV001643,PM,NDX_BILLING,,PAYMENT_POSTED,2023-10-12T09:26:00-04:00,2023-10-16T20:54:12-04:00,29163,USD,,false,NDX/SRC/events/01643
EV001644,PM,NDX_BILLING,NDX-R00901,SUBMITTED,2022-10-24T15:44:00-04:00,2022-10-24T19:49:20-04:00,5772,USD,,false,NDX/SRC/events/01644
EV001645,PM,NDX_BILLING,NDX-R00902,SUBMITTED,2023-05-26T09:03:00-04:00,2023-05-26T16:48:36-04:00,3280,USD,,false,NDX/SRC/events/01645
EV001646,PM,NDX_BILLING,,PAYMENT_POSTED,2023-06-12T10:53:00-04:00,2023-06-12T15:26:33-04:00,3280,USD,,false,NDX/SRC/events/01646
EV001647,PM,NDX_BILLING,NDX-R00903,SUBMITTED,2023-01-09T10:31:00-05:00,2023-01-09T15:09:23-05:00,26743,USD,,false,NDX/SRC/events/01647
EV001648,PM,NDX_BILLING,,PAYMENT_POSTED,2023-02-08T14:21:00-05:00,2023-02-08T17:44:08-05:00,26743,USD,,false,NDX/SRC/events/01648
EV001649,PM,NDX_BILLING,NDX-R00904,SUBMITTED,2023-03-31T10:42:00-04:00,2023-03-31T14:10:54-04:00,14559,USD,,false,NDX/SRC/events/01649
EV001650,PM,NDX_BILLING,NDX-R00905,CORRECTED,2023-04-10T08:44:00-04:00,2023-04-10T09:26:54-04:00,13864,USD,,false,NDX/SRC/events/01650
EV001651,PM,NDX_BILLING,,PAYMENT_POSTED,2023-04-10T08:17:00-04:00,2023-04-17T21:43:19-04:00,13864,USD,,false,NDX/SRC/events/01651
EV001652,PM,NDX_BILLING,NDX-R00906,SUBMITTED,2023-08-28T10:35:00-04:00,2023-09-08T00:19:54-04:00,16728,USD,,false,NDX/SRC/events/01652
EV001653,PM,NDX_BILLING,,PAYMENT_POSTED,2023-09-25T13:29:00-04:00,2023-09-25T13:56:54-04:00,16728,USD,,false,NDX/SRC/events/01653
EV001654,PM,NDX_BILLING,NDX-R00907,SUBMITTED,2023-08-14T11:27:00-04:00,2023-08-20T16:16:42-04:00,67675,USD,,false,NDX/SRC/events/01654
EV001655,PM,NDX_BILLING,,PAYMENT_POSTED,2023-10-02T12:21:00-04:00,2023-10-10T12:59:47-04:00,67675,USD,,false,NDX/SRC/events/01655
EV001656,PM,NDX_BILLING,NDX-R00908,SUBMITTED,2023-06-26T12:48:00-04:00,2023-06-29T09:32:43-04:00,14796,USD,,false,NDX/SRC/events/01656
EV001657,PM,NDX_BILLING,,PAYMENT_POSTED,2023-07-24T10:01:00-04:00,2023-07-24T20:36:11-04:00,14796,USD,,false,NDX/SRC/events/01657
EV001658,PM,NDX_BILLING,NDX-R00909,SUBMITTED,2023-07-25T14:33:00-04:00,2023-07-25T17:49:44-04:00,36218,USD,,false,NDX/SRC/events/01658
EV001659,PM,NDX_BILLING,,PAYMENT_POSTED,2023-08-17T11:43:00-04:00,2023-08-21T04:46:04-04:00,36218,USD,,false,NDX/SRC/events/01659
EV001660,PM,NDX_BILLING,NDX-R00910,SUBMITTED,2022-10-17T14:30:00-04:00,2022-10-19T00:59:58-04:00,7490,USD,,false,NDX/SRC/events/01660
EV001661,PM,NDX_BILLING,,PAYMENT_POSTED,2022-11-08T09:28:00-05:00,2022-11-12T18:55:34-05:00,7490,USD,,false,NDX/SRC/events/01661
EV001662,PM,NDX_BILLING,NDX-R00911,SUBMITTED,2022-11-08T16:02:00-05:00,2022-11-08T22:45:54-05:00,33886,USD,,false,NDX/SRC/events/01662
EV001663,PM,NDX_BILLING,,PAYMENT_POSTED,2022-11-28T14:46:00-05:00,2022-12-01T06:43:29-05:00,33886,USD,,false,NDX/SRC/events/01663
EV001664,PM,NDX_BILLING,NDX-R00912,SUBMITTED,2023-06-19T14:00:00-04:00,2023-06-22T17:30:53-04:00,7538,USD,,false,NDX/SRC/events/01664
EV001665,PM,NDX_BILLING,,PAYMENT_POSTED,2023-11-06T12:43:00-05:00,2023-11-13T20:46:08-05:00,7538,USD,,false,NDX/SRC/events/01665
EV001666,PM,NDX_BILLING,NDX-R00913,SUBMITTED,2022-11-28T10:55:00-05:00,2022-11-28T15:59:11-05:00,2500,USD,,false,NDX/SRC/events/01666
EV001667,PM,NDX_BILLING,NDX-R00914,SUBMITTED,2022-09-08T11:39:00-04:00,2022-09-10T15:29:23-04:00,7893,USD,,false,NDX/SRC/events/01667
EV001668,PM,NDX_BILLING,NDX-R00914,CLOSED_NO_PAYMENT,2022-11-11T14:52:00-05:00,2022-11-19T21:37:18-05:00,,,,true,NDX/SRC/events/01668
EV001669,PM,NDX_BILLING,NDX-R00915,SUBMITTED,2023-05-01T12:40:00-04:00,2023-05-03T23:09:36-04:00,87419,USD,,false,NDX/SRC/events/01669
EV001670,PM,NDX_BILLING,,PAYMENT_POSTED,2023-05-15T10:39:00-04:00,2023-05-30T06:10:53-04:00,87419,USD,,false,NDX/SRC/events/01670
EV001671,PM,NDX_BILLING,NDX-R00916,SUBMITTED,2022-09-09T14:14:00-04:00,2022-09-12T22:38:32-04:00,2500,USD,,false,NDX/SRC/events/01671
EV001672,PM,NDX_BILLING,NDX-R00916,CLOSED_NO_PAYMENT,2022-12-19T11:41:00-05:00,2022-12-19T12:22:00-05:00,,,,true,NDX/SRC/events/01672
EV001673,PM,NDX_BILLING,NDX-R00917,SUBMITTED,2023-05-08T16:46:00-04:00,2023-05-11T20:16:40-04:00,51607,USD,,false,NDX/SRC/events/01673
EV001674,PM,NDX_BILLING,,PAYMENT_POSTED,2023-06-13T15:53:00-04:00,2023-06-15T20:54:50-04:00,51607,USD,,false,NDX/SRC/events/01674
EV001675,PM,NDX_BILLING,NDX-R00918,SUBMITTED,2023-09-04T16:59:00-04:00,2023-09-05T09:54:23-04:00,30635,USD,,false,NDX/SRC/events/01675
EV001676,PM,NDX_BILLING,,PAYMENT_POSTED,2023-09-27T10:05:00-04:00,2023-10-01T03:25:44-04:00,30635,USD,,false,NDX/SRC/events/01676
EV001677,PM,NDX_BILLING,NDX-R00919,SUBMITTED,2022-10-24T15:00:00-04:00,2022-10-25T22:20:06-04:00,3019,USD,,false,NDX/SRC/events/01677
EV001678,PM,NDX_BILLING,,PAYMENT_POSTED,2022-11-28T16:12:00-05:00,2022-12-01T21:06:54-05:00,3019,USD,,false,NDX/SRC/events/01678
EV001679,PM,NDX_BILLING,NDX-R00920,SUBMITTED,2023-03-29T11:34:00-04:00,2023-03-29T12:38:08-04:00,10897,USD,,false,NDX/SRC/events/01679
EV001680,PM,NDX_BILLING,NDX-R00921,CORRECTED,2023-04-03T11:35:00-04:00,2023-04-09T18:20:53-04:00,12723,USD,,false,NDX/SRC/events/01680
EV001681,PM,NDX_BILLING,NDX-R00920,VOID_VERSION,2023-04-03T11:35:00-04:00,2023-04-08T06:31:36-04:00,10897,USD,,false,NDX/SRC/events/01681
EV001682,PM,NDX_BILLING,NDX-R00922,SUBMITTED,2022-12-14T11:55:00-05:00,2022-12-16T07:41:43-05:00,4908,USD,,false,NDX/SRC/events/01682
EV001683,PM,NDX_BILLING,,PAYMENT_POSTED,2023-01-02T12:51:00-05:00,2023-01-02T13:42:17-05:00,4908,USD,,false,NDX/SRC/events/01683
EV001684,PM,NDX_BILLING,NDX-R00923,SUBMITTED,2023-01-16T10:06:00-05:00,2023-01-26T14:04:44-05:00,5356,USD,,false,NDX/SRC/events/01684
EV001685,PM,NDX_BILLING,,PAYMENT_POSTED,2023-01-30T11:48:00-05:00,2023-01-30T19:43:11-05:00,5356,USD,,false,NDX/SRC/events/01685
EV001686,PM,NDX_BILLING,NDX-R00924,SUBMITTED,2023-02-15T15:17:00-05:00,2023-02-22T14:21:47-05:00,22178,USD,,false,NDX/SRC/events/01686
EV001687,PM,NDX_BILLING,,PAYMENT_POSTED,2023-02-28T08:35:00-05:00,2023-02-28T14:45:40-05:00,22178,USD,,false,NDX/SRC/events/01687
EV001688,PM,NDX_BILLING,NDX-R00925,SUBMITTED,2023-09-19T11:26:00-04:00,2023-09-21T21:49:56-04:00,91065,USD,,false,NDX/SRC/events/01688
EV001689,PM,NDX_BILLING,,PAYMENT_POSTED,2023-09-29T09:31:00-04:00,2023-09-29T12:36:35-04:00,91065,USD,,false,NDX/SRC/events/01689
EV001690,PM,NDX_BILLING,NDX-R00926,SUBMITTED,2023-01-30T10:39:00-05:00,2023-01-30T16:40:59-05:00,305877,USD,,false,NDX/SRC/events/01690
EV001691,PM,NDX_BILLING,NDX-R00927,CORRECTED,2023-02-01T12:55:00-05:00,2023-02-05T06:23:22-05:00,272285,USD,,false,NDX/SRC/events/01691
EV001692,PM,NDX_BILLING,,PAYMENT_POSTED,2023-03-06T14:52:00-05:00,2023-03-08T20:24:30-05:00,272285,USD,,false,NDX/SRC/events/01692
EV001693,PM,NDX_BILLING,NDX-R00928,SUBMITTED,2023-01-30T11:08:00-05:00,2023-01-31T19:24:30-05:00,21947,USD,,false,NDX/SRC/events/01693
EV001694,PM,NDX_BILLING,NDX-R00929,SUBMITTED,2023-01-02T11:15:00-05:00,2023-01-08T13:49:23-05:00,22414,USD,,false,NDX/SRC/events/01694
EV001695,PM,NDX_BILLING,,PAYMENT_POSTED,2023-03-23T14:20:00-04:00,2023-03-24T08:57:26-04:00,22414,USD,,false,NDX/SRC/events/01695
EV001696,PM,NDX_BILLING,NDX-R00930,SUBMITTED,2023-01-16T16:36:00-05:00,2023-01-16T22:37:05-05:00,4049,USD,,false,NDX/SRC/events/01696
EV001697,PM,NDX_BILLING,,PAYMENT_POSTED,2023-01-23T11:55:00,2023-01-24T18:30:12,4049,USD,,false,NDX/SRC/events/01697
EV001698,PM,NDX_BILLING,NDX-R00931,SUBMITTED,2023-01-12T12:03:00-05:00,2023-01-14T17:09:38-05:00,115180,USD,,false,NDX/SRC/events/01698
EV001699,PM,NDX_BILLING,,PAYMENT_POSTED,2023-01-16T15:05:00-05:00,2023-01-24T09:54:35-05:00,115180,USD,,false,NDX/SRC/events/01699
EV001700,PM,NDX_BILLING,NDX-R00932,SUBMITTED,2023-09-20T12:04:00-04:00,2023-09-22T19:59:49-04:00,10459,USD,,false,NDX/SRC/events/01700
EV001701,PM,NDX_BILLING,,PAYMENT_POSTED,2023-10-04T16:09:00-04:00,2023-10-04T19:19:07-04:00,10459,USD,,false,NDX/SRC/events/01701
EV001702,PM,NDX_BILLING,NDX-R00933,SUBMITTED,2022-09-21T16:27:00-04:00,2022-09-24T23:28:39-04:00,3567,USD,,false,NDX/SRC/events/01702
EV001703,PM,NDX_BILLING,NDX-R00934,CORRECTED,2022-09-30T12:06:00-04:00,2022-10-02T13:44:31-04:00,4284,USD,,false,NDX/SRC/events/01703
EV001704,PM,NDX_BILLING,NDX-R00935,SUBMITTED,2022-08-01T10:37:00-04:00,2022-08-01T14:53:16-04:00,8193,USD,,false,NDX/SRC/events/01704
EV001705,PM,NDX_BILLING,,PAYMENT_POSTED,2022-08-25T11:35:00-04:00,2022-08-25T12:45:56-04:00,8193,USD,,false,NDX/SRC/events/01705
EV001706,PM,NDX_BILLING,NDX-R00936,SUBMITTED,2023-09-11T16:58:00-04:00,2023-09-11T19:50:28-04:00,42430,USD,,false,NDX/SRC/events/01706
EV001707,PM,NDX_BILLING,,PAYMENT_POSTED,2023-10-09T10:49:00-04:00,2023-10-09T14:44:20-04:00,42430,USD,,false,NDX/SRC/events/01707
EV001708,PM,NDX_BILLING,NDX-R00937,SUBMITTED,2022-07-25T11:34:00-04:00,2022-07-27T22:48:59-04:00,20217,USD,,false,NDX/SRC/events/01708
EV001709,PM,NDX_BILLING,,PAYMENT_POSTED,2022-08-22T14:11:00-04:00,2022-09-06T00:34:57-04:00,20217,USD,,false,NDX/SRC/events/01709
EV001710,PM,NDX_BILLING,NDX-R00938,SUBMITTED,2023-03-03T10:12:00-05:00,2023-03-13T02:57:56-04:00,14057,USD,,false,NDX/SRC/events/01710
EV001711,PM,NDX_BILLING,,PAYMENT_POSTED,2023-04-03T14:12:00-04:00,2023-04-16T10:51:06-04:00,14057,USD,,false,NDX/SRC/events/01711
EV001712,PM,NDX_BILLING,NDX-R00939,SUBMITTED,2022-08-02T16:08:00-04:00,2022-08-03T21:56:12-04:00,8390,USD,,false,NDX/SRC/events/01712
EV001713,PM,NDX_BILLING,,PAYMENT_POSTED,2022-09-05T11:12:00-04:00,2022-09-10T02:01:50-04:00,8390,USD,,false,NDX/SRC/events/01713
EV001714,PM,NDX_BILLING,NDX-R00940,SUBMITTED,2022-08-26T09:52:00-04:00,2022-08-26T12:05:49-04:00,7746,USD,,false,NDX/SRC/events/01714
EV001715,PM,NDX_BILLING,,PAYMENT_POSTED,2022-09-05T09:49:00-04:00,2022-09-07T18:48:27-04:00,7746,USD,,false,NDX/SRC/events/01715
EV001716,PM,NDX_BILLING,NDX-R00941,SUBMITTED,2022-11-07T13:17:00-05:00,2022-11-07T20:16:01-05:00,5816,USD,,false,NDX/SRC/events/01716
EV001717,PM,NDX_BILLING,,PAYMENT_POSTED,2022-11-24T10:49:00-05:00,2022-11-24T17:34:30-05:00,5816,USD,,false,NDX/SRC/events/01717
EV001718,PM,NDX_BILLING,NDX-R00942,SUBMITTED,2023-08-14T13:00:00-04:00,2023-08-14T20:23:38-04:00,8786,USD,,false,NDX/SRC/events/01718
EV001719,PM,NDX_BILLING,,PAYMENT_POSTED,2023-10-11T12:52:00-04:00,2023-10-13T03:08:10-04:00,8786,USD,,false,NDX/SRC/events/01719
EV001720,PM,NDX_BILLING,NDX-R00943,SUBMITTED,2023-07-19T11:47:00-04:00,2023-08-02T23:33:32-04:00,10178,USD,,false,NDX/SRC/events/01720
EV001721,PM,NDX_BILLING,,PAYMENT_POSTED,2023-07-25T15:25:00-04:00,2023-07-25T16:36:45-04:00,10178,USD,,false,NDX/SRC/events/01721
EV001722,PM,NDX_BILLING,NDX-R00944,SUBMITTED,2022-12-12T12:14:00-05:00,2022-12-13T06:10:29-05:00,18410,USD,,false,NDX/SRC/events/01722
EV001723,PM,NDX_BILLING,NDX-R00945,SUBMITTED,2022-07-27T10:57:00-04:00,2022-07-28T15:09:19-04:00,2500,USD,,false,NDX/SRC/events/01723
EV001724,PM,NDX_BILLING,NDX-R00945,CLOSED_NO_PAYMENT,2022-10-03T11:21:00-04:00,2022-10-04T11:39:40-04:00,,,,true,NDX/SRC/events/01724
EV001725,PM,NDX_BILLING,NDX-R00946,SUBMITTED,2022-07-25T10:13:00-04:00,2022-07-25T13:03:13-04:00,315567,USD,,false,NDX/SRC/events/01725
EV001726,PM,NDX_BILLING,,PAYMENT_POSTED,2022-08-26T10:21:00-04:00,2022-08-27T11:33:44-04:00,315567,USD,,false,NDX/SRC/events/01726
EV001727,PM,NDX_BILLING,NDX-R00947,SUBMITTED,2023-09-18T14:18:00-04:00,2023-09-18T20:12:25-04:00,7927,USD,,false,NDX/SRC/events/01727
EV001728,PM,NDX_BILLING,,PAYMENT_POSTED,2023-10-06T08:05:00-04:00,2023-10-07T05:31:44-04:00,7927,USD,,false,NDX/SRC/events/01728
EV001729,PM,NDX_BILLING,NDX-R00948,SUBMITTED,2022-11-21T10:18:00-05:00,2022-12-01T10:14:38-05:00,8344,USD,,false,NDX/SRC/events/01729
EV001730,PM,NDX_BILLING,NDX-R00948,CLOSED_NO_PAYMENT,2023-03-20T14:33:00-04:00,2023-03-20T20:24:03-04:00,,,,true,NDX/SRC/events/01730
EV001731,PM,NDX_BILLING,NDX-R00949,SUBMITTED,2022-09-30T08:54:00-04:00,2022-09-30T11:00:20-04:00,6830,USD,,false,NDX/SRC/events/01731
EV001732,PM,NDX_BILLING,,PAYMENT_POSTED,2022-10-12T12:08:00-04:00,2022-10-14T15:24:07-04:00,6830,USD,,false,NDX/SRC/events/01732
EV001733,PM,NDX_BILLING,NDX-R00949,PAYMENT_REVERSED,2022-10-14T16:33:00-04:00,2022-10-17T08:24:02-04:00,2542,USD,EV001732,false,NDX/SRC/events/01733
EV001734,PM,NDX_BILLING,NDX-R00950,SUBMITTED,2022-11-07T16:28:00-05:00,2022-11-07T20:47:17-05:00,64798,USD,,false,NDX/SRC/events/01734
EV001735,PM,NDX_BILLING,,PAYMENT_POSTED,2022-11-23T12:25:00-05:00,2022-11-28T21:28:24-05:00,64798,USD,,false,NDX/SRC/events/01735
EV001736,PM,NDX_BILLING,NDX-R00951,SUBMITTED,2023-05-22T13:33:00-04:00,2023-05-22T20:54:33-04:00,47699,USD,,false,NDX/SRC/events/01736
EV001737,PM,NDX_BILLING,,PAYMENT_POSTED,2023-06-22T10:55:00-04:00,2023-07-02T03:12:34-04:00,47699,USD,,false,NDX/SRC/events/01737
EV001738,PM,NDX_BILLING,NDX-R00952,SUBMITTED,2022-08-18T11:43:00-04:00,2022-08-24T09:43:50-04:00,3650,USD,,false,NDX/SRC/events/01738
EV001739,PM,NDX_BILLING,,PAYMENT_POSTED,2022-08-29T16:39:00-04:00,2022-08-29T23:14:16-04:00,3650,USD,,false,NDX/SRC/events/01739
EV001740,PM,NDX_BILLING,NDX-R00953,SUBMITTED,2023-02-13T16:56:00-05:00,2023-02-14T12:59:45-05:00,138781,USD,,false,NDX/SRC/events/01740
EV001741,PM,NDX_BILLING,,PAYMENT_POSTED,2023-03-31T08:39:00-04:00,2023-04-03T17:20:55-04:00,138781,USD,,false,NDX/SRC/events/01741
EV001742,PM,NDX_BILLING,NDX-R00954,SUBMITTED,2023-06-19T12:36:00-04:00,2023-06-19T17:38:43-04:00,7936,USD,,false,NDX/SRC/events/01742
EV001743,PM,NDX_BILLING,,PAYMENT_POSTED,2023-06-28T11:42:00-04:00,2023-06-28T13:13:41-04:00,7936,USD,,false,NDX/SRC/events/01743
EV001744,PM,NDX_BILLING,NDX-R00955,SUBMITTED,2023-01-26T15:50:00-05:00,2023-01-26T23:21:26-05:00,15094,USD,,false,NDX/SRC/events/01744
EV001745,PM,NDX_BILLING,,PAYMENT_POSTED,2023-01-30T14:54:00-05:00,2023-02-02T08:31:26-05:00,15094,USD,,false,NDX/SRC/events/01745
EV001746,PM,NDX_BILLING,NDX-R00956,SUBMITTED,2023-08-14T10:10:00-04:00,2023-08-14T13:52:29-04:00,10605,USD,,false,NDX/SRC/events/01746
EV001747,PM,NDX_BILLING,,PAYMENT_POSTED,2023-10-03T11:39:00-04:00,2023-10-07T08:59:23-04:00,10605,USD,,false,NDX/SRC/events/01747
EV001748,PM,NDX_BILLING,NDX-R00957,SUBMITTED,2022-12-19T16:27:00-05:00,2022-12-29T14:33:39-05:00,46616,USD,,false,NDX/SRC/events/01748
EV001749,PM,NDX_BILLING,NDX-R00958,SUBMITTED,2022-09-05T15:46:00-04:00,2022-09-05T19:14:23-04:00,7524,USD,,false,NDX/SRC/events/01749
EV001750,PM,NDX_BILLING,,PAYMENT_POSTED,2022-09-19T10:02:00-04:00,2022-09-19T16:47:57-04:00,7524,USD,,false,NDX/SRC/events/01750
EV001751,PM,NDX_BILLING,NDX-R00959,SUBMITTED,2022-09-05T13:55:00-04:00,2022-09-06T12:30:46-04:00,8763,USD,,false,NDX/SRC/events/01751
EV001752,PM,NDX_BILLING,NDX-R00960,SUBMITTED,2023-05-29T09:25:00-04:00,2023-06-01T08:42:08-04:00,21997,USD,,false,NDX/SRC/events/01752
EV001753,PM,NDX_BILLING,,PAYMENT_POSTED,2023-06-05T09:12:00-04:00,2023-06-05T12:42:28-04:00,21997,USD,,false,NDX/SRC/events/01753
EV001754,PM,NDX_BILLING,NDX-R00961,SUBMITTED,2023-02-20T13:03:00-05:00,2023-02-22T01:10:35-05:00,20972,USD,,false,NDX/SRC/events/01754
EV001755,PM,NDX_BILLING,,PAYMENT_POSTED,2023-03-09T14:48:00-05:00,2023-03-18T09:00:12-04:00,20972,USD,,false,NDX/SRC/events/01755
EV001756,PM,NDX_BILLING,NDX-R00962,SUBMITTED,2023-08-17T10:20:00-04:00,2023-08-17T13:20:59-04:00,14641,USD,,false,NDX/SRC/events/01756
EV001757,PM,NDX_BILLING,,PAYMENT_POSTED,2023-09-04T15:29:00-04:00,2023-09-04T18:56:12-04:00,14641,USD,,false,NDX/SRC/events/01757
EV001758,PM,NDX_BILLING,NDX-R00963,SUBMITTED,2022-12-26T15:52:00-05:00,2022-12-31T01:46:07-05:00,4063,USD,,false,NDX/SRC/events/01758
EV001759,PM,NDX_BILLING,,PAYMENT_POSTED,2023-01-23T11:03:00-05:00,2023-01-23T16:27:26-05:00,4063,USD,,false,NDX/SRC/events/01759
EV001760,PM,NDX_BILLING,NDX-R00964,SUBMITTED,2022-12-26T09:07:00-05:00,2022-12-29T05:39:30-05:00,21328,USD,,false,NDX/SRC/events/01760
EV001761,PM,NDX_BILLING,NDX-R00965,SUBMITTED,2022-08-31T16:11:00-04:00,2022-09-05T21:10:44-04:00,19367,USD,,false,NDX/SRC/events/01761
EV001762,PM,NDX_BILLING,NDX-R00965,CLOSED_NO_PAYMENT,2022-09-22T08:15:00-04:00,2022-09-22T18:28:05-04:00,,,,true,NDX/SRC/events/01762
EV001763,PM,NDX_BILLING,NDX-R00966,SUBMITTED,2023-09-07T10:52:00-04:00,2023-09-08T18:27:07-04:00,6551,USD,,false,NDX/SRC/events/01763
EV001764,PM,NDX_BILLING,,PAYMENT_POSTED,2023-09-11T12:50:00-04:00,2023-09-11T14:12:46-04:00,6551,USD,,false,NDX/SRC/events/01764
EV001765,PM,NDX_BILLING,NDX-R00967,SUBMITTED,2023-03-09T14:01:00-05:00,2023-03-09T18:55:22-05:00,12804,USD,,false,NDX/SRC/events/01765
EV001766,PM,NDX_BILLING,NDX-R00968,CORRECTED,2023-03-13T10:39:00-04:00,2023-03-15T12:04:33-04:00,12024,USD,,false,NDX/SRC/events/01766
EV001767,PM,NDX_BILLING,,PAYMENT_POSTED,2023-05-18T12:39:00-04:00,2023-05-18T16:15:44-04:00,12024,USD,,false,NDX/SRC/events/01767
EV001768,PM,NDX_BILLING,NDX-R00969,SUBMITTED,2023-06-22T11:42:00-04:00,2023-06-25T11:56:59-04:00,16995,USD,,false,NDX/SRC/events/01768
EV001769,PM,NDX_BILLING,,PAYMENT_POSTED,2023-08-07T14:44:00-04:00,2023-08-07T15:08:58-04:00,16995,USD,,false,NDX/SRC/events/01769
EV001770,PM,NDX_BILLING,NDX-R00970,SUBMITTED,2022-11-09T15:14:00-05:00,2022-11-09T22:10:05-05:00,12638,USD,,false,NDX/SRC/events/01770
EV001771,PM,NDX_BILLING,,PAYMENT_POSTED,2023-01-17T09:21:00-05:00,2023-01-19T15:56:55-05:00,12638,USD,,false,NDX/SRC/events/01771
EV001772,PM,NDX_BILLING,NDX-R00971,SUBMITTED,2022-08-04T11:35:00-04:00,2022-08-06T00:18:48-04:00,9796,USD,,false,NDX/SRC/events/01772
EV001773,PM,NDX_BILLING,,PAYMENT_POSTED,2022-08-29T12:26:00-04:00,2022-08-30T21:19:38-04:00,9796,USD,,false,NDX/SRC/events/01773
EV001774,PM,NDX_BILLING,NDX-R00972,SUBMITTED,2022-09-12T08:41:00-04:00,2022-09-12T18:57:34-04:00,15276,USD,,false,NDX/SRC/events/01774
EV001775,PM,NDX_BILLING,,PAYMENT_POSTED,2022-09-19T14:18:00-04:00,2022-09-19T20:33:01-04:00,15276,USD,,false,NDX/SRC/events/01775
EV001776,PM,NDX_BILLING,NDX-R00973,SUBMITTED,2023-03-28T09:27:00-04:00,2023-03-28T17:10:42-04:00,10821,USD,,false,NDX/SRC/events/01776
EV001777,PM,NDX_BILLING,,PAYMENT_POSTED,2023-04-03T15:59:00-04:00,2023-04-05T00:58:10-04:00,10821,USD,,false,NDX/SRC/events/01777
EV001778,PM,NDX_BILLING,NDX-R00974,SUBMITTED,2023-09-27T12:08:00-04:00,2023-09-27T15:25:55-04:00,10070,USD,,false,NDX/SRC/events/01778
EV001779,PM,NDX_BILLING,,PAYMENT_POSTED,2023-10-03T14:03:00-04:00,2023-10-05T19:45:21-04:00,10070,USD,,false,NDX/SRC/events/01779
EV001780,PM,NDX_BILLING,NDX-R00974,PAYMENT_REVERSED,2023-10-16T13:29:00-04:00,2023-10-16T16:28:39-04:00,10070,USD,EV001779,false,NDX/SRC/events/01780
EV001781,PM,NDX_BILLING,NDX-R00975,SUBMITTED,2022-10-11T08:54:00-04:00,2022-10-12T17:23:21-04:00,18377,USD,,false,NDX/SRC/events/01781
EV001782,PM,NDX_BILLING,,PAYMENT_POSTED,2022-11-15T16:08:00-05:00,2022-11-17T09:13:09-05:00,18377,USD,,false,NDX/SRC/events/01782
EV001783,PM,NDX_BILLING,NDX-R00976,SUBMITTED,2022-07-19T15:20:00-04:00,2022-07-19T21:27:03-04:00,3699,USD,,false,NDX/SRC/events/01783
EV001784,PM,NDX_BILLING,,PAYMENT_POSTED,2022-08-05T14:20:00-04:00,2022-08-10T23:01:35-04:00,3699,USD,,false,NDX/SRC/events/01784
EV001785,PM,NDX_BILLING,NDX-R00977,SUBMITTED,2022-11-07T10:00:00-05:00,2022-11-09T18:12:57-05:00,19337,USD,,false,NDX/SRC/events/01785
EV001786,PM,NDX_BILLING,,PAYMENT_POSTED,2022-11-21T10:31:00-05:00,2022-11-22T11:25:16-05:00,19337,USD,,false,NDX/SRC/events/01786
EV001787,PM,NDX_BILLING,NDX-R00978,SUBMITTED,2022-10-11T16:44:00-04:00,2022-10-25T11:21:42-04:00,4723,USD,,false,NDX/SRC/events/01787
EV001788,PM,NDX_BILLING,NDX-R00978,CLOSED_NO_PAYMENT,2023-01-30T13:43:00-05:00,2023-01-30T15:15:26-05:00,,,,true,NDX/SRC/events/01788
EV001789,PM,NDX_BILLING,NDX-R00979,SUBMITTED,2022-07-25T14:23:00-04:00,2022-08-01T04:20:52-04:00,9871,USD,,false,NDX/SRC/events/01789
EV001790,PM,NDX_BILLING,,PAYMENT_POSTED,2022-08-19T08:41:00-04:00,2022-08-19T13:06:00-04:00,9871,USD,,false,NDX/SRC/events/01790
EV001791,PM,NDX_BILLING,NDX-R00980,SUBMITTED,2023-03-21T15:12:00-04:00,2023-03-23T23:15:52-04:00,20165,USD,,false,NDX/SRC/events/01791
EV001792,PM,NDX_BILLING,,PAYMENT_POSTED,2023-04-10T10:27:00-04:00,2023-04-10T15:12:19-04:00,20165,USD,,false,NDX/SRC/events/01792
EV001793,PM,NDX_BILLING,NDX-R00981,SUBMITTED,2022-11-11T15:11:00-05:00,2023-01-24T01:34:09-05:00,71360,USD,,false,NDX/SRC/events/01793
EV001794,PM,NDX_BILLING,NDX-R00982,SUBMITTED,2023-09-18T15:45:00-04:00,2023-09-22T05:18:18-04:00,5543,USD,,false,NDX/SRC/events/01794
EV001795,PM,NDX_BILLING,NDX-R00983,SUBMITTED,2023-02-13T10:45:00-05:00,2023-02-13T17:04:53-05:00,23406,USD,,false,NDX/SRC/events/01795
EV001796,PM,NDX_BILLING,NDX-R00984,CORRECTED,2023-02-20T12:37:00-05:00,2023-02-20T17:22:50-05:00,21244,USD,,false,NDX/SRC/events/01796
EV001797,PM,NDX_BILLING,NDX-R00983,VOID_VERSION,2023-02-20T12:37:00-05:00,2023-02-23T08:31:07-05:00,23406,USD,,false,NDX/SRC/events/01797
EV001798,PM,NDX_BILLING,,PAYMENT_POSTED,2023-02-23T14:22:00-05:00,2023-02-26T04:57:12-05:00,21244,USD,,false,NDX/SRC/events/01798
EV001799,PM,NDX_BILLING,NDX-R00985,SUBMITTED,2022-08-03T10:14:00-04:00,2022-08-03T11:21:59-04:00,245533,USD,,false,NDX/SRC/events/01799
EV001800,PM,NDX_BILLING,NDX-R00986,CORRECTED,2022-08-05T16:24:00-04:00,2022-08-09T00:30:07-04:00,275570,USD,,false,NDX/SRC/events/01800
EV001801,PM,NDX_BILLING,,PAYMENT_POSTED,2022-09-06T14:47:00-04:00,2022-09-07T22:24:40-04:00,275570,USD,,false,NDX/SRC/events/01801
EV001802,PM,NDX_BILLING,NDX-R00987,SUBMITTED,2023-02-21T14:11:00-05:00,2023-02-23T22:57:42-05:00,16570,USD,,false,NDX/SRC/events/01802
EV001803,PM,NDX_BILLING,NDX-R00988,CORRECTED,2023-03-06T16:37:00-05:00,2023-03-09T01:37:59-05:00,18139,USD,,false,NDX/SRC/events/01803
EV001804,PM,NDX_BILLING,,PAYMENT_POSTED,2023-03-15T11:37:00-04:00,2023-03-15T15:51:28-04:00,18139,USD,,false,NDX/SRC/events/01804
EV001805,PM,NDX_BILLING,NDX-R00989,SUBMITTED,2023-09-22T14:54:00-04:00,2023-09-22T15:44:24-04:00,27262,USD,,false,NDX/SRC/events/01805
EV001806,PM,NDX_BILLING,NDX-R00990,SUBMITTED,2022-08-09T10:32:00-04:00,2022-08-15T23:26:56-04:00,22181,USD,,false,NDX/SRC/events/01806
EV001807,PM,NDX_BILLING,,PAYMENT_POSTED,2022-11-28T14:14:00-05:00,2022-11-29T02:21:45-05:00,22181,USD,,false,NDX/SRC/events/01807
EV001808,PM,NDX_BILLING,NDX-R00991,SUBMITTED,2023-07-28T13:10:00-04:00,2023-07-28T16:31:06-04:00,44098,USD,,false,NDX/SRC/events/01808
EV001809,PM,NDX_BILLING,NDX-R00992,SUBMITTED,2023-09-04T15:40:00-04:00,2023-09-04T17:48:31-04:00,15318,USD,,false,NDX/SRC/events/01809
EV001810,PM,NDX_BILLING,,PAYMENT_POSTED,2023-09-25T10:36:00-04:00,2023-09-28T09:38:13-04:00,15318,USD,,false,NDX/SRC/events/01810
EV001811,PM,NDX_BILLING,NDX-R00993,SUBMITTED,2023-02-23T16:06:00-05:00,2023-02-23T21:10:45-05:00,8874,USD,,false,NDX/SRC/events/01811
EV001812,PM,NDX_BILLING,,PAYMENT_POSTED,2023-03-20T13:02:00-04:00,2023-03-21T22:50:58-04:00,8874,USD,,false,NDX/SRC/events/01812
EV001813,PM,NDX_BILLING,NDX-R00994,SUBMITTED,2022-11-04T12:37:00-04:00,2022-11-04T16:35:49-04:00,95789,USD,,false,NDX/SRC/events/01813
EV001814,PM,NDX_BILLING,,PAYMENT_POSTED,2022-12-28T15:27:00-05:00,2022-12-30T11:27:40-05:00,95789,USD,,false,NDX/SRC/events/01814
EV001815,PM,NDX_BILLING,NDX-R00995,SUBMITTED,2022-12-05T15:03:00-05:00,2022-12-07T21:25:50-05:00,11903,USD,,false,NDX/SRC/events/01815
EV001816,PM,NDX_BILLING,,PAYMENT_POSTED,2022-12-23T09:13:00-05:00,2022-12-24T20:54:15-05:00,11903,USD,,false,NDX/SRC/events/01816
EV001817,PM,NDX_BILLING,NDX-R00996,SUBMITTED,2023-09-06T08:10:00-04:00,2023-09-06T09:06:38-04:00,13521,USD,,false,NDX/SRC/events/01817
EV001818,PM,NDX_BILLING,,PAYMENT_POSTED,2023-10-16T12:09:00-04:00,2023-10-22T05:32:56-04:00,13521,USD,,false,NDX/SRC/events/01818
EV001819,PM,NDX_BILLING,NDX-R00997,SUBMITTED,2023-01-03T13:58:00-05:00,2023-01-04T06:50:55-05:00,14744,USD,,false,NDX/SRC/events/01819
EV001820,PM,NDX_BILLING,,PAYMENT_POSTED,2023-01-30T10:50:00-05:00,2023-01-30T11:43:10-05:00,14744,USD,,false,NDX/SRC/events/01820
EV001821,PM,NDX_BILLING,NDX-R00998,SUBMITTED,2023-04-12T16:14:00-04:00,2023-04-23T19:57:05-04:00,8498,EUR,,false,NDX/SRC/events/01821
EV001822,PM,NDX_BILLING,NDX-R00999,CORRECTED,2023-04-17T13:57:00-04:00,2023-04-17T19:24:18-04:00,8406,USD,,false,NDX/SRC/events/01822
EV001823,PM,NDX_BILLING,,PAYMENT_POSTED,2023-05-09T12:38:00-04:00,2023-05-17T15:19:41-04:00,8406,USD,,false,NDX/SRC/events/01823
EV001824,PM,NDX_BILLING,NDX-R01000,SUBMITTED,2022-10-03T12:12:00-04:00,2022-10-04T06:41:58-04:00,5109,USD,,false,NDX/SRC/events/01824
EV001825,PM,NDX_BILLING,,PAYMENT_POSTED,2022-11-07T08:25:00-05:00,2022-11-09T10:18:32-05:00,5109,USD,,false,NDX/SRC/events/01825
EV001826,PM,NDX_BILLING,NDX-R01001,SUBMITTED,2022-10-03T10:28:00-04:00,2022-10-10T05:03:11-04:00,11366,USD,,false,NDX/SRC/events/01826
EV001827,PM,NDX_BILLING,NDX-R01002,SUBMITTED,2022-07-19T08:25:00-04:00,2022-07-19T10:13:53-04:00,12449,USD,,false,NDX/SRC/events/01827
EV001828,PM,NDX_BILLING,,PAYMENT_POSTED,2022-08-01T12:34:00-04:00,2022-08-01T12:52:59-04:00,12449,USD,,false,NDX/SRC/events/01828
EV001829,PM,NDX_BILLING,NDX-R01003,SUBMITTED,2023-02-27T15:15:00-05:00,2023-03-05T05:58:08-05:00,13222,USD,,false,NDX/SRC/events/01829
EV001830,PM,NDX_BILLING,NDX-R01004,SUBMITTED,2022-07-11T16:53:00-04:00,2022-07-11T23:40:18-04:00,8125,USD,,false,NDX/SRC/events/01830
EV001831,PM,NDX_BILLING,NDX-R01005,SUBMITTED,2022-12-12T12:57:00-05:00,2022-12-12T13:46:29-05:00,5912,USD,,false,NDX/SRC/events/01831
EV001832,PM,NDX_BILLING,,PAYMENT_POSTED,2023-01-16T10:44:00-05:00,2023-02-05T16:57:24-05:00,5912,USD,,false,NDX/SRC/events/01832
EV001833,PM,NDX_BILLING,NDX-R01006,SUBMITTED,2022-09-01T15:39:00-04:00,2022-09-02T23:25:20-04:00,5779,USD,,false,NDX/SRC/events/01833
EV001834,PM,NDX_BILLING,NDX-R01007,CORRECTED,2022-09-02T10:22:00-04:00,2022-09-02T14:59:07-04:00,6300,USD,,false,NDX/SRC/events/01834
EV001835,PM,NDX_BILLING,NDX-R01006,VOID_VERSION,2022-09-02T10:22:00-04:00,2022-09-09T12:10:19-04:00,5779,USD,,false,NDX/SRC/events/01835
EV001836,PM,NDX_BILLING,,PAYMENT_POSTED,2022-10-17T12:38:00-04:00,2022-10-18T18:28:00-04:00,6300,USD,,false,NDX/SRC/events/01836
EV001837,PM,NDX_BILLING,NDX-R01008,SUBMITTED,2023-04-20T12:27:00-04:00,2023-04-20T17:27:16-04:00,3294,USD,,false,NDX/SRC/events/01837
EV001838,PM,NDX_BILLING,,PAYMENT_POSTED,2023-07-28T12:26:00-04:00,2023-08-01T04:40:15-04:00,3294,USD,,false,NDX/SRC/events/01838
EV001839,PM,NDX_BILLING,NDX-R01009,SUBMITTED,2023-05-05T15:10:00-04:00,2023-05-07T02:33:56-04:00,14764,USD,,false,NDX/SRC/events/01839
EV001840,PM,NDX_BILLING,,PAYMENT_POSTED,2023-09-04T12:52:00-04:00,2023-09-04T18:05:36-04:00,14764,USD,,false,NDX/SRC/events/01840
EV001841,PM,NDX_BILLING,NDX-R01010,SUBMITTED,2023-07-06T15:14:00-04:00,2023-07-10T10:27:57-04:00,39915,USD,,false,NDX/SRC/events/01841
EV001842,PM,NDX_BILLING,NDX-R01011,SUBMITTED,2023-05-03T12:33:00-04:00,2023-05-07T00:04:22-04:00,6010,USD,,false,NDX/SRC/events/01842
EV001843,PM,NDX_BILLING,,PAYMENT_POSTED,2023-06-06T14:02:00-04:00,2023-06-10T04:48:19-04:00,6010,USD,,false,NDX/SRC/events/01843
EV001844,PM,NDX_BILLING,NDX-R01012,SUBMITTED,2022-10-19T13:30:00-04:00,2022-10-25T10:22:20-04:00,16682,USD,,false,NDX/SRC/events/01844
EV001845,PM,NDX_BILLING,,PAYMENT_POSTED,2022-12-30T10:30:00-05:00,2022-12-30T18:22:04-05:00,16682,USD,,false,NDX/SRC/events/01845
EV001846,PM,NDX_BILLING,NDX-R01013,SUBMITTED,2022-10-12T16:43:00-04:00,2022-10-12T19:16:57-04:00,4139,USD,,false,NDX/SRC/events/01846
EV001847,PM,NDX_BILLING,,PAYMENT_POSTED,2022-11-28T09:02:00-05:00,2022-11-28T13:49:07-05:00,4139,USD,,false,NDX/SRC/events/01847
EV001848,PM,NDX_BILLING,NDX-R01014,SUBMITTED,2022-08-18T09:20:00-04:00,2022-09-02T04:00:47-04:00,4503,USD,,false,NDX/SRC/events/01848
EV001849,PM,NDX_BILLING,NDX-R01014,CLOSED_NO_PAYMENT,2022-11-22T14:00:00-05:00,2022-11-26T20:48:57-05:00,,,,true,NDX/SRC/events/01849
EV001850,PM,NDX_BILLING,NDX-R01015,SUBMITTED,2023-10-02T15:56:00-04:00,2023-10-09T05:36:33-04:00,8050,USD,,false,NDX/SRC/events/01850
EV001851,PM,NDX_BILLING,,PAYMENT_POSTED,2023-11-01T14:36:00-04:00,2023-11-05T07:46:56-05:00,8050,USD,,false,NDX/SRC/events/01851
EV001852,PM,NDX_BILLING,NDX-R01016,SUBMITTED,2022-07-25T12:19:00-04:00,2022-07-27T06:20:14-04:00,88886,USD,,false,NDX/SRC/events/01852
EV001853,PM,NDX_BILLING,,PAYMENT_POSTED,2022-08-10T12:56:00-04:00,2022-08-10T19:25:50-04:00,88886,USD,,false,NDX/SRC/events/01853
EV001854,PM,NDX_BILLING,NDX-R01017,SUBMITTED,2022-09-02T11:56:00-04:00,2022-09-02T14:08:37-04:00,54457,USD,,false,NDX/SRC/events/01854
EV001855,PM,NDX_BILLING,NDX-R01018,CORRECTED,2022-09-05T13:41:00-04:00,2022-09-05T19:48:58-04:00,46729,USD,,false,NDX/SRC/events/01855
EV001856,PM,NDX_BILLING,NDX-R01017,VOID_VERSION,2022-09-05T13:41:00-04:00,2022-09-05T14:36:05-04:00,54457,USD,,false,NDX/SRC/events/01856
EV001857,PM,NDX_BILLING,,PAYMENT_POSTED,2022-09-21T14:48:00-04:00,2022-10-12T14:48:00-04:00,46729,USD,,false,NDX/SRC/events/01857
EV001858,PM,NDX_BILLING,NDX-R01019,SUBMITTED,2023-07-05T09:45:00-04:00,2023-07-05T14:32:35-04:00,12083,USD,,false,NDX/SRC/events/01858
EV001859,PM,NDX_BILLING,,PAYMENT_POSTED,2023-07-24T16:40:00-04:00,2023-07-25T00:05:42-04:00,12083,USD,,false,NDX/SRC/events/01859
EV001860,PM,NDX_BILLING,NDX-R01020,SUBMITTED,2023-09-18T09:09:00-04:00,2023-09-18T16:56:16-04:00,13462,USD,,false,NDX/SRC/events/01860
EV001861,PM,NDX_BILLING,,PAYMENT_POSTED,2023-11-01T16:37:00-04:00,2023-11-01T19:52:20-04:00,13462,USD,,false,NDX/SRC/events/01861
EV001862,PM,NDX_BILLING,NDX-R01021,SUBMITTED,2023-09-18T08:55:00,2023-09-23T02:47:47,14115,USD,,false,NDX/SRC/events/01862
EV001863,PM,NDX_BILLING,NDX-R01022,SUBMITTED,2022-11-29T16:27:00-05:00,2022-12-01T15:37:31-05:00,3215,USD,,false,NDX/SRC/events/01863
EV001864,PM,NDX_BILLING,,PAYMENT_POSTED,2022-12-19T14:17:00-05:00,2022-12-19T19:30:17-05:00,3215,USD,,false,NDX/SRC/events/01864
EV001865,PM,NDX_BILLING,NDX-R01023,SUBMITTED,2023-03-29T09:16:00-04:00,2023-03-29T15:34:17-04:00,103397,USD,,false,NDX/SRC/events/01865
EV001866,PM,NDX_BILLING,,PAYMENT_POSTED,2023-06-16T08:59:00-04:00,2023-06-16T15:52:30-04:00,103397,USD,,false,NDX/SRC/events/01866
EV001867,PM,NDX_BILLING,NDX-R01024,SUBMITTED,2022-10-31T15:16:00-04:00,2022-10-31T17:58:25-04:00,23774,USD,,false,NDX/SRC/events/01867
EV001868,PM,NDX_BILLING,,PAYMENT_POSTED,2023-01-26T08:25:00-05:00,2023-01-27T23:49:25-05:00,23774,USD,,false,NDX/SRC/events/01868
EV001869,PM,NDX_BILLING,NDX-R01025,SUBMITTED,2022-07-11T11:11:00-04:00,2022-07-11T18:28:43-04:00,6090,USD,,false,NDX/SRC/events/01869
EV001870,PM,NDX_BILLING,NDX-R01025,CLOSED_NO_PAYMENT,2022-09-19T14:38:00-04:00,2022-09-19T20:53:57-04:00,,,,true,NDX/SRC/events/01870
EV001871,PM,NDX_BILLING,NDX-R01026,SUBMITTED,2023-05-09T12:17:00-04:00,2023-05-09T19:54:24-04:00,13930,USD,,false,NDX/SRC/events/01871
EV001872,PM,NDX_BILLING,,PAYMENT_POSTED,2023-05-23T09:03:00-04:00,2023-05-24T17:23:42-04:00,13930,USD,,false,NDX/SRC/events/01872
EV001873,PM,NDX_BILLING,NDX-R01027,SUBMITTED,2023-07-03T09:23:00-04:00,2023-07-03T11:53:32-04:00,8018,USD,,false,NDX/SRC/events/01873
EV001874,PM,NDX_BILLING,,PAYMENT_POSTED,2023-07-10T08:28:00-04:00,2023-07-21T18:00:35-04:00,8018,USD,,false,NDX/SRC/events/01874
EV001875,PM,NDX_BILLING,NDX-R01028,SUBMITTED,2023-07-31T11:57:00-04:00,2023-08-07T18:59:40-04:00,3914,USD,,false,NDX/SRC/events/01875
EV001876,PM,NDX_BILLING,,PAYMENT_POSTED,2023-08-16T10:56:00-04:00,2023-08-21T04:09:28-04:00,3914,USD,,false,NDX/SRC/events/01876
EV001877,PM,NDX_BILLING,NDX-R01029,SUBMITTED,2022-07-18T14:37:00-04:00,2022-07-18T19:37:43-04:00,6783,USD,,false,NDX/SRC/events/01877
EV001878,PM,NDX_BILLING,,PAYMENT_POSTED,2022-07-26T16:00:00-04:00,2022-07-27T09:42:19-04:00,6783,USD,,false,NDX/SRC/events/01878
EV001879,PM,NDX_BILLING,NDX-R01030,SUBMITTED,2022-07-27T14:33:00-04:00,2022-07-29T01:04:55-04:00,31777,USD,,false,NDX/SRC/events/01879
EV001880,PM,NDX_BILLING,,PAYMENT_POSTED,2022-08-15T16:26:00-04:00,2022-08-15T21:45:32-04:00,31777,USD,,false,NDX/SRC/events/01880
EV001881,PM,NDX_BILLING,NDX-R01031,SUBMITTED,2023-08-04T15:22:00-04:00,2023-08-08T03:01:14-04:00,5822,USD,,false,NDX/SRC/events/01881
EV001882,PM,NDX_BILLING,,PAYMENT_POSTED,2023-09-25T09:06:00-04:00,2023-09-25T12:17:18-04:00,5822,USD,,false,NDX/SRC/events/01882
EV001883,PM,NDX_BILLING,NDX-R01032,SUBMITTED,2022-07-20T11:37:00-04:00,2022-08-04T14:49:39-04:00,22746,USD,,false,NDX/SRC/events/01883
EV001884,PM,NDX_BILLING,,PAYMENT_POSTED,2022-08-08T08:23:00-04:00,2022-08-11T22:24:58-04:00,22746,USD,,false,NDX/SRC/events/01884
EV001885,PM,NDX_BILLING,NDX-R01033,SUBMITTED,2023-05-08T10:22:00-04:00,2023-05-08T13:44:49-04:00,6226,USD,,false,NDX/SRC/events/01885
EV001886,PM,NDX_BILLING,,PAYMENT_POSTED,2023-05-29T16:54:00-04:00,2023-06-01T08:00:12-04:00,6226,USD,,false,NDX/SRC/events/01886
EV001887,PM,NDX_BILLING,NDX-R01034,SUBMITTED,2022-07-11T11:40:00-04:00,2022-07-19T14:32:31-04:00,2500,USD,,false,NDX/SRC/events/01887
EV001888,PM,NDX_BILLING,,PAYMENT_POSTED,2022-07-14T12:41:00-04:00,2022-07-22T01:27:58-04:00,2500,USD,,false,NDX/SRC/events/01888
EV001889,PM,NDX_BILLING,NDX-R01035,SUBMITTED,2023-08-22T11:01:00-04:00,2023-08-25T18:02:06-04:00,4866,USD,,false,NDX/SRC/events/01889
EV001890,PM,NDX_BILLING,,PAYMENT_POSTED,2023-09-15T09:49:00-04:00,2023-09-17T06:49:35-04:00,4866,USD,,false,NDX/SRC/events/01890
EV001891,PM,NDX_BILLING,NDX-R01036,SUBMITTED,2023-01-02T11:00:00-05:00,2023-01-02T12:37:06-05:00,7567,USD,,false,NDX/SRC/events/01891
EV001892,PM,NDX_BILLING,,PAYMENT_POSTED,2023-01-16T08:01:00-05:00,2023-01-16T10:30:01-05:00,7567,USD,,false,NDX/SRC/events/01892
EV001893,PM,NDX_BILLING,NDX-R01037,SUBMITTED,2023-02-27T15:33:00-05:00,2023-02-27T20:37:22-05:00,12074,USD,,false,NDX/SRC/events/01893
EV001894,PM,NDX_BILLING,,PAYMENT_POSTED,2023-03-08T14:37:00-05:00,2023-03-08T22:02:14-05:00,12074,USD,,false,NDX/SRC/events/01894
EV001895,PM,NDX_BILLING,NDX-R01038,SUBMITTED,2023-02-27T15:58:00-05:00,2023-02-27T21:24:10-05:00,20563,USD,,false,NDX/SRC/events/01895
EV001896,PM,TRI_BILLING,TRI-R00610,SUBMITTED,2022-09-29T13:21:00-06:00,2022-10-01T00:14:38-06:00,7274,USD,,false,TRI/SRC/events/01112-DUP
EV001897,PM,CPL_BILLING,,PAYMENT_POSTED,2023-09-07T12:33:00-05:00,2023-09-07T15:09:21-05:00,22243,USD,,false,CPL/SRC/events/00262-DUP
EV001898,PM,CPL_BILLING,,PAYMENT_POSTED,2023-08-30T15:51:00-05:00,2023-09-03T14:44:49-05:00,2234,USD,,false,CPL/SRC/events/00436-DUP
EV001899,PM,NDX_BILLING,,PAYMENT_POSTED,2023-01-20T09:23:00-05:00,2023-01-20T11:34:31-05:00,4227,USD,,false,NDX/SRC/events/01441-DUP
EV001900,PM,TRI_BILLING,TRI-R00707,SUBMITTED,2023-09-11T08:21:00-06:00,2023-09-15T02:50:54-06:00,19375,USD,,false,TRI/SRC/events/01287-DUP
EV001901,PM,CPL_BILLING,CPL-R00318,SUBMITTED,2023-01-23T09:03:00-06:00,2023-01-25T23:35:28-06:00,11702,USD,,false,CPL/SRC/events/00576-DUP
EV001902,PM,CPL_BILLING,,PAYMENT_POSTED,2023-05-19T15:54:00-05:00,2023-06-09T15:54:00-05:00,4665,USD,,false,CPL/SRC/events/00328-DUP
EV001903,PM,TRI_BILLING,TRI-R00453,SUBMITTED,2023-08-21T12:10:00-06:00,2023-08-24T12:57:50-06:00,13687,USD,,false,TRI/SRC/events/00820-DUP
EV001904,PM,TRI_BILLING,TRI-R00621,CORRECTED,2022-12-05T16:45:00-07:00,2022-12-12T22:36:28-07:00,36998,USD,,false,TRI/SRC/events/01128-DUP
EV001905,PM,TRI_BILLING,,PAYMENT_POSTED,2023-06-15T10:19:00-06:00,2023-06-16T19:09:30-06:00,12343,USD,,false,TRI/SRC/events/00967-DUP
EV001906,PM,CPL_BILLING,,PAYMENT_POSTED,2023-01-12T16:38:00-06:00,2023-01-12T16:56:14-06:00,43066,USD,,false,CPL/SRC/events/00387-DUP
EV001907,PM,CPL_BILLING,,PAYMENT_POSTED,2023-08-28T10:45:00-05:00,2023-08-28T16:49:03-05:00,130278,USD,,false,CPL/SRC/events/00594-DUP
EV001908,PM,NDX_BILLING,,PAYMENT_POSTED,2023-03-22T12:51:00-04:00,2023-04-06T10:03:31-04:00,4073,USD,,false,NDX/SRC/events/01608-DUP
EV001909,PM,NDX_BILLING,,PAYMENT_POSTED,2022-09-05T09:49:00-04:00,2022-09-07T18:48:27-04:00,7746,USD,,false,NDX/SRC/events/01715-DUP
EV001910,PM,CPL_BILLING,CPL-R00086,SUBMITTED,2023-09-11T10:09:00-05:00,2023-09-12T09:41:52-05:00,3749,USD,,false,CPL/SRC/events/00153-DUP
EV001911,PM,CPL_BILLING,CPL-R00078,SUBMITTED,2022-07-19T13:55:00-05:00,2022-07-19T17:48:31-05:00,6422,USD,,false,CPL/SRC/events/00138-DUP
EV001912,PM,TRI_BILLING,,PAYMENT_POSTED,2023-01-26T12:18:00-07:00,2023-01-29T23:51:37-07:00,5753,USD,,false,TRI/SRC/events/00824-DUP
EV001913,PM,TRI_BILLING,,PAYMENT_POSTED,2023-01-31T14:00:00-07:00,2023-01-31T17:18:32-07:00,9746,USD,,false,TRI/SRC/events/01092-DUP
EV001914,PM,TRI_BILLING,,UNKNOWN,2022-11-07T16:55:00-07:00,2022-11-09T13:30:17-07:00,,,,false,TRI/SRC/events/01914
EV001915,PM,TRI_BILLING,,UNKNOWN,2023-03-24T09:56:00-06:00,2023-03-28T15:29:31-06:00,,,,false,TRI/SRC/events/01915
EV001916,PM,CPL_BILLING,,UNKNOWN,2022-12-07T08:05:00-06:00,2022-12-09T13:05:31-06:00,,,,false,CPL/SRC/events/01916
EV001917,PM,TRI_BILLING,,UNKNOWN,2022-12-12T14:21:00-07:00,2022-12-14T11:11:44-07:00,,,,false,TRI/SRC/events/01917
EV001918,PM,CPL_BILLING,,UNKNOWN,2022-08-12T13:21:00-05:00,2022-08-14T04:48:41-05:00,,,,false,CPL/SRC/events/01918
EV001919,PM,TRI_BILLING,,UNKNOWN,2022-09-05T08:45:00-06:00,2022-09-05T11:51:58-06:00,,,,false,TRI/SRC/events/01919
EV001920,PM,TRI_BILLING,,UNKNOWN,2023-01-02T14:04:00-07:00,2023-01-05T22:33:34-07:00,,,,false,TRI/SRC/events/01920
EV001921,PM,CPL_BILLING,,UNKNOWN,2023-08-28T10:19:00-05:00,2023-08-28T18:14:57-05:00,,,,false,CPL/SRC/events/01921
EV001922,PM,TRI_BILLING,,UNKNOWN,2023-02-13T12:41:00-07:00,2023-02-18T18:14:37-07:00,,,,false,TRI/SRC/events/01922
