event_id,org_token,source_system,bill_record_id,event_type,event_at,available_at,amount_minor,currency,reverses_event_id,terminal_flag,source_ref
EV000001,CPL,CPL_BILLING,CPL-R00001,SUBMITTED,2022-08-09T19:12:00+00:00,2022-08-09T22:51:28+00:00,17521,USD,,false,CPL/SRC/events/00001
EV000002,CPL,CPL_BILLING,,PAYMENT_POSTED,2022-08-18T13:24:00+00:00,2022-08-18T15:17:42+00:00,17521,USD,,false,CPL/SRC/events/00002
EV000004,CPL,CPL_BILLING,,PAYMENT_POSTED,2023-07-18T16:19:00+00:00,2023-07-18T20:07:34+00:00,13320,USD,,false,CPL/SRC/events/00004
EV000005,CPL,CPL_BILLING,CPL-R00003,SUBMITTED,2023-06-16T20:26:00+00:00,2023-06-20T12:36:19+00:00,15960,USD,,false,CPL/SRC/events/00005
EV000006,CPL,CPL_BILLING,CPL-R00004,CORRECTED,2023-06-26T20:39:00+00:00,2023-06-26T21:39:17+00:00,19217,USD,,false,CPL/SRC/events/00006
EV000007,CPL,CPL_BILLING,,PAYMENT_POSTED,2023-06-28T13:45:00+00:00,2023-07-03T15:56:57+00:00,19217,USD,,false,CPL/SRC/events/00007
EV000008,CPL,CPL_BILLING,CPL-R00005,SUBMITTED,2023-07-11T13:51:00+00:00,2023-07-15T01:00:27+00:00,20106,USD,,false,CPL/SRC/events/00008
EV000009,CPL,CPL_BILLING,,PAYMENT_POSTED,2023-07-20T15:20:00+00:00,2023-07-20T21:08:23+00:00,20106,USD,,false,CPL/SRC/events/00009
EV000010,CPL,CPL_BILLING,CPL-R00006,SUBMITTED,2022-07-11T15:18:00+00:00,2022-07-11T22:59:56+00:00,11958,USD,,false,CPL/SRC/events/00010
EV000011,CPL,CPL_BILLING,,PAYMENT_POSTED,2022-08-08T19:58:00+00:00,2022-08-14T15:59:28+00:00,11958,USD,,false,CPL/SRC/events/00011
EV000012,CPL,CPL_BILLING,CPL-R00007,SUBMITTED,2023-03-07T15:27:00+00:00,2023-03-20T07:14:58+00:00,7749,USD,,false,CPL/SRC/events/00012
EV000013,CPL,CPL_BILLING,CPL-R00008,CORRECTED,2023-03-17T20:02:00+00:00,2023-03-18T00:46:32+00:00,8036,USD,,false,CPL/SRC/events/00013
EV000014,CPL,CPL_BILLING,CPL-R00007,VOID_VERSION,2023-03-17T20:02:00+00:00,2023-03-19T22:47:57+00:00,7749,USD,,false,CPL/SRC/events/00014
EV000015,CPL,CPL_BILLING,,PAYMENT_POSTED,2023-03-27T14:57:00+00:00,2023-03-31T14:33:14+00:00,8036,USD,,false,CPL/SRC/events/00015
EV000016,CPL,CPL_BILLING,CPL-R00009,SUBMITTED,2023-07-24T16:17:00+00:00,2023-07-25T08:15:19+00:00,5411,USD,,false,CPL/SRC/events/00016
EV000017,CPL,CPL_BILLING,,PAYMENT_POSTED,2023-10-02T13:56:00+00:00,2023-10-02T21:16:11+00:00,5411,USD,,false,CPL/SRC/events/00017
EV000018,CPL,CPL_BILLING,CPL-R00010,SUBMITTED,2023-06-19T14:57:00+00:00,2023-06-19T22:26:41+00:00,14252,USD,,false,CPL/SRC/events/00018
EV000019,CPL,CPL_BILLING,CPL-R00010,CLOSED_NO_PAYMENT,2023-08-28T21:59:00+00:00,2023-09-10T08:37:20+00:00,,,,true,CPL/SRC/events/00019
EV000020,CPL,CPL_BILLING,CPL-R00011,SUBMITTED,2022-07-11T19:20:00+00:00,2022-07-15T08:21:35+00:00,22498,USD,,false,CPL/SRC/events/00020
EV000021,CPL,CPL_BILLING,CPL-R00012,SUBMITTED,2023-05-01T16:35:00+00:00,2023-05-03T19:07:50+00:00,5507,USD,,false,CPL/SRC/events/00021
EV000022,CPL,CPL_BILLING,CPL-R00012,CLOSED_NO_PAYMENT,2023-06-20T15:07:00+00:00,2023-06-21T02:30:30+00:00,,,,true,CPL/SRC/events/00022
EV000023,CPL,CPL_BILLING,CPL-R00013,SUBMITTED,2023-07-31T20:01:00+00:00,2023-08-02T18:38:57+00:00,8419,USD,,false,CPL/SRC/events/00023
EV000024,CPL,CPL_BILLING,,PAYMENT_POSTED,2023-10-23T19:31:00+00:00,2023-10-26T06:27:36+00:00,8419,USD,,false,CPL/SRC/events/00024
EV000025,CPL,CPL_BILLING,CPL-R00014,SUBMITTED,2022-11-08T17:28:00+00:00,2022-11-10T09:29:03+00:00,16370,USD,,false,CPL/SRC/events/00025
EV000026,CPL,CPL_BILLING,,PAYMENT_POSTED,2022-11-18T15:22:00+00:00,2022-11-18T20:37:00+00:00,16370,USD,,false,CPL/SRC/events/00026
EV000027,CPL,CPL_BILLING,CPL-R00015,SUBMITTED,2023-02-03T19:21:00+00:00,2023-02-08T05:58:39+00:00,3569,USD,,false,CPL/SRC/events/00027
EV000028,CPL,CPL_BILLING,CPL-R00016,SUBMITTED,2022-09-05T20:03:00+00:00,2022-09-06T00:08:08+00:00,7726,USD,,false,CPL/SRC/events/00028
EV000029,CPL,CPL_BILLING,,PAYMENT_POSTED,2022-10-03T17:10:00+00:00,2022-10-03T19:14:12+00:00,7726,USD,,false,CPL/SRC/events/00029
EV000030,CPL,CPL_BILLING,CPL-R00017,SUBMITTED,2022-08-18T13:24:00+00:00,2022-08-19T15:56:25+00:00,13092,USD,,false,CPL/SRC/events/00030
EV000031,CPL,CPL_BILLING,,PAYMENT_POSTED,2022-08-29T21:44:00+00:00,2022-09-02T08:26:41+00:00,13092,USD,,false,CPL/SRC/events/00031
EV000032,CPL,CPL_BILLING,CPL-R00018,SUBMITTED,2022-08-31T18:13:00+00:00,2022-08-31T21:18:51+00:00,14488,USD,,false,CPL/SRC/events/00032
EV000033,CPL,CPL_BILLING,,PAYMENT_POSTED,2022-10-19T19:54:00+00:00,2022-10-28T11:56:19+00:00,14488,USD,,false,CPL/SRC/events/00033
EV000034,CPL,CPL_BILLING,CPL-R00019,SUBMITTED,2023-02-15T21:55:00+00:00,2023-02-16T05:24:38+00:00,10456,USD,,false,CPL/SRC/events/00034
EV000035,CPL,CPL_BILLING,,PAYMENT_POSTED,2023-02-22T15:24:00+00:00,2023-02-24T05:50:12+00:00,10456,USD,,false,CPL/SRC/events/00035
EV000036,CPL,CPL_BILLING,CPL-R00020,SUBMITTED,2023-03-29T19:31:00+00:00,2023-03-31T13:52:14+00:00,4457,USD,,false,CPL/SRC/events/00036
EV000038,CPL,CPL_BILLING,CPL-R00022,SUBMITTED,2022-11-30T15:43:00+00:00,2022-12-03T16:33:42+00:00,11816,USD,,false,CPL/SRC/events/00038
EV000039,CPL,CPL_BILLING,,PAYMENT_POSTED,2022-12-29T16:51:00+00:00,2022-12-30T04:43:49+00:00,11816,USD,,false,CPL/SRC/events/00039
EV000040,CPL,CPL_BILLING,CPL-R00023,SUBMITTED,2023-06-05T20:32:00+00:00,2023-06-11T12:08:50+00:00,9072,USD,,false,CPL/SRC/events/00040
EV000041,CPL,CPL_BILLING,,PAYMENT_POSTED,2023-06-28T13:40:00+00:00,2023-06-28T15:40:09+00:00,9072,USD,,false,CPL/SRC/events/00041
EV000042,CPL,CPL_BILLING,CPL-R00024,SUBMITTED,2023-08-14T20:36:00+00:00,2023-08-15T03:01:39+00:00,10731,USD,,false,CPL/SRC/events/00042
EV000043,CPL,CPL_BILLING,,PAYMENT_POSTED,2023-09-26T20:50:00+00:00,2023-09-26T22:31:38+00:00,10731,USD,,false,CPL/SRC/events/00043
EV000044,CPL,CPL_BILLING,CPL-R00025,SUBMITTED,2022-07-07T15:05:00+00:00,2022-07-12T05:36:45+00:00,34932,USD,,false,CPL/SRC/events/00044
EV000045,CPL,CPL_BILLING,,PAYMENT_POSTED,2022-07-21T19:46:00+00:00,2022-07-23T11:46:46+00:00,34932,USD,,false,CPL/SRC/events/00045
EV000046,CPL,CPL_BILLING,CPL-R00026,SUBMITTED,2022-09-22T16:56:00+00:00,2022-09-22T20:46:45+00:00,53031,USD,,false,CPL/SRC/events/00046
EV000047,CPL,CPL_BILLING,CPL-R00027,SUBMITTED,2023-06-26T18:24:00+00:00,2023-06-26T23:08:51+00:00,4270,USD,,false,CPL/SRC/events/00047
EV000048,CPL,CPL_BILLING,CPL-R00027,CLOSED_NO_PAYMENT,2023-09-01T18:28:00+00:00,2023-09-01T23:05:20+00:00,,,,true,CPL/SRC/events/00048
EV000049,CPL,CPL_BILLING,CPL-R00028,SUBMITTED,2023-02-02T19:39:00+00:00,2023-02-03T21:26:53+00:00,54939,USD,,false,CPL/SRC/events/00049
EV000050,CPL,CPL_BILLING,,PAYMENT_POSTED,2023-03-10T19:53:00+00:00,2023-03-13T15:23:28+00:00,54939,USD,,false,CPL/SRC/events/00050
EV000051,CPL,CPL_BILLING,CPL-R00029,SUBMITTED,2023-05-30T15:03:00+00:00,2023-06-09T21:05:55+00:00,5738,USD,,false,CPL/SRC/events/00051
EV000052,CPL,CPL_BILLING,CPL-R00030,SUBMITTED,2023-06-05T17:46:00+00:00,2023-06-08T00:56:20+00:00,63394,USD,,false,CPL/SRC/events/00052
EV000053,CPL,CPL_BILLING,CPL-R00031,CORRECTED,2023-06-14T17:28:00+00:00,2023-06-24T17:22:32+00:00,59848,USD,,false,CPL/SRC/events/00053
EV000054,CPL,CPL_BILLING,,PAYMENT_POSTED,2023-08-01T14:50:00+00:00,2023-08-01T18:38:27+00:00,59848,USD,,false,CPL/SRC/events/00054
EV000055,CPL,CPL_BILLING,CPL-R00032,SUBMITTED,2023-06-12T21:35:00+00:00,2023-06-16T15:41:10+00:00,5056,USD,,false,CPL/SRC/events/00055
EV000056,CPL,CPL_BILLING,,PAYMENT_POSTED,2023-07-07T19:21:00+00:00,2023-07-13T06:15:09+00:00,5056,USD,,false,CPL/SRC/events/00056
EV000057,CPL,CPL_BILLING,CPL-R00033,SUBMITTED,2023-03-24T17:50:00+00:00,2023-03-27T21:19:46+00:00,18704,USD,,false,CPL/SRC/events/00057
EV000058,CPL,CPL_BILLING,,PAYMENT_POSTED,2023-04-06T17:36:00+00:00,2023-04-06T20:07:46+00:00,18704,USD,,false,CPL/SRC/events/00058
EV000059,CPL,CPL_BILLING,CPL-R00034,SUBMITTED,2023-08-28T20:28:00+00:00,2023-08-31T03:48:55+00:00,36864,USD,,false,CPL/SRC/events/00059
EV000060,CPL,CPL_BILLING,,PAYMENT_POSTED,2023-09-13T18:33:00+00:00,2023-09-26T13:55:18+00:00,36864,USD,,false,CPL/SRC/events/00060
EV000061,CPL,CPL_BILLING,CPL-R00035,SUBMITTED,2022-11-28T22:14:00+00:00,2022-12-03T19:34:22+00:00,21327,USD,,false,CPL/SRC/events/00061
EV000062,CPL,CPL_BILLING,CPL-R00036,CORRECTED,2022-12-05T22:02:00+00:00,2022-12-06T20:45:47+00:00,21704,USD,,false,CPL/SRC/events/00062
EV000063,CPL,CPL_BILLING,CPL-R00035,VOID_VERSION,2022-12-05T22:02:00+00:00,2022-12-06T03:02:46+00:00,21327,USD,,false,CPL/SRC/events/00063
EV000064,CPL,CPL_BILLING,,PAYMENT_POSTED,2022-12-12T22:30:00+00:00,2022-12-17T12:40:32+00:00,21704,USD,,false,CPL/SRC/events/00064
EV000065,CPL,CPL_BILLING,CPL-R00037,SUBMITTED,2022-11-28T21:31:00+00:00,2022-11-28T23:47:16+00:00,7132,USD,,false,CPL/SRC/events/00065
EV000066,CPL,CPL_BILLING,CPL-R00038,SUBMITTED,2022-12-06T18:08:00+00:00,2022-12-22T14:29:06+00:00,5648,USD,,false,CPL/SRC/events/00066
EV000067,CPL,CPL_BILLING,CPL-R00039,SUBMITTED,2023-09-13T18:52:00+00:00,2023-09-15T02:52:15+00:00,4216,USD,,false,CPL/SRC/events/00067
EV000068,CPL,CPL_BILLING,,PAYMENT_POSTED,2023-09-21T16:53:00+00:00,2023-09-22T00:03:08+00:00,4216,USD,,false,CPL/SRC/events/00068
EV000069,CPL,CPL_BILLING,CPL-R00040,SUBMITTED,2023-08-21T15:47:00+00:00,2023-08-23T12:52:56+00:00,8567,USD,,false,CPL/SRC/events/00069
EV000070,CPL,CPL_BILLING,,PAYMENT_POSTED,2023-09-04T14:33:00+00:00,2023-09-04T19:48:29+00:00,8567,USD,,false,CPL/SRC/events/00070
EV000071,CPL,CPL_BILLING,CPL-R00041,SUBMITTED,2023-08-21T13:56:00+00:00,2023-08-21T14:33:03+00:00,10612,USD,,false,CPL/SRC/events/00071
EV000072,CPL,CPL_BILLING,CPL-R00042,SUBMITTED,2023-09-12T21:18:00+00:00,2023-09-12T22:17:07+00:00,34349,USD,,false,CPL/SRC/events/00072
EV000074,CPL,CPL_BILLING,CPL-R00043,SUBMITTED,2022-10-13T15:35:00+00:00,2022-10-13T23:02:00+00:00,23126,USD,,false,CPL/SRC/events/00074
EV000075,CPL,CPL_BILLING,CPL-R00044,CORRECTED,2022-10-17T20:42:00+00:00,2022-10-21T07:49:34+00:00,24452,USD,,false,CPL/SRC/events/00075
EV000076,CPL,CPL_BILLING,CPL-R00043,VOID_VERSION,2022-10-17T20:42:00+00:00,2022-10-18T01:41:57+00:00,23126,USD,,false,CPL/SRC/events/00076
EV000077,CPL,CPL_BILLING,,PAYMENT_POSTED,2022-12-05T16:35:00+00:00,2022-12-08T23:24:17+00:00,24452,USD,,false,CPL/SRC/events/00077
EV000078,CPL,CPL_BILLING,CPL-R00045,SUBMITTED,2022-08-08T16:44:00+00:00,2022-08-17T22:45:00+00:00,259403,USD,,false,CPL/SRC/events/00078
EV000079,CPL,CPL_BILLING,CPL-R00046,SUBMITTED,2023-07-07T19:09:00+00:00,2023-07-08T02:16:52+00:00,7120,USD,,false,CPL/SRC/events/00079
EV000080,CPL,CPL_BILLING,CPL-R00047,SUBMITTED,2023-06-28T17:07:00+00:00,2023-07-05T10:20:56+00:00,91583,USD,,false,CPL/SRC/events/00080
EV000081,CPL,CPL_BILLING,,PAYMENT_POSTED,2023-07-17T21:09:00+00:00,2023-07-17T21:38:56+00:00,91583,USD,,false,CPL/SRC/events/00081
EV000082,CPL,CPL_BILLING,CPL-R00048,SUBMITTED,2023-04-10T20:52:00+00:00,2023-04-14T23:11:01+00:00,20133,USD,,false,CPL/SRC/events/00082
EV000083,CPL,CPL_BILLING,,PAYMENT_POSTED,2023-05-01T19:59:00+00:00,2023-05-02T00:08:54+00:00,20133,USD,,false,CPL/SRC/events/00083
EV000084,CPL,CPL_BILLING,CPL-R00049,SUBMITTED,2023-01-30T15:21:00+00:00,2023-02-03T15:21:26+00:00,13951,USD,,false,CPL/SRC/events/00084
EV000085,CPL,CPL_BILLING,,PAYMENT_POSTED,2023-02-20T22:38:00+00:00,2023-03-01T21:40:24+00:00,13951,USD,,false,CPL/SRC/events/00085
EV000086,CPL,CPL_BILLING,CPL-R00050,SUBMITTED,2022-12-20T17:44:00+00:00,2022-12-20T23:30:57+00:00,14910,USD,,false,CPL/SRC/events/00086
EV000087,CPL,CPL_BILLING,,PAYMENT_POSTED,2023-01-19T17:36:00+00:00,2023-01-21T07:44:58+00:00,14910,USD,,false,CPL/SRC/events/00087
EV000088,CPL,CPL_BILLING,CPL-R00051,SUBMITTED,2022-12-19T17:21:00+00:00,2022-12-20T05:57:49+00:00,18900,USD,,false,CPL/SRC/events/00088
EV000089,CPL,CPL_BILLING,CPL-R00052,SUBMITTED,2022-12-27T18:15:00+00:00,2022-12-30T22:33:22+00:00,9607,USD,,false,CPL/SRC/events/00089
EV000090,CPL,CPL_BILLING,,PAYMENT_POSTED,2023-01-16T16:45:00+00:00,2023-01-20T09:04:40+00:00,9607,USD,,false,CPL/SRC/events/00090
EV000091,CPL,CPL_BILLING,CPL-R00053,SUBMITTED,2022-10-10T17:25:00+00:00,2022-10-10T19:31:02+00:00,13485,USD,,false,CPL/SRC/events/00091
EV000092,CPL,CPL_BILLING,,PAYMENT_POSTED,2022-10-24T13:31:00+00:00,2022-10-24T16:32:58+00:00,13485,USD,,false,CPL/SRC/events/00092
EV000093,CPL,CPL_BILLING,CPL-R00054,SUBMITTED,2023-06-01T16:15:00+00:00,2023-06-01T18:17:15+00:00,18312,USD,,false,CPL/SRC/events/00093
EV000094,CPL,CPL_BILLING,,PAYMENT_POSTED,2023-07-24T17:31:00+00:00,2023-07-24T19:33:02+00:00,18312,USD,,false,CPL/SRC/events/00094
EV000095,CPL,CPL_BILLING,CPL-R00055,SUBMITTED,2023-07-13T16:21:00+00:00,2023-07-26T21:55:23+00:00,15058,USD,,false,CPL/SRC/events/00095
EV000096,CPL,CPL_BILLING,,PAYMENT_POSTED,2023-07-26T14:52:00+00:00,2023-07-26T22:12:35+00:00,15058,USD,,false,CPL/SRC/events/00096
EV000097,CPL,CPL_BILLING,CPL-R00056,SUBMITTED,2022-07-14T20:44:00+00:00,2022-07-14T21:13:45+00:00,22887,USD,,false,CPL/SRC/events/00097
EV000098,CPL,CPL_BILLING,,PAYMENT_POSTED,2022-10-12T13:45:00+00:00,2022-10-25T10:43:08+00:00,22887,USD,,false,CPL/SRC/events/00098
EV000099,CPL,CPL_BILLING,CPL-R00057,SUBMITTED,2023-01-16T15:47:00+00:00,2023-01-16T21:37:12+00:00,12696,USD,,false,CPL/SRC/events/00099
EV000100,CPL,CPL_BILLING,,PAYMENT_POSTED,2023-01-24T19:04:00+00:00,2023-01-25T13:14:53+00:00,12696,USD,,false,CPL/SRC/events/00100
EV000101,CPL,CPL_BILLING,CPL-R00058,SUBMITTED,2023-02-01T20:39:00+00:00,2023-02-02T02:35:03+00:00,16246,USD,,false,CPL/SRC/events/00101
EV000102,CPL,CPL_BILLING,,PAYMENT_POSTED,2023-02-16T19:30:00+00:00,2023-02-23T02:49:30+00:00,16246,USD,,false,CPL/SRC/events/00102
EV000103,CPL,CPL_BILLING,CPL-R00059,SUBMITTED,2023-05-31T18:18:00+00:00,2023-06-01T10:33:21+00:00,51335,USD,,false,CPL/SRC/events/00103
EV000104,CPL,CPL_BILLING,CPL-R00060,SUBMITTED,2022-07-11T15:40:00+00:00,2022-07-13T19:36:18+00:00,9561,USD,,false,CPL/SRC/events/00104
EV000105,CPL,CPL_BILLING,,PAYMENT_POSTED,2022-08-23T19:58:00+00:00,2022-08-24T01:28:53+00:00,9561,USD,,false,CPL/SRC/events/00105
EV000106,CPL,CPL_BILLING,CPL-R00061,SUBMITTED,2022-11-28T16:51:00+00:00,2022-11-29T00:09:36+00:00,26519,USD,,false,CPL/SRC/events/00106
EV000107,CPL,CPL_BILLING,,PAYMENT_POSTED,2022-12-19T18:01:00+00:00,2022-12-23T01:35:40+00:00,26519,USD,,false,CPL/SRC/events/00107
EV000108,CPL,CPL_BILLING,CPL-R00062,SUBMITTED,2023-06-06T15:13:00+00:00,2023-06-06T17:58:19+00:00,11664,USD,,false,CPL/SRC/events/00108
EV000109,CPL,CPL_BILLING,,PAYMENT_POSTED,2023-06-27T19:46:00+00:00,2023-06-27T22:56:53+00:00,11664,USD,,false,CPL/SRC/events/00109
EV000110,CPL,CPL_BILLING,CPL-R00063,SUBMITTED,2023-08-07T21:17:00+00:00,2023-08-11T01:30:54+00:00,44250,USD,,false,CPL/SRC/events/00110
EV000111,CPL,CPL_BILLING,CPL-R00064,SUBMITTED,2023-09-22T17:33:00+00:00,2023-10-01T18:56:43+00:00,5840,USD,,false,CPL/SRC/events/00111
EV000112,CPL,CPL_BILLING,CPL-R00065,SUBMITTED,2023-06-14T16:19:00+00:00,2023-06-14T22:19:56+00:00,9049,USD,,false,CPL/SRC/events/00112
EV000113,CPL,CPL_BILLING,,PAYMENT_POSTED,2023-06-26T20:16:00+00:00,2023-07-05T04:16:35+00:00,9049,USD,,false,CPL/SRC/events/00113
EV000114,CPL,CPL_BILLING,CPL-R00065,PAYMENT_REVERSED,2023-06-29T20:46:00+00:00,2023-07-14T15:49:02+00:00,9049,USD,,false,CPL/SRC/events/00114
EV000115,CPL,CPL_BILLING,CPL-R00066,SUBMITTED,2023-03-10T18:27:00+00:00,2023-03-13T21:40:02+00:00,23486,USD,,false,CPL/SRC/events/00115
EV000116,CPL,CPL_BILLING,,PAYMENT_POSTED,2023-05-15T20:18:00+00:00,2023-05-15T22:02:46+00:00,23486,USD,,false,CPL/SRC/events/00116
EV000117,CPL,CPL_BILLING,CPL-R00067,SUBMITTED,2022-12-15T21:08:00+00:00,2022-12-27T04:33:55+00:00,19277,USD,,false,CPL/SRC/events/00117
EV000118,CPL,CPL_BILLING,,PAYMENT_POSTED,2023-01-03T22:17:00+00:00,2023-01-05T03:59:28+00:00,19277,USD,,false,CPL/SRC/events/00118
EV000119,CPL,CPL_BILLING,CPL-R00068,SUBMITTED,2022-10-26T19:06:00+00:00,2022-10-27T17:04:06+00:00,3927,USD,,false,CPL/SRC/events/00119
EV000120,CPL,CPL_BILLING,CPL-R00069,SUBMITTED,2023-07-13T19:38:00+00:00,2023-07-21T06:10:24+00:00,5714,USD,,false,CPL/SRC/events/00120
EV000121,CPL,CPL_BILLING,CPL-R00070,CORRECTED,2023-07-19T18:27:00+00:00,2023-07-19T21:53:22+00:00,5410,USD,,false,CPL/SRC/events/00121
EV000122,CPL,CPL_BILLING,CPL-R00069,VOID_VERSION,2023-07-19T18:27:00+00:00,2023-07-20T01:20:46+00:00,5714,USD,,false,CPL/SRC/events/00122
EV000123,CPL,CPL_BILLING,,PAYMENT_POSTED,2023-07-26T14:14:00+00:00,2023-07-26T16:25:31+00:00,5410,USD,,false,CPL/SRC/events/00123
EV000124,CPL,CPL_BILLING,CPL-R00071,SUBMITTED,2022-07-26T14:51:00+00:00,2022-07-27T22:53:54+00:00,27743,USD,,false,CPL/SRC/events/00124
EV000125,CPL,CPL_BILLING,,PAYMENT_POSTED,2022-08-25T21:48:00+00:00,2022-08-26T05:37:52+00:00,27743,USD,,false,CPL/SRC/events/00125
EV000126,CPL,CPL_BILLING,CPL-R00072,SUBMITTED,2022-10-07T14:58:00+00:00,2022-10-07T18:28:32+00:00,9306,USD,,false,CPL/SRC/events/00126
EV000127,CPL,CPL_BILLING,,PAYMENT_POSTED,2022-10-11T13:43:00+00:00,2022-10-11T17:22:47+00:00,9306,USD,,false,CPL/SRC/events/00127
EV000128,CPL,CPL_BILLING,CPL-R00073,SUBMITTED,2022-12-26T16:09:00+00:00,2022-12-29T13:06:17+00:00,17702,USD,,false,CPL/SRC/events/00128
EV000129,CPL,CPL_BILLING,,PAYMENT_POSTED,2023-01-30T14:40:00+00:00,2023-01-30T22:14:10+00:00,17702,USD,,false,CPL/SRC/events/00129
EV000130,CPL,CPL_BILLING,CPL-R00074,SUBMITTED,2022-09-07T20:14:00+00:00,2022-09-08T03:16:32+00:00,13110,USD,,false,CPL/SRC/events/00130
EV000131,CPL,CPL_BILLING,,PAYMENT_POSTED,2022-09-23T17:40:00+00:00,2022-09-24T04:16:35+00:00,13110,USD,,false,CPL/SRC/events/00131
EV000132,CPL,CPL_BILLING,CPL-R00075,SUBMITTED,2022-09-12T21:52:00+00:00,2022-09-18T19:57:56+00:00,3998,USD,,false,CPL/SRC/events/00132
EV000133,CPL,CPL_BILLING,,PAYMENT_POSTED,2022-10-25T21:22:00+00:00,2022-10-25T22:24:07+00:00,3998,USD,,false,CPL/SRC/events/00133
EV000134,CPL,CPL_BILLING,CPL-R00076,SUBMITTED,2023-01-16T20:34:00+00:00,2023-01-17T00:18:51+00:00,6407,USD,,false,CPL/SRC/events/00134
EV000135,CPL,CPL_BILLING,,PAYMENT_POSTED,2023-02-06T15:34:00+00:00,2023-02-06T16:25:53+00:00,6407,USD,,false,CPL/SRC/events/00135
EV000136,CPL,CPL_BILLING,CPL-R00077,SUBMITTED,2023-01-16T17:58:00+00:00,2023-01-19T05:26:45+00:00,14744,USD,,false,CPL/SRC/events/00136
EV000137,CPL,CPL_BILLING,CPL-R00078,SUBMITTED,2022-07-21T15:56:00+00:00,2022-07-21T20:15:32+00:00,6403,USD,,false,CPL/SRC/events/00137
EV000138,CPL,CPL_BILLING,,PAYMENT_POSTED,2022-07-29T20:26:00+00:00,2022-07-30T04:11:11+00:00,6403,USD,,false,CPL/SRC/events/00138
EV000139,CPL,CPL_BILLING,CPL-R00079,SUBMITTED,2023-03-06T21:07:00+00:00,2023-03-11T20:02:42+00:00,78367,USD,,false,CPL/SRC/events/00139
EV000140,CPL,CPL_BILLING,,PAYMENT_POSTED,2023-04-24T21:45:00+00:00,2023-04-27T11:55:10+00:00,78367,USD,,false,CPL/SRC/events/00140
EV000141,CPL,CPL_BILLING,CPL-R00080,SUBMITTED,2023-02-06T14:02:00+00:00,2023-02-11T18:03:11+00:00,39561,USD,,false,CPL/SRC/events/00141
EV000142,CPL,CPL_BILLING,,PAYMENT_POSTED,2023-03-08T19:02:00+00:00,2023-03-08T19:38:01+00:00,39561,USD,,false,CPL/SRC/events/00142
EV000143,CPL,CPL_BILLING,CPL-R00081,SUBMITTED,2023-04-24T20:37:00+00:00,2023-04-25T00:10:32+00:00,93364,USD,,false,CPL/SRC/events/00143
EV000144,CPL,CPL_BILLING,,PAYMENT_POSTED,2023-05-15T21:07:00+00:00,2023-05-15T23:45:01+00:00,93364,USD,,false,CPL/SRC/events/00144
EV000145,CPL,CPL_BILLING,CPL-R00082,SUBMITTED,2023-03-06T21:06:00+00:00,2023-03-07T05:03:32+00:00,11877,USD,,false,CPL/SRC/events/00145
EV000146,CPL,CPL_BILLING,,PAYMENT_POSTED,2023-03-20T21:04:00+00:00,2023-03-31T20:15:35+00:00,11877,USD,,false,CPL/SRC/events/00146
EV000147,CPL,CPL_BILLING,CPL-R00083,SUBMITTED,2023-06-07T20:54:00+00:00,2023-06-08T02:14:02+00:00,23001,USD,,false,CPL/SRC/events/00147
EV000148,CPL,CPL_BILLING,,PAYMENT_POSTED,2023-06-19T16:35:00+00:00,2023-06-22T19:20:36+00:00,23001,USD,,false,CPL/SRC/events/00148
EV000149,CPL,CPL_BILLING,CPL-R00084,SUBMITTED,2023-01-11T16:53:00+00:00,2023-01-13T19:36:34+00:00,12480,USD,,false,CPL/SRC/events/00149
EV000150,CPL,CPL_BILLING,,PAYMENT_POSTED,2023-02-03T20:45:00+00:00,2023-02-05T07:32:47+00:00,12480,USD,,false,CPL/SRC/events/00150
EV000151,CPL,CPL_BILLING,CPL-R00085,SUBMITTED,2022-09-06T13:25:00+00:00,2022-09-06T19:59:56+00:00,7717,USD,,false,CPL/SRC/events/00151
EV000152,CPL,CPL_BILLING,,PAYMENT_POSTED,2022-10-03T17:13:00+00:00,2022-10-03T19:13:11+00:00,7717,USD,,false,CPL/SRC/events/00152
EV000153,CPL,CPL_BILLING,CPL-R00086,SUBMITTED,2023-01-30T18:45:00+00:00,2023-01-31T17:46:51+00:00,2695,USD,,false,CPL/SRC/events/00153
EV000154,CPL,CPL_BILLING,,PAYMENT_POSTED,2023-02-16T17:27:00+00:00,2023-02-16T17:40:29+00:00,2695,USD,,false,CPL/SRC/events/00154
EV000155,CPL,CPL_BILLING,CPL-R00087,SUBMITTED,2022-09-28T20:04:00+00:00,2022-09-28T23:20:23+00:00,4011,USD,,false,CPL/SRC/events/00155
EV000156,CPL,CPL_BILLING,,PAYMENT_POSTED,2022-10-19T20:25:00+00:00,2022-10-24T18:49:24+00:00,4011,USD,,false,CPL/SRC/events/00156
EV000157,CPL,CPL_BILLING,CPL-R00088,SUBMITTED,2022-12-05T20:10:00+00:00,2022-12-06T01:37:14+00:00,39371,USD,,false,CPL/SRC/events/00157
EV000158,CPL,CPL_BILLING,,PAYMENT_POSTED,2022-12-21T17:57:00+00:00,2022-12-21T21:26:47+00:00,39371,USD,,false,CPL/SRC/events/00158
EV000159,CPL,CPL_BILLING,CPL-R00089,SUBMITTED,2023-05-05T13:34:00+00:00,2023-05-10T11:52:05+00:00,11487,USD,,false,CPL/SRC/events/00159
EV000160,CPL,CPL_BILLING,,PAYMENT_POSTED,2023-05-10T18:14:00+00:00,2023-05-10T21:34:21+00:00,11487,USD,,false,CPL/SRC/events/00160
EV000161,CPL,CPL_BILLING,CPL-R00090,SUBMITTED,2022-09-26T13:14:00+00:00,2022-09-27T09:17:17+00:00,13916,USD,,false,CPL/SRC/events/00161
EV000162,CPL,CPL_BILLING,,PAYMENT_POSTED,2022-10-12T14:54:00+00:00,2022-10-16T12:21:08+00:00,13916,USD,,false,CPL/SRC/events/00162
EV000163,CPL,CPL_BILLING,CPL-R00091,SUBMITTED,2022-10-25T13:05:00+00:00,2022-11-02T20:48:00+00:00,29757,USD,,false,CPL/SRC/events/00163
EV000164,CPL,CPL_BILLING,CPL-R00091,CLOSED_NO_PAYMENT,2023-02-10T15:32:00+00:00,2023-02-14T01:45:11+00:00,,,,true,CPL/SRC/events/00164
EV000165,CPL,CPL_BILLING,CPL-R00092,SUBMITTED,2022-11-17T22:26:00+00:00,2022-11-18T06:38:36+00:00,7818,USD,,false,CPL/SRC/events/00165
EV000166,CPL,CPL_BILLING,,PAYMENT_POSTED,2022-12-09T18:34:00+00:00,2022-12-10T00:52:59+00:00,7818,USD,,false,CPL/SRC/events/00166
EV000167,CPL,CPL_BILLING,CPL-R00093,SUBMITTED,2022-11-16T20:15:00+00:00,2022-11-22T18:05:09+00:00,15690,USD,,false,CPL/SRC/events/00167
EV000168,CPL,CPL_BILLING,CPL-R00094,SUBMITTED,2023-02-24T19:22:00+00:00,2023-02-25T12:13:09+00:00,4630,USD,,false,CPL/SRC/events/00168
EV000169,CPL,CPL_BILLING,,PAYMENT_POSTED,2023-03-13T17:13:00+00:00,2023-03-15T13:39:05+00:00,4630,USD,,false,CPL/SRC/events/00169
EV000170,CPL,CPL_BILLING,CPL-R00095,SUBMITTED,2022-12-12T20:32:00+00:00,2022-12-14T19:56:41+00:00,14465,USD,,false,CPL/SRC/events/00170
EV000171,CPL,CPL_BILLING,CPL-R00095,CLOSED_NO_PAYMENT,2023-04-07T15:26:00+00:00,2023-04-08T00:19:33+00:00,,,,true,CPL/SRC/events/00171
EV000172,CPL,CPL_BILLING,CPL-R00096,SUBMITTED,2023-05-22T15:12:00+00:00,2023-05-25T08:19:05+00:00,14050,USD,,false,CPL/SRC/events/00172
EV000173,CPL,CPL_BILLING,,PAYMENT_POSTED,2023-06-01T20:10:00+00:00,2023-06-01T20:58:39+00:00,14050,USD,,false,CPL/SRC/events/00173
EV000174,CPL,CPL_BILLING,CPL-R00097,SUBMITTED,2022-08-08T19:02:00+00:00,2022-08-10T16:19:41+00:00,17834,USD,,false,CPL/SRC/events/00174
EV000175,CPL,CPL_BILLING,,PAYMENT_POSTED,2022-08-22T18:46:00+00:00,2022-08-22T20:48:46+00:00,17834,USD,,false,CPL/SRC/events/00175
EV000176,CPL,CPL_BILLING,CPL-R00098,SUBMITTED,2022-10-27T18:54:00+00:00,2022-10-27T23:22:43+00:00,4441,USD,,false,CPL/SRC/events/00176
EV000177,CPL,CPL_BILLING,,PAYMENT_POSTED,2022-11-07T22:08:00+00:00,2022-11-09T09:56:33+00:00,4441,USD,,false,CPL/SRC/events/00177
EV000178,CPL,CPL_BILLING,CPL-R00099,SUBMITTED,2023-06-19T15:50:00+00:00,2023-06-27T21:18:24+00:00,44257,USD,,false,CPL/SRC/events/00178
EV000179,CPL,CPL_BILLING,,PAYMENT_POSTED,2023-06-30T20:59:00+00:00,2023-07-01T01:09:26+00:00,44257,USD,,false,CPL/SRC/events/00179
EV000180,CPL,CPL_BILLING,CPL-R00100,SUBMITTED,2023-06-02T14:05:00+00:00,2023-06-03T03:41:50+00:00,11887,USD,,false,CPL/SRC/events/00180
EV000181,CPL,CPL_BILLING,CPL-R00101,SUBMITTED,2022-09-28T15:23:00+00:00,2022-09-28T22:38:20+00:00,6653,USD,,false,CPL/SRC/events/00181
EV000182,CPL,CPL_BILLING,,PAYMENT_POSTED,2022-11-04T18:21:00+00:00,2022-11-04T20:42:59+00:00,6653,USD,,false,CPL/SRC/events/00182
EV000183,CPL,CPL_BILLING,CPL-R00102,SUBMITTED,2023-10-02T19:51:00+00:00,2023-10-08T08:04:12+00:00,11115,USD,,false,CPL/SRC/events/00183
EV000184,CPL,CPL_BILLING,,PAYMENT_POSTED,2023-10-25T18:47:00+00:00,2023-10-25T21:25:04+00:00,11115,USD,,false,CPL/SRC/events/00184
EV000185,CPL,CPL_BILLING,CPL-R00103,SUBMITTED,2023-02-27T15:25:00+00:00,2023-02-28T17:46:10+00:00,4922,USD,,false,CPL/SRC/events/00185
EV000186,CPL,CPL_BILLING,,PAYMENT_POSTED,2023-03-09T15:53:00+00:00,2023-03-09T16:25:02+00:00,4922,USD,,false,CPL/SRC/events/00186
EV000187,CPL,CPL_BILLING,CPL-R00104,SUBMITTED,2022-11-03T16:04:00+00:00,2022-11-05T19:42:34+00:00,7672,USD,,false,CPL/SRC/events/00187
EV000188,CPL,CPL_BILLING,,PAYMENT_POSTED,2022-11-28T15:35:00+00:00,2022-11-29T05:29:30+00:00,7672,USD,,false,CPL/SRC/events/00188
EV000189,CPL,CPL_BILLING,CPL-R00105,SUBMITTED,2022-11-28T17:32:00+00:00,2022-12-06T06:49:35+00:00,73375,USD,,false,CPL/SRC/events/00189
EV000190,CPL,CPL_BILLING,,PAYMENT_POSTED,2022-12-16T19:51:00+00:00,2022-12-21T08:14:37+00:00,73375,USD,,false,CPL/SRC/events/00190
EV000191,CPL,CPL_BILLING,CPL-R00105,PAYMENT_REVERSED,2022-12-20T18:00:00+00:00,2022-12-25T04:41:38+00:00,56583,USD,EV000190,false,CPL/SRC/events/00191
EV000192,CPL,CPL_BILLING,CPL-R00106,SUBMITTED,2022-07-28T18:56:00+00:00,2022-07-29T00:52:39+00:00,2500,USD,,false,CPL/SRC/events/00192
EV000193,CPL,CPL_BILLING,CPL-R00107,CORRECTED,2022-08-04T14:50:00+00:00,2022-08-11T04:03:17+00:00,2946,USD,,false,CPL/SRC/events/00193
EV000194,CPL,CPL_BILLING,CPL-R00106,VOID_VERSION,2022-08-04T14:50:00+00:00,2022-08-05T23:59:17+00:00,2500,USD,,false,CPL/SRC/events/00194
EV000195,CPL,CPL_BILLING,,PAYMENT_POSTED,2022-09-06T18:22:00+00:00,2022-09-08T09:33:36+00:00,2946,USD,,false,CPL/SRC/events/00195
EV000196,CPL,CPL_BILLING,CPL-R00108,SUBMITTED,2022-07-25T21:32:00+00:00,2022-07-25T22:11:46+00:00,6494,USD,,false,CPL/SRC/events/00196
EV000197,CPL,CPL_BILLING,CPL-R00109,SUBMITTED,2022-09-07T15:39:00+00:00,2022-09-10T00:09:01+00:00,7275,USD,,false,CPL/SRC/events/00197
EV000198,CPL,CPL_BILLING,CPL-R00109,CLOSED_NO_PAYMENT,2022-11-01T17:08:00+00:00,2022-11-01T20:30:24+00:00,,,,true,CPL/SRC/events/00198
EV000199,CPL,CPL_BILLING,CPL-R00110,SUBMITTED,2023-05-10T18:18:00+00:00,2023-05-14T06:22:01+00:00,7203,USD,,false,CPL/SRC/events/00199
EV000200,CPL,CPL_BILLING,,PAYMENT_POSTED,2023-05-18T16:08:00+00:00,2023-05-20T04:16:44+00:00,7203,USD,,false,CPL/SRC/events/00200
EV000201,CPL,CPL_BILLING,CPL-R00111,SUBMITTED,2022-07-11T17:37:00+00:00,2022-07-11T22:02:16+00:00,8036,USD,,false,CPL/SRC/events/00201
EV000202,CPL,CPL_BILLING,,PAYMENT_POSTED,2022-08-01T14:00:00+00:00,2022-08-10T08:10:44+00:00,8036,USD,,false,CPL/SRC/events/00202
EV000203,CPL,CPL_BILLING,CPL-R00112,SUBMITTED,2022-07-21T13:32:00+00:00,2022-07-21T17:37:09+00:00,6695,USD,,false,CPL/SRC/events/00203
EV000204,CPL,CPL_BILLING,,PAYMENT_POSTED,2022-08-19T16:24:00+00:00,2022-08-19T20:41:33+00:00,6695,USD,,false,CPL/SRC/events/00204
EV000205,CPL,CPL_BILLING,CPL-R00113,SUBMITTED,2023-07-26T18:12:00+00:00,2023-07-26T21:06:22+00:00,7239,USD,,false,CPL/SRC/events/00205
EV000206,CPL,CPL_BILLING,,PAYMENT_POSTED,2023-08-08T18:21:00+00:00,2023-08-14T04:59:27+00:00,7239,USD,,false,CPL/SRC/events/00206
EV000207,CPL,CPL_BILLING,CPL-R00114,SUBMITTED,2023-07-24T17:33:00+00:00,2023-07-25T00:01:29+00:00,17607,USD,,false,CPL/SRC/events/00207
EV000208,CPL,CPL_BILLING,CPL-R00115,SUBMITTED,2022-08-26T17:36:00+00:00,2022-08-26T18:00:45+00:00,11564,USD,,false,CPL/SRC/events/00208
EV000209,CPL,CPL_BILLING,,PAYMENT_POSTED,2022-09-07T20:01:00+00:00,2022-09-07T21:38:27+00:00,11564,USD,,false,CPL/SRC/events/00209
EV000210,CPL,CPL_BILLING,CPL-R00116,SUBMITTED,2022-11-10T20:35:00+00:00,2022-11-11T02:47:50+00:00,3605,USD,,false,CPL/SRC/events/00210
EV000211,CPL,CPL_BILLING,,PAYMENT_POSTED,2022-12-05T22:10:00+00:00,2022-12-12T00:15:50+00:00,3605,USD,,false,CPL/SRC/events/00211
EV000212,CPL,CPL_BILLING,CPL-R00117,SUBMITTED,2022-11-08T18:46:00+00:00,2022-11-09T00:57:04+00:00,25962,USD,,false,CPL/SRC/events/00212
EV000213,CPL,CPL_BILLING,CPL-R00118,SUBMITTED,2023-09-18T16:51:00+00:00,2023-09-18T19:32:22+00:00,13668,USD,,false,CPL/SRC/events/00213
EV000214,CPL,CPL_BILLING,,PAYMENT_POSTED,2023-10-10T16:22:00+00:00,2023-10-10T19:14:48+00:00,13668,USD,,false,CPL/SRC/events/00214
EV000215,CPL,CPL_BILLING,CPL-R00119,SUBMITTED,2023-02-15T19:50:00+00:00,2023-02-16T02:23:50+00:00,29758,USD,,false,CPL/SRC/events/00215
EV000216,CPL,CPL_BILLING,,PAYMENT_POSTED,2023-03-08T22:06:00+00:00,2023-03-10T11:49:56+00:00,29758,USD,,false,CPL/SRC/events/00216
EV000217,CPL,CPL_BILLING,CPL-R00120,SUBMITTED,2022-10-28T21:15:00+00:00,2022-10-30T10:09:48+00:00,3763,USD,,false,CPL/SRC/events/00217
EV000218,CPL,CPL_BILLING,,PAYMENT_POSTED,2022-12-19T15:18:00+00:00,2022-12-24T19:34:52+00:00,3763,USD,,false,CPL/SRC/events/00218
EV000219,CPL,CPL_BILLING,CPL-R00121,SUBMITTED,2023-08-03T17:53:00+00:00,2023-08-03T18:17:22+00:00,7230,USD,,false,CPL/SRC/events/00219
EV000220,CPL,CPL_BILLING,,PAYMENT_POSTED,2023-08-21T17:05:00+00:00,2023-08-22T08:08:12+00:00,7230,USD,,false,CPL/SRC/events/00220
EV000221,CPL,CPL_BILLING,CPL-R00122,SUBMITTED,2023-03-06T16:39:00+00:00,2023-03-09T04:03:26+00:00,3925,USD,,false,CPL/SRC/events/00221
EV000222,CPL,CPL_BILLING,,PAYMENT_POSTED,2023-03-29T16:17:00+00:00,2023-03-31T23:36:13+00:00,3925,USD,,false,CPL/SRC/events/00222
EV000223,CPL,CPL_BILLING,CPL-R00123,SUBMITTED,2023-03-27T13:07:00+00:00,2023-03-30T19:29:18+00:00,4222,USD,,false,CPL/SRC/events/00223
EV000224,CPL,CPL_BILLING,,PAYMENT_POSTED,2023-04-03T13:02:00+00:00,2023-04-08T14:28:18+00:00,4222,USD,,false,CPL/SRC/events/00224
EV000225,CPL,CPL_BILLING,CPL-R00124,SUBMITTED,2023-05-22T19:04:00+00:00,2023-05-23T15:38:05+00:00,6655,USD,,false,CPL/SRC/events/00225
EV000226,CPL,CPL_BILLING,CPL-R00124,CLOSED_NO_PAYMENT,2023-08-25T14:37:00+00:00,2023-08-25T20:28:46+00:00,,,,true,CPL/SRC/events/00226
EV000227,CPL,CPL_BILLING,CPL-R00125,SUBMITTED,2022-07-20T15:29:00+00:00,2022-07-24T09:30:23+00:00,36736,USD,,false,CPL/SRC/events/00227
EV000228,CPL,CPL_BILLING,,PAYMENT_POSTED,2022-08-01T16:23:00+00:00,2022-08-01T19:15:54+00:00,36736,USD,,false,CPL/SRC/events/00228
EV000229,CPL,CPL_BILLING,CPL-R00126,SUBMITTED,2022-07-12T16:44:00+00:00,2022-07-12T18:23:54+00:00,3732,USD,,false,CPL/SRC/events/00229
EV000230,CPL,CPL_BILLING,,PAYMENT_POSTED,2022-08-26T13:09:00+00:00,2022-08-30T09:39:35+00:00,3732,USD,,false,CPL/SRC/events/00230
EV000231,CPL,CPL_BILLING,CPL-R00127,SUBMITTED,2022-12-19T22:17:00+00:00,2022-12-21T19:57:04+00:00,13176,USD,,false,CPL/SRC/events/00231
EV000232,CPL,CPL_BILLING,CPL-R00128,CORRECTED,2022-12-28T16:28:00+00:00,2023-01-01T11:41:31+00:00,16260,USD,,false,CPL/SRC/events/00232
EV000233,CPL,CPL_BILLING,CPL-R00127,VOID_VERSION,2022-12-28T16:28:00+00:00,2022-12-31T20:17:22+00:00,13176,USD,,false,CPL/SRC/events/00233
EV000234,CPL,CPL_BILLING,,PAYMENT_POSTED,2023-01-06T18:49:00+00:00,2023-01-06T23:02:09+00:00,16260,USD,,false,CPL/SRC/events/00234
EV000235,CPL,CPL_BILLING,CPL-R00129,SUBMITTED,2023-01-09T15:36:00+00:00,2023-01-10T09:25:42+00:00,2500,USD,,false,CPL/SRC/events/00235
EV000236,CPL,CPL_BILLING,CPL-R00130,CORRECTED,2023-01-13T20:10:00+00:00,2023-03-20T12:14:21+00:00,2178,USD,,false,CPL/SRC/events/00236
EV000237,CPL,CPL_BILLING,,PAYMENT_POSTED,2023-01-23T22:30:00+00:00,2023-01-29T08:05:54+00:00,2178,USD,,false,CPL/SRC/events/00237
EV000238,CPL,CPL_BILLING,CPL-R00131,SUBMITTED,2022-08-26T21:58:00+00:00,2022-09-07T07:08:59+00:00,41436,USD,,false,CPL/SRC/events/00238
EV000239,CPL,CPL_BILLING,CPL-R00132,SUBMITTED,2023-06-09T19:50:00+00:00,2023-06-12T22:45:12+00:00,5964,USD,,false,CPL/SRC/events/00239
EV000240,CPL,CPL_BILLING,,PAYMENT_POSTED,2023-06-19T13:28:00+00:00,2023-06-21T06:57:12+00:00,5964,USD,,false,CPL/SRC/events/00240
EV000241,CPL,CPL_BILLING,CPL-R00133,SUBMITTED,2022-11-25T14:02:00+00:00,2022-11-27T14:17:33+00:00,7417,USD,,false,CPL/SRC/events/00241
EV000242,CPL,CPL_BILLING,,PAYMENT_POSTED,2022-12-05T20:06:00+00:00,2022-12-06T00:21:59+00:00,7417,USD,,false,CPL/SRC/events/00242
EV000243,CPL,CPL_BILLING,CPL-R00134,SUBMITTED,2023-09-12T18:17:00+00:00,2023-09-15T02:17:08+00:00,55297,USD,,false,CPL/SRC/events/00243
EV000244,CPL,CPL_BILLING,CPL-R00135,CORRECTED,2023-09-18T16:11:00+00:00,2023-09-18T18:57:21+00:00,50560,USD,,false,CPL/SRC/events/00244
EV000245,CPL,CPL_BILLING,,PAYMENT_POSTED,2023-09-20T20:48:00+00:00,2023-09-21T01:42:30+00:00,50560,USD,,false,CPL/SRC/events/00245
EV000246,CPL,CPL_BILLING,CPL-R00136,SUBMITTED,2023-09-07T21:55:00+00:00,2023-09-28T21:55:00+00:00,19740,USD,,false,CPL/SRC/events/00246
EV000247,CPL,CPL_BILLING,CPL-R00137,SUBMITTED,2023-08-08T20:27:00+00:00,2023-08-08T22:23:18+00:00,13014,USD,,false,CPL/SRC/events/00247
EV000248,CPL,CPL_BILLING,CPL-R00138,SUBMITTED,2022-12-08T15:23:00+00:00,2022-12-10T16:12:12+00:00,8823,USD,,false,CPL/SRC/events/00248
EV000249,CPL,CPL_BILLING,,PAYMENT_POSTED,2022-12-30T19:32:00+00:00,2023-03-28T06:11:11+00:00,8823,USD,,false,CPL/SRC/events/00249
EV000250,CPL,CPL_BILLING,CPL-R00139,SUBMITTED,2023-04-10T13:58:00+00:00,2023-04-10T18:21:31+00:00,6791,USD,,false,CPL/SRC/events/00250
EV000251,CPL,CPL_BILLING,,PAYMENT_POSTED,2023-04-13T15:17:00+00:00,2023-04-18T13:53:28+00:00,6791,USD,,false,CPL/SRC/events/00251
EV000252,CPL,CPL_BILLING,CPL-R00140,SUBMITTED,2022-11-25T17:28:00+00:00,2022-11-29T02:03:37+00:00,18785,USD,,false,CPL/SRC/events/00252
EV000253,CPL,CPL_BILLING,,PAYMENT_POSTED,2022-12-08T14:09:00+00:00,2022-12-23T12:43:04+00:00,18785,USD,,false,CPL/SRC/events/00253
EV000254,CPL,CPL_BILLING,CPL-R00141,SUBMITTED,2022-11-22T17:04:00+00:00,2022-11-22T19:48:29+00:00,4877,USD,,false,CPL/SRC/events/00254
EV000255,CPL,CPL_BILLING,CPL-R00142,SUBMITTED,2023-05-31T21:29:00+00:00,2023-06-05T05:32:51+00:00,4214,USD,,false,CPL/SRC/events/00255
EV000256,CPL,CPL_BILLING,,PAYMENT_POSTED,2023-06-26T13:06:00+00:00,2023-06-27T04:13:42+00:00,4214,USD,,false,CPL/SRC/events/00256
EV000257,CPL,CPL_BILLING,CPL-R00143,SUBMITTED,2022-09-05T16:51:00+00:00,2022-09-19T08:34:58+00:00,18238,USD,,false,CPL/SRC/events/00257
EV000258,CPL,CPL_BILLING,,PAYMENT_POSTED,2022-10-04T16:20:00+00:00,2022-10-04T18:20:22+00:00,18238,USD,,false,CPL/SRC/events/00258
EV000259,CPL,CPL_BILLING,CPL-R00144,SUBMITTED,2022-10-24T20:22:00+00:00,2022-11-01T04:48:16+00:00,22099,USD,,false,CPL/SRC/events/00259
EV000260,CPL,CPL_BILLING,,PAYMENT_POSTED,2022-11-14T15:10:00+00:00,2022-11-19T05:12:44+00:00,22099,USD,,false,CPL/SRC/events/00260
EV000261,CPL,CPL_BILLING,CPL-R00145,SUBMITTED,2023-07-24T21:23:00+00:00,2023-07-27T09:47:47+00:00,23242,USD,,false,CPL/SRC/events/00261
EV000262,CPL,CPL_BILLING,,PAYMENT_POSTED,2023-08-31T18:26:00+00:00,2023-08-31T22:15:40+00:00,23242,USD,,false,CPL/SRC/events/00262
EV000263,CPL,CPL_BILLING,CPL-R00146,SUBMITTED,2022-11-02T14:05:00+00:00,2022-11-02T19:29:14+00:00,61626,USD,,false,CPL/SRC/events/00263
EV000264,CPL,CPL_BILLING,,PAYMENT_POSTED,2022-11-14T19:23:00+00:00,2022-11-23T04:34:18+00:00,61626,USD,,false,CPL/SRC/events/00264
EV000265,CPL,CPL_BILLING,CPL-R00147,SUBMITTED,2022-12-22T20:48:00+00:00,2022-12-22T22:14:45+00:00,12015,USD,,false,CPL/SRC/events/00265
EV000266,CPL,CPL_BILLING,,PAYMENT_POSTED,2023-01-09T16:14:00+00:00,2023-01-09T23:07:54+00:00,12015,USD,,false,CPL/SRC/events/00266
EV000267,CPL,CPL_BILLING,CPL-R00148,SUBMITTED,2023-01-12T15:15:00+00:00,2023-01-15T14:04:12+00:00,4626,USD,,false,CPL/SRC/events/00267
EV000268,CPL,CPL_BILLING,,PAYMENT_POSTED,2023-01-30T20:35:00+00:00,2023-01-31T00:52:02+00:00,4626,USD,,false,CPL/SRC/events/00268
EV000269,CPL,CPL_BILLING,CPL-R00149,SUBMITTED,2023-01-26T15:12:00+00:00,2023-01-26T17:04:47+00:00,4652,USD,,false,CPL/SRC/events/00269
EV000270,CPL,CPL_BILLING,,PAYMENT_POSTED,2023-01-30T19:52:00+00:00,2023-02-10T09:51:07+00:00,4652,USD,,false,CPL/SRC/events/00270
EV000271,CPL,CPL_BILLING,CPL-R00150,SUBMITTED,2022-08-10T19:03:00+00:00,2022-08-16T11:13:26+00:00,21001,USD,,false,CPL/SRC/events/00271
EV000272,CPL,CPL_BILLING,,PAYMENT_POSTED,2022-09-01T20:06:00+00:00,2022-09-01T21:07:25+00:00,21001,USD,,false,CPL/SRC/events/00272
EV000273,CPL,CPL_BILLING,CPL-R00151,SUBMITTED,2022-10-27T17:23:00+00:00,2022-11-10T23:40:21+00:00,8319,USD,,false,CPL/SRC/events/00273
EV000274,CPL,CPL_BILLING,,PAYMENT_POSTED,2022-11-15T20:46:00+00:00,2022-11-26T09:08:31+00:00,8319,USD,,false,CPL/SRC/events/00274
EV000275,CPL,CPL_BILLING,CPL-R00152,SUBMITTED,2022-07-11T13:12:00+00:00,2022-07-14T21:04:52+00:00,5251,USD,,false,CPL/SRC/events/00275
EV000276,CPL,CPL_BILLING,,PAYMENT_POSTED,2022-07-22T20:40:00+00:00,2022-07-23T04:19:04+00:00,5251,USD,,false,CPL/SRC/events/00276
EV000277,CPL,CPL_BILLING,CPL-R00153,SUBMITTED,2023-05-08T17:44:00+00:00,2023-05-15T21:59:37+00:00,4642,USD,,false,CPL/SRC/events/00277
EV000278,CPL,CPL_BILLING,,PAYMENT_POSTED,2023-05-19T17:22:00+00:00,2023-05-19T23:41:00+00:00,4642,USD,,false,CPL/SRC/events/00278
EV000279,CPL,CPL_BILLING,CPL-R00154,SUBMITTED,2022-08-04T19:43:00+00:00,2022-08-16T04:46:29+00:00,8402,USD,,false,CPL/SRC/events/00279
EV000280,CPL,CPL_BILLING,,PAYMENT_POSTED,2022-09-02T16:11:00+00:00,2022-09-07T15:34:04+00:00,8402,USD,,false,CPL/SRC/events/00280
EV000281,CPL,CPL_BILLING,CPL-R00155,SUBMITTED,2023-06-07T15:02:00+00:00,2023-06-07T16:04:09+00:00,8505,USD,,false,CPL/SRC/events/00281
EV000282,CPL,CPL_BILLING,,PAYMENT_POSTED,2023-06-19T15:31:00+00:00,2023-06-19T16:53:43+00:00,8505,USD,,false,CPL/SRC/events/00282
EV000283,CPL,CPL_BILLING,CPL-R00156,SUBMITTED,2023-05-19T14:11:00+00:00,2023-05-20T21:49:15+00:00,11285,USD,,false,CPL/SRC/events/00283
EV000284,CPL,CPL_BILLING,,PAYMENT_POSTED,2023-06-19T14:07:00+00:00,2023-06-23T06:51:07+00:00,11285,USD,,false,CPL/SRC/events/00284
EV000285,CPL,CPL_BILLING,CPL-R00157,SUBMITTED,2022-12-23T18:32:00+00:00,2022-12-24T01:22:58+00:00,44421,USD,,false,CPL/SRC/events/00285
EV000286,CPL,CPL_BILLING,CPL-R00158,CORRECTED,2023-01-02T22:33:00+00:00,2023-01-04T10:10:22+00:00,51927,USD,,false,CPL/SRC/events/00286
EV000287,CPL,CPL_BILLING,,PAYMENT_POSTED,2023-01-12T14:54:00+00:00,2023-01-17T15:34:17+00:00,51927,USD,,false,CPL/SRC/events/00287
EV000288,CPL,CPL_BILLING,CPL-R00158,PAYMENT_REVERSED,2023-01-23T15:48:00+00:00,2023-01-23T19:12:15+00:00,17317,USD,EV000287,false,CPL/SRC/events/00288
EV000289,CPL,CPL_BILLING,CPL-R00159,SUBMITTED,2023-04-24T20:55:00+00:00,2023-04-26T07:27:40+00:00,48577,USD,,false,CPL/SRC/events/00289
EV000290,CPL,CPL_BILLING,CPL-R00160,CORRECTED,2023-04-26T19:54:00+00:00,2023-04-27T00:17:21+00:00,46710,USD,,false,CPL/SRC/events/00290
EV000291,CPL,CPL_BILLING,CPL-R00159,VOID_VERSION,2023-04-26T19:54:00+00:00,2023-04-27T00:32:00+00:00,48577,USD,,false,CPL/SRC/events/00291
EV000292,CPL,CPL_BILLING,,PAYMENT_POSTED,2023-05-10T14:39:00+00:00,2023-05-10T22:06:06+00:00,46710,USD,,false,CPL/SRC/events/00292
EV000293,CPL,CPL_BILLING,CPL-R00161,SUBMITTED,2023-06-05T13:43:00+00:00,2023-06-05T18:09:10+00:00,88901,USD,,false,CPL/SRC/events/00293
EV000294,CPL,CPL_BILLING,,PAYMENT_POSTED,2023-06-19T18:55:00+00:00,2023-06-19T23:21:12+00:00,88901,USD,,false,CPL/SRC/events/00294
EV000295,CPL,CPL_BILLING,CPL-R00162,SUBMITTED,2023-07-11T17:14:00+00:00,2023-07-24T21:27:23+00:00,15573,USD,,false,CPL/SRC/events/00295
EV000296,CPL,CPL_BILLING,,PAYMENT_POSTED,2023-07-31T17:45:00+00:00,2023-08-05T03:12:14+00:00,15573,USD,,false,CPL/SRC/events/00296
EV000297,CPL,CPL_BILLING,CPL-R00163,SUBMITTED,2023-07-10T15:23:00+00:00,2023-07-10T16:35:58+00:00,17502,USD,,false,CPL/SRC/events/00297
EV000298,CPL,CPL_BILLING,CPL-R00164,SUBMITTED,2022-12-27T15:42:00+00:00,2022-12-30T13:49:56+00:00,14766,USD,,false,CPL/SRC/events/00298
EV000299,CPL,CPL_BILLING,,PAYMENT_POSTED,2023-01-09T16:38:00+00:00,2023-01-30T16:38:00+00:00,14766,USD,,false,CPL/SRC/events/00299
EV000300,CPL,CPL_BILLING,CPL-R00165,SUBMITTED,2023-02-16T16:13:00+00:00,2023-03-09T16:13:00+00:00,16268,USD,,false,CPL/SRC/events/00300
EV000301,CPL,CPL_BILLING,,PAYMENT_POSTED,2023-07-25T18:03:00+00:00,2023-07-26T01:45:56+00:00,16268,USD,,false,CPL/SRC/events/00301
EV000302,CPL,CPL_BILLING,CPL-R00166,SUBMITTED,2023-01-23T16:06:00+00:00,2023-01-23T17:49:17+00:00,10213,USD,,false,CPL/SRC/events/00302
EV000303,CPL,CPL_BILLING,,PAYMENT_POSTED,2023-03-09T17:52:00+00:00,2023-03-10T05:18:52+00:00,10213,USD,,false,CPL/SRC/events/00303
EV000304,CPL,CPL_BILLING,CPL-R00167,SUBMITTED,2022-10-10T14:03:00+00:00,2022-10-10T19:15:24+00:00,10191,USD,,false,CPL/SRC/events/00304
EV000305,CPL,CPL_BILLING,,PAYMENT_POSTED,2022-11-03T21:40:00+00:00,2022-11-06T18:14:34+00:00,10191,USD,,false,CPL/SRC/events/00305
EV000306,CPL,CPL_BILLING,CPL-R00168,SUBMITTED,2022-10-25T13:11:00+00:00,2022-10-25T18:43:32+00:00,14877,USD,,false,CPL/SRC/events/00306
EV000307,CPL,CPL_BILLING,,PAYMENT_POSTED,2022-11-10T18:05:00+00:00,2022-11-10T23:52:55+00:00,14877,USD,,false,CPL/SRC/events/00307
EV000308,CPL,CPL_BILLING,CPL-R00169,SUBMITTED,2022-08-02T13:16:00+00:00,2022-10-07T11:08:51+00:00,21308,USD,,false,CPL/SRC/events/00308
EV000309,CPL,CPL_BILLING,CPL-R00170,SUBMITTED,2023-07-13T20:03:00+00:00,2023-07-17T06:52:28+00:00,7714,USD,,false,CPL/SRC/events/00309
EV000310,CPL,CPL_BILLING,,PAYMENT_POSTED,2023-08-21T13:11:00+00:00,2023-08-21T18:03:21+00:00,7714,USD,,false,CPL/SRC/events/00310
EV000311,CPL,CPL_BILLING,CPL-R00171,SUBMITTED,2022-12-05T14:07:00+00:00,2022-12-11T12:47:31+00:00,11371,USD,,false,CPL/SRC/events/00311
EV000312,CPL,CPL_BILLING,,PAYMENT_POSTED,2022-12-15T21:59:00+00:00,2022-12-21T23:24:14+00:00,11371,USD,,false,CPL/SRC/events/00312
EV000313,CPL,CPL_BILLING,CPL-R00172,SUBMITTED,2022-08-08T15:33:00+00:00,2022-08-11T12:55:58+00:00,78150,USD,,false,CPL/SRC/events/00313
EV000314,CPL,CPL_BILLING,,PAYMENT_POSTED,2022-10-03T20:25:00+00:00,2022-10-03T21:00:39+00:00,78150,USD,,false,CPL/SRC/events/00314
EV000315,CPL,CPL_BILLING,CPL-R00173,SUBMITTED,2023-07-25T19:15:00+00:00,2023-07-25T21:30:59+00:00,11479,USD,,false,CPL/SRC/events/00315
EV000316,CPL,CPL_BILLING,,PAYMENT_POSTED,2023-10-09T16:11:00+00:00,2023-10-10T23:59:56+00:00,11479,USD,,false,CPL/SRC/events/00316
EV000317,CPL,CPL_BILLING,CPL-R00174,SUBMITTED,2022-09-02T17:57:00+00:00,2022-09-03T01:08:46+00:00,6609,USD,,false,CPL/SRC/events/00317
EV000318,CPL,CPL_BILLING,,PAYMENT_POSTED,2022-09-14T14:06:00+00:00,2022-09-20T04:05:42+00:00,6609,USD,,false,CPL/SRC/events/00318
EV000319,CPL,CPL_BILLING,CPL-R00175,SUBMITTED,2023-07-05T15:16:00+00:00,2023-07-07T04:52:18+00:00,9972,USD,,false,CPL/SRC/events/00319
EV000320,CPL,CPL_BILLING,,PAYMENT_POSTED,2023-07-17T18:58:00+00:00,2023-07-20T11:55:49+00:00,9972,USD,,false,CPL/SRC/events/00320
EV000321,CPL,CPL_BILLING,CPL-R00176,SUBMITTED,2023-06-14T21:06:00+00:00,2023-06-14T22:42:24+00:00,20547,USD,,false,CPL/SRC/events/00321
EV000322,CPL,CPL_BILLING,,PAYMENT_POSTED,2023-07-06T13:05:00+00:00,2023-07-06T15:58:12+00:00,20547,USD,,false,CPL/SRC/events/00322
EV000323,CPL,CPL_BILLING,CPL-R00177,SUBMITTED,2022-08-31T21:28:00+00:00,2022-09-06T02:56:18+00:00,14020,USD,,false,CPL/SRC/events/00323
EV000324,CPL,CPL_BILLING,CPL-R00178,CORRECTED,2022-09-05T15:04:00+00:00,2022-09-05T15:40:19+00:00,15699,USD,,false,CPL/SRC/events/00324
EV000325,CPL,CPL_BILLING,CPL-R00179,SUBMITTED,2023-09-18T16:47:00+00:00,2023-09-18T23:35:19+00:00,7837,USD,,false,CPL/SRC/events/00325
EV000326,CPL,CPL_BILLING,,PAYMENT_POSTED,2023-10-27T19:28:00+00:00,2023-10-27T21:29:01+00:00,7837,USD,,false,CPL/SRC/events/00326
EV000327,CPL,CPL_BILLING,CPL-R00180,SUBMITTED,2022-11-03T19:49:00+00:00,2022-11-06T02:12:50+00:00,25818,USD,,false,CPL/SRC/events/00327
EV000328,CPL,CPL_BILLING,,PAYMENT_POSTED,2022-11-23T22:01:00+00:00,2022-11-23T22:25:21+00:00,25818,USD,,false,CPL/SRC/events/00328
EV000329,CPL,CPL_BILLING,CPL-R00181,SUBMITTED,2022-09-20T16:16:00+00:00,2022-09-23T03:34:03+00:00,180890,USD,,false,CPL/SRC/events/00329
EV000330,CPL,CPL_BILLING,,PAYMENT_POSTED,2022-10-14T18:52:00+00:00,2022-10-14T22:58:26+00:00,180890,USD,,false,CPL/SRC/events/00330
EV000331,CPL,CPL_BILLING,CPL-R00182,SUBMITTED,2023-07-26T17:55:00+00:00,2023-07-28T15:38:06+00:00,37173,USD,,false,CPL/SRC/events/00331
EV000332,CPL,CPL_BILLING,CPL-R00183,SUBMITTED,2022-10-21T19:51:00+00:00,2022-10-25T07:31:53+00:00,17431,USD,,false,CPL/SRC/events/00332
EV000333,CPL,CPL_BILLING,,PAYMENT_POSTED,2022-12-12T22:02:00+00:00,2022-12-15T07:01:32+00:00,17431,USD,,false,CPL/SRC/events/00333
EV000334,CPL,CPL_BILLING,CPL-R00184,SUBMITTED,2023-08-07T18:13:00+00:00,2023-08-13T19:58:40+00:00,8893,USD,,false,CPL/SRC/events/00334
EV000335,CPL,CPL_BILLING,,PAYMENT_POSTED,2023-08-23T16:31:00+00:00,2023-08-23T23:33:23+00:00,8893,USD,,false,CPL/SRC/events/00335
EV000336,CPL,CPL_BILLING,CPL-R00185,SUBMITTED,2023-08-07T18:54:00+00:00,2023-08-08T23:42:05+00:00,8020,USD,,false,CPL/SRC/events/00336
EV000337,CPL,CPL_BILLING,CPL-R00186,SUBMITTED,2023-09-25T13:40:00+00:00,2023-10-27T16:11:50+00:00,34939,USD,,false,CPL/SRC/events/00337
EV000338,CPL,CPL_BILLING,,PAYMENT_POSTED,2023-10-09T14:54:00+00:00,2023-10-09T21:15:20+00:00,34939,USD,,false,CPL/SRC/events/00338
EV000339,CPL,CPL_BILLING,CPL-R00187,SUBMITTED,2023-02-06T16:47:00+00:00,2023-02-11T20:37:44+00:00,46357,USD,,false,CPL/SRC/events/00339
EV000340,CPL,CPL_BILLING,,PAYMENT_POSTED,2023-02-23T22:10:00+00:00,2023-02-25T12:07:05+00:00,46357,USD,,false,CPL/SRC/events/00340
EV000341,CPL,CPL_BILLING,CPL-R00188,SUBMITTED,2023-08-30T17:36:00+00:00,2023-09-02T22:04:49+00:00,2500,USD,,false,CPL/SRC/events/00341
EV000342,CPL,CPL_BILLING,,PAYMENT_POSTED,2023-10-02T16:00:00+00:00,2023-10-10T11:54:16+00:00,2500,USD,,false,CPL/SRC/events/00342
EV000343,CPL,CPL_BILLING,CPL-R00189,SUBMITTED,2023-01-20T22:53:00+00:00,2023-01-23T06:42:58+00:00,38126,USD,,false,CPL/SRC/events/00343
EV000344,CPL,CPL_BILLING,,PAYMENT_POSTED,2023-01-30T20:59:00+00:00,2023-01-30T22:17:46+00:00,38126,USD,,false,CPL/SRC/events/00344
EV000345,CPL,CPL_BILLING,CPL-R00190,SUBMITTED,2023-01-16T19:13:00+00:00,2023-01-22T19:40:57+00:00,116795,USD,,false,CPL/SRC/events/00345
EV000346,CPL,CPL_BILLING,,PAYMENT_POSTED,2023-01-25T17:28:00+00:00,2023-02-04T23:12:17+00:00,116795,USD,,false,CPL/SRC/events/00346
EV000347,CPL,CPL_BILLING,CPL-R00191,SUBMITTED,2023-02-20T19:25:00+00:00,2023-02-21T03:12:22+00:00,16453,USD,,false,CPL/SRC/events/00347
EV000348,CPL,CPL_BILLING,,PAYMENT_POSTED,2023-04-10T17:33:00+00:00,2023-04-10T23:40:09+00:00,16453,USD,,false,CPL/SRC/events/00348
EV000349,CPL,CPL_BILLING,CPL-R00192,SUBMITTED,2023-07-18T19:44:00+00:00,2023-07-21T05:38:33+00:00,23893,USD,,false,CPL/SRC/events/00349
EV000350,CPL,CPL_BILLING,,PAYMENT_POSTED,2023-08-03T14:29:00+00:00,2023-08-08T02:21:39+00:00,23893,USD,,false,CPL/SRC/events/00350
EV000351,CPL,CPL_BILLING,CPL-R00193,SUBMITTED,2022-10-17T16:40:00+00:00,2022-10-18T00:09:27+00:00,52961,USD,,false,CPL/SRC/events/00351
EV000352,CPL,CPL_BILLING,CPL-R00194,CORRECTED,2022-10-21T15:14:00+00:00,2022-10-21T20:11:31+00:00,48429,USD,,false,CPL/SRC/events/00352
EV000353,CPL,CPL_BILLING,,PAYMENT_POSTED,2022-11-03T16:21:00+00:00,2022-11-03T18:58:57+00:00,48429,USD,,false,CPL/SRC/events/00353
EV000354,CPL,CPL_BILLING,CPL-R00195,SUBMITTED,2023-01-02T20:20:00+00:00,2023-01-02T21:16:25+00:00,8665,USD,,false,CPL/SRC/events/00354
EV000355,CPL,CPL_BILLING,,PAYMENT_POSTED,2023-02-03T19:28:00+00:00,2023-02-04T02:03:41+00:00,8665,USD,,false,CPL/SRC/events/00355
EV000356,CPL,CPL_BILLING,CPL-R00196,SUBMITTED,2023-03-27T19:45:00+00:00,2023-03-28T02:38:15+00:00,10091,USD,,false,CPL/SRC/events/00356
EV000357,CPL,CPL_BILLING,,PAYMENT_POSTED,2023-05-01T17:12:00+00:00,2023-05-01T17:57:18+00:00,10091,USD,,false,CPL/SRC/events/00357
EV000358,CPL,CPL_BILLING,CPL-R00197,SUBMITTED,2022-10-21T19:23:00+00:00,2022-10-21T22:29:07+00:00,47399,USD,,false,CPL/SRC/events/00358
EV000359,CPL,CPL_BILLING,,PAYMENT_POSTED,2022-11-01T15:44:00+00:00,2022-11-01T22:04:46+00:00,47399,USD,,false,CPL/SRC/events/00359
EV000360,CPL,CPL_BILLING,CPL-R00198,SUBMITTED,2022-11-14T14:11:00+00:00,2022-11-25T18:01:41+00:00,5623,USD,,false,CPL/SRC/events/00360
EV000361,CPL,CPL_BILLING,CPL-R00199,CORRECTED,2022-11-21T14:47:00+00:00,2022-11-21T15:04:44+00:00,6298,USD,,false,CPL/SRC/events/00361
EV000362,CPL,CPL_BILLING,,PAYMENT_POSTED,2022-11-21T18:25:00+00:00,2022-11-23T08:46:12+00:00,6298,USD,,false,CPL/SRC/events/00362
EV000363,CPL,CPL_BILLING,CPL-R00200,SUBMITTED,2023-03-20T20:51:00+00:00,2023-03-22T12:54:58+00:00,19342,USD,,false,CPL/SRC/events/00363
EV000364,CPL,CPL_BILLING,,PAYMENT_POSTED,2023-03-28T19:49:00+00:00,2023-03-29T17:17:07+00:00,19342,USD,,false,CPL/SRC/events/00364
EV000365,CPL,CPL_BILLING,CPL-R00201,SUBMITTED,2023-02-02T20:57:00+00:00,2023-02-03T03:48:58+00:00,19394,USD,,false,CPL/SRC/events/00365
EV000366,CPL,CPL_BILLING,CPL-R00202,SUBMITTED,2023-06-29T19:18:00+00:00,2023-06-30T12:39:43+00:00,6855,USD,,false,CPL/SRC/events/00366
EV000367,CPL,CPL_BILLING,,PAYMENT_POSTED,2023-07-10T15:16:00+00:00,2023-07-15T15:23:19+00:00,6855,USD,,false,CPL/SRC/events/00367
EV000368,CPL,CPL_BILLING,CPL-R00203,SUBMITTED,2022-10-10T18:17:00+00:00,2022-10-15T04:12:51+00:00,9400,USD,,false,CPL/SRC/events/00368
EV000369,CPL,CPL_BILLING,CPL-R00204,SUBMITTED,2023-04-14T17:50:00+00:00,2023-04-15T17:44:07+00:00,9757,USD,,false,CPL/SRC/events/00369
EV000370,CPL,CPL_BILLING,,PAYMENT_POSTED,2023-04-19T19:19:00+00:00,2023-04-19T20:37:46+00:00,9757,USD,,false,CPL/SRC/events/00370
EV000371,CPL,CPL_BILLING,CPL-R00205,SUBMITTED,2022-08-04T15:30:00+00:00,2022-08-07T18:39:40+00:00,4423,USD,,false,CPL/SRC/events/00371
EV000372,CPL,CPL_BILLING,,PAYMENT_POSTED,2022-08-25T14:52:00+00:00,2022-08-25T18:22:14+00:00,4423,USD,,false,CPL/SRC/events/00372
EV000373,CPL,CPL_BILLING,CPL-R00206,SUBMITTED,2023-03-15T13:32:00+00:00,2023-03-17T12:35:28+00:00,25566,USD,,false,CPL/SRC/events/00373
EV000374,CPL,CPL_BILLING,,PAYMENT_POSTED,2023-04-20T16:37:00+00:00,2023-04-20T20:25:51+00:00,25566,USD,,false,CPL/SRC/events/00374
EV000375,CPL,CPL_BILLING,CPL-R00207,SUBMITTED,2023-07-31T18:30:00+00:00,2023-08-01T08:56:23+00:00,10316,USD,,false,CPL/SRC/events/00375
EV000376,CPL,CPL_BILLING,,PAYMENT_POSTED,2023-09-04T18:50:00+00:00,2023-09-11T16:33:02+00:00,10316,USD,,false,CPL/SRC/events/00376
EV000377,CPL,CPL_BILLING,CPL-R00208,SUBMITTED,2022-12-26T18:19:00+00:00,2022-12-27T07:55:39+00:00,4063,USD,,false,CPL/SRC/events/00377
EV000378,CPL,CPL_BILLING,CPL-R00209,SUBMITTED,2022-09-09T21:08:00+00:00,2022-09-15T15:14:28+00:00,12742,USD,,false,CPL/SRC/events/00378
EV000379,CPL,CPL_BILLING,CPL-R00209,CLOSED_NO_PAYMENT,2022-11-02T13:05:00+00:00,2022-11-05T10:00:59+00:00,,,,true,CPL/SRC/events/00379
EV000380,CPL,CPL_BILLING,CPL-R00210,SUBMITTED,2023-07-24T20:55:00+00:00,2023-07-24T22:32:09+00:00,14313,USD,,false,CPL/SRC/events/00380
EV000381,CPL,CPL_BILLING,,PAYMENT_POSTED,2023-08-18T15:31:00+00:00,2023-08-18T20:53:51+00:00,14313,USD,,false,CPL/SRC/events/00381
EV000382,CPL,CPL_BILLING,CPL-R00211,SUBMITTED,2022-09-20T15:24:00+00:00,2022-09-20T22:20:52+00:00,11369,USD,,false,CPL/SRC/events/00382
EV000383,CPL,CPL_BILLING,,PAYMENT_POSTED,2022-10-03T17:18:00+00:00,2022-10-08T18:36:55+00:00,11369,USD,,false,CPL/SRC/events/00383
EV000384,CPL,CPL_BILLING,CPL-R00212,SUBMITTED,2022-09-19T15:30:00+00:00,2022-09-19T18:18:26+00:00,6010,USD,,false,CPL/SRC/events/00384
EV000385,CPL,CPL_BILLING,CPL-R00213,SUBMITTED,2022-11-24T15:44:00+00:00,2022-11-30T08:50:22+00:00,7151,USD,,false,CPL/SRC/events/00385
EV000386,CPL,CPL_BILLING,CPL-R00214,CORRECTED,2022-11-28T15:59:00+00:00,2022-11-28T17:06:29+00:00,7987,USD,,false,CPL/SRC/events/00386
EV000387,CPL,CPL_BILLING,,PAYMENT_POSTED,2022-12-12T17:05:00+00:00,2022-12-14T19:12:50+00:00,7987,USD,,false,CPL/SRC/events/00387
EV000388,CPL,CPL_BILLING,CPL-R00215,SUBMITTED,2023-04-25T14:41:00+00:00,2023-04-26T10:53:14+00:00,4487,USD,,false,CPL/SRC/events/00388
EV000389,CPL,CPL_BILLING,CPL-R00216,CORRECTED,2023-05-01T14:28:00+00:00,2023-05-01T17:07:22+00:00,4258,USD,,false,CPL/SRC/events/00389
EV000390,CPL,CPL_BILLING,CPL-R00215,VOID_VERSION,2023-05-01T14:28:00+00:00,2023-05-01T15:19:08+00:00,4487,USD,,false,CPL/SRC/events/00390
EV000391,CPL,CPL_BILLING,,PAYMENT_POSTED,2023-05-02T14:10:00+00:00,2023-05-03T08:54:50+00:00,4258,USD,,false,CPL/SRC/events/00391
EV000392,CPL,CPL_BILLING,CPL-R00217,SUBMITTED,2023-09-28T14:11:00+00:00,2023-10-01T15:05:59+00:00,80281,USD,,false,CPL/SRC/events/00392
EV000393,CPL,CPL_BILLING,CPL-R00218,CORRECTED,2023-10-09T21:13:00+00:00,2023-10-17T23:06:43+00:00,94295,USD,,false,CPL/SRC/events/00393
EV000394,CPL,CPL_BILLING,,PAYMENT_POSTED,2023-10-26T16:30:00+00:00,2023-10-26T21:39:32+00:00,94295,USD,,false,CPL/SRC/events/00394
EV000395,CPL,CPL_BILLING,CPL-R00219,SUBMITTED,2023-08-14T16:30:00+00:00,2023-08-17T12:25:48+00:00,13961,USD,,false,CPL/SRC/events/00395
EV000396,CPL,CPL_BILLING,,PAYMENT_POSTED,2023-08-21T19:26:00+00:00,2023-08-23T12:22:08+00:00,13961,USD,,false,CPL/SRC/events/00396
EV000397,CPL,CPL_BILLING,CPL-R00220,SUBMITTED,2023-09-07T19:09:00+00:00,2023-09-08T00:44:31+00:00,11211,USD,,false,CPL/SRC/events/00397
EV000398,CPL,CPL_BILLING,,PAYMENT_POSTED,2023-10-06T16:38:00+00:00,2023-10-06T18:06:51+00:00,11211,USD,,false,CPL/SRC/events/00398
EV000399,CPL,CPL_BILLING,CPL-R00221,SUBMITTED,2022-11-30T16:17:00+00:00,2022-12-02T23:04:46+00:00,7537,USD,,false,CPL/SRC/events/00399
EV000400,CPL,CPL_BILLING,CPL-R00222,CORRECTED,2022-12-09T18:06:00+00:00,2022-12-09T22:52:10+00:00,7010,USD,,false,CPL/SRC/events/00400
EV000401,CPL,CPL_BILLING,,PAYMENT_POSTED,2022-12-19T17:17:00+00:00,2022-12-21T03:11:51+00:00,7010,USD,,false,CPL/SRC/events/00401
EV000402,CPL,CPL_BILLING,CPL-R00223,SUBMITTED,2022-11-30T20:35:00+00:00,2022-12-03T21:01:14+00:00,16918,USD,,false,CPL/SRC/events/00402
EV000403,CPL,CPL_BILLING,CPL-R00224,SUBMITTED,2023-08-23T16:59:00+00:00,2023-08-25T06:32:35+00:00,47718,USD,,false,CPL/SRC/events/00403
EV000404,CPL,CPL_BILLING,,PAYMENT_POSTED,2023-09-07T14:30:00+00:00,2023-09-10T05:25:43+00:00,47718,USD,,false,CPL/SRC/events/00404
EV000405,CPL,CPL_BILLING,CPL-R00225,SUBMITTED,2022-07-28T13:05:00+00:00,2022-07-28T17:25:55+00:00,11954,USD,,false,CPL/SRC/events/00405
EV000406,CPL,CPL_BILLING,,PAYMENT_POSTED,2022-08-17T19:03:00+00:00,2022-08-25T14:49:07+00:00,11954,USD,,false,CPL/SRC/events/00406
EV000407,CPL,CPL_BILLING,CPL-R00226,SUBMITTED,2022-07-04T21:24:00+00:00,2022-07-05T04:16:09+00:00,6026,USD,,false,CPL/SRC/events/00407
EV000408,CPL,CPL_BILLING,,PAYMENT_POSTED,2022-09-14T18:59:00+00:00,2022-09-16T22:38:02+00:00,6026,USD,,false,CPL/SRC/events/00408
EV000409,CPL,CPL_BILLING,CPL-R00227,SUBMITTED,2023-09-06T17:14:00+00:00,2023-09-06T21:26:04+00:00,4463,USD,,false,CPL/SRC/events/00409
EV000410,CPL,CPL_BILLING,,PAYMENT_POSTED,2023-09-19T13:53:00+00:00,2023-09-19T20:21:09+00:00,4463,USD,,false,CPL/SRC/events/00410
EV000411,CPL,CPL_BILLING,CPL-R00228,SUBMITTED,2022-08-16T19:41:00+00:00,2022-08-17T00:16:01+00:00,15989,USD,,false,CPL/SRC/events/00411
EV000412,CPL,CPL_BILLING,,PAYMENT_POSTED,2022-09-19T14:58:00+00:00,2022-11-08T17:35:35+00:00,15989,USD,,false,CPL/SRC/events/00412
EV000413,CPL,CPL_BILLING,CPL-R00229,SUBMITTED,2023-06-06T21:41:00+00:00,2023-06-07T00:49:09+00:00,12105,USD,,false,CPL/SRC/events/00413
EV000414,CPL,CPL_BILLING,,PAYMENT_POSTED,2023-07-03T13:38:00+00:00,2023-07-04T03:23:04+00:00,12105,USD,,false,CPL/SRC/events/00414
EV000415,CPL,CPL_BILLING,CPL-R00230,SUBMITTED,2023-06-23T17:31:00+00:00,2023-06-24T15:20:18+00:00,4998,USD,,false,CPL/SRC/events/00415
EV000416,CPL,CPL_BILLING,,PAYMENT_POSTED,2023-07-20T17:49:00+00:00,2023-07-23T12:03:38+00:00,4998,USD,,false,CPL/SRC/events/00416
EV000418,CPL,CPL_BILLING,,PAYMENT_POSTED,2023-08-28T19:34:00+00:00,2023-09-04T02:38:41+00:00,4858,USD,,false,CPL/SRC/events/00418
EV000419,CPL,CPL_BILLING,CPL-R00232,SUBMITTED,2023-09-28T20:28:00+00:00,2023-09-28T21:33:32+00:00,8685,USD,,false,CPL/SRC/events/00419
EV000420,CPL,CPL_BILLING,,PAYMENT_POSTED,2023-10-09T13:37:00+00:00,2023-10-14T12:18:35+00:00,8685,USD,,false,CPL/SRC/events/00420
EV000421,CPL,CPL_BILLING,CPL-R00233,SUBMITTED,2022-07-19T18:40:00+00:00,2022-07-20T00:37:26+00:00,33926,USD,,false,CPL/SRC/events/00421
EV000422,CPL,CPL_BILLING,,PAYMENT_POSTED,2022-08-18T13:38:00+00:00,2022-08-18T17:28:42+00:00,33926,USD,,false,CPL/SRC/events/00422
EV000423,CPL,CPL_BILLING,CPL-R00234,SUBMITTED,2023-09-04T17:43:00+00:00,2023-09-09T10:52:29+00:00,4264,EUR,,false,CPL/SRC/events/00423
EV000424,CPL,CPL_BILLING,CPL-R00235,CORRECTED,2023-09-11T13:29:00+00:00,2023-09-23T06:24:18+00:00,4883,USD,,false,CPL/SRC/events/00424
EV000425,CPL,CPL_BILLING,,PAYMENT_POSTED,2023-09-22T21:23:00+00:00,2023-09-24T20:17:32+00:00,4883,USD,,false,CPL/SRC/events/00425
EV000426,CPL,CPL_BILLING,CPL-R00236,SUBMITTED,2023-02-02T20:11:00+00:00,2023-02-02T22:03:41+00:00,18749,USD,,false,CPL/SRC/events/00426
EV000427,CPL,CPL_BILLING,,PAYMENT_POSTED,2023-02-27T18:18:00+00:00,2023-02-28T00:05:20+00:00,18749,USD,,false,CPL/SRC/events/00427
EV000428,CPL,CPL_BILLING,CPL-R00237,SUBMITTED,2023-04-06T14:26:00+00:00,2023-05-22T23:44:42+00:00,4224,USD,,false,CPL/SRC/events/00428
EV000429,CPL,CPL_BILLING,,PAYMENT_POSTED,2023-05-01T19:28:00+00:00,2023-05-05T14:32:36+00:00,4224,USD,,false,CPL/SRC/events/00429
EV000430,CPL,CPL_BILLING,CPL-R00238,SUBMITTED,2022-12-19T20:30:00+00:00,2023-01-09T20:30:00+00:00,6693,USD,,false,CPL/SRC/events/00430
EV000431,CPL,CPL_BILLING,,PAYMENT_POSTED,2023-01-03T15:14:00+00:00,2023-01-03T17:46:03+00:00,6693,USD,,false,CPL/SRC/events/00431
EV000432,CPL,CPL_BILLING,CPL-R00239,SUBMITTED,2022-12-15T19:00:00+00:00,2022-12-15T19:25:22+00:00,4949,USD,,false,CPL/SRC/events/00432
EV000433,CPL,CPL_BILLING,CPL-R00240,SUBMITTED,2023-03-17T14:50:00+00:00,2023-03-18T16:29:36+00:00,14688,USD,,false,CPL/SRC/events/00433
EV000434,CPL,CPL_BILLING,CPL-R00240,CLOSED_NO_PAYMENT,2023-06-29T19:25:00+00:00,2023-06-29T22:06:04+00:00,,,,true,CPL/SRC/events/00434
EV000435,CPL,CPL_BILLING,CPL-R00241,SUBMITTED,2023-03-29T14:21:00+00:00,2023-03-29T19:34:06+00:00,8193,USD,,false,CPL/SRC/events/00435
EV000436,CPL,CPL_BILLING,CPL-R00242,CORRECTED,2023-04-06T14:39:00+00:00,2023-04-07T09:06:40+00:00,8791,USD,,false,CPL/SRC/events/00436
EV000437,CPL,CPL_BILLING,,PAYMENT_POSTED,2023-06-29T18:16:00+00:00,2023-07-01T08:56:36+00:00,8791,USD,,false,CPL/SRC/events/00437
EV000438,CPL,CPL_BILLING,CPL-R00243,SUBMITTED,2022-07-11T17:13:00+00:00,2022-07-12T16:16:37+00:00,3763,USD,,false,CPL/SRC/events/00438
EV000439,CPL,CPL_BILLING,,PAYMENT_POSTED,2022-09-09T20:23:00+00:00,2022-09-10T01:08:10+00:00,3763,USD,,false,CPL/SRC/events/00439
EV000440,CPL,CPL_BILLING,CPL-R00244,SUBMITTED,2023-06-12T21:14:00+00:00,2023-06-23T02:01:40+00:00,6210,USD,,false,CPL/SRC/events/00440
EV000441,CPL,CPL_BILLING,,PAYMENT_POSTED,2023-06-21T20:14:00+00:00,2023-06-25T08:18:09+00:00,6210,USD,,false,CPL/SRC/events/00441
EV000442,CPL,CPL_BILLING,CPL-R00245,SUBMITTED,2022-09-26T13:24:00+00:00,2022-09-29T11:07:42+00:00,10840,USD,,false,CPL/SRC/events/00442
EV000443,CPL,CPL_BILLING,CPL-R00246,SUBMITTED,2023-09-26T16:15:00+00:00,2023-09-26T21:54:34+00:00,14689,USD,,false,CPL/SRC/events/00443
EV000444,CPL,CPL_BILLING,,PAYMENT_POSTED,2023-10-25T20:48:00+00:00,2023-10-26T02:07:06+00:00,14689,USD,,false,CPL/SRC/events/00444
EV000445,CPL,CPL_BILLING,CPL-R00247,SUBMITTED,2023-07-20T14:18:00+00:00,2023-07-20T19:45:19+00:00,4338,USD,,false,CPL/SRC/events/00445
EV000446,CPL,CPL_BILLING,,PAYMENT_POSTED,2023-08-23T20:40:00+00:00,2023-08-26T18:05:49+00:00,4338,USD,,false,CPL/SRC/events/00446
EV000447,CPL,CPL_BILLING,CPL-R00248,SUBMITTED,2023-05-03T20:26:00+00:00,2023-05-04T01:27:20+00:00,17897,USD,,false,CPL/SRC/events/00447
EV000448,CPL,CPL_BILLING,,PAYMENT_POSTED,2023-05-29T16:41:00+00:00,2023-05-29T23:33:17+00:00,17897,USD,,false,CPL/SRC/events/00448
EV000449,CPL,CPL_BILLING,CPL-R00249,SUBMITTED,2023-07-05T15:33:00+00:00,2023-07-05T19:41:46+00:00,34181,USD,,false,CPL/SRC/events/00449
EV000450,CPL,CPL_BILLING,,PAYMENT_POSTED,2023-07-25T15:55:00+00:00,2023-07-25T20:56:13+00:00,34181,USD,,false,CPL/SRC/events/00450
EV000451,CPL,CPL_BILLING,CPL-R00250,SUBMITTED,2023-08-15T19:38:00+00:00,2023-08-19T17:14:48+00:00,5971,USD,,false,CPL/SRC/events/00451
EV000452,CPL,CPL_BILLING,CPL-R00250,CLOSED_NO_PAYMENT,2023-10-26T16:02:00+00:00,2023-10-26T23:59:32+00:00,,,,true,CPL/SRC/events/00452
EV000453,CPL,CPL_BILLING,CPL-R00251,SUBMITTED,2023-07-24T17:12:00+00:00,2023-07-25T00:10:25+00:00,7898,EUR,,false,CPL/SRC/events/00453
EV000454,CPL,CPL_BILLING,CPL-R00252,SUBMITTED,2023-07-11T21:24:00+00:00,2023-07-12T03:54:21+00:00,4656,USD,,false,CPL/SRC/events/00454
EV000456,CPL,CPL_BILLING,CPL-R00253,SUBMITTED,2022-09-12T21:02:00+00:00,2022-09-12T23:23:19+00:00,23424,USD,,false,CPL/SRC/events/00456
EV000457,CPL,CPL_BILLING,,PAYMENT_POSTED,2022-10-10T13:28:00+00:00,2022-10-10T19:18:36+00:00,23424,USD,,false,CPL/SRC/events/00457
EV000458,CPL,CPL_BILLING,CPL-R00254,SUBMITTED,2023-06-14T16:52:00+00:00,2023-06-14T20:20:49+00:00,40043,USD,,false,CPL/SRC/events/00458
EV000459,CPL,CPL_BILLING,,PAYMENT_POSTED,2023-06-26T16:27:00+00:00,2023-06-28T20:36:43+00:00,40043,USD,,false,CPL/SRC/events/00459
EV000460,CPL,CPL_BILLING,CPL-R00255,SUBMITTED,2022-10-21T19:16:00+00:00,2022-10-25T01:59:09+00:00,11865,USD,,false,CPL/SRC/events/00460
EV000461,CPL,CPL_BILLING,,PAYMENT_POSTED,2022-11-07T15:20:00+00:00,2022-11-07T22:37:00+00:00,11865,USD,,false,CPL/SRC/events/00461
EV000462,CPL,CPL_BILLING,CPL-R00256,SUBMITTED,2022-12-14T16:33:00+00:00,2022-12-15T10:10:37+00:00,8420,USD,,false,CPL/SRC/events/00462
EV000463,CPL,CPL_BILLING,,PAYMENT_POSTED,2022-12-26T14:11:00+00:00,2022-12-28T13:20:07+00:00,8420,USD,,false,CPL/SRC/events/00463
EV000464,CPL,CPL_BILLING,CPL-R00257,SUBMITTED,2023-02-06T18:55:00+00:00,2023-02-08T01:43:41+00:00,12264,USD,,false,CPL/SRC/events/00464
EV000465,CPL,CPL_BILLING,,PAYMENT_POSTED,2023-02-28T19:00:00+00:00,2023-02-28T19:08:52+00:00,12264,USD,,false,CPL/SRC/events/00465
EV000466,CPL,CPL_BILLING,CPL-R00258,SUBMITTED,2023-08-28T21:13:00+00:00,2023-08-31T14:58:22+00:00,27202,USD,,false,CPL/SRC/events/00466
EV000467,CPL,CPL_BILLING,CPL-R00258,CLOSED_NO_PAYMENT,2023-10-23T18:55:00+00:00,2023-10-23T20:27:00+00:00,,,,true,CPL/SRC/events/00467
EV000468,CPL,CPL_BILLING,CPL-R00259,SUBMITTED,2023-09-11T18:45:00+00:00,2023-09-11T22:30:17+00:00,25844,USD,,false,CPL/SRC/events/00468
EV000469,CPL,CPL_BILLING,,PAYMENT_POSTED,2023-10-02T19:35:00+00:00,2023-10-03T00:15:27+00:00,25844,USD,,false,CPL/SRC/events/00469
EV000470,CPL,CPL_BILLING,CPL-R00260,SUBMITTED,2023-10-02T17:54:00+00:00,2023-10-07T03:19:38+00:00,6829,USD,,false,CPL/SRC/events/00470
EV000471,CPL,CPL_BILLING,,PAYMENT_POSTED,2023-10-30T17:47:00+00:00,2023-11-01T02:21:21+00:00,6829,USD,,false,CPL/SRC/events/00471
EV000472,CPL,CPL_BILLING,CPL-R00261,SUBMITTED,2023-08-21T19:25:00+00:00,2023-08-22T00:41:54+00:00,13970,USD,,false,CPL/SRC/events/00472
EV000474,CPL,CPL_BILLING,CPL-R00262,SUBMITTED,2023-08-18T13:33:00+00:00,2023-08-24T11:34:00+00:00,11716,USD,,false,CPL/SRC/events/00474
EV000475,CPL,CPL_BILLING,CPL-R00263,SUBMITTED,2022-11-07T20:31:00+00:00,2022-11-07T23:29:17+00:00,43071,USD,,false,CPL/SRC/events/00475
EV000476,CPL,CPL_BILLING,,PAYMENT_POSTED,2022-12-26T17:20:00+00:00,2023-01-03T12:28:07+00:00,43071,USD,,false,CPL/SRC/events/00476
EV000477,CPL,CPL_BILLING,CPL-R00264,SUBMITTED,2022-07-27T14:59:00+00:00,2022-07-27T16:30:15+00:00,35944,USD,,false,CPL/SRC/events/00477
EV000478,CPL,CPL_BILLING,,PAYMENT_POSTED,2022-08-05T17:20:00+00:00,2022-08-05T22:49:29+00:00,35944,USD,,false,CPL/SRC/events/00478
EV000479,CPL,CPL_BILLING,CPL-R00265,SUBMITTED,2023-08-07T16:44:00+00:00,2023-08-07T18:06:17+00:00,8244,USD,,false,CPL/SRC/events/00479
EV000480,CPL,CPL_BILLING,,PAYMENT_POSTED,2023-09-14T14:20:00+00:00,2023-09-14T18:15:52+00:00,8244,USD,,false,CPL/SRC/events/00480
EV000481,CPL,CPL_BILLING,CPL-R00266,SUBMITTED,2023-08-07T19:58:00+00:00,2023-08-08T00:46:07+00:00,2500,USD,,false,CPL/SRC/events/00481
EV000482,CPL,CPL_BILLING,,PAYMENT_POSTED,2023-10-03T18:02:00+00:00,2023-10-06T03:50:14+00:00,2500,USD,,false,CPL/SRC/events/00482
EV000483,CPL,CPL_BILLING,CPL-R00267,SUBMITTED,2023-03-29T13:21:00+00:00,2023-03-30T07:26:38+00:00,11337,USD,,false,CPL/SRC/events/00483
EV000484,CPL,CPL_BILLING,CPL-R00268,CORRECTED,2023-03-30T15:34:00+00:00,2023-03-31T06:19:53+00:00,11526,USD,,false,CPL/SRC/events/00484
EV000485,CPL,CPL_BILLING,,PAYMENT_POSTED,2023-04-12T13:18:00+00:00,2023-04-13T06:26:41+00:00,11526,USD,,false,CPL/SRC/events/00485
EV000486,CPL,CPL_BILLING,CPL-R00269,SUBMITTED,2023-08-22T17:00:00+00:00,2023-08-23T21:14:54+00:00,170276,USD,,false,CPL/SRC/events/00486
EV000487,CPL,CPL_BILLING,,PAYMENT_POSTED,2023-09-21T16:13:00+00:00,2023-09-25T12:18:53+00:00,170276,USD,,false,CPL/SRC/events/00487
EV000488,CPL,CPL_BILLING,CPL-R00270,SUBMITTED,2023-04-06T17:04:00+00:00,2023-04-11T22:25:55+00:00,21251,USD,,false,CPL/SRC/events/00488
EV000489,CPL,CPL_BILLING,,PAYMENT_POSTED,2023-04-10T14:32:00+00:00,2023-04-14T03:32:11+00:00,21251,USD,,false,CPL/SRC/events/00489
EV000490,CPL,CPL_BILLING,CPL-R00271,SUBMITTED,2023-08-07T20:31:00+00:00,2023-08-08T03:36:15+00:00,58146,USD,,false,CPL/SRC/events/00490
EV000491,CPL,CPL_BILLING,,PAYMENT_POSTED,2023-08-24T14:18:00+00:00,2023-08-24T16:20:30+00:00,58146,USD,,false,CPL/SRC/events/00491
EV000492,CPL,CPL_BILLING,CPL-R00272,SUBMITTED,2023-07-04T15:53:00+00:00,2023-07-04T20:19:21+00:00,15480,USD,,false,CPL/SRC/events/00492
EV000493,CPL,CPL_BILLING,,PAYMENT_POSTED,2023-08-11T16:33:00+00:00,2023-08-11T19:02:10+00:00,15480,USD,,false,CPL/SRC/events/00493
EV000494,CPL,CPL_BILLING,CPL-R00273,SUBMITTED,2022-09-15T16:20:00+00:00,2022-09-15T20:17:18+00:00,18276,USD,,false,CPL/SRC/events/00494
EV000495,CPL,CPL_BILLING,,PAYMENT_POSTED,2022-10-18T20:10:00+00:00,2022-10-24T02:53:08+00:00,18276,USD,,false,CPL/SRC/events/00495
EV000496,CPL,CPL_BILLING,CPL-R00274,SUBMITTED,2022-09-12T16:44:00+00:00,2022-09-13T12:56:15+00:00,12779,USD,,false,CPL/SRC/events/00496
EV000497,CPL,CPL_BILLING,CPL-R00275,SUBMITTED,2023-09-04T19:49:00+00:00,2023-09-06T18:00:52+00:00,2652,USD,,false,CPL/SRC/events/00497
EV000498,CPL,CPL_BILLING,,PAYMENT_POSTED,2023-09-19T13:07:00+00:00,2023-09-27T11:15:40+00:00,2652,USD,,false,CPL/SRC/events/00498
EV000499,CPL,CPL_BILLING,CPL-R00276,SUBMITTED,2023-04-21T16:07:00+00:00,2023-04-21T17:57:02+00:00,13892,USD,,false,CPL/SRC/events/00499
EV000500,CPL,CPL_BILLING,,PAYMENT_POSTED,2023-05-05T14:31:00+00:00,2023-05-05T16:24:46+00:00,13892,USD,,false,CPL/SRC/events/00500
EV000501,CPL,CPL_BILLING,CPL-R00277,SUBMITTED,2022-07-26T18:53:00+00:00,2022-07-26T22:43:38+00:00,7629,USD,,false,CPL/SRC/events/00501
EV000502,CPL,CPL_BILLING,CPL-R00278,SUBMITTED,2022-11-18T18:04:00+00:00,2022-11-18T23:17:33+00:00,3027,USD,,false,CPL/SRC/events/00502
EV000503,CPL,CPL_BILLING,,PAYMENT_POSTED,2023-01-09T16:14:00+00:00,2023-01-09T21:59:35+00:00,3027,USD,,false,CPL/SRC/events/00503
EV000504,CPL,CPL_BILLING,CPL-R00279,SUBMITTED,2022-08-26T21:31:00+00:00,2022-08-27T04:27:33+00:00,6733,USD,,false,CPL/SRC/events/00504
EV000505,CPL,CPL_BILLING,CPL-R00280,CORRECTED,2022-08-31T21:18:00+00:00,2022-09-17T16:54:53+00:00,7330,USD,,false,CPL/SRC/events/00505
EV000506,CPL,CPL_BILLING,CPL-R00279,VOID_VERSION,2022-08-31T21:18:00+00:00,2022-09-05T06:05:13+00:00,6733,USD,,false,CPL/SRC/events/00506
EV000507,CPL,CPL_BILLING,,PAYMENT_POSTED,2022-09-09T18:17:00+00:00,2022-09-09T18:32:20+00:00,7330,USD,,false,CPL/SRC/events/00507
EV000508,CPL,CPL_BILLING,CPL-R00281,SUBMITTED,2023-01-26T16:24:00+00:00,2023-01-26T18:48:48+00:00,22009,USD,,false,CPL/SRC/events/00508
EV000509,CPL,CPL_BILLING,CPL-R00282,SUBMITTED,2023-01-12T18:47:00+00:00,2023-01-12T20:44:48+00:00,4196,USD,,false,CPL/SRC/events/00509
EV000510,CPL,CPL_BILLING,,PAYMENT_POSTED,2023-02-02T17:19:00+00:00,2023-02-05T18:06:22+00:00,4196,USD,,false,CPL/SRC/events/00510
EV000511,CPL,CPL_BILLING,CPL-R00283,SUBMITTED,2023-01-02T22:27:00+00:00,2023-01-03T05:02:33+00:00,7471,USD,,false,CPL/SRC/events/00511
EV000512,CPL,CPL_BILLING,CPL-R00284,SUBMITTED,2023-03-27T20:59:00+00:00,2023-03-28T02:13:28+00:00,24675,USD,,false,CPL/SRC/events/00512
EV000513,CPL,CPL_BILLING,CPL-R00285,SUBMITTED,2023-04-03T19:19:00+00:00,2023-04-06T19:33:22+00:00,5208,USD,,false,CPL/SRC/events/00513
EV000514,CPL,CPL_BILLING,,PAYMENT_POSTED,2023-04-24T21:34:00+00:00,2023-04-26T06:21:07+00:00,5208,USD,,false,CPL/SRC/events/00514
EV000515,CPL,CPL_BILLING,CPL-R00286,SUBMITTED,2023-04-03T16:56:00+00:00,2023-04-05T07:22:49+00:00,4163,USD,,false,CPL/SRC/events/00515
EV000516,CPL,CPL_BILLING,CPL-R00287,SUBMITTED,2022-09-30T20:05:00+00:00,2022-09-30T20:16:48+00:00,6129,USD,,false,CPL/SRC/events/00516
EV000517,CPL,CPL_BILLING,,PAYMENT_POSTED,2022-11-03T21:11:00+00:00,2022-11-04T00:38:38+00:00,6129,USD,,false,CPL/SRC/events/00517
EV000518,CPL,CPL_BILLING,CPL-R00288,SUBMITTED,2022-07-18T16:45:00+00:00,2022-07-20T10:45:57+00:00,8142,USD,,false,CPL/SRC/events/00518
EV000519,CPL,CPL_BILLING,,PAYMENT_POSTED,2022-07-26T15:46:00+00:00,2022-07-26T21:55:00+00:00,8142,USD,,false,CPL/SRC/events/00519
EV000520,CPL,CPL_BILLING,CPL-R00289,SUBMITTED,2023-01-16T16:16:00+00:00,2023-01-23T08:03:02+00:00,48995,USD,,false,CPL/SRC/events/00520
EV000521,CPL,CPL_BILLING,CPL-R00290,CORRECTED,2023-01-25T20:07:00+00:00,2023-01-28T02:34:38+00:00,57595,USD,,false,CPL/SRC/events/00521
EV000522,CPL,CPL_BILLING,,PAYMENT_POSTED,2023-05-29T18:17:00+00:00,2023-05-31T02:51:51+00:00,57595,USD,,false,CPL/SRC/events/00522
EV000523,CPL,CPL_BILLING,CPL-R00291,SUBMITTED,2023-01-12T16:25:00+00:00,2023-01-13T00:23:35+00:00,18344,USD,,false,CPL/SRC/events/00523
EV000524,CPL,CPL_BILLING,CPL-R00292,SUBMITTED,2023-07-04T19:54:00+00:00,2023-07-09T15:21:39+00:00,39243,USD,,false,CPL/SRC/events/00524
EV000525,CPL,CPL_BILLING,,PAYMENT_POSTED,2023-07-17T20:26:00+00:00,2023-07-18T08:18:55+00:00,39243,USD,,false,CPL/SRC/events/00525
EV000526,CPL,CPL_BILLING,CPL-R00293,SUBMITTED,2022-12-26T19:23:00+00:00,2022-12-27T13:38:40+00:00,17032,USD,,false,CPL/SRC/events/00526
EV000527,CPL,CPL_BILLING,,PAYMENT_POSTED,2023-01-23T14:46:00+00:00,2023-01-23T16:21:27+00:00,17032,USD,,false,CPL/SRC/events/00527
EV000528,CPL,CPL_BILLING,CPL-R00294,SUBMITTED,2023-06-14T20:01:00+00:00,2023-06-22T03:29:38+00:00,24132,USD,,false,CPL/SRC/events/00528
EV000529,CPL,CPL_BILLING,,PAYMENT_POSTED,2023-07-10T13:19:00+00:00,2023-07-16T06:17:38+00:00,24132,USD,,false,CPL/SRC/events/00529
EV000530,CPL,CPL_BILLING,CPL-R00295,SUBMITTED,2023-01-11T18:16:00+00:00,2023-01-11T18:24:46+00:00,15972,USD,,false,CPL/SRC/events/00530
EV000531,CPL,CPL_BILLING,,PAYMENT_POSTED,2023-01-25T22:55:00+00:00,2023-01-30T05:06:54+00:00,15972,USD,,false,CPL/SRC/events/00531
EV000532,CPL,CPL_BILLING,CPL-R00296,SUBMITTED,2022-11-23T21:08:00+00:00,2022-11-24T02:13:50+00:00,86119,USD,,false,CPL/SRC/events/00532
EV000533,CPL,CPL_BILLING,CPL-R00297,CORRECTED,2022-12-02T21:12:00+00:00,2022-12-10T05:10:32+00:00,109803,USD,,false,CPL/SRC/events/00533
EV000534,CPL,CPL_BILLING,CPL-R00296,VOID_VERSION,2022-12-02T21:12:00+00:00,2022-12-03T00:04:04+00:00,86119,USD,,false,CPL/SRC/events/00534
EV000535,CPL,CPL_BILLING,,PAYMENT_POSTED,2022-12-13T16:54:00+00:00,2022-12-15T14:48:20+00:00,109803,USD,,false,CPL/SRC/events/00535
EV000536,CPL,CPL_BILLING,CPL-R00298,SUBMITTED,2022-10-12T13:33:00+00:00,2022-10-12T18:35:44+00:00,27502,USD,,false,CPL/SRC/events/00536
EV000537,CPL,CPL_BILLING,,PAYMENT_POSTED,2022-10-31T15:28:00+00:00,2022-11-09T17:38:26+00:00,27502,USD,,false,CPL/SRC/events/00537
EV000538,CPL,CPL_BILLING,CPL-R00299,SUBMITTED,2022-12-30T19:34:00+00:00,2022-12-31T00:59:14+00:00,5869,USD,,false,CPL/SRC/events/00538
EV000539,CPL,CPL_BILLING,,PAYMENT_POSTED,2023-01-27T15:11:00+00:00,2023-02-05T06:53:56+00:00,5869,USD,,false,CPL/SRC/events/00539
EV000540,CPL,CPL_BILLING,CPL-R00300,SUBMITTED,2023-06-05T13:05:00+00:00,2023-06-12T11:10:40+00:00,20708,USD,,false,CPL/SRC/events/00540
EV000541,CPL,CPL_BILLING,,PAYMENT_POSTED,2023-07-17T21:53:00+00:00,2023-07-18T00:45:00+00:00,20708,USD,,false,CPL/SRC/events/00541
EV000542,CPL,CPL_BILLING,CPL-R00301,SUBMITTED,2022-11-09T16:21:00+00:00,2022-11-17T04:42:54+00:00,11827,USD,,false,CPL/SRC/events/00542
EV000543,CPL,CPL_BILLING,,PAYMENT_POSTED,2022-12-12T14:08:00+00:00,2022-12-12T18:11:35+00:00,11827,USD,,false,CPL/SRC/events/00543
EV000544,CPL,CPL_BILLING,CPL-R00302,SUBMITTED,2023-03-06T17:35:00+00:00,2023-03-11T18:00:54+00:00,53316,USD,,false,CPL/SRC/events/00544
EV000545,CPL,CPL_BILLING,,PAYMENT_POSTED,2023-04-10T15:16:00+00:00,2023-04-10T19:52:06+00:00,53316,USD,,false,CPL/SRC/events/00545
EV000546,CPL,CPL_BILLING,CPL-R00303,SUBMITTED,2023-03-24T17:54:00+00:00,2023-03-26T02:30:32+00:00,5774,USD,,false,CPL/SRC/events/00546
EV000547,CPL,CPL_BILLING,CPL-R00304,CORRECTED,2023-04-03T15:55:00+00:00,2023-04-20T09:43:15+00:00,6754,USD,,false,CPL/SRC/events/00547
EV000548,CPL,CPL_BILLING,,PAYMENT_POSTED,2023-04-05T18:09:00+00:00,2023-04-05T23:03:02+00:00,6754,USD,,false,CPL/SRC/events/00548
EV000549,CPL,CPL_BILLING,CPL-R00305,SUBMITTED,2023-04-07T20:06:00+00:00,2023-04-08T00:38:43+00:00,4591,USD,,false,CPL/SRC/events/00549
EV000550,CPL,CPL_BILLING,,PAYMENT_POSTED,2023-05-04T13:22:00+00:00,2023-05-14T06:35:42+00:00,4591,USD,,false,CPL/SRC/events/00550
EV000551,CPL,CPL_BILLING,CPL-R00306,SUBMITTED,2022-12-15T16:57:00+00:00,2023-02-15T09:47:56+00:00,8015,USD,,false,CPL/SRC/events/00551
EV000552,CPL,CPL_BILLING,,PAYMENT_POSTED,2023-01-05T15:56:00+00:00,2023-01-09T19:21:57+00:00,8015,USD,,false,CPL/SRC/events/00552
EV000553,CPL,CPL_BILLING,CPL-R00307,SUBMITTED,2022-10-26T15:45:00+00:00,2022-10-26T17:13:08+00:00,3506,USD,,false,CPL/SRC/events/00553
EV000554,CPL,CPL_BILLING,,PAYMENT_POSTED,2022-11-14T20:04:00+00:00,2022-11-15T02:14:39+00:00,3506,USD,,false,CPL/SRC/events/00554
EV000555,CPL,CPL_BILLING,CPL-R00308,SUBMITTED,2022-10-25T17:32:00+00:00,2022-10-26T15:25:57+00:00,15360,USD,,false,CPL/SRC/events/00555
EV000556,CPL,CPL_BILLING,CPL-R00309,SUBMITTED,2023-07-26T17:46:00+00:00,2023-07-26T19:25:59+00:00,12623,USD,,false,CPL/SRC/events/00556
EV000557,CPL,CPL_BILLING,,PAYMENT_POSTED,2023-08-07T21:06:00+00:00,2023-08-09T16:29:15+00:00,12623,USD,,false,CPL/SRC/events/00557
EV000558,CPL,CPL_BILLING,CPL-R00310,SUBMITTED,2023-07-24T18:59:00+00:00,2023-07-26T08:49:36+00:00,12401,USD,,false,CPL/SRC/events/00558
EV000559,CPL,CPL_BILLING,CPL-R00311,SUBMITTED,2022-11-25T16:53:00+00:00,2022-12-06T18:58:14+00:00,73373,USD,,false,CPL/SRC/events/00559
EV000560,CPL,CPL_BILLING,CPL-R00312,CORRECTED,2022-11-29T20:19:00+00:00,2022-11-29T20:50:11+00:00,74994,USD,,false,CPL/SRC/events/00560
EV000561,CPL,CPL_BILLING,CPL-R00311,VOID_VERSION,2022-11-29T20:19:00+00:00,2022-11-29T21:42:16+00:00,73373,USD,,false,CPL/SRC/events/00561
EV000562,CPL,CPL_BILLING,,PAYMENT_POSTED,2022-11-28T20:38:00+00:00,2022-12-05T20:20:46+00:00,74994,USD,,false,CPL/SRC/events/00562
EV000563,CPL,CPL_BILLING,CPL-R00313,SUBMITTED,2022-12-08T17:59:00+00:00,2022-12-08T23:54:36+00:00,114251,USD,,false,CPL/SRC/events/00563
EV000564,CPL,CPL_BILLING,,PAYMENT_POSTED,2022-12-14T22:27:00+00:00,2022-12-16T18:28:22+00:00,114251,USD,,false,CPL/SRC/events/00564
EV000565,CPL,CPL_BILLING,CPL-R00314,SUBMITTED,2023-07-03T18:41:00+00:00,2023-07-05T14:25:37+00:00,14218,USD,,false,CPL/SRC/events/00565
EV000566,CPL,CPL_BILLING,,PAYMENT_POSTED,2023-07-31T19:38:00+00:00,2023-08-05T01:23:51+00:00,14218,USD,,false,CPL/SRC/events/00566
EV000567,CPL,CPL_BILLING,CPL-R00315,SUBMITTED,2023-05-08T14:10:00+00:00,2023-05-23T22:12:28+00:00,8656,USD,,false,CPL/SRC/events/00567
EV000568,CPL,CPL_BILLING,,PAYMENT_POSTED,2023-07-03T20:19:00+00:00,2023-07-05T22:45:13+00:00,8656,USD,,false,CPL/SRC/events/00568
EV000569,CPL,CPL_BILLING,CPL-R00316,SUBMITTED,2022-08-17T21:42:00+00:00,2022-09-07T21:42:00+00:00,15173,USD,,false,CPL/SRC/events/00569
EV000570,CPL,CPL_BILLING,CPL-R00317,CORRECTED,2022-08-29T16:02:00+00:00,2022-08-29T20:53:10+00:00,14612,USD,,false,CPL/SRC/events/00570
EV000571,CPL,CPL_BILLING,CPL-R00316,VOID_VERSION,2022-08-29T16:02:00+00:00,2022-08-30T07:29:56+00:00,15173,USD,,false,CPL/SRC/events/00571
EV000572,CPL,CPL_BILLING,,PAYMENT_POSTED,2022-08-26T17:42:00+00:00,2022-08-26T19:20:29+00:00,14612,USD,,false,CPL/SRC/events/00572
EV000573,CPL,CPL_BILLING,CPL-R00318,SUBMITTED,2022-07-11T19:58:00+00:00,2022-07-12T09:59:46+00:00,120756,USD,,false,CPL/SRC/events/00573
EV000574,CPL,CPL_BILLING,CPL-R00319,CORRECTED,2022-07-15T17:09:00+00:00,2022-07-19T10:31:07+00:00,116801,USD,,false,CPL/SRC/events/00574
EV000575,CPL,CPL_BILLING,CPL-R00318,VOID_VERSION,2022-07-15T17:09:00+00:00,2022-07-15T20:30:15+00:00,120756,USD,,false,CPL/SRC/events/00575
EV000576,CPL,CPL_BILLING,,PAYMENT_POSTED,2022-07-21T14:49:00+00:00,2022-07-21T16:00:35+00:00,116801,USD,,false,CPL/SRC/events/00576
EV000577,CPL,CPL_BILLING,CPL-R00320,SUBMITTED,2023-03-10T18:33:00+00:00,2023-03-13T01:40:27+00:00,67249,USD,,false,CPL/SRC/events/00577
EV000578,CPL,CPL_BILLING,,PAYMENT_POSTED,2023-03-30T15:08:00+00:00,2023-03-30T19:40:08+00:00,67249,USD,,false,CPL/SRC/events/00578
EV000579,CPL,CPL_BILLING,CPL-R00321,SUBMITTED,2023-06-07T18:14:00+00:00,2023-06-07T21:26:38+00:00,8436,USD,,false,CPL/SRC/events/00579
EV000580,CPL,CPL_BILLING,,PAYMENT_POSTED,2023-07-18T18:35:00+00:00,2023-07-19T01:07:50+00:00,8436,USD,,false,CPL/SRC/events/00580
EV000581,CPL,CPL_BILLING,CPL-R00322,SUBMITTED,2022-10-17T17:30:00+00:00,2022-10-22T04:28:59+00:00,104459,USD,,false,CPL/SRC/events/00581
EV000582,CPL,CPL_BILLING,,PAYMENT_POSTED,2022-11-10T18:04:00+00:00,2022-11-15T11:55:27+00:00,104459,USD,,false,CPL/SRC/events/00582
EV000583,CPL,CPL_BILLING,CPL-R00323,SUBMITTED,2022-09-09T17:59:00+00:00,2022-09-09T19:20:58+00:00,6176,USD,,false,CPL/SRC/events/00583
EV000584,CPL,CPL_BILLING,,PAYMENT_POSTED,2022-09-28T15:49:00+00:00,2022-09-28T21:11:12+00:00,6176,USD,,false,CPL/SRC/events/00584
EV000585,CPL,CPL_BILLING,CPL-R00324,SUBMITTED,2023-05-08T21:27:00+00:00,2023-05-17T17:36:10+00:00,3055,USD,,false,CPL/SRC/events/00585
EV000586,CPL,CPL_BILLING,CPL-R00325,SUBMITTED,2023-08-21T14:29:00+00:00,2023-08-25T03:03:06+00:00,4868,USD,,false,CPL/SRC/events/00586
EV000587,CPL,CPL_BILLING,CPL-R00326,CORRECTED,2023-08-28T14:43:00+00:00,2023-08-30T18:45:36+00:00,5509,USD,,false,CPL/SRC/events/00587
EV000588,CPL,CPL_BILLING,,PAYMENT_POSTED,2023-09-28T13:47:00+00:00,2023-09-28T21:10:53+00:00,5509,USD,,false,CPL/SRC/events/00588
EV000589,CPL,CPL_BILLING,CPL-R00327,SUBMITTED,2022-09-08T17:54:00+00:00,2022-09-08T21:34:52+00:00,19144,USD,,false,CPL/SRC/events/00589
EV000590,CPL,CPL_BILLING,CPL-R00328,CORRECTED,2022-09-19T21:46:00+00:00,2022-09-20T01:50:00+00:00,22985,USD,,false,CPL/SRC/events/00590
EV000591,CPL,CPL_BILLING,,PAYMENT_POSTED,2022-10-31T17:46:00+00:00,2022-10-31T18:10:07+00:00,22985,USD,,false,CPL/SRC/events/00591
EV000592,CPL,CPL_BILLING,CPL-R00329,SUBMITTED,2022-10-11T20:19:00+00:00,2022-10-11T21:29:41+00:00,5950,USD,,false,CPL/SRC/events/00592
EV000593,CPL,CPL_BILLING,CPL-R00329,CLOSED_NO_PAYMENT,2022-11-11T14:10:00+00:00,2022-11-14T00:02:42+00:00,,,,true,CPL/SRC/events/00593
EV000594,CPL,CPL_BILLING,CPL-R00330,SUBMITTED,2022-08-01T14:10:00+00:00,2022-08-01T20:04:48+00:00,3669,USD,,false,CPL/SRC/events/00594
EV000595,CPL,CPL_BILLING,,PAYMENT_POSTED,2022-08-15T13:03:00+00:00,2022-08-15T22:22:13+00:00,3669,USD,,false,CPL/SRC/events/00595
EV000596,CPL,CPL_BILLING,CPL-R00331,SUBMITTED,2022-08-23T17:50:00+00:00,2022-08-26T13:41:35+00:00,17760,USD,,false,CPL/SRC/events/00596
EV000597,CPL,CPL_BILLING,CPL-R00332,SUBMITTED,2023-03-13T16:04:00+00:00,2023-03-16T16:24:26+00:00,15742,USD,,false,CPL/SRC/events/00597
EV000598,CPL,CPL_BILLING,,PAYMENT_POSTED,2023-03-20T19:59:00+00:00,2023-03-20T22:01:07+00:00,15742,USD,,false,CPL/SRC/events/00598
EV000599,CPL,CPL_BILLING,CPL-R00333,SUBMITTED,2022-08-01T20:14:00+00:00,2022-08-01T21:49:43+00:00,5176,USD,,false,CPL/SRC/events/00599
EV000600,CPL,CPL_BILLING,CPL-R00334,SUBMITTED,2022-12-29T20:43:00+00:00,2022-12-30T16:46:19+00:00,80507,USD,,false,CPL/SRC/events/00600
EV000601,CPL,CPL_BILLING,CPL-R00335,SUBMITTED,2022-11-28T16:55:00+00:00,2022-12-01T07:03:20+00:00,6977,USD,,false,CPL/SRC/events/00601
EV000602,CPL,CPL_BILLING,,PAYMENT_POSTED,2022-12-05T14:41:00+00:00,2022-12-10T07:37:11+00:00,6977,USD,,false,CPL/SRC/events/00602
EV000603,CPL,CPL_BILLING,CPL-R00336,SUBMITTED,2022-07-11T13:58:00+00:00,2022-08-01T01:40:52+00:00,8425,USD,,false,CPL/SRC/events/00603
EV000604,CPL,CPL_BILLING,,PAYMENT_POSTED,2022-08-16T17:12:00+00:00,2022-08-16T21:08:20+00:00,8425,USD,,false,CPL/SRC/events/00604
EV000605,CPL,CPL_BILLING,CPL-R00337,SUBMITTED,2022-08-31T16:29:00+00:00,2022-09-03T02:53:51+00:00,18010,USD,,false,CPL/SRC/events/00605
EV000606,CPL,CPL_BILLING,CPL-R00338,CORRECTED,2022-09-06T13:29:00+00:00,2022-09-12T07:13:40+00:00,22165,USD,,false,CPL/SRC/events/00606
EV000607,CPL,CPL_BILLING,,PAYMENT_POSTED,2022-09-06T19:16:00+00:00,2022-09-06T23:23:37+00:00,22165,USD,,false,CPL/SRC/events/00607
EV000608,CPL,CPL_BILLING,CPL-R00339,SUBMITTED,2023-03-16T20:13:00+00:00,2023-03-17T01:35:57+00:00,14712,USD,,false,CPL/SRC/events/00608
EV000609,CPL,CPL_BILLING,,PAYMENT_POSTED,2023-04-07T13:10:00+00:00,2023-04-07T19:31:15+00:00,14712,USD,,false,CPL/SRC/events/00609
EV000610,CPL,CPL_BILLING,CPL-R00340,SUBMITTED,2022-09-22T14:27:00+00:00,2022-09-24T23:23:30+00:00,5688,USD,,false,CPL/SRC/events/00610
EV000611,CPL,CPL_BILLING,,PAYMENT_POSTED,2022-10-21T16:26:00+00:00,2022-10-21T22:05:53+00:00,5688,USD,,false,CPL/SRC/events/00611
EV000612,CPL,CPL_BILLING,CPL-R00341,SUBMITTED,2022-09-02T18:35:00+00:00,2022-09-08T20:17:36+00:00,19618,USD,,false,CPL/SRC/events/00612
EV000613,CPL,CPL_BILLING,CPL-R00341,CLOSED_NO_PAYMENT,2022-12-12T20:16:00+00:00,2022-12-12T21:03:04+00:00,,,,true,CPL/SRC/events/00613
EV000614,CPL,CPL_BILLING,CPL-R00342,SUBMITTED,2022-10-05T21:16:00+00:00,2022-10-23T10:46:59+00:00,12385,USD,,false,CPL/SRC/events/00614
EV000615,CPL,CPL_BILLING,,PAYMENT_POSTED,2022-10-24T16:45:00+00:00,2022-11-03T06:22:21+00:00,12385,USD,,false,CPL/SRC/events/00615
EV000616,CPL,CPL_BILLING,CPL-R00343,SUBMITTED,2022-11-07T14:42:00+00:00,2022-11-11T12:00:56+00:00,86051,USD,,false,CPL/SRC/events/00616
EV000617,CPL,CPL_BILLING,,PAYMENT_POSTED,2023-02-15T21:29:00+00:00,2023-02-16T04:01:21+00:00,86051,USD,,false,CPL/SRC/events/00617
EV000618,CPL,CPL_BILLING,CPL-R00344,SUBMITTED,2022-08-08T21:16:00+00:00,2022-08-09T00:01:42+00:00,8199,USD,,false,CPL/SRC/events/00618
EV000619,CPL,CPL_BILLING,,PAYMENT_POSTED,2022-08-15T17:59:00+00:00,2022-08-29T19:17:28+00:00,8199,USD,,false,CPL/SRC/events/00619
EV000620,CPL,CPL_BILLING,CPL-R00345,SUBMITTED,2023-08-18T13:30:00+00:00,2023-08-21T09:37:31+00:00,4504,USD,,false,CPL/SRC/events/00620
EV000621,CPL,CPL_BILLING,,PAYMENT_POSTED,2023-09-14T16:33:00+00:00,2023-09-17T09:08:41+00:00,4504,USD,,false,CPL/SRC/events/00621
EV000622,CPL,CPL_BILLING,CPL-R00346,SUBMITTED,2023-05-04T20:15:00+00:00,2023-05-07T21:41:35+00:00,5802,USD,,false,CPL/SRC/events/00622
EV000623,CPL,CPL_BILLING,,PAYMENT_POSTED,2023-05-26T15:55:00+00:00,2023-05-26T17:05:46+00:00,5802,USD,,false,CPL/SRC/events/00623
EV000624,CPL,CPL_BILLING,CPL-R00347,SUBMITTED,2023-09-19T17:48:00+00:00,2023-09-19T22:02:40+00:00,3296,USD,,false,CPL/SRC/events/00624
EV000626,CPL,CPL_BILLING,CPL-R00348,SUBMITTED,2022-08-23T16:37:00+00:00,2022-08-23T17:37:15+00:00,20354,USD,,false,CPL/SRC/events/00626
EV000627,CPL,CPL_BILLING,,PAYMENT_POSTED,2022-09-13T17:55:00+00:00,2022-09-13T18:52:42+00:00,20354,USD,,false,CPL/SRC/events/00627
EV000628,CPL,CPL_BILLING,CPL-R00349,SUBMITTED,2022-08-22T14:30:00+00:00,2022-08-23T00:51:38+00:00,11286,USD,,false,CPL/SRC/events/00628
EV000629,CPL,CPL_BILLING,CPL-R00350,SUBMITTED,2022-07-25T15:55:00+00:00,2022-07-26T05:17:36+00:00,14643,USD,,false,CPL/SRC/events/00629
EV000630,CPL,CPL_BILLING,,PAYMENT_POSTED,2022-08-18T17:09:00+00:00,2022-08-21T03:20:51+00:00,14643,USD,,false,CPL/SRC/events/00630
EV000631,CPL,CPL_BILLING,CPL-R00351,SUBMITTED,2023-06-05T18:06:00+00:00,2023-06-05T20:08:59+00:00,25090,USD,,false,CPL/SRC/events/00631
EV000632,CPL,CPL_BILLING,,PAYMENT_POSTED,2023-06-30T21:52:00+00:00,2023-07-01T18:50:39+00:00,25090,USD,,false,CPL/SRC/events/00632
EV000633,CPL,CPL_BILLING,CPL-R00352,SUBMITTED,2022-11-28T21:05:00+00:00,2022-11-29T01:48:56+00:00,28287,USD,,false,CPL/SRC/events/00633
EV000634,CPL,CPL_BILLING,,PAYMENT_POSTED,2023-02-15T14:31:00+00:00,2023-02-17T00:15:11+00:00,28287,USD,,false,CPL/SRC/events/00634
EV000635,CPL,CPL_BILLING,CPL-R00353,SUBMITTED,2023-08-07T13:28:00+00:00,2023-08-07T21:13:17+00:00,30829,USD,,false,CPL/SRC/events/00635
EV000636,CPL,CPL_BILLING,CPL-R00353,CLOSED_NO_PAYMENT,2023-09-25T13:20:00+00:00,2023-09-29T15:54:43+00:00,,,,true,CPL/SRC/events/00636
EV000637,CPL,CPL_BILLING,CPL-R00354,SUBMITTED,2023-01-10T22:18:00+00:00,2023-01-10T23:22:16+00:00,5620,USD,,false,CPL/SRC/events/00637
EV000638,CPL,CPL_BILLING,,PAYMENT_POSTED,2023-01-19T20:16:00+00:00,2023-01-20T03:39:29+00:00,5620,USD,,false,CPL/SRC/events/00638
EV000639,CPL,CPL_BILLING,CPL-R00355,SUBMITTED,2023-08-14T15:51:00+00:00,2023-08-14T17:12:48+00:00,99826,USD,,false,CPL/SRC/events/00639
EV000640,CPL,CPL_BILLING,,PAYMENT_POSTED,2023-09-01T18:52:00+00:00,2023-09-01T22:32:29+00:00,99826,USD,,false,CPL/SRC/events/00640
EV000641,CPL,CPL_BILLING,CPL-R00356,SUBMITTED,2023-04-11T18:45:00+00:00,2023-04-13T10:58:36+00:00,12636,USD,,false,CPL/SRC/events/00641
EV000642,CPL,CPL_BILLING,,PAYMENT_POSTED,2023-05-01T21:00:00+00:00,2023-05-03T01:56:32+00:00,12636,USD,,false,CPL/SRC/events/00642
EV000643,CPL,CPL_BILLING,CPL-R00357,SUBMITTED,2023-09-12T16:26:00+00:00,2023-09-12T19:38:46+00:00,15398,USD,,false,CPL/SRC/events/00643
EV000644,CPL,CPL_BILLING,CPL-R00358,CORRECTED,2023-09-25T15:22:00+00:00,2023-09-25T16:19:28+00:00,13880,USD,,false,CPL/SRC/events/00644
EV000645,CPL,CPL_BILLING,CPL-R00357,VOID_VERSION,2023-09-25T15:22:00+00:00,2023-09-28T09:48:11+00:00,15398,USD,,false,CPL/SRC/events/00645
EV000646,CPL,CPL_BILLING,CPL-R00359,SUBMITTED,2022-09-12T14:51:00+00:00,2022-11-07T08:02:44+00:00,5298,USD,,false,CPL/SRC/events/00646
EV000647,CPL,CPL_BILLING,CPL-R00360,CORRECTED,2022-09-23T18:31:00+00:00,2022-09-24T18:13:34+00:00,6672,USD,,false,CPL/SRC/events/00647
EV000648,CPL,CPL_BILLING,CPL-R00359,VOID_VERSION,2022-09-23T18:31:00+00:00,2022-09-24T00:09:57+00:00,5298,USD,,false,CPL/SRC/events/00648
EV000649,CPL,CPL_BILLING,,PAYMENT_POSTED,2022-10-12T18:39:00+00:00,2022-10-13T09:43:26+00:00,6672,USD,,false,CPL/SRC/events/00649
EV000650,CPL,CPL_BILLING,CPL-R00361,SUBMITTED,2022-07-11T18:40:00+00:00,2022-07-13T06:45:00+00:00,247751,USD,,false,CPL/SRC/events/00650
EV000651,CPL,CPL_BILLING,,PAYMENT_POSTED,2022-08-01T15:08:00+00:00,2022-08-04T12:38:13+00:00,247751,USD,,false,CPL/SRC/events/00651
EV000652,CPL,CPL_BILLING,CPL-R00362,SUBMITTED,2023-04-20T19:02:00+00:00,2023-04-20T22:44:46+00:00,19373,USD,,false,CPL/SRC/events/00652
EV000653,CPL,CPL_BILLING,,PAYMENT_POSTED,2023-04-26T14:02:00+00:00,2023-04-26T16:55:13+00:00,19373,USD,,false,CPL/SRC/events/00653
EV000654,CPL,CPL_BILLING,CPL-R00363,SUBMITTED,2023-04-17T17:28:00+00:00,2023-04-24T14:23:50+00:00,20441,USD,,false,CPL/SRC/events/00654
EV000655,CPL,CPL_BILLING,CPL-R00364,SUBMITTED,2023-08-11T17:26:00+00:00,2023-08-12T00:17:54+00:00,3570,USD,,false,CPL/SRC/events/00655
EV000656,CPL,CPL_BILLING,,PAYMENT_POSTED,2023-09-06T14:22:00+00:00,2023-09-07T20:50:18+00:00,3570,USD,,false,CPL/SRC/events/00656
EV000657,CPL,CPL_BILLING,CPL-R00365,SUBMITTED,2023-07-19T15:02:00+00:00,2023-07-24T04:15:46+00:00,11239,USD,,false,CPL/SRC/events/00657
EV000658,CPL,CPL_BILLING,,PAYMENT_POSTED,2023-09-04T18:58:00+00:00,2023-09-04T23:46:54+00:00,11239,USD,,false,CPL/SRC/events/00658
EV000659,CPL,CPL_BILLING,CPL-R00365,PAYMENT_REVERSED,2023-09-11T13:22:00+00:00,2023-10-27T19:34:58+00:00,11239,USD,EV000658,false,CPL/SRC/events/00659
EV000660,CPL,CPL_BILLING,CPL-R00366,SUBMITTED,2023-04-05T20:04:00+00:00,2023-04-05T20:30:50+00:00,72721,USD,,false,CPL/SRC/events/00660
EV000661,CPL,CPL_BILLING,,PAYMENT_POSTED,2023-04-12T18:19:00+00:00,2023-04-13T23:25:09+00:00,72721,USD,,false,CPL/SRC/events/00661
EV000662,CPL,CPL_BILLING,CPL-R00367,SUBMITTED,2023-07-17T16:03:00+00:00,2023-07-17T19:11:05+00:00,12177,USD,,false,CPL/SRC/events/00662
EV000663,CPL,CPL_BILLING,CPL-R00368,SUBMITTED,2023-03-08T19:43:00+00:00,2023-03-09T01:27:35+00:00,20544,USD,,false,CPL/SRC/events/00663
EV000664,CPL,CPL_BILLING,,PAYMENT_POSTED,2023-04-26T17:46:00+00:00,2023-04-26T22:15:24+00:00,20544,USD,,false,CPL/SRC/events/00664
EV000665,CPL,CPL_BILLING,CPL-R00369,SUBMITTED,2023-06-14T17:05:00+00:00,2023-06-14T19:26:27+00:00,34076,USD,,false,CPL/SRC/events/00665
EV000666,CPL,CPL_BILLING,CPL-R00370,SUBMITTED,2023-09-07T18:11:00+00:00,2023-09-09T04:07:39+00:00,7168,USD,,false,CPL/SRC/events/00666
EV000667,CPL,CPL_BILLING,CPL-R00371,CORRECTED,2023-09-12T18:44:00+00:00,2023-09-15T12:46:33+00:00,7945,USD,,false,CPL/SRC/events/00667
EV000668,CPL,CPL_BILLING,,PAYMENT_POSTED,2023-10-02T13:14:00+00:00,2023-10-05T02:58:58+00:00,7945,USD,,false,CPL/SRC/events/00668
EV000669,CPL,CPL_BILLING,CPL-R00372,SUBMITTED,2023-04-17T13:25:00+00:00,2023-04-18T07:48:05+00:00,61343,USD,,false,CPL/SRC/events/00669
EV000670,CPL,CPL_BILLING,CPL-R00373,SUBMITTED,2023-03-31T14:13:00+00:00,2023-03-31T16:52:56+00:00,3741,USD,,false,CPL/SRC/events/00670
EV000671,CPL,CPL_BILLING,,PAYMENT_POSTED,2023-04-18T14:41:00+00:00,2023-04-25T16:10:06+00:00,3741,USD,,false,CPL/SRC/events/00671
EV000672,CPL,CPL_BILLING,CPL-R00374,SUBMITTED,2022-07-20T19:40:00+00:00,2022-07-24T08:46:17+00:00,5628,USD,,false,CPL/SRC/events/00672
EV000673,CPL,CPL_BILLING,,PAYMENT_POSTED,2022-08-01T19:15:00+00:00,2022-08-04T16:24:14+00:00,5628,USD,,false,CPL/SRC/events/00673
EV000674,CPL,CPL_BILLING,CPL-R00375,SUBMITTED,2023-07-31T18:31:00+00:00,2023-08-01T15:31:50+00:00,36555,USD,,false,CPL/SRC/events/00674
EV000675,CPL,CPL_BILLING,,PAYMENT_POSTED,2023-09-11T21:48:00+00:00,2023-09-12T03:48:07+00:00,36555,USD,,false,CPL/SRC/events/00675
EV000676,CPL,CPL_BILLING,CPL-R00376,SUBMITTED,2023-09-25T18:25:00+00:00,2023-09-26T01:43:21+00:00,19631,USD,,false,CPL/SRC/events/00676
EV000677,CPL,CPL_BILLING,,PAYMENT_POSTED,2023-11-07T17:43:00+00:00,2023-11-09T20:34:26+00:00,19631,USD,,false,CPL/SRC/events/00677
EV000678,CPL,CPL_BILLING,CPL-R00377,SUBMITTED,2023-09-12T16:46:00+00:00,2023-09-13T16:30:10+00:00,31744,USD,,false,CPL/SRC/events/00678
EV000679,CPL,CPL_BILLING,,PAYMENT_POSTED,2023-09-19T19:01:00+00:00,2023-09-19T23:27:43+00:00,31744,USD,,false,CPL/SRC/events/00679
EV000680,CPL,CPL_BILLING,CPL-R00378,SUBMITTED,2023-02-03T16:32:00+00:00,2023-02-07T22:26:17+00:00,4568,USD,,false,CPL/SRC/events/00680
EV000681,CPL,CPL_BILLING,,PAYMENT_POSTED,2023-03-03T21:01:00+00:00,2023-03-09T08:54:22+00:00,4568,USD,,false,CPL/SRC/events/00681
EV000682,CPL,CPL_BILLING,CPL-R00379,SUBMITTED,2022-08-05T13:34:00+00:00,2022-08-08T05:46:38+00:00,13973,USD,,false,CPL/SRC/events/00682
EV000683,CPL,CPL_BILLING,,PAYMENT_POSTED,2022-09-16T13:53:00+00:00,2022-09-16T21:05:53+00:00,13973,USD,,false,CPL/SRC/events/00683
EV000684,CPL,CPL_BILLING,CPL-R00380,SUBMITTED,2023-07-31T17:04:00+00:00,2023-08-01T00:48:37+00:00,8232,USD,,false,CPL/SRC/events/00684
EV000685,CPL,CPL_BILLING,CPL-R00380,CLOSED_NO_PAYMENT,2023-09-01T13:33:00+00:00,2023-09-01T18:07:44+00:00,,,,true,CPL/SRC/events/00685
EV000686,CPL,CPL_BILLING,CPL-R00381,SUBMITTED,2022-11-01T18:04:00+00:00,2022-11-01T19:08:43+00:00,5759,USD,,false,CPL/SRC/events/00686
EV000687,CPL,CPL_BILLING,,PAYMENT_POSTED,2022-11-07T16:48:00+00:00,2022-11-10T00:22:44+00:00,5759,USD,,false,CPL/SRC/events/00687
EV000688,CPL,CPL_BILLING,CPL-R00382,SUBMITTED,2023-06-05T16:30:00+00:00,2023-06-05T19:30:58+00:00,21056,USD,,false,CPL/SRC/events/00688
EV000689,CPL,CPL_BILLING,CPL-R00383,SUBMITTED,2023-03-24T15:24:00+00:00,2023-03-24T15:59:18+00:00,36148,USD,,false,CPL/SRC/events/00689
EV000690,CPL,CPL_BILLING,,PAYMENT_POSTED,2023-03-31T17:56:00+00:00,2023-03-31T23:37:29+00:00,36148,USD,,false,CPL/SRC/events/00690
EV000691,CPL,CPL_BILLING,CPL-R00384,SUBMITTED,2022-12-30T15:17:00+00:00,2022-12-30T20:22:50+00:00,3781,USD,,false,CPL/SRC/events/00691
EV000692,CPL,CPL_BILLING,,PAYMENT_POSTED,2023-01-20T22:06:00+00:00,2023-01-21T01:59:26+00:00,3781,USD,,false,CPL/SRC/events/00692
EV000693,CPL,CPL_BILLING,CPL-R00385,SUBMITTED,2022-09-21T20:00:00+00:00,2022-09-22T17:25:05+00:00,3109,USD,,false,CPL/SRC/events/00693
EV000694,CPL,CPL_BILLING,CPL-R00386,CORRECTED,2022-10-03T18:09:00+00:00,2022-10-05T14:11:18+00:00,3540,USD,,false,CPL/SRC/events/00694
EV000695,CPL,CPL_BILLING,,PAYMENT_POSTED,2022-09-26T16:17:00+00:00,2022-09-26T16:26:12+00:00,3540,USD,,false,CPL/SRC/events/00695
EV000696,CPL,CPL_BILLING,CPL-R00387,SUBMITTED,2022-09-19T21:59:00+00:00,2022-09-26T23:41:42+00:00,17541,USD,,false,CPL/SRC/events/00696
EV000697,CPL,CPL_BILLING,CPL-R00388,SUBMITTED,2023-04-03T16:20:00+00:00,2023-04-11T16:07:59+00:00,57636,USD,,false,CPL/SRC/events/00697
EV000698,CPL,CPL_BILLING,,PAYMENT_POSTED,2023-04-21T19:04:00+00:00,2023-04-26T18:27:54+00:00,57636,USD,,false,CPL/SRC/events/00698
EV000699,CPL,CPL_BILLING,CPL-R00389,SUBMITTED,2023-06-01T13:55:00+00:00,2023-06-01T18:14:22+00:00,7577,USD,,false,CPL/SRC/events/00699
EV000700,CPL,CPL_BILLING,CPL-R00390,CORRECTED,2023-06-05T17:09:00+00:00,2023-06-06T00:56:13+00:00,8158,USD,,false,CPL/SRC/events/00700
EV000701,CPL,CPL_BILLING,,PAYMENT_POSTED,2023-06-13T19:50:00+00:00,2023-06-14T12:50:13+00:00,8158,USD,,false,CPL/SRC/events/00701
EV000702,CPL,CPL_BILLING,CPL-R00391,SUBMITTED,2023-01-16T20:33:00+00:00,2023-01-17T03:37:58+00:00,13384,USD,,false,CPL/SRC/events/00702
EV000703,CPL,CPL_BILLING,,PAYMENT_POSTED,2023-03-15T20:00:00+00:00,2023-03-25T10:24:32+00:00,13384,USD,,false,CPL/SRC/events/00703
EV000704,CPL,CPL_BILLING,CPL-R00392,SUBMITTED,2023-09-21T18:32:00+00:00,2023-09-25T03:22:52+00:00,18595,USD,,false,CPL/SRC/events/00704
EV000705,CPL,CPL_BILLING,,PAYMENT_POSTED,2023-10-02T20:47:00+00:00,2023-10-08T15:22:48+00:00,18595,USD,,false,CPL/SRC/events/00705
EV000706,CPL,CPL_BILLING,CPL-R00393,SUBMITTED,2022-08-31T19:36:00+00:00,2022-09-02T10:24:00+00:00,2518,USD,,false,CPL/SRC/events/00706
EV000707,CPL,CPL_BILLING,,PAYMENT_POSTED,2022-09-29T13:27:00+00:00,2022-10-02T08:12:20+00:00,2518,USD,,false,CPL/SRC/events/00707
EV000708,CPL,CPL_BILLING,CPL-R00394,SUBMITTED,2022-12-27T22:53:00+00:00,2023-01-03T12:21:57+00:00,4117,USD,,false,CPL/SRC/events/00708
EV000709,CPL,CPL_BILLING,CPL-R00394,CLOSED_NO_PAYMENT,2023-02-23T20:19:00+00:00,2023-02-24T12:08:34+00:00,,,,true,CPL/SRC/events/00709
EV000710,CPL,CPL_BILLING,CPL-R00395,SUBMITTED,2023-04-14T20:42:00+00:00,2023-04-15T18:29:31+00:00,13447,USD,,false,CPL/SRC/events/00710
EV000711,CPL,CPL_BILLING,CPL-R00396,CORRECTED,2023-04-24T14:08:00+00:00,2023-04-24T17:08:36+00:00,12387,USD,,false,CPL/SRC/events/00711
EV000712,CPL,CPL_BILLING,CPL-R00395,VOID_VERSION,2023-04-24T14:08:00+00:00,2023-04-27T07:09:32+00:00,13447,USD,,false,CPL/SRC/events/00712
EV000714,CPL,CPL_BILLING,CPL-R00397,SUBMITTED,2022-08-08T15:23:00+00:00,2022-08-10T03:24:54+00:00,7376,USD,,false,CPL/SRC/events/00714
EV000715,CPL,CPL_BILLING,,PAYMENT_POSTED,2022-08-18T19:19:00+00:00,2022-08-18T19:42:28+00:00,7376,USD,,false,CPL/SRC/events/00715
EV000716,CPL,CPL_BILLING,CPL-R00398,SUBMITTED,2023-03-27T14:04:00+00:00,2023-03-27T21:17:25+00:00,9517,USD,,false,CPL/SRC/events/00716
EV000717,CPL,CPL_BILLING,,PAYMENT_POSTED,2023-04-10T20:40:00+00:00,2023-04-14T22:22:21+00:00,9517,USD,,false,CPL/SRC/events/00717
EV000718,CPL,CPL_BILLING,CPL-R00399,SUBMITTED,2023-08-16T13:02:00+00:00,2023-08-21T00:35:20+00:00,6504,USD,,false,CPL/SRC/events/00718
EV000719,CPL,CPL_BILLING,CPL-R00400,SUBMITTED,2023-05-29T19:42:00+00:00,2023-05-30T01:59:23+00:00,48844,USD,,false,CPL/SRC/events/00719
EV000720,CPL,CPL_BILLING,,PAYMENT_POSTED,2023-07-11T21:02:00+00:00,2023-07-21T04:12:01+00:00,48844,USD,,false,CPL/SRC/events/00720
EV000721,CPL,CPL_BILLING,CPL-R00401,SUBMITTED,2023-07-19T18:56:00+00:00,2023-07-21T09:33:55+00:00,7080,USD,,false,CPL/SRC/events/00721
EV000722,CPL,CPL_BILLING,CPL-R00402,CORRECTED,2023-07-31T15:12:00+00:00,2023-07-31T17:49:24+00:00,6732,USD,,false,CPL/SRC/events/00722
EV000723,CPL,CPL_BILLING,,PAYMENT_POSTED,2023-08-22T13:21:00+00:00,2023-08-22T17:31:16+00:00,6732,USD,,false,CPL/SRC/events/00723
EV000724,CPL,CPL_BILLING,CPL-R00403,SUBMITTED,2022-10-25T15:44:00+00:00,2022-11-03T06:28:53+00:00,5645,USD,,false,CPL/SRC/events/00724
EV000725,CPL,CPL_BILLING,,PAYMENT_POSTED,2022-11-07T15:06:00+00:00,2022-11-07T17:26:01+00:00,5645,USD,,false,CPL/SRC/events/00725
EV000726,CPL,CPL_BILLING,CPL-R00404,SUBMITTED,2023-03-20T18:44:00+00:00,2023-03-20T19:32:25+00:00,22372,USD,,false,CPL/SRC/events/00726
EV000727,CPL,CPL_BILLING,,PAYMENT_POSTED,2023-03-27T19:23:00+00:00,2023-04-05T02:58:31+00:00,22372,USD,,false,CPL/SRC/events/00727
EV000728,CPL,CPL_BILLING,CPL-R00405,SUBMITTED,2023-08-07T15:25:00+00:00,2023-08-09T09:49:01+00:00,8814,USD,,false,CPL/SRC/events/00728
EV000729,CPL,CPL_BILLING,,PAYMENT_POSTED,2023-09-06T19:02:00+00:00,2023-10-19T13:27:11+00:00,8814,USD,,false,CPL/SRC/events/00729
EV000730,CPL,CPL_BILLING,CPL-R00406,SUBMITTED,2023-01-20T18:02:00+00:00,2023-01-23T21:22:47+00:00,11459,USD,,false,CPL/SRC/events/00730
EV000731,CPL,CPL_BILLING,,PAYMENT_POSTED,2023-02-06T18:03:00+00:00,2023-02-06T18:18:16+00:00,11459,USD,,false,CPL/SRC/events/00731
EV000732,CPL,CPL_BILLING,CPL-R00407,SUBMITTED,2023-06-27T19:44:00+00:00,2023-06-29T18:24:19+00:00,5829,USD,,false,CPL/SRC/events/00732
EV000733,CPL,CPL_BILLING,,PAYMENT_POSTED,2023-07-03T21:31:00+00:00,2023-07-04T23:38:26+00:00,5829,USD,,false,CPL/SRC/events/00733
EV000734,CPL,CPL_BILLING,CPL-R00408,SUBMITTED,2023-01-30T20:54:00+00:00,2023-01-31T00:39:02+00:00,38399,USD,,false,CPL/SRC/events/00734
EV000735,CPL,CPL_BILLING,,PAYMENT_POSTED,2023-02-03T17:34:00+00:00,2023-02-06T21:08:45+00:00,38399,USD,,false,CPL/SRC/events/00735
EV000736,CPL,CPL_BILLING,CPL-R00409,SUBMITTED,2023-06-22T16:49:00+00:00,2023-06-26T03:09:05+00:00,17934,USD,,false,CPL/SRC/events/00736
EV000737,CPL,CPL_BILLING,,PAYMENT_POSTED,2023-07-07T17:31:00+00:00,2023-07-07T18:30:15+00:00,17934,USD,,false,CPL/SRC/events/00737
EV000738,CPL,CPL_BILLING,CPL-R00410,SUBMITTED,2023-03-07T16:37:00+00:00,2023-03-07T20:11:33+00:00,62284,USD,,false,CPL/SRC/events/00738
EV000739,CPL,CPL_BILLING,,PAYMENT_POSTED,2023-03-28T20:39:00+00:00,2023-04-05T21:02:55+00:00,62284,USD,,false,CPL/SRC/events/00739
EV000740,CPL,CPL_BILLING,CPL-R00411,SUBMITTED,2023-03-06T14:00:00+00:00,2023-03-06T16:59:56+00:00,5952,USD,,false,CPL/SRC/events/00740
EV000741,CPL,CPL_BILLING,CPL-R00412,SUBMITTED,2023-06-05T18:19:00+00:00,2023-06-07T12:59:52+00:00,15924,USD,,false,CPL/SRC/events/00741
EV000742,CPL,CPL_BILLING,,PAYMENT_POSTED,2023-06-19T16:30:00+00:00,2023-06-20T07:25:20+00:00,15924,USD,,false,CPL/SRC/events/00742
EV000743,CPL,CPL_BILLING,CPL-R00413,SUBMITTED,2023-01-02T17:46:00+00:00,2023-01-03T00:15:26+00:00,7592,USD,,false,CPL/SRC/events/00743
EV000744,CPL,CPL_BILLING,,PAYMENT_POSTED,2023-02-27T22:50:00+00:00,2023-02-28T04:47:39+00:00,7592,USD,,false,CPL/SRC/events/00744
EV000745,CPL,CPL_BILLING,CPL-R00414,SUBMITTED,2022-12-21T21:29:00+00:00,2022-12-21T21:36:13+00:00,59077,USD,,false,CPL/SRC/events/00745
EV000746,CPL,CPL_BILLING,,PAYMENT_POSTED,2023-01-23T18:29:00+00:00,2023-01-24T01:48:42+00:00,59077,USD,,false,CPL/SRC/events/00746
EV000747,CPL,CPL_BILLING,CPL-R00415,SUBMITTED,2022-12-19T20:49:00+00:00,2022-12-19T22:36:33+00:00,4381,USD,,false,CPL/SRC/events/00747
EV000748,CPL,CPL_BILLING,,PAYMENT_POSTED,2023-01-04T15:08:00+00:00,2023-01-06T08:00:06+00:00,4381,USD,,false,CPL/SRC/events/00748
EV000749,CPL,CPL_BILLING,CPL-R00416,SUBMITTED,2023-02-28T22:15:00+00:00,2023-03-03T12:21:48+00:00,74287,USD,,false,CPL/SRC/events/00749
EV000750,CPL,CPL_BILLING,,PAYMENT_POSTED,2023-03-07T15:39:00+00:00,2023-03-10T00:10:02+00:00,74287,USD,,false,CPL/SRC/events/00750
EV000751,CPL,CPL_BILLING,CPL-R00417,SUBMITTED,2023-05-02T16:14:00+00:00,2023-05-02T20:53:48+00:00,9014,USD,,false,CPL/SRC/events/00751
EV000753,CPL,CPL_BILLING,CPL-R00418,SUBMITTED,2022-10-05T15:45:00+00:00,2022-10-05T17:23:57+00:00,24437,USD,,false,CPL/SRC/events/00753
EV000754,CPL,CPL_BILLING,CPL-R00418,CLOSED_NO_PAYMENT,2022-11-07T14:47:00+00:00,2022-11-07T15:48:52+00:00,,,,true,CPL/SRC/events/00754
EV000755,CPL,CPL_BILLING,CPL-R00419,SUBMITTED,2023-07-27T20:39:00+00:00,2023-07-28T03:15:15+00:00,50531,USD,,false,CPL/SRC/events/00755
EV000756,CPL,CPL_BILLING,,PAYMENT_POSTED,2023-08-28T15:05:00+00:00,2023-08-28T19:11:38+00:00,50531,USD,,false,CPL/SRC/events/00756
EV000757,CPL,CPL_BILLING,CPL-R00420,SUBMITTED,2023-03-17T20:26:00+00:00,2023-03-19T12:32:47+00:00,92752,USD,,false,CPL/SRC/events/00757
EV000758,CPL,CPL_BILLING,CPL-R00420,CLOSED_NO_PAYMENT,2023-05-17T20:27:00+00:00,2023-05-18T03:59:32+00:00,,,,true,CPL/SRC/events/00758
EV000759,CPL,CPL_BILLING,CPL-R00421,SUBMITTED,2023-03-16T15:00:00+00:00,2023-03-22T02:25:10+00:00,6428,USD,,false,CPL/SRC/events/00759
EV000760,CPL,CPL_BILLING,CPL-R00422,CORRECTED,2023-03-20T19:52:00+00:00,2023-03-22T21:15:59+00:00,8219,USD,,false,CPL/SRC/events/00760
EV000761,CPL,CPL_BILLING,CPL-R00421,VOID_VERSION,2023-03-20T19:52:00+00:00,2023-03-21T03:35:28+00:00,6428,USD,,false,CPL/SRC/events/00761
EV000762,CPL,CPL_BILLING,,PAYMENT_POSTED,2023-04-25T16:40:00+00:00,2023-04-25T22:23:54+00:00,8219,USD,,false,CPL/SRC/events/00762
EV000763,CPL,CPL_BILLING,CPL-R00423,SUBMITTED,2023-03-06T14:22:00+00:00,2023-03-07T08:18:58+00:00,6735,USD,,false,CPL/SRC/events/00763
EV000764,CPL,CPL_BILLING,,PAYMENT_POSTED,2023-03-13T19:20:00+00:00,2023-03-16T04:03:11+00:00,6735,USD,,false,CPL/SRC/events/00764
EV000765,CPL,CPL_BILLING,CPL-R00424,SUBMITTED,2023-05-08T17:42:00+00:00,2023-05-14T04:32:57+00:00,147018,USD,,false,CPL/SRC/events/00765
EV000766,CPL,CPL_BILLING,,PAYMENT_POSTED,2023-06-02T18:09:00+00:00,2023-06-07T06:48:16+00:00,147018,USD,,false,CPL/SRC/events/00766
EV000767,CPL,CPL_BILLING,CPL-R00425,SUBMITTED,2023-09-15T19:04:00+00:00,2023-09-19T11:48:36+00:00,40238,USD,,false,CPL/SRC/events/00767
EV000768,CPL,CPL_BILLING,,PAYMENT_POSTED,2023-09-28T14:34:00+00:00,2023-10-01T06:32:40+00:00,40238,USD,,false,CPL/SRC/events/00768
EV000769,CPL,CPL_BILLING,CPL-R00426,SUBMITTED,2023-08-14T17:05:00+00:00,2023-08-16T05:47:49+00:00,6900,USD,,false,CPL/SRC/events/00769
EV000770,CPL,CPL_BILLING,CPL-R00427,CORRECTED,2023-08-23T20:05:00+00:00,2023-08-27T14:54:34+00:00,6676,USD,,false,CPL/SRC/events/00770
EV000771,CPL,CPL_BILLING,CPL-R00426,VOID_VERSION,2023-08-23T20:05:00+00:00,2023-08-23T22:47:08+00:00,6900,USD,,false,CPL/SRC/events/00771
EV000772,CPL,CPL_BILLING,,PAYMENT_POSTED,2023-10-13T18:21:00+00:00,2023-10-13T20:10:58+00:00,6676,USD,,false,CPL/SRC/events/00772
EV000773,CPL,CPL_BILLING,CPL-R00428,SUBMITTED,2022-09-22T13:45:00+00:00,2022-10-03T22:25:31+00:00,253825,USD,,false,CPL/SRC/events/00773
EV000774,CPL,CPL_BILLING,,PAYMENT_POSTED,2022-10-25T21:57:00+00:00,2022-10-26T18:28:24+00:00,253825,USD,,false,CPL/SRC/events/00774
EV000775,CPL,CPL_BILLING,CPL-R00429,SUBMITTED,2023-07-14T20:55:00+00:00,2023-07-15T03:26:40+00:00,110601,USD,,false,CPL/SRC/events/00775
EV000776,CPL,CPL_BILLING,,PAYMENT_POSTED,2023-07-28T15:11:00+00:00,2023-07-28T15:19:15+00:00,110601,USD,,false,CPL/SRC/events/00776
EV000777,CPL,CPL_BILLING,CPL-R00430,SUBMITTED,2022-07-20T14:05:00+00:00,2022-07-24T03:20:18+00:00,9575,USD,,false,CPL/SRC/events/00777
EV000778,CPL,CPL_BILLING,,PAYMENT_POSTED,2022-08-08T18:52:00+00:00,2022-08-10T15:08:53+00:00,9575,USD,,false,CPL/SRC/events/00778
EV000779,CPL,CPL_BILLING,CPL-R00431,SUBMITTED,2022-07-19T20:40:00+00:00,2022-07-20T04:12:04+00:00,8986,USD,,false,CPL/SRC/events/00779
EV000780,CPL,CPL_BILLING,CPL-R00432,SUBMITTED,2022-12-28T14:23:00+00:00,2022-12-28T20:38:41+00:00,113256,USD,,false,CPL/SRC/events/00780
EV000781,CPL,CPL_BILLING,,PAYMENT_POSTED,2023-02-22T19:24:00+00:00,2023-02-22T22:38:49+00:00,113256,USD,,false,CPL/SRC/events/00781
EV000782,CPL,CPL_BILLING,CPL-R00433,SUBMITTED,2022-12-23T19:46:00+00:00,2022-12-25T14:39:21+00:00,5528,USD,,false,CPL/SRC/events/00782
EV000783,CPL,CPL_BILLING,CPL-R00434,SUBMITTED,2023-09-29T18:02:00+00:00,2023-10-01T01:09:00+00:00,10911,USD,,false,CPL/SRC/events/00783
EV000784,CPL,CPL_BILLING,,PAYMENT_POSTED,2023-10-02T21:18:00+00:00,2023-10-07T11:04:47+00:00,10911,USD,,false,CPL/SRC/events/00784
EV000785,CPL,CPL_BILLING,CPL-R00435,SUBMITTED,2023-09-15T18:15:00+00:00,2023-09-19T15:11:12+00:00,112660,USD,,false,CPL/SRC/events/00785
EV000787,CPL,CPL_BILLING,CPL-R00436,SUBMITTED,2023-01-09T22:46:00+00:00,2023-01-13T10:58:34+00:00,34919,USD,,false,CPL/SRC/events/00787
EV000788,CPL,CPL_BILLING,,PAYMENT_POSTED,2023-01-16T15:00:00+00:00,2023-01-18T19:07:51+00:00,34919,USD,,false,CPL/SRC/events/00788
EV000789,CPL,CPL_BILLING,CPL-R00437,SUBMITTED,2023-01-06T15:32:00+00:00,2023-01-06T18:53:44+00:00,8098,USD,,false,CPL/SRC/events/00789
EV000790,CPL,CPL_BILLING,CPL-R00438,SUBMITTED,2023-06-09T13:48:00+00:00,2023-06-10T10:34:18+00:00,28933,USD,,false,CPL/SRC/events/00790
EV000791,CPL,CPL_BILLING,,PAYMENT_POSTED,2023-06-20T15:12:00+00:00,2023-06-22T04:23:31+00:00,28933,USD,,false,CPL/SRC/events/00791
EV000792,CPL,CPL_BILLING,CPL-R00439,SUBMITTED,2022-09-19T16:27:00+00:00,2022-09-19T23:48:14+00:00,5104,USD,,false,CPL/SRC/events/00792
EV000793,CPL,CPL_BILLING,CPL-R00440,CORRECTED,2022-09-30T20:11:00+00:00,2022-10-21T20:11:00+00:00,4935,USD,,false,CPL/SRC/events/00793
EV000794,CPL,CPL_BILLING,,PAYMENT_POSTED,2022-09-26T18:14:00+00:00,2022-09-29T19:17:30+00:00,4935,USD,,false,CPL/SRC/events/00794
EV000795,CPL,CPL_BILLING,CPL-R00441,SUBMITTED,2022-12-29T22:54:00+00:00,2022-12-30T03:22:30+00:00,9799,USD,,false,CPL/SRC/events/00795
EV000796,CPL,CPL_BILLING,CPL-R00442,CORRECTED,2023-01-02T16:09:00+00:00,2023-01-15T20:45:53+00:00,11723,USD,,false,CPL/SRC/events/00796
EV000797,CPL,CPL_BILLING,CPL-R00441,VOID_VERSION,2023-01-02T16:09:00+00:00,2023-01-03T08:13:54+00:00,9799,USD,,false,CPL/SRC/events/00797
EV000798,CPL,CPL_BILLING,,PAYMENT_POSTED,2023-02-22T16:31:00+00:00,2023-02-23T10:31:12+00:00,11723,USD,,false,CPL/SRC/events/00798
EV000799,CPL,CPL_BILLING,CPL-R00443,SUBMITTED,2023-08-09T21:22:00+00:00,2023-08-10T00:34:12+00:00,16324,USD,,false,CPL/SRC/events/00799
EV000800,CPL,CPL_BILLING,,PAYMENT_POSTED,2023-09-01T14:32:00+00:00,2023-09-01T21:41:27+00:00,16324,USD,,false,CPL/SRC/events/00800
EV000801,CPL,CPL_BILLING,CPL-R00444,SUBMITTED,2022-08-22T21:58:00+00:00,2022-08-24T19:42:09+00:00,7343,USD,,false,CPL/SRC/events/00801
EV000802,CPL,CPL_BILLING,,PAYMENT_POSTED,2022-09-08T16:08:00+00:00,2022-09-11T02:26:37+00:00,7343,USD,,false,CPL/SRC/events/00802
EV000803,CPL,CPL_BILLING,CPL-R00445,SUBMITTED,2023-02-23T20:23:00+00:00,2023-02-25T05:56:41+00:00,2691,USD,,false,CPL/SRC/events/00803
EV000804,CPL,CPL_BILLING,,PAYMENT_POSTED,2023-04-03T13:03:00+00:00,2023-04-04T08:19:50+00:00,2691,USD,,false,CPL/SRC/events/00804
EV000805,CPL,CPL_BILLING,CPL-R00446,SUBMITTED,2022-07-11T21:26:00+00:00,2022-07-12T18:11:03+00:00,85398,USD,,false,CPL/SRC/events/00805
EV000806,CPL,CPL_BILLING,,PAYMENT_POSTED,2022-08-03T18:34:00+00:00,2022-08-03T19:08:01+00:00,85398,USD,,false,CPL/SRC/events/00806
EV000807,CPL,CPL_BILLING,CPL-R00447,SUBMITTED,2022-07-07T13:56:00+00:00,2022-07-07T17:07:27+00:00,7363,USD,,false,CPL/SRC/events/00807
EV000808,CPL,CPL_BILLING,CPL-R00448,SUBMITTED,2023-04-03T15:39:00+00:00,2023-04-05T08:24:48+00:00,5432,USD,,false,CPL/SRC/events/00808
EV000809,CPL,CPL_BILLING,,PAYMENT_POSTED,2023-06-28T19:39:00+00:00,2023-06-28T23:36:04+00:00,5432,USD,,false,CPL/SRC/events/00809
EV000810,CPL,CPL_BILLING,CPL-R00449,SUBMITTED,2023-05-30T20:19:00+00:00,2023-06-07T11:29:31+00:00,39246,USD,,false,CPL/SRC/events/00810
EV000811,CPL,CPL_BILLING,,PAYMENT_POSTED,2023-06-30T19:14:00+00:00,2023-07-06T08:14:52+00:00,39246,USD,,false,CPL/SRC/events/00811
EV000812,CPL,CPL_BILLING,CPL-R00450,SUBMITTED,2022-09-06T16:56:00+00:00,2022-09-14T06:25:05+00:00,13502,USD,,false,CPL/SRC/events/00812
EV000813,CPL,CPL_BILLING,,PAYMENT_POSTED,2022-10-10T14:19:00+00:00,2022-10-10T16:02:02+00:00,13502,USD,,false,CPL/SRC/events/00813
EV000814,CPL,CPL_BILLING,CPL-R00451,SUBMITTED,2022-07-15T20:56:00+00:00,2022-07-22T09:17:21+00:00,9836,USD,,false,CPL/SRC/events/00814
EV000815,CPL,CPL_BILLING,,PAYMENT_POSTED,2022-07-25T19:35:00+00:00,2022-07-26T01:05:39+00:00,9836,USD,,false,CPL/SRC/events/00815
EV000816,CPL,CPL_BILLING,CPL-R00452,SUBMITTED,2023-03-09T21:12:00+00:00,2023-03-10T04:26:27+00:00,141805,USD,,false,CPL/SRC/events/00816
EV000817,CPL,CPL_BILLING,,PAYMENT_POSTED,2023-04-07T17:31:00+00:00,2023-04-10T06:04:57+00:00,141805,USD,,false,CPL/SRC/events/00817
EV000818,CPL,CPL_BILLING,CPL-R00453,SUBMITTED,2023-03-06T20:54:00+00:00,2023-03-14T18:00:30+00:00,10866,USD,,false,CPL/SRC/events/00818
EV000819,CPL,CPL_BILLING,CPL-R00454,SUBMITTED,2022-10-10T19:11:00+00:00,2022-10-14T12:02:40+00:00,97848,USD,,false,CPL/SRC/events/00819
EV000820,CPL,CPL_BILLING,,PAYMENT_POSTED,2022-10-24T20:08:00+00:00,2022-10-25T23:39:36+00:00,97848,USD,,false,CPL/SRC/events/00820
EV000821,CPL,CPL_BILLING,CPL-R00455,SUBMITTED,2023-09-18T20:58:00+00:00,2023-09-23T13:45:58+00:00,13454,USD,,false,CPL/SRC/events/00821
EV000822,CPL,CPL_BILLING,,PAYMENT_POSTED,2023-09-25T20:52:00+00:00,2023-10-05T06:46:09+00:00,13454,USD,,false,CPL/SRC/events/00822
EV000823,CPL,CPL_BILLING,CPL-R00456,SUBMITTED,2022-10-14T15:00:00+00:00,2022-10-16T16:22:03+00:00,10774,USD,,false,CPL/SRC/events/00823
EV000824,CPL,CPL_BILLING,,PAYMENT_POSTED,2022-11-03T20:12:00+00:00,2022-11-07T15:19:52+00:00,10774,USD,,false,CPL/SRC/events/00824
EV000825,CPL,CPL_BILLING,CPL-R00457,SUBMITTED,2022-07-12T21:51:00+00:00,2022-07-13T23:46:02+00:00,8468,USD,,false,CPL/SRC/events/00825
EV000826,CPL,CPL_BILLING,,PAYMENT_POSTED,2022-08-01T17:04:00+00:00,2022-08-04T05:10:06+00:00,8468,USD,,false,CPL/SRC/events/00826
EV000827,CPL,CPL_BILLING,CPL-R00458,SUBMITTED,2022-07-22T17:41:00+00:00,2022-07-28T05:03:08+00:00,13252,USD,,false,CPL/SRC/events/00827
EV000828,CPL,CPL_BILLING,,PAYMENT_POSTED,2022-09-12T17:27:00+00:00,2022-09-12T23:57:16+00:00,13252,USD,,false,CPL/SRC/events/00828
EV000829,CPL,CPL_BILLING,CPL-R00459,SUBMITTED,2023-01-23T20:03:00+00:00,2023-01-28T10:00:22+00:00,21993,USD,,false,CPL/SRC/events/00829
EV000830,CPL,CPL_BILLING,,PAYMENT_POSTED,2023-02-02T15:54:00+00:00,2023-04-20T06:41:27+00:00,21993,USD,,false,CPL/SRC/events/00830
EV000831,CPL,CPL_BILLING,CPL-R00460,SUBMITTED,2022-11-28T16:16:00+00:00,2022-11-30T03:08:31+00:00,9322,USD,,false,CPL/SRC/events/00831
EV000832,CPL,CPL_BILLING,CPL-R00461,SUBMITTED,2023-02-27T18:24:00+00:00,2023-03-01T13:45:12+00:00,9094,USD,,false,CPL/SRC/events/00832
EV000833,CPL,CPL_BILLING,,PAYMENT_POSTED,2023-04-10T21:11:00+00:00,2023-04-11T21:55:32+00:00,9094,USD,,false,CPL/SRC/events/00833
EV000834,CPL,CPL_BILLING,CPL-R00462,SUBMITTED,2023-07-24T16:31:00+00:00,2023-07-25T09:32:54+00:00,15544,USD,,false,CPL/SRC/events/00834
EV000835,CPL,CPL_BILLING,,PAYMENT_POSTED,2023-08-17T17:48:00+00:00,2023-08-18T16:50:22+00:00,15544,USD,,false,CPL/SRC/events/00835
EV000836,CPL,CPL_BILLING,CPL-R00463,SUBMITTED,2022-09-05T21:27:00+00:00,2022-09-07T18:21:06+00:00,5770,USD,,false,CPL/SRC/events/00836
EV000837,CPL,CPL_BILLING,,PAYMENT_POSTED,2022-09-15T18:15:00+00:00,2022-09-18T08:13:18+00:00,5770,USD,,false,CPL/SRC/events/00837
EV000838,CPL,CPL_BILLING,CPL-R00464,SUBMITTED,2023-09-13T18:01:00+00:00,2023-09-23T16:12:07+00:00,8779,USD,,false,CPL/SRC/events/00838
EV000839,CPL,CPL_BILLING,,PAYMENT_POSTED,2023-09-25T17:03:00+00:00,2023-09-27T08:26:14+00:00,8779,USD,,false,CPL/SRC/events/00839
EV000840,CPL,CPL_BILLING,CPL-R00465,SUBMITTED,2023-01-04T21:09:00+00:00,2023-01-05T13:17:06+00:00,5478,USD,,false,CPL/SRC/events/00840
EV000841,CPL,CPL_BILLING,,PAYMENT_POSTED,2023-01-26T21:10:00+00:00,2023-02-01T07:12:38+00:00,5478,USD,,false,CPL/SRC/events/00841
EV000842,CPL,CPL_BILLING,CPL-R00466,SUBMITTED,2022-10-17T17:19:00+00:00,2022-10-17T21:11:55+00:00,21381,USD,,false,CPL/SRC/events/00842
EV000843,CPL,CPL_BILLING,,PAYMENT_POSTED,2022-10-31T17:10:00+00:00,2022-11-01T01:05:04+00:00,21381,USD,,false,CPL/SRC/events/00843
EV000844,CPL,CPL_BILLING,CPL-R00467,SUBMITTED,2022-07-07T13:38:00+00:00,2022-07-13T08:28:20+00:00,15206,USD,,false,CPL/SRC/events/00844
EV000845,CPL,CPL_BILLING,,PAYMENT_POSTED,2022-08-01T13:33:00+00:00,2022-08-01T15:48:11+00:00,15206,USD,,false,CPL/SRC/events/00845
EV000846,CPL,CPL_BILLING,CPL-R00468,SUBMITTED,2022-10-20T21:05:00+00:00,2022-10-20T22:11:21+00:00,24829,USD,,false,CPL/SRC/events/00846
EV000847,CPL,CPL_BILLING,,PAYMENT_POSTED,2022-10-31T13:48:00+00:00,2022-11-04T04:31:11+00:00,24829,USD,,false,CPL/SRC/events/00847
EV000848,CPL,CPL_BILLING,CPL-R00469,SUBMITTED,2023-06-20T20:30:00+00:00,2023-06-21T02:51:42+00:00,12729,USD,,false,CPL/SRC/events/00848
EV000849,CPL,CPL_BILLING,CPL-R00470,SUBMITTED,2023-01-10T16:13:00+00:00,2023-01-16T21:02:31+00:00,9920,USD,,false,CPL/SRC/events/00849
EV000850,CPL,CPL_BILLING,CPL-R00471,CORRECTED,2023-01-17T15:21:00+00:00,2023-01-20T13:04:05+00:00,8590,USD,,false,CPL/SRC/events/00850
EV000851,CPL,CPL_BILLING,CPL-R00470,VOID_VERSION,2023-01-17T15:21:00+00:00,2023-01-17T19:38:51+00:00,9920,USD,,false,CPL/SRC/events/00851
EV000852,CPL,CPL_BILLING,CPL-R00471,CLOSED_NO_PAYMENT,2023-04-24T15:29:00+00:00,2023-04-27T15:47:48+00:00,,,,true,CPL/SRC/events/00852
EV000853,CPL,CPL_BILLING,CPL-R00472,SUBMITTED,2022-08-19T14:57:00+00:00,2022-08-19T18:50:43+00:00,11943,USD,,false,CPL/SRC/events/00853
EV000854,CPL,CPL_BILLING,,PAYMENT_POSTED,2022-09-19T16:45:00+00:00,2022-11-28T08:13:26+00:00,11943,USD,,false,CPL/SRC/events/00854
EV000855,CPL,CPL_BILLING,CPL-R00473,SUBMITTED,2022-11-30T18:43:00+00:00,2022-12-04T01:20:29+00:00,43266,USD,,false,CPL/SRC/events/00855
EV000856,CPL,CPL_BILLING,,PAYMENT_POSTED,2022-12-16T15:11:00+00:00,2022-12-17T19:35:16+00:00,43266,USD,,false,CPL/SRC/events/00856
EV000857,CPL,CPL_BILLING,CPL-R00474,SUBMITTED,2022-10-31T21:33:00+00:00,2022-11-01T03:57:17+00:00,3498,USD,,false,CPL/SRC/events/00857
EV000858,CPL,CPL_BILLING,,PAYMENT_POSTED,2022-11-04T19:24:00+00:00,2022-11-07T22:35:18+00:00,3498,USD,,false,CPL/SRC/events/00858
EV000859,TRI,TRI_BILLING,TRI-R00475,SUBMITTED,2022-09-12T18:44:00+00:00,2022-09-16T00:05:56+00:00,62019,USD,,false,TRI/SRC/events/00859
EV000860,TRI,TRI_BILLING,,PAYMENT_POSTED,2022-10-03T22:12:00+00:00,2022-10-06T06:01:12+00:00,62019,USD,,false,TRI/SRC/events/00860
EV000861,TRI,TRI_BILLING,TRI-R00476,SUBMITTED,2023-02-24T22:32:00+00:00,2023-02-25T03:41:23+00:00,11752,USD,,false,TRI/SRC/events/00861
EV000862,TRI,TRI_BILLING,,PAYMENT_POSTED,2023-03-22T21:02:00+00:00,2023-03-25T09:55:34+00:00,11752,USD,,false,TRI/SRC/events/00862
EV000863,TRI,TRI_BILLING,TRI-R00477,SUBMITTED,2023-05-26T22:10:00+00:00,2023-05-27T02:59:57+00:00,208903,USD,,false,TRI/SRC/events/00863
EV000864,TRI,TRI_BILLING,,PAYMENT_POSTED,2023-07-03T16:35:00+00:00,2023-07-04T06:24:23+00:00,208903,USD,,false,TRI/SRC/events/00864
EV000865,TRI,TRI_BILLING,TRI-R00478,SUBMITTED,2023-09-14T16:19:00+00:00,2023-09-15T09:59:19+00:00,109181,USD,,false,TRI/SRC/events/00865
EV000866,TRI,TRI_BILLING,TRI-R00479,SUBMITTED,2022-10-03T20:32:00+00:00,2022-10-03T23:02:14+00:00,16392,USD,,false,TRI/SRC/events/00866
EV000867,TRI,TRI_BILLING,,PAYMENT_POSTED,2022-10-18T15:43:00+00:00,2022-10-21T08:31:09+00:00,16392,USD,,false,TRI/SRC/events/00867
EV000868,TRI,TRI_BILLING,TRI-R00480,SUBMITTED,2022-08-08T20:42:00+00:00,2022-08-08T22:41:14+00:00,9970,USD,,false,TRI/SRC/events/00868
EV000869,TRI,TRI_BILLING,,PAYMENT_POSTED,2022-08-15T20:05:00+00:00,2022-08-17T20:15:13+00:00,9970,USD,,false,TRI/SRC/events/00869
EV000870,TRI,TRI_BILLING,TRI-R00481,SUBMITTED,2022-08-08T14:48:00+00:00,2022-08-08T18:51:20+00:00,10169,USD,,false,TRI/SRC/events/00870
EV000871,TRI,TRI_BILLING,TRI-R00482,SUBMITTED,2023-05-01T20:16:00+00:00,2023-05-12T15:03:21+00:00,44288,USD,,false,TRI/SRC/events/00871
EV000872,TRI,TRI_BILLING,,PAYMENT_POSTED,2023-07-24T14:50:00+00:00,2023-07-24T22:31:46+00:00,44288,USD,,false,TRI/SRC/events/00872
EV000873,TRI,TRI_BILLING,TRI-R00483,SUBMITTED,2022-11-07T17:04:00+00:00,2022-11-07T22:52:50+00:00,11501,USD,,false,TRI/SRC/events/00873
EV000874,TRI,TRI_BILLING,TRI-R00484,SUBMITTED,2022-09-19T22:40:00+00:00,2022-09-22T20:50:54+00:00,6288,USD,,false,TRI/SRC/events/00874
EV000875,TRI,TRI_BILLING,,PAYMENT_POSTED,2022-12-07T19:28:00+00:00,2022-12-07T20:53:21+00:00,6288,USD,,false,TRI/SRC/events/00875
EV000876,TRI,TRI_BILLING,TRI-R00485,SUBMITTED,2023-03-13T21:03:00+00:00,2023-03-14T04:24:32+00:00,20425,USD,,false,TRI/SRC/events/00876
EV000877,TRI,TRI_BILLING,,PAYMENT_POSTED,2023-03-27T21:34:00+00:00,2023-03-28T16:19:00+00:00,20425,USD,,false,TRI/SRC/events/00877
EV000878,TRI,TRI_BILLING,TRI-R00486,SUBMITTED,2022-07-19T17:49:00+00:00,2022-07-20T11:25:41+00:00,2500,USD,,false,TRI/SRC/events/00878
EV000879,TRI,TRI_BILLING,TRI-R00486,CLOSED_NO_PAYMENT,2022-08-18T22:47:00+00:00,2022-08-19T03:12:39+00:00,,,,true,TRI/SRC/events/00879
EV000880,TRI,TRI_BILLING,TRI-R00487,SUBMITTED,2023-05-19T21:41:00+00:00,2023-05-21T10:24:48+00:00,10369,USD,,false,TRI/SRC/events/00880
EV000881,TRI,TRI_BILLING,,PAYMENT_POSTED,2023-06-13T16:59:00+00:00,2023-06-18T13:17:52+00:00,10369,USD,,false,TRI/SRC/events/00881
EV000882,TRI,TRI_BILLING,TRI-R00488,SUBMITTED,2022-08-12T21:18:00+00:00,2022-08-13T11:47:52+00:00,35078,USD,,false,TRI/SRC/events/00882
EV000883,TRI,TRI_BILLING,TRI-R00489,SUBMITTED,2023-01-30T15:03:00+00:00,2023-02-04T10:46:59+00:00,28550,USD,,false,TRI/SRC/events/00883
EV000884,TRI,TRI_BILLING,,PAYMENT_POSTED,2023-03-08T17:50:00+00:00,2023-03-11T08:38:34+00:00,28550,USD,,false,TRI/SRC/events/00884
EV000885,TRI,TRI_BILLING,TRI-R00490,SUBMITTED,2022-11-01T17:19:00+00:00,2022-11-01T22:39:42+00:00,3119,USD,,false,TRI/SRC/events/00885
EV000887,TRI,TRI_BILLING,TRI-R00491,SUBMITTED,2023-07-10T19:49:00+00:00,2023-07-14T08:34:36+00:00,7852,USD,,false,TRI/SRC/events/00887
EV000888,TRI,TRI_BILLING,,PAYMENT_POSTED,2023-09-15T15:23:00+00:00,2023-09-30T06:19:39+00:00,7852,USD,,false,TRI/SRC/events/00888
EV000889,TRI,TRI_BILLING,TRI-R00492,SUBMITTED,2023-08-21T17:40:00+00:00,2023-08-26T17:34:04+00:00,22437,USD,,false,TRI/SRC/events/00889
EV000890,TRI,TRI_BILLING,,PAYMENT_POSTED,2023-08-28T22:48:00+00:00,2023-09-04T00:20:09+00:00,22437,USD,,false,TRI/SRC/events/00890
EV000891,TRI,TRI_BILLING,TRI-R00493,SUBMITTED,2023-07-24T14:44:00+00:00,2023-07-24T20:19:38+00:00,29918,USD,,false,TRI/SRC/events/00891
EV000892,TRI,TRI_BILLING,,PAYMENT_POSTED,2023-08-09T22:08:00+00:00,2023-08-10T05:41:26+00:00,29918,USD,,false,TRI/SRC/events/00892
EV000893,TRI,TRI_BILLING,TRI-R00494,SUBMITTED,2022-08-29T17:22:00+00:00,2022-09-13T06:17:02+00:00,14283,USD,,false,TRI/SRC/events/00893
EV000894,TRI,TRI_BILLING,,PAYMENT_POSTED,2022-09-28T17:52:00+00:00,2022-09-29T15:14:55+00:00,14283,USD,,false,TRI/SRC/events/00894
EV000895,TRI,TRI_BILLING,TRI-R00495,SUBMITTED,2023-07-31T17:54:00+00:00,2023-08-03T01:10:59+00:00,8307,USD,,false,TRI/SRC/events/00895
EV000896,TRI,TRI_BILLING,TRI-R00496,CORRECTED,2023-08-09T22:13:00+00:00,2023-08-10T10:00:47+00:00,8559,USD,,false,TRI/SRC/events/00896
EV000897,TRI,TRI_BILLING,,PAYMENT_POSTED,2023-08-09T20:13:00+00:00,2023-08-19T09:09:07+00:00,8559,USD,,false,TRI/SRC/events/00897
EV000898,TRI,TRI_BILLING,TRI-R00497,SUBMITTED,2022-09-05T22:37:00+00:00,2022-09-16T21:27:49+00:00,14896,USD,,false,TRI/SRC/events/00898
EV000899,TRI,TRI_BILLING,TRI-R00498,SUBMITTED,2023-09-14T22:00:00+00:00,2023-09-15T00:44:08+00:00,165614,USD,,false,TRI/SRC/events/00899
EV000901,TRI,TRI_BILLING,TRI-R00499,SUBMITTED,2023-09-29T20:54:00+00:00,2023-09-30T02:23:52+00:00,31368,USD,,false,TRI/SRC/events/00901
EV000902,TRI,TRI_BILLING,,PAYMENT_POSTED,2023-10-26T22:29:00+00:00,2023-10-27T00:34:54+00:00,31368,USD,,false,TRI/SRC/events/00902
EV000903,TRI,TRI_BILLING,TRI-R00500,SUBMITTED,2023-03-24T20:53:00+00:00,2023-03-27T09:50:59+00:00,3942,USD,,false,TRI/SRC/events/00903
EV000904,TRI,TRI_BILLING,TRI-R00501,SUBMITTED,2023-06-21T15:42:00+00:00,2023-06-23T04:53:38+00:00,33996,USD,,false,TRI/SRC/events/00904
EV000905,TRI,TRI_BILLING,,PAYMENT_POSTED,2023-07-12T14:02:00+00:00,2023-07-14T05:39:29+00:00,33996,USD,,false,TRI/SRC/events/00905
EV000906,TRI,TRI_BILLING,TRI-R00502,SUBMITTED,2023-06-19T18:03:00+00:00,2023-06-21T19:00:14+00:00,5210,USD,,false,TRI/SRC/events/00906
EV000907,TRI,TRI_BILLING,TRI-R00503,SUBMITTED,2022-09-19T18:05:00+00:00,2022-09-23T07:08:43+00:00,22448,USD,,false,TRI/SRC/events/00907
EV000908,TRI,TRI_BILLING,,PAYMENT_POSTED,2022-09-28T22:38:00+00:00,2022-09-29T03:09:32+00:00,22448,USD,,false,TRI/SRC/events/00908
EV000909,TRI,TRI_BILLING,TRI-R00504,SUBMITTED,2022-08-29T20:08:00+00:00,2022-09-03T10:56:12+00:00,33377,USD,,false,TRI/SRC/events/00909
EV000910,TRI,TRI_BILLING,TRI-R00505,CORRECTED,2022-09-02T21:36:00+00:00,2022-09-07T04:44:03+00:00,29142,USD,,false,TRI/SRC/events/00910
EV000911,TRI,TRI_BILLING,,PAYMENT_POSTED,2022-09-09T19:18:00+00:00,2022-09-09T19:26:00+00:00,29142,USD,,false,TRI/SRC/events/00911
EV000912,TRI,TRI_BILLING,TRI-R00506,SUBMITTED,2023-01-12T19:41:00+00:00,2023-01-17T00:10:34+00:00,5499,USD,,false,TRI/SRC/events/00912
EV000913,TRI,TRI_BILLING,TRI-R00507,CORRECTED,2023-01-16T16:26:00+00:00,2023-01-21T01:54:29+00:00,5365,USD,,false,TRI/SRC/events/00913
EV000914,TRI,TRI_BILLING,,PAYMENT_POSTED,2023-04-26T14:41:00+00:00,2023-04-28T03:55:30+00:00,5365,USD,,false,TRI/SRC/events/00914
EV000915,TRI,TRI_BILLING,TRI-R00508,SUBMITTED,2022-12-12T18:58:00+00:00,2022-12-14T16:37:33+00:00,4197,USD,,false,TRI/SRC/events/00915
EV000916,TRI,TRI_BILLING,TRI-R00509,CORRECTED,2022-12-19T18:50:00+00:00,2022-12-27T12:10:40+00:00,4756,USD,,false,TRI/SRC/events/00916
EV000917,TRI,TRI_BILLING,,PAYMENT_POSTED,2023-01-13T20:39:00+00:00,2023-01-20T11:19:07+00:00,4756,USD,,false,TRI/SRC/events/00917
EV000918,TRI,TRI_BILLING,TRI-R00510,SUBMITTED,2023-04-06T22:29:00+00:00,2023-04-22T03:57:01+00:00,22370,USD,,false,TRI/SRC/events/00918
EV000919,TRI,TRI_BILLING,TRI-R00511,CORRECTED,2023-04-17T17:12:00+00:00,2023-04-26T13:53:56+00:00,24738,USD,,false,TRI/SRC/events/00919
EV000920,TRI,TRI_BILLING,TRI-R00510,VOID_VERSION,2023-04-17T17:12:00+00:00,2023-04-27T07:08:26+00:00,22370,USD,,false,TRI/SRC/events/00920
EV000921,TRI,TRI_BILLING,,PAYMENT_POSTED,2023-04-24T18:45:00+00:00,2023-04-26T02:14:51+00:00,24738,USD,,false,TRI/SRC/events/00921
EV000922,TRI,TRI_BILLING,TRI-R00512,SUBMITTED,2023-04-04T20:23:00+00:00,2023-04-05T03:55:35+00:00,7974,USD,,false,TRI/SRC/events/00922
EV000923,TRI,TRI_BILLING,TRI-R00513,SUBMITTED,2022-11-07T18:52:00+00:00,2022-11-08T02:40:28+00:00,17730,USD,,false,TRI/SRC/events/00923
EV000924,TRI,TRI_BILLING,,PAYMENT_POSTED,2022-11-22T23:33:00+00:00,2022-11-23T04:56:45+00:00,17730,USD,,false,TRI/SRC/events/00924
EV000925,TRI,TRI_BILLING,TRI-R00514,SUBMITTED,2023-04-18T16:59:00+00:00,2023-04-19T18:57:21+00:00,12736,USD,,false,TRI/SRC/events/00925
EV000926,TRI,TRI_BILLING,,PAYMENT_POSTED,2023-05-03T20:45:00+00:00,2023-05-04T04:19:48+00:00,12736,USD,,false,TRI/SRC/events/00926
EV000927,TRI,TRI_BILLING,TRI-R00515,SUBMITTED,2023-04-13T15:09:00+00:00,2023-04-14T05:42:29+00:00,5160,USD,,false,TRI/SRC/events/00927
EV000928,TRI,TRI_BILLING,TRI-R00516,SUBMITTED,2022-10-17T17:08:00+00:00,2022-10-18T23:59:19+00:00,3672,USD,,false,TRI/SRC/events/00928
EV000929,TRI,TRI_BILLING,,PAYMENT_POSTED,2022-10-26T16:51:00+00:00,2022-10-28T18:35:07+00:00,3672,USD,,false,TRI/SRC/events/00929
EV000930,TRI,TRI_BILLING,TRI-R00517,SUBMITTED,2022-07-15T16:29:00+00:00,2022-07-15T22:10:20+00:00,45656,USD,,false,TRI/SRC/events/00930
EV000931,TRI,TRI_BILLING,TRI-R00518,CORRECTED,2022-07-25T22:16:00+00:00,2022-07-29T09:08:42+00:00,59066,USD,,false,TRI/SRC/events/00931
EV000932,TRI,TRI_BILLING,TRI-R00519,SUBMITTED,2023-01-18T15:01:00+00:00,2023-01-20T06:48:11+00:00,5428,USD,,false,TRI/SRC/events/00932
EV000933,TRI,TRI_BILLING,TRI-R00519,CLOSED_NO_PAYMENT,2023-04-14T21:39:00+00:00,2023-04-27T11:11:33+00:00,,,,true,TRI/SRC/events/00933
EV000934,TRI,TRI_BILLING,TRI-R00520,SUBMITTED,2022-07-11T19:23:00+00:00,2022-07-12T00:52:26+00:00,31481,USD,,false,TRI/SRC/events/00934
EV000935,TRI,TRI_BILLING,TRI-R00521,SUBMITTED,2023-01-09T19:49:00+00:00,2023-01-12T04:51:03+00:00,10324,USD,,false,TRI/SRC/events/00935
EV000936,TRI,TRI_BILLING,TRI-R00522,SUBMITTED,2022-10-04T18:13:00+00:00,2022-10-08T01:43:36+00:00,300502,USD,,false,TRI/SRC/events/00936
EV000937,TRI,TRI_BILLING,,PAYMENT_POSTED,2022-10-17T15:34:00+00:00,2022-10-19T22:11:55+00:00,300502,USD,,false,TRI/SRC/events/00937
EV000938,TRI,TRI_BILLING,TRI-R00523,SUBMITTED,2023-09-05T15:35:00+00:00,2023-09-06T05:45:51+00:00,12401,USD,,false,TRI/SRC/events/00938
EV000939,TRI,TRI_BILLING,,PAYMENT_POSTED,2023-09-13T16:56:00+00:00,2023-09-15T11:28:05+00:00,12401,USD,,false,TRI/SRC/events/00939
EV000940,TRI,TRI_BILLING,TRI-R00523,PAYMENT_REVERSED,2023-09-25T19:47:00+00:00,2023-09-26T02:57:07+00:00,8497,USD,EV000939,false,TRI/SRC/events/00940
EV000941,TRI,TRI_BILLING,TRI-R00524,SUBMITTED,2022-11-14T19:25:00+00:00,2022-11-16T01:31:06+00:00,155935,USD,,false,TRI/SRC/events/00941
EV000942,TRI,TRI_BILLING,,PAYMENT_POSTED,2022-11-25T15:25:00+00:00,2022-11-25T22:52:22+00:00,155935,USD,,false,TRI/SRC/events/00942
EV000943,TRI,TRI_BILLING,TRI-R00525,SUBMITTED,2022-10-31T22:57:00+00:00,2022-11-02T07:26:06+00:00,3366,USD,,false,TRI/SRC/events/00943
EV000944,TRI,TRI_BILLING,TRI-R00526,SUBMITTED,2023-09-28T15:24:00+00:00,2023-09-28T16:36:46+00:00,112508,USD,,false,TRI/SRC/events/00944
EV000945,TRI,TRI_BILLING,TRI-R00527,CORRECTED,2023-10-06T21:29:00+00:00,2023-10-12T07:19:43+00:00,139015,USD,,false,TRI/SRC/events/00945
EV000946,TRI,TRI_BILLING,,PAYMENT_POSTED,2023-10-09T14:04:00+00:00,2023-10-09T14:40:43+00:00,139015,USD,,false,TRI/SRC/events/00946
EV000947,TRI,TRI_BILLING,TRI-R00528,SUBMITTED,2022-09-08T17:36:00+00:00,2022-09-11T16:46:45+00:00,59276,USD,,false,TRI/SRC/events/00947
EV000948,TRI,TRI_BILLING,TRI-R00529,SUBMITTED,2023-07-24T22:01:00+00:00,2023-08-09T10:52:56+00:00,18821,USD,,false,TRI/SRC/events/00948
EV000949,TRI,TRI_BILLING,,PAYMENT_POSTED,2023-08-15T18:11:00+00:00,2023-08-19T17:37:30+00:00,18821,USD,,false,TRI/SRC/events/00949
EV000950,TRI,TRI_BILLING,TRI-R00530,SUBMITTED,2022-12-19T16:34:00+00:00,2022-12-22T03:07:51+00:00,13074,USD,,false,TRI/SRC/events/00950
EV000951,TRI,TRI_BILLING,,PAYMENT_POSTED,2023-01-30T18:19:00+00:00,2023-01-30T23:11:17+00:00,13074,USD,,false,TRI/SRC/events/00951
EV000952,TRI,TRI_BILLING,TRI-R00531,SUBMITTED,2023-08-30T16:56:00+00:00,2023-09-06T23:55:57+00:00,24796,USD,,false,TRI/SRC/events/00952
EV000953,TRI,TRI_BILLING,,PAYMENT_POSTED,2023-09-13T18:27:00+00:00,2023-09-13T19:29:01+00:00,24796,USD,,false,TRI/SRC/events/00953
EV000954,TRI,TRI_BILLING,TRI-R00532,SUBMITTED,2023-06-21T17:12:00+00:00,2023-06-22T04:10:48+00:00,11515,USD,,false,TRI/SRC/events/00954
EV000955,TRI,TRI_BILLING,TRI-R00533,CORRECTED,2023-06-28T15:12:00+00:00,2023-06-28T15:41:01+00:00,10020,USD,,false,TRI/SRC/events/00955
EV000956,TRI,TRI_BILLING,,PAYMENT_POSTED,2023-08-14T19:15:00+00:00,2023-08-20T17:12:25+00:00,10020,USD,,false,TRI/SRC/events/00956
EV000957,TRI,TRI_BILLING,TRI-R00534,SUBMITTED,2022-10-11T15:01:00+00:00,2022-10-24T05:50:32+00:00,13277,USD,,false,TRI/SRC/events/00957
EV000958,TRI,TRI_BILLING,,PAYMENT_POSTED,2022-10-31T18:02:00+00:00,2022-11-04T01:30:32+00:00,13277,USD,,false,TRI/SRC/events/00958
EV000959,TRI,TRI_BILLING,TRI-R00534,PAYMENT_REVERSED,2022-11-07T19:04:00+00:00,2022-11-25T02:21:26+00:00,13277,USD,EV000958,false,TRI/SRC/events/00959
EV000960,TRI,TRI_BILLING,TRI-R00535,SUBMITTED,2023-07-24T22:50:00+00:00,2023-07-25T00:56:26+00:00,8055,USD,,false,TRI/SRC/events/00960
EV000961,TRI,TRI_BILLING,,PAYMENT_POSTED,2023-09-04T18:06:00+00:00,2023-09-04T23:24:25+00:00,8055,USD,,false,TRI/SRC/events/00961
EV000962,TRI,TRI_BILLING,TRI-R00536,SUBMITTED,2023-03-20T14:18:00+00:00,2023-03-20T20:53:03+00:00,9093,USD,,false,TRI/SRC/events/00962
EV000963,TRI,TRI_BILLING,,PAYMENT_POSTED,2023-03-27T21:21:00+00:00,2023-03-28T18:15:51+00:00,9093,USD,,false,TRI/SRC/events/00963
EV000964,TRI,TRI_BILLING,TRI-R00537,SUBMITTED,2022-12-12T17:44:00+00:00,2023-03-06T14:22:00+00:00,23464,USD,,false,TRI/SRC/events/00964
EV000965,TRI,TRI_BILLING,,PAYMENT_POSTED,2023-01-09T23:47:00+00:00,2023-01-15T09:34:42+00:00,23464,USD,,false,TRI/SRC/events/00965
EV000966,TRI,TRI_BILLING,TRI-R00538,SUBMITTED,2023-07-18T21:22:00+00:00,2023-07-18T23:52:46+00:00,37910,USD,,false,TRI/SRC/events/00966
EV000967,TRI,TRI_BILLING,,PAYMENT_POSTED,2023-07-24T14:47:00+00:00,2023-07-24T19:06:09+00:00,37910,USD,,false,TRI/SRC/events/00967
EV000968,TRI,TRI_BILLING,TRI-R00539,SUBMITTED,2023-08-14T18:30:00+00:00,2023-08-19T21:27:44+00:00,11509,USD,,false,TRI/SRC/events/00968
EV000969,TRI,TRI_BILLING,,PAYMENT_POSTED,2023-09-27T20:46:00+00:00,2023-09-30T02:05:46+00:00,11509,USD,,false,TRI/SRC/events/00969
EV000970,TRI,TRI_BILLING,TRI-R00540,SUBMITTED,2023-09-18T14:34:00+00:00,2023-09-19T05:22:39+00:00,95996,USD,,false,TRI/SRC/events/00970
EV000971,TRI,TRI_BILLING,TRI-R00541,SUBMITTED,2023-01-23T20:00:00+00:00,2023-01-24T00:18:44+00:00,19297,USD,,false,TRI/SRC/events/00971
EV000972,TRI,TRI_BILLING,TRI-R00542,SUBMITTED,2023-08-29T14:30:00+00:00,2023-08-29T14:41:39+00:00,7648,USD,,false,TRI/SRC/events/00972
EV000973,TRI,TRI_BILLING,,PAYMENT_POSTED,2023-10-09T20:45:00+00:00,2023-10-11T07:44:53+00:00,7648,USD,,false,TRI/SRC/events/00973
EV000974,TRI,TRI_BILLING,TRI-R00543,SUBMITTED,2023-09-11T14:18:00+00:00,2023-09-12T03:32:15+00:00,11306,USD,,false,TRI/SRC/events/00974
EV000975,TRI,TRI_BILLING,TRI-R00543,CLOSED_NO_PAYMENT,2023-11-07T18:09:00+00:00,2023-11-08T01:59:12+00:00,,,,true,TRI/SRC/events/00975
EV000976,TRI,TRI_BILLING,TRI-R00544,SUBMITTED,2022-08-05T18:01:00+00:00,2022-08-05T23:08:02+00:00,2500,USD,,false,TRI/SRC/events/00976
EV000977,TRI,TRI_BILLING,,PAYMENT_POSTED,2022-09-14T14:40:00+00:00,2022-09-14T17:13:48+00:00,2500,USD,,false,TRI/SRC/events/00977
EV000978,TRI,TRI_BILLING,TRI-R00545,SUBMITTED,2022-09-16T21:52:00+00:00,2022-09-21T03:59:40+00:00,61224,USD,,false,TRI/SRC/events/00978
EV000979,TRI,TRI_BILLING,,PAYMENT_POSTED,2022-09-26T20:31:00+00:00,2022-09-30T12:59:22+00:00,61224,USD,,false,TRI/SRC/events/00979
EV000980,TRI,TRI_BILLING,TRI-R00546,SUBMITTED,2023-02-10T15:38:00+00:00,2023-02-10T15:50:33+00:00,25545,USD,,false,TRI/SRC/events/00980
EV000981,TRI,TRI_BILLING,,PAYMENT_POSTED,2023-02-16T15:47:00+00:00,2023-02-18T18:38:30+00:00,25545,USD,,false,TRI/SRC/events/00981
EV000982,TRI,TRI_BILLING,TRI-R00547,SUBMITTED,2023-08-08T17:18:00+00:00,2023-08-10T07:50:30+00:00,12922,USD,,false,TRI/SRC/events/00982
EV000983,TRI,TRI_BILLING,,PAYMENT_POSTED,2023-08-21T19:07:00+00:00,2023-08-24T01:23:34+00:00,12922,USD,,false,TRI/SRC/events/00983
EV000984,TRI,TRI_BILLING,TRI-R00548,SUBMITTED,2022-08-22T21:18:00+00:00,2022-08-22T23:14:14+00:00,7389,USD,,false,TRI/SRC/events/00984
EV000985,TRI,TRI_BILLING,,PAYMENT_POSTED,2022-09-01T19:55:00+00:00,2022-09-07T08:51:05+00:00,7389,USD,,false,TRI/SRC/events/00985
EV000986,TRI,TRI_BILLING,TRI-R00549,SUBMITTED,2022-08-18T17:22:00+00:00,2022-08-22T10:24:55+00:00,7125,USD,,false,TRI/SRC/events/00986
EV000987,TRI,TRI_BILLING,TRI-R00550,SUBMITTED,2022-10-14T16:17:00+00:00,2022-10-26T13:21:38+00:00,7945,USD,,false,TRI/SRC/events/00987
EV000988,TRI,TRI_BILLING,,PAYMENT_POSTED,2022-11-25T15:18:00+00:00,2022-12-16T15:18:00+00:00,7945,USD,,false,TRI/SRC/events/00988
EV000989,TRI,TRI_BILLING,TRI-R00551,SUBMITTED,2023-06-01T17:25:00+00:00,2023-06-01T20:12:13+00:00,8677,USD,,false,TRI/SRC/events/00989
EV000990,TRI,TRI_BILLING,,PAYMENT_POSTED,2023-06-12T14:47:00+00:00,2023-06-12T20:45:53+00:00,8677,USD,,false,TRI/SRC/events/00990
EV000991,TRI,TRI_BILLING,TRI-R00552,SUBMITTED,2023-08-07T22:08:00+00:00,2023-08-07T23:58:15+00:00,56813,USD,,false,TRI/SRC/events/00991
EV000992,TRI,TRI_BILLING,TRI-R00553,SUBMITTED,2022-09-05T19:52:00+00:00,2022-09-05T20:40:05+00:00,6448,USD,,false,TRI/SRC/events/00992
EV000993,TRI,TRI_BILLING,,PAYMENT_POSTED,2022-09-07T18:13:00+00:00,2022-09-28T18:13:00+00:00,6448,USD,,false,TRI/SRC/events/00993
EV000994,TRI,TRI_BILLING,TRI-R00554,SUBMITTED,2023-06-22T19:53:00+00:00,2023-06-30T19:08:28+00:00,56768,USD,,false,TRI/SRC/events/00994
EV000995,TRI,TRI_BILLING,,PAYMENT_POSTED,2023-07-13T20:45:00+00:00,2023-07-13T20:52:18+00:00,56768,USD,,false,TRI/SRC/events/00995
EV000996,TRI,TRI_BILLING,TRI-R00554,PAYMENT_REVERSED,2023-07-17T14:41:00+00:00,2023-07-23T09:00:55+00:00,56768,USD,EV000995,false,TRI/SRC/events/00996
EV000997,TRI,TRI_BILLING,TRI-R00555,SUBMITTED,2023-04-04T14:26:00+00:00,2023-04-12T20:50:27+00:00,45746,USD,,false,TRI/SRC/events/00997
EV000999,TRI,TRI_BILLING,TRI-R00556,SUBMITTED,2022-09-19T21:23:00+00:00,2022-09-21T11:32:50+00:00,41188,USD,,false,TRI/SRC/events/00999
EV001000,TRI,TRI_BILLING,,PAYMENT_POSTED,2022-10-10T14:53:00+00:00,2022-10-10T17:57:10+00:00,41188,USD,,false,TRI/SRC/events/01000
EV001001,TRI,TRI_BILLING,TRI-R00557,SUBMITTED,2022-09-19T14:01:00+00:00,2022-09-24T17:41:13+00:00,9163,USD,,false,TRI/SRC/events/01001
EV001002,TRI,TRI_BILLING,TRI-R00558,SUBMITTED,2022-10-19T17:02:00+00:00,2022-10-20T00:40:52+00:00,215778,USD,,false,TRI/SRC/events/01002
EV001003,TRI,TRI_BILLING,,PAYMENT_POSTED,2022-11-08T16:53:00+00:00,2022-11-11T16:17:08+00:00,215778,USD,,false,TRI/SRC/events/01003
EV001004,TRI,TRI_BILLING,TRI-R00559,SUBMITTED,2023-08-01T22:48:00+00:00,2023-08-03T04:26:04+00:00,8718,USD,,false,TRI/SRC/events/01004
EV001005,TRI,TRI_BILLING,,PAYMENT_POSTED,2023-08-11T16:03:00+00:00,2023-08-12T18:18:26+00:00,8718,USD,,false,TRI/SRC/events/01005
EV001006,TRI,TRI_BILLING,TRI-R00560,SUBMITTED,2022-07-12T21:13:00+00:00,2022-07-13T00:14:48+00:00,26510,USD,,false,TRI/SRC/events/01006
EV001007,TRI,TRI_BILLING,,PAYMENT_POSTED,2022-07-22T20:33:00+00:00,2022-07-22T22:08:27+00:00,26510,USD,,false,TRI/SRC/events/01007
EV001008,TRI,TRI_BILLING,TRI-R00561,SUBMITTED,2022-07-12T16:16:00+00:00,2022-07-12T22:59:12+00:00,9049,USD,,false,TRI/SRC/events/01008
EV001009,TRI,TRI_BILLING,TRI-R00562,SUBMITTED,2023-05-24T20:29:00+00:00,2023-05-27T00:18:57+00:00,10035,USD,,false,TRI/SRC/events/01009
EV001010,TRI,TRI_BILLING,TRI-R00563,SUBMITTED,2022-07-12T18:03:00+00:00,2022-07-12T20:04:53+00:00,36908,USD,,false,TRI/SRC/events/01010
EV001011,TRI,TRI_BILLING,,PAYMENT_POSTED,2022-07-25T22:22:00+00:00,2022-07-29T16:30:23+00:00,36908,USD,,false,TRI/SRC/events/01011
EV001012,TRI,TRI_BILLING,TRI-R00564,SUBMITTED,2022-10-25T18:40:00+00:00,2022-11-02T09:32:44+00:00,8710,USD,,false,TRI/SRC/events/01012
EV001013,TRI,TRI_BILLING,,PAYMENT_POSTED,2022-12-27T20:55:00+00:00,2022-12-28T01:00:49+00:00,8710,USD,,false,TRI/SRC/events/01013
EV001014,TRI,TRI_BILLING,TRI-R00565,SUBMITTED,2023-06-12T18:45:00+00:00,2023-06-13T02:28:43+00:00,57948,USD,,false,TRI/SRC/events/01014
EV001015,TRI,TRI_BILLING,TRI-R00566,SUBMITTED,2022-07-11T19:11:00+00:00,2022-07-15T20:24:27+00:00,93093,USD,,false,TRI/SRC/events/01015
EV001016,TRI,TRI_BILLING,,PAYMENT_POSTED,2022-07-21T16:00:00+00:00,2022-07-23T18:57:00+00:00,93093,USD,,false,TRI/SRC/events/01016
EV001017,TRI,TRI_BILLING,TRI-R00567,SUBMITTED,2022-07-01T22:18:00+00:00,2022-07-01T22:46:15+00:00,6598,USD,,false,TRI/SRC/events/01017
EV001018,TRI,TRI_BILLING,,PAYMENT_POSTED,2022-07-14T19:19:00+00:00,2022-07-14T22:21:21+00:00,6598,USD,,false,TRI/SRC/events/01018
EV001019,TRI,TRI_BILLING,TRI-R00568,SUBMITTED,2023-06-26T18:42:00+00:00,2023-06-26T20:22:37+00:00,76750,USD,,false,TRI/SRC/events/01019
EV001020,TRI,TRI_BILLING,,PAYMENT_POSTED,2023-07-07T17:34:00+00:00,2023-07-18T03:54:57+00:00,76750,USD,,false,TRI/SRC/events/01020
EV001021,TRI,TRI_BILLING,TRI-R00569,SUBMITTED,2023-07-21T19:48:00+00:00,2023-07-24T21:54:32+00:00,10262,USD,,false,TRI/SRC/events/01021
EV001022,TRI,TRI_BILLING,,PAYMENT_POSTED,2023-08-07T16:48:00+00:00,2023-08-15T03:44:10+00:00,10262,USD,,false,TRI/SRC/events/01022
EV001023,TRI,TRI_BILLING,TRI-R00570,SUBMITTED,2023-08-16T17:35:00+00:00,2023-08-21T04:52:56+00:00,23692,USD,,false,TRI/SRC/events/01023
EV001024,TRI,TRI_BILLING,,PAYMENT_POSTED,2023-09-11T18:10:00+00:00,2023-09-11T23:25:44+00:00,23692,USD,,false,TRI/SRC/events/01024
EV001025,TRI,TRI_BILLING,TRI-R00570,PAYMENT_REVERSED,2023-09-18T22:19:00+00:00,2023-09-28T14:02:10+00:00,23692,USD,EV001024,false,TRI/SRC/events/01025
EV001026,TRI,TRI_BILLING,TRI-R00571,SUBMITTED,2023-01-16T18:43:00+00:00,2023-01-19T03:41:41+00:00,5736,USD,,false,TRI/SRC/events/01026
EV001027,TRI,TRI_BILLING,,PAYMENT_POSTED,2023-02-02T22:09:00+00:00,2023-02-08T08:59:54+00:00,5736,USD,,false,TRI/SRC/events/01027
EV001028,TRI,TRI_BILLING,TRI-R00572,SUBMITTED,2022-08-12T14:09:00+00:00,2022-08-13T23:57:12+00:00,3127,USD,,false,TRI/SRC/events/01028
EV001029,TRI,TRI_BILLING,,PAYMENT_POSTED,2022-09-07T20:40:00+00:00,2022-09-07T22:08:40+00:00,3127,USD,,false,TRI/SRC/events/01029
EV001030,TRI,TRI_BILLING,TRI-R00573,SUBMITTED,2023-04-14T17:46:00+00:00,2023-04-15T00:00:08+00:00,33884,USD,,false,TRI/SRC/events/01030
EV001031,TRI,TRI_BILLING,,PAYMENT_POSTED,2023-04-20T15:25:00+00:00,2023-05-03T05:34:41+00:00,33884,USD,,false,TRI/SRC/events/01031
EV001032,TRI,TRI_BILLING,TRI-R00574,SUBMITTED,2023-07-26T16:18:00+00:00,2023-07-29T10:41:22+00:00,8178,USD,,false,TRI/SRC/events/01032
EV001033,TRI,TRI_BILLING,,PAYMENT_POSTED,2023-09-04T18:29:00+00:00,2023-09-06T03:54:22+00:00,8178,USD,,false,TRI/SRC/events/01033
EV001034,TRI,TRI_BILLING,TRI-R00575,SUBMITTED,2022-12-19T16:40:00+00:00,2022-12-19T23:56:13+00:00,8474,USD,,false,TRI/SRC/events/01034
EV001035,TRI,TRI_BILLING,,PAYMENT_POSTED,2022-12-26T21:14:00+00:00,2022-12-27T04:05:19+00:00,8474,USD,,false,TRI/SRC/events/01035
EV001036,TRI,TRI_BILLING,TRI-R00576,SUBMITTED,2022-08-08T22:50:00+00:00,2022-08-13T11:51:25+00:00,11221,USD,,false,TRI/SRC/events/01036
EV001037,TRI,TRI_BILLING,,PAYMENT_POSTED,2022-08-22T18:30:00+00:00,2022-08-22T20:25:41+00:00,11221,USD,,false,TRI/SRC/events/01037
EV001038,TRI,TRI_BILLING,TRI-R00577,SUBMITTED,2023-07-10T15:28:00+00:00,2023-07-12T21:12:48+00:00,37952,USD,,false,TRI/SRC/events/01038
EV001039,TRI,TRI_BILLING,,PAYMENT_POSTED,2023-08-02T15:10:00+00:00,2023-08-02T16:48:52+00:00,37952,USD,,false,TRI/SRC/events/01039
EV001040,TRI,TRI_BILLING,TRI-R00578,SUBMITTED,2023-05-04T18:27:00+00:00,2023-05-10T00:25:23+00:00,4701,USD,,false,TRI/SRC/events/01040
EV001041,TRI,TRI_BILLING,,PAYMENT_POSTED,2023-05-09T21:42:00+00:00,2023-05-11T11:16:32+00:00,4701,USD,,false,TRI/SRC/events/01041
EV001042,TRI,TRI_BILLING,TRI-R00579,SUBMITTED,2022-10-11T19:58:00+00:00,2022-10-16T09:36:04+00:00,7801,USD,,false,TRI/SRC/events/01042
EV001043,TRI,TRI_BILLING,,PAYMENT_POSTED,2022-11-22T16:30:00+00:00,2022-11-26T14:27:37+00:00,7801,USD,,false,TRI/SRC/events/01043
EV001044,TRI,TRI_BILLING,TRI-R00580,SUBMITTED,2022-08-04T19:19:00+00:00,2022-08-19T00:55:39+00:00,14419,USD,,false,TRI/SRC/events/01044
EV001045,TRI,TRI_BILLING,,PAYMENT_POSTED,2022-08-24T20:01:00+00:00,2022-08-25T03:33:04+00:00,14419,USD,,false,TRI/SRC/events/01045
EV001046,TRI,TRI_BILLING,TRI-R00581,SUBMITTED,2023-05-26T14:18:00+00:00,2023-05-26T19:29:37+00:00,11153,USD,,false,TRI/SRC/events/01046
EV001047,TRI,TRI_BILLING,,PAYMENT_POSTED,2023-07-06T20:55:00+00:00,2023-07-11T13:54:38+00:00,11153,USD,,false,TRI/SRC/events/01047
EV001048,TRI,TRI_BILLING,TRI-R00582,SUBMITTED,2022-10-10T14:26:00+00:00,2022-10-10T17:10:55+00:00,55055,USD,,false,TRI/SRC/events/01048
EV001049,TRI,TRI_BILLING,,PAYMENT_POSTED,2022-11-08T17:12:00+00:00,2022-11-09T03:51:28+00:00,55055,USD,,false,TRI/SRC/events/01049
EV001050,TRI,TRI_BILLING,TRI-R00583,SUBMITTED,2023-02-07T17:48:00+00:00,2023-02-15T08:01:15+00:00,7779,USD,,false,TRI/SRC/events/01050
EV001051,TRI,TRI_BILLING,,PAYMENT_POSTED,2023-02-20T22:14:00+00:00,2023-02-25T20:00:40+00:00,7779,USD,,false,TRI/SRC/events/01051
EV001052,TRI,TRI_BILLING,TRI-R00584,SUBMITTED,2023-05-29T16:02:00+00:00,2023-05-31T11:36:48+00:00,6223,USD,,false,TRI/SRC/events/01052
EV001053,TRI,TRI_BILLING,,PAYMENT_POSTED,2023-06-29T20:10:00+00:00,2023-06-29T22:29:42+00:00,6223,USD,,false,TRI/SRC/events/01053
EV001054,TRI,TRI_BILLING,TRI-R00585,SUBMITTED,2022-09-22T19:19:00+00:00,2022-09-24T05:04:49+00:00,10399,USD,,false,TRI/SRC/events/01054
EV001055,TRI,TRI_BILLING,,PAYMENT_POSTED,2022-09-29T20:48:00+00:00,2022-09-30T04:03:21+00:00,10399,USD,,false,TRI/SRC/events/01055
EV001056,TRI,TRI_BILLING,TRI-R00586,SUBMITTED,2022-10-10T16:14:00+00:00,2022-10-10T22:21:22+00:00,80296,USD,,false,TRI/SRC/events/01056
EV001057,TRI,TRI_BILLING,,PAYMENT_POSTED,2023-01-02T20:42:00+00:00,2023-01-02T21:12:26+00:00,80296,USD,,false,TRI/SRC/events/01057
EV001058,TRI,TRI_BILLING,TRI-R00587,SUBMITTED,2022-10-31T20:29:00+00:00,2022-11-01T03:21:13+00:00,6462,USD,,false,TRI/SRC/events/01058
EV001059,TRI,TRI_BILLING,,PAYMENT_POSTED,2022-12-06T22:13:00+00:00,2022-12-27T22:13:00+00:00,6462,USD,,false,TRI/SRC/events/01059
EV001060,TRI,TRI_BILLING,TRI-R00588,SUBMITTED,2022-12-09T17:18:00+00:00,2022-12-09T19:52:05+00:00,174168,USD,,false,TRI/SRC/events/01060
EV001061,TRI,TRI_BILLING,,PAYMENT_POSTED,2022-12-12T21:13:00+00:00,2022-12-15T06:12:03+00:00,174168,USD,,false,TRI/SRC/events/01061
EV001062,TRI,TRI_BILLING,TRI-R00589,SUBMITTED,2022-12-09T17:39:00+00:00,2022-12-09T22:37:29+00:00,31467,USD,,false,TRI/SRC/events/01062
EV001063,TRI,TRI_BILLING,TRI-R00590,SUBMITTED,2022-11-10T23:48:00+00:00,2022-11-13T19:17:37+00:00,17166,USD,,false,TRI/SRC/events/01063
EV001064,TRI,TRI_BILLING,,PAYMENT_POSTED,2023-01-26T18:56:00+00:00,2023-01-28T15:17:56+00:00,17166,USD,,false,TRI/SRC/events/01064
EV001065,TRI,TRI_BILLING,TRI-R00591,SUBMITTED,2022-12-19T15:23:00+00:00,2023-01-04T09:02:41+00:00,24741,USD,,false,TRI/SRC/events/01065
EV001066,TRI,TRI_BILLING,,PAYMENT_POSTED,2023-02-03T18:13:00+00:00,2023-02-04T01:55:32+00:00,24741,USD,,false,TRI/SRC/events/01066
EV001067,TRI,TRI_BILLING,TRI-R00592,SUBMITTED,2022-10-24T21:46:00+00:00,2022-10-25T01:25:48+00:00,16275,USD,,false,TRI/SRC/events/01067
EV001068,TRI,TRI_BILLING,,PAYMENT_POSTED,2022-11-14T23:04:00+00:00,2022-11-15T00:21:35+00:00,16275,USD,,false,TRI/SRC/events/01068
EV001069,TRI,TRI_BILLING,TRI-R00593,SUBMITTED,2022-12-02T22:42:00+00:00,2022-12-03T23:14:26+00:00,189771,USD,,false,TRI/SRC/events/01069
EV001070,TRI,TRI_BILLING,,PAYMENT_POSTED,2023-01-05T20:02:00+00:00,2023-01-06T22:58:25+00:00,189771,USD,,false,TRI/SRC/events/01070
EV001071,TRI,TRI_BILLING,TRI-R00594,SUBMITTED,2023-06-23T16:42:00+00:00,2023-06-23T22:13:15+00:00,28830,USD,,false,TRI/SRC/events/01071
EV001072,TRI,TRI_BILLING,,PAYMENT_POSTED,2023-07-03T22:48:00+00:00,2023-07-04T04:33:22+00:00,28830,USD,,false,TRI/SRC/events/01072
EV001073,TRI,TRI_BILLING,TRI-R00595,SUBMITTED,2023-06-16T15:51:00+00:00,2023-06-27T13:15:20+00:00,14790,USD,,false,TRI/SRC/events/01073
EV001074,TRI,TRI_BILLING,,PAYMENT_POSTED,2023-07-03T22:36:00+00:00,2023-07-07T04:46:43+00:00,14790,USD,,false,TRI/SRC/events/01074
EV001075,TRI,TRI_BILLING,TRI-R00596,SUBMITTED,2023-08-24T20:09:00+00:00,2023-08-24T23:31:32+00:00,8231,USD,,false,TRI/SRC/events/01075
EV001076,TRI,TRI_BILLING,,PAYMENT_POSTED,2023-09-11T15:21:00+00:00,2023-09-11T22:32:53+00:00,8231,USD,,false,TRI/SRC/events/01076
EV001077,TRI,TRI_BILLING,TRI-R00597,SUBMITTED,2022-10-10T19:57:00+00:00,2022-10-28T22:56:26+00:00,23179,USD,,false,TRI/SRC/events/01077
EV001078,TRI,TRI_BILLING,,PAYMENT_POSTED,2022-10-24T19:42:00+00:00,2022-10-25T03:41:22+00:00,23179,USD,,false,TRI/SRC/events/01078
EV001079,TRI,TRI_BILLING,TRI-R00598,SUBMITTED,2023-08-28T21:17:00+00:00,2023-08-30T07:40:50+00:00,9753,USD,,false,TRI/SRC/events/01079
EV001080,TRI,TRI_BILLING,,PAYMENT_POSTED,2023-10-10T14:09:00+00:00,2023-10-18T06:13:15+00:00,9753,USD,,false,TRI/SRC/events/01080
EV001081,TRI,TRI_BILLING,TRI-R00599,SUBMITTED,2023-07-03T14:26:00+00:00,2023-07-22T14:48:55+00:00,3634,USD,,false,TRI/SRC/events/01081
EV001082,TRI,TRI_BILLING,,PAYMENT_POSTED,2023-07-24T15:05:00+00:00,2023-07-25T13:12:00+00:00,3634,USD,,false,TRI/SRC/events/01082
EV001083,TRI,TRI_BILLING,TRI-R00600,SUBMITTED,2023-06-19T16:06:00+00:00,2023-06-20T07:34:09+00:00,10111,USD,,false,TRI/SRC/events/01083
EV001084,TRI,TRI_BILLING,,PAYMENT_POSTED,2023-07-07T16:20:00+00:00,2023-07-07T22:21:55+00:00,10111,USD,,false,TRI/SRC/events/01084
EV001085,TRI,TRI_BILLING,TRI-R00601,SUBMITTED,2022-09-05T15:43:00+00:00,2022-11-27T17:12:02+00:00,11082,USD,,false,TRI/SRC/events/01085
EV001086,TRI,TRI_BILLING,,PAYMENT_POSTED,2022-10-03T17:42:00+00:00,2022-10-12T00:22:14+00:00,11082,USD,,false,TRI/SRC/events/01086
EV001087,TRI,TRI_BILLING,TRI-R00602,SUBMITTED,2023-02-06T20:13:00+00:00,2023-02-09T22:48:59+00:00,5675,USD,,false,TRI/SRC/events/01087
EV001088,TRI,TRI_BILLING,,PAYMENT_POSTED,2023-03-01T22:46:00+00:00,2023-03-05T04:32:54+00:00,5675,USD,,false,TRI/SRC/events/01088
EV001089,TRI,TRI_BILLING,TRI-R00603,SUBMITTED,2023-04-28T21:10:00+00:00,2023-05-01T17:23:10+00:00,5981,USD,,false,TRI/SRC/events/01089
EV001090,TRI,TRI_BILLING,,PAYMENT_POSTED,2023-05-08T20:18:00+00:00,2023-05-08T21:37:55+00:00,5981,USD,,false,TRI/SRC/events/01090
EV001091,TRI,TRI_BILLING,TRI-R00604,SUBMITTED,2023-06-19T18:08:00+00:00,2023-06-21T10:01:39+00:00,24447,USD,,false,TRI/SRC/events/01091
EV001092,TRI,TRI_BILLING,TRI-R00605,CORRECTED,2023-06-21T19:03:00+00:00,2023-06-22T06:10:37+00:00,31714,USD,,false,TRI/SRC/events/01092
EV001093,TRI,TRI_BILLING,TRI-R00606,SUBMITTED,2022-09-08T18:56:00+00:00,2022-09-14T03:29:24+00:00,32997,USD,,false,TRI/SRC/events/01093
EV001094,TRI,TRI_BILLING,,PAYMENT_POSTED,2022-09-28T16:46:00+00:00,2022-09-28T20:43:08+00:00,32997,USD,,false,TRI/SRC/events/01094
EV001095,TRI,TRI_BILLING,TRI-R00607,SUBMITTED,2022-10-13T19:41:00+00:00,2022-10-13T22:18:34+00:00,4188,USD,,false,TRI/SRC/events/01095
EV001096,TRI,TRI_BILLING,,PAYMENT_POSTED,2022-10-27T22:21:00+00:00,2022-10-27T23:26:59+00:00,4188,USD,,false,TRI/SRC/events/01096
EV001097,TRI,TRI_BILLING,TRI-R00608,SUBMITTED,2023-06-15T16:21:00+00:00,2023-06-16T23:48:36+00:00,19605,USD,,false,TRI/SRC/events/01097
EV001098,TRI,TRI_BILLING,,PAYMENT_POSTED,2023-06-26T22:59:00+00:00,2023-06-27T22:34:24+00:00,19605,USD,,false,TRI/SRC/events/01098
EV001099,TRI,TRI_BILLING,TRI-R00609,SUBMITTED,2023-05-30T19:00:00+00:00,2023-06-01T14:27:55+00:00,6783,USD,,false,TRI/SRC/events/01099
EV001100,TRI,TRI_BILLING,,PAYMENT_POSTED,2023-07-13T14:00:00+00:00,2023-07-14T09:28:23+00:00,6783,USD,,false,TRI/SRC/events/01100
EV001101,TRI,TRI_BILLING,TRI-R00610,SUBMITTED,2023-08-21T22:55:00+00:00,2023-08-21T23:17:48+00:00,4008,USD,,false,TRI/SRC/events/01101
EV001102,TRI,TRI_BILLING,,PAYMENT_POSTED,2023-10-02T19:59:00+00:00,2023-10-07T09:35:31+00:00,4008,USD,,false,TRI/SRC/events/01102
EV001103,TRI,TRI_BILLING,TRI-R00611,SUBMITTED,2022-10-10T19:25:00+00:00,2022-10-12T15:47:25+00:00,15037,USD,,false,TRI/SRC/events/01103
EV001104,TRI,TRI_BILLING,,PAYMENT_POSTED,2022-11-25T22:49:00+00:00,2022-11-28T13:53:00+00:00,15037,USD,,false,TRI/SRC/events/01104
EV001105,TRI,TRI_BILLING,TRI-R00612,SUBMITTED,2023-07-10T15:16:00+00:00,2023-07-15T10:22:31+00:00,11034,USD,,false,TRI/SRC/events/01105
EV001106,TRI,TRI_BILLING,,PAYMENT_POSTED,2023-07-24T22:27:00+00:00,2023-07-26T12:02:56+00:00,11034,USD,,false,TRI/SRC/events/01106
EV001107,TRI,TRI_BILLING,TRI-R00613,SUBMITTED,2023-01-26T22:52:00+00:00,2023-01-27T06:41:32+00:00,49698,USD,,false,TRI/SRC/events/01107
EV001108,TRI,TRI_BILLING,,PAYMENT_POSTED,2023-02-08T17:10:00+00:00,2023-02-10T13:52:50+00:00,49698,USD,,false,TRI/SRC/events/01108
EV001109,TRI,TRI_BILLING,TRI-R00614,SUBMITTED,2022-10-17T20:38:00+00:00,2022-10-24T19:28:09+00:00,14944,USD,,false,TRI/SRC/events/01109
EV001110,TRI,TRI_BILLING,TRI-R00615,SUBMITTED,2023-06-19T16:04:00+00:00,2023-06-21T11:20:43+00:00,21164,USD,,false,TRI/SRC/events/01110
EV001111,TRI,TRI_BILLING,,PAYMENT_POSTED,2023-07-10T16:45:00+00:00,2023-07-21T11:50:16+00:00,21164,USD,,false,TRI/SRC/events/01111
EV001112,TRI,TRI_BILLING,TRI-R00616,SUBMITTED,2023-01-30T19:20:00+00:00,2023-02-02T05:15:11+00:00,9210,USD,,false,TRI/SRC/events/01112
EV001113,TRI,TRI_BILLING,TRI-R00617,CORRECTED,2023-02-09T21:00:00+00:00,2023-02-10T04:00:07+00:00,11550,USD,,false,TRI/SRC/events/01113
EV001114,TRI,TRI_BILLING,,PAYMENT_POSTED,2023-02-13T16:48:00+00:00,2023-02-17T15:48:40+00:00,11550,USD,,false,TRI/SRC/events/01114
EV001115,TRI,TRI_BILLING,TRI-R00617,PAYMENT_REVERSED,2023-02-27T22:41:00+00:00,2023-03-14T11:45:46+00:00,11550,USD,EV001114,false,TRI/SRC/events/01115
EV001116,TRI,TRI_BILLING,TRI-R00618,SUBMITTED,2023-06-30T14:57:00+00:00,2023-06-30T15:15:40+00:00,5690,USD,,false,TRI/SRC/events/01116
EV001117,TRI,TRI_BILLING,TRI-R00619,CORRECTED,2023-07-05T20:50:00+00:00,2023-07-07T16:44:26+00:00,5272,USD,,false,TRI/SRC/events/01117
EV001118,TRI,TRI_BILLING,,PAYMENT_POSTED,2023-07-31T17:18:00+00:00,2023-08-01T00:11:33+00:00,5272,USD,,false,TRI/SRC/events/01118
EV001119,TRI,TRI_BILLING,TRI-R00620,SUBMITTED,2023-02-08T19:59:00+00:00,2023-02-12T21:03:00+00:00,4359,USD,,false,TRI/SRC/events/01119
EV001120,TRI,TRI_BILLING,TRI-R00620,CLOSED_NO_PAYMENT,2023-05-29T14:47:00+00:00,2023-05-29T20:35:59+00:00,,,,true,TRI/SRC/events/01120
EV001121,TRI,TRI_BILLING,TRI-R00621,SUBMITTED,2022-10-04T14:47:00+00:00,2022-10-06T16:16:41+00:00,61509,USD,,false,TRI/SRC/events/01121
EV001122,TRI,TRI_BILLING,,PAYMENT_POSTED,2022-10-10T20:20:00+00:00,2022-10-24T15:27:33+00:00,61509,USD,,false,TRI/SRC/events/01122
EV001123,TRI,TRI_BILLING,TRI-R00622,SUBMITTED,2023-01-12T23:06:00+00:00,2023-01-29T14:20:50+00:00,37483,USD,,false,TRI/SRC/events/01123
EV001124,TRI,TRI_BILLING,,PAYMENT_POSTED,2023-03-02T18:11:00+00:00,2023-03-02T21:41:45+00:00,37483,USD,,false,TRI/SRC/events/01124
EV001125,TRI,TRI_BILLING,TRI-R00623,SUBMITTED,2023-02-24T22:49:00+00:00,2023-03-01T16:00:47+00:00,8781,USD,,false,TRI/SRC/events/01125
EV001126,TRI,TRI_BILLING,,PAYMENT_POSTED,2023-03-20T14:56:00+00:00,2023-03-22T20:52:43+00:00,8781,USD,,false,TRI/SRC/events/01126
EV001127,TRI,TRI_BILLING,TRI-R00624,SUBMITTED,2023-07-31T22:16:00+00:00,2023-08-01T15:15:10+00:00,52789,USD,,false,TRI/SRC/events/01127
EV001128,TRI,TRI_BILLING,,PAYMENT_POSTED,2023-08-07T19:11:00+00:00,2023-08-08T00:19:36+00:00,52789,USD,,false,TRI/SRC/events/01128
EV001129,TRI,TRI_BILLING,TRI-R00625,SUBMITTED,2022-08-08T21:28:00+00:00,2022-08-08T23:27:22+00:00,8111,USD,,false,TRI/SRC/events/01129
EV001130,TRI,TRI_BILLING,,PAYMENT_POSTED,2022-08-15T15:56:00+00:00,2022-08-17T13:28:45+00:00,8111,USD,,false,TRI/SRC/events/01130
EV001131,TRI,TRI_BILLING,TRI-R00626,SUBMITTED,2023-05-04T15:13:00+00:00,2023-05-06T13:08:42+00:00,73128,USD,,false,TRI/SRC/events/01131
EV001132,TRI,TRI_BILLING,,PAYMENT_POSTED,2023-05-19T18:04:00+00:00,2023-05-19T22:58:34+00:00,73128,USD,,false,TRI/SRC/events/01132
EV001133,TRI,TRI_BILLING,TRI-R00627,SUBMITTED,2023-06-08T18:56:00+00:00,2023-06-09T00:12:28+00:00,45634,USD,,false,TRI/SRC/events/01133
EV001134,TRI,TRI_BILLING,,PAYMENT_POSTED,2023-06-23T19:01:00+00:00,2023-06-23T22:10:49+00:00,45634,USD,,false,TRI/SRC/events/01134
EV001135,TRI,TRI_BILLING,TRI-R00628,SUBMITTED,2023-01-09T18:46:00+00:00,2023-01-10T02:20:07+00:00,53245,USD,,false,TRI/SRC/events/01135
EV001136,TRI,TRI_BILLING,,PAYMENT_POSTED,2023-01-27T23:27:00+00:00,2023-01-29T01:10:48+00:00,53245,USD,,false,TRI/SRC/events/01136
EV001137,TRI,TRI_BILLING,TRI-R00629,SUBMITTED,2023-04-03T16:11:00+00:00,2023-04-04T05:57:08+00:00,24610,USD,,false,TRI/SRC/events/01137
EV001138,TRI,TRI_BILLING,,PAYMENT_POSTED,2023-04-24T16:02:00+00:00,2023-04-24T20:14:39+00:00,24610,USD,,false,TRI/SRC/events/01138
EV001139,TRI,TRI_BILLING,TRI-R00630,SUBMITTED,2022-08-23T21:52:00+00:00,2022-09-12T09:46:21+00:00,11048,USD,,false,TRI/SRC/events/01139
EV001140,TRI,TRI_BILLING,,PAYMENT_POSTED,2022-10-10T17:02:00+00:00,2022-10-10T20:43:00+00:00,11048,USD,,false,TRI/SRC/events/01140
EV001141,TRI,TRI_BILLING,TRI-R00631,SUBMITTED,2022-08-22T21:52:00+00:00,2022-08-25T06:34:24+00:00,3680,USD,,false,TRI/SRC/events/01141
EV001142,TRI,TRI_BILLING,,PAYMENT_POSTED,2022-09-26T17:35:00+00:00,2022-10-17T17:35:00+00:00,3680,USD,,false,TRI/SRC/events/01142
EV001143,TRI,TRI_BILLING,TRI-R00632,SUBMITTED,2022-11-21T23:28:00+00:00,2022-11-28T05:20:05+00:00,15672,USD,,false,TRI/SRC/events/01143
EV001144,TRI,TRI_BILLING,TRI-R00632,CLOSED_NO_PAYMENT,2023-01-10T21:22:00+00:00,2023-01-15T12:50:52+00:00,,,,true,TRI/SRC/events/01144
EV001145,TRI,TRI_BILLING,TRI-R00633,SUBMITTED,2023-05-16T17:43:00+00:00,2023-05-18T14:41:20+00:00,6656,USD,,false,TRI/SRC/events/01145
EV001146,TRI,TRI_BILLING,TRI-R00634,CORRECTED,2023-05-22T19:19:00+00:00,2023-05-24T21:05:09+00:00,7550,USD,,false,TRI/SRC/events/01146
EV001147,TRI,TRI_BILLING,,PAYMENT_POSTED,2023-06-29T15:20:00+00:00,2023-06-29T17:43:26+00:00,7550,USD,,false,TRI/SRC/events/01147
EV001148,TRI,TRI_BILLING,TRI-R00635,SUBMITTED,2023-06-26T21:32:00+00:00,2023-07-01T20:33:06+00:00,7639,USD,,false,TRI/SRC/events/01148
EV001149,TRI,TRI_BILLING,TRI-R00635,CLOSED_NO_PAYMENT,2023-09-04T22:03:00+00:00,2023-09-05T04:20:49+00:00,,,,true,TRI/SRC/events/01149
EV001150,TRI,TRI_BILLING,TRI-R00636,SUBMITTED,2023-06-26T21:28:00+00:00,2023-06-26T22:34:05+00:00,41773,USD,,false,TRI/SRC/events/01150
EV001151,TRI,TRI_BILLING,,PAYMENT_POSTED,2023-08-28T18:16:00+00:00,2023-08-30T23:01:48+00:00,41773,USD,,false,TRI/SRC/events/01151
EV001152,TRI,TRI_BILLING,TRI-R00637,SUBMITTED,2022-12-06T19:12:00+00:00,2022-12-06T22:12:18+00:00,11001,USD,,false,TRI/SRC/events/01152
EV001153,TRI,TRI_BILLING,,PAYMENT_POSTED,2023-01-19T16:47:00+00:00,2023-01-20T07:53:20+00:00,11001,USD,,false,TRI/SRC/events/01153
EV001154,TRI,TRI_BILLING,TRI-R00638,SUBMITTED,2022-12-05T23:48:00+00:00,2022-12-06T06:05:47+00:00,17418,USD,,false,TRI/SRC/events/01154
EV001155,TRI,TRI_BILLING,TRI-R00639,SUBMITTED,2023-08-11T21:10:00+00:00,2023-08-13T00:24:42+00:00,12413,USD,,false,TRI/SRC/events/01155
EV001156,TRI,TRI_BILLING,,PAYMENT_POSTED,2023-08-28T14:45:00+00:00,2023-08-28T21:08:15+00:00,12413,USD,,false,TRI/SRC/events/01156
EV001157,TRI,TRI_BILLING,TRI-R00640,SUBMITTED,2023-09-20T20:15:00+00:00,2023-09-20T23:41:38+00:00,2885,USD,,false,TRI/SRC/events/01157
EV001158,TRI,TRI_BILLING,,PAYMENT_POSTED,2023-10-09T18:42:00+00:00,2023-10-11T10:07:47+00:00,2885,USD,,false,TRI/SRC/events/01158
EV001159,TRI,TRI_BILLING,TRI-R00641,SUBMITTED,2023-07-18T22:34:00+00:00,2023-07-19T22:42:33+00:00,31604,USD,,false,TRI/SRC/events/01159
EV001160,TRI,TRI_BILLING,,PAYMENT_POSTED,2023-08-21T17:04:00+00:00,2023-08-23T05:30:15+00:00,31604,USD,,false,TRI/SRC/events/01160
EV001161,TRI,TRI_BILLING,TRI-R00642,SUBMITTED,2023-07-17T17:14:00+00:00,2023-07-20T00:06:29+00:00,10465,USD,,false,TRI/SRC/events/01161
EV001162,TRI,TRI_BILLING,,PAYMENT_POSTED,2023-08-01T22:26:00+00:00,2023-08-02T06:22:18+00:00,10465,USD,,false,TRI/SRC/events/01162
EV001163,TRI,TRI_BILLING,TRI-R00643,SUBMITTED,2023-06-21T16:29:00+00:00,2023-06-21T20:40:39+00:00,6634,USD,,false,TRI/SRC/events/01163
EV001164,TRI,TRI_BILLING,,PAYMENT_POSTED,2023-07-27T16:38:00+00:00,2023-07-27T17:33:13+00:00,6634,USD,,false,TRI/SRC/events/01164
EV001165,TRI,TRI_BILLING,TRI-R00644,SUBMITTED,2023-09-04T19:27:00+00:00,2023-09-04T20:24:20+00:00,9558,USD,,false,TRI/SRC/events/01165
EV001166,TRI,TRI_BILLING,,PAYMENT_POSTED,2023-10-02T21:55:00+00:00,2023-10-03T04:47:13+00:00,9558,USD,,false,TRI/SRC/events/01166
EV001167,TRI,TRI_BILLING,TRI-R00645,SUBMITTED,2023-08-25T18:36:00+00:00,2023-08-25T20:43:00+00:00,7757,USD,,false,TRI/SRC/events/01167
EV001168,TRI,TRI_BILLING,,PAYMENT_POSTED,2023-09-07T17:04:00+00:00,2023-09-09T11:17:34+00:00,7757,USD,,false,TRI/SRC/events/01168
EV001169,TRI,TRI_BILLING,TRI-R00646,SUBMITTED,2023-01-25T23:16:00+00:00,2023-01-26T04:33:03+00:00,27061,USD,,false,TRI/SRC/events/01169
EV001170,TRI,TRI_BILLING,,PAYMENT_POSTED,2023-02-02T20:20:00+00:00,2023-02-03T22:47:12+00:00,27061,USD,,false,TRI/SRC/events/01170
EV001171,TRI,TRI_BILLING,TRI-R00647,SUBMITTED,2022-12-05T15:41:00+00:00,2022-12-06T12:09:07+00:00,59487,USD,,false,TRI/SRC/events/01171
EV001172,TRI,TRI_BILLING,,PAYMENT_POSTED,2022-12-19T22:35:00+00:00,2022-12-20T02:09:01+00:00,59487,USD,,false,TRI/SRC/events/01172
EV001173,TRI,TRI_BILLING,TRI-R00648,SUBMITTED,2022-12-05T21:54:00+00:00,2022-12-06T03:49:31+00:00,6794,USD,,false,TRI/SRC/events/01173
EV001174,TRI,TRI_BILLING,TRI-R00649,SUBMITTED,2023-05-24T15:30:00+00:00,2023-05-30T16:33:03+00:00,35538,USD,,false,TRI/SRC/events/01174
EV001175,TRI,TRI_BILLING,,PAYMENT_POSTED,2023-06-21T17:16:00+00:00,2023-06-21T22:43:39+00:00,35538,USD,,false,TRI/SRC/events/01175
EV001176,TRI,TRI_BILLING,TRI-R00650,SUBMITTED,2023-05-19T20:09:00+00:00,2023-06-09T20:09:00+00:00,12056,USD,,false,TRI/SRC/events/01176
EV001177,TRI,TRI_BILLING,TRI-R00651,SUBMITTED,2023-09-18T17:53:00+00:00,2023-09-28T00:30:19+00:00,93676,USD,,false,TRI/SRC/events/01177
EV001178,TRI,TRI_BILLING,TRI-R00652,CORRECTED,2023-09-25T15:25:00+00:00,2023-09-25T18:32:01+00:00,98789,USD,,false,TRI/SRC/events/01178
EV001179,TRI,TRI_BILLING,TRI-R00653,SUBMITTED,2023-05-19T22:26:00+00:00,2023-05-20T05:24:59+00:00,13410,USD,,false,TRI/SRC/events/01179
EV001180,TRI,TRI_BILLING,,PAYMENT_POSTED,2023-07-06T22:05:00+00:00,2023-07-10T15:03:17+00:00,13410,USD,,false,TRI/SRC/events/01180
EV001181,TRI,TRI_BILLING,TRI-R00654,SUBMITTED,2023-07-03T14:24:00+00:00,2023-07-03T21:35:29+00:00,18681,USD,,false,TRI/SRC/events/01181
EV001182,TRI,TRI_BILLING,,PAYMENT_POSTED,2023-09-04T19:06:00+00:00,2023-09-16T19:45:06+00:00,18681,USD,,false,TRI/SRC/events/01182
EV001183,TRI,TRI_BILLING,TRI-R00654,PAYMENT_REVERSED,2023-09-18T20:13:00+00:00,2023-09-26T19:44:34+00:00,5661,USD,,false,TRI/SRC/events/01183
EV001184,TRI,TRI_BILLING,TRI-R00655,SUBMITTED,2022-08-01T14:17:00+00:00,2022-08-01T21:24:17+00:00,32241,USD,,false,TRI/SRC/events/01184
EV001185,TRI,TRI_BILLING,,PAYMENT_POSTED,2022-10-12T14:48:00+00:00,2022-10-15T21:48:26+00:00,32241,USD,,false,TRI/SRC/events/01185
EV001186,TRI,TRI_BILLING,TRI-R00656,SUBMITTED,2023-03-20T14:44:00+00:00,2023-03-20T16:51:26+00:00,56108,USD,,false,TRI/SRC/events/01186
EV001187,TRI,TRI_BILLING,,PAYMENT_POSTED,2023-04-03T17:15:00+00:00,2023-04-05T01:19:01+00:00,56108,USD,,false,TRI/SRC/events/01187
EV001188,TRI,TRI_BILLING,TRI-R00657,SUBMITTED,2023-06-09T22:51:00+00:00,2023-06-10T06:44:08+00:00,3986,USD,,false,TRI/SRC/events/01188
EV001189,TRI,TRI_BILLING,,PAYMENT_POSTED,2023-07-06T15:42:00+00:00,2023-07-11T11:14:26+00:00,3986,USD,,false,TRI/SRC/events/01189
EV001190,TRI,TRI_BILLING,TRI-R00658,SUBMITTED,2022-11-21T23:48:00+00:00,2022-11-23T23:20:22+00:00,4340,USD,,false,TRI/SRC/events/01190
EV001191,TRI,TRI_BILLING,,PAYMENT_POSTED,2022-11-29T23:21:00+00:00,2022-12-01T10:43:08+00:00,4340,USD,,false,TRI/SRC/events/01191
EV001192,TRI,TRI_BILLING,TRI-R00659,SUBMITTED,2023-03-14T20:42:00+00:00,2023-03-20T18:47:21+00:00,8590,USD,,false,TRI/SRC/events/01192
EV001193,TRI,TRI_BILLING,,PAYMENT_POSTED,2023-05-10T21:06:00+00:00,2023-05-12T23:25:22+00:00,8590,USD,,false,TRI/SRC/events/01193
EV001194,TRI,TRI_BILLING,TRI-R00660,SUBMITTED,2023-05-09T19:26:00+00:00,2023-05-12T01:59:25+00:00,10358,USD,,false,TRI/SRC/events/01194
EV001195,TRI,TRI_BILLING,,PAYMENT_POSTED,2023-05-19T18:06:00+00:00,2023-05-19T23:40:43+00:00,10358,USD,,false,TRI/SRC/events/01195
EV001196,TRI,TRI_BILLING,TRI-R00661,SUBMITTED,2023-09-04T18:09:00+00:00,2023-09-07T17:00:07+00:00,6345,USD,,false,TRI/SRC/events/01196
EV001197,TRI,TRI_BILLING,,PAYMENT_POSTED,2023-10-11T17:54:00+00:00,2023-10-16T15:04:33+00:00,6345,USD,,false,TRI/SRC/events/01197
EV001198,TRI,TRI_BILLING,TRI-R00662,SUBMITTED,2023-06-12T17:51:00+00:00,2023-06-12T19:43:01+00:00,21897,USD,,false,TRI/SRC/events/01198
EV001199,TRI,TRI_BILLING,,PAYMENT_POSTED,2023-06-26T17:21:00+00:00,2023-06-26T18:08:25+00:00,21897,USD,,false,TRI/SRC/events/01199
EV001200,TRI,TRI_BILLING,TRI-R00663,SUBMITTED,2023-05-12T18:06:00+00:00,2023-05-12T19:25:52+00:00,14155,USD,,false,TRI/SRC/events/01200
EV001202,TRI,TRI_BILLING,TRI-R00664,SUBMITTED,2023-06-27T19:36:00+00:00,2023-06-29T11:28:24+00:00,17788,USD,,false,TRI/SRC/events/01202
EV001203,TRI,TRI_BILLING,TRI-R00665,SUBMITTED,2023-09-25T15:04:00+00:00,2023-09-27T14:24:21+00:00,5492,USD,,false,TRI/SRC/events/01203
EV001204,TRI,TRI_BILLING,,PAYMENT_POSTED,2023-10-17T17:11:00+00:00,2023-10-20T16:16:33+00:00,5492,USD,,false,TRI/SRC/events/01204
EV001205,TRI,TRI_BILLING,TRI-R00666,SUBMITTED,2023-05-25T19:38:00+00:00,2023-05-26T11:03:26+00:00,21317,USD,,false,TRI/SRC/events/01205
EV001206,TRI,TRI_BILLING,,PAYMENT_POSTED,2023-06-23T20:48:00+00:00,2023-06-28T16:55:07+00:00,21317,USD,,false,TRI/SRC/events/01206
EV001207,TRI,TRI_BILLING,TRI-R00667,SUBMITTED,2023-05-09T15:00:00+00:00,2023-05-12T02:34:50+00:00,5148,USD,,false,TRI/SRC/events/01207
EV001208,TRI,TRI_BILLING,,PAYMENT_POSTED,2023-05-22T14:06:00+00:00,2023-05-30T06:50:04+00:00,5148,USD,,false,TRI/SRC/events/01208
EV001209,TRI,TRI_BILLING,TRI-R00668,SUBMITTED,2023-07-03T16:07:00+00:00,2023-07-09T16:23:25+00:00,47257,USD,,false,TRI/SRC/events/01209
EV001210,TRI,TRI_BILLING,,PAYMENT_POSTED,2023-07-20T18:25:00+00:00,2023-07-23T19:05:26+00:00,47257,USD,,false,TRI/SRC/events/01210
EV001211,TRI,TRI_BILLING,TRI-R00669,SUBMITTED,2023-05-19T19:46:00+00:00,2023-05-19T21:32:57+00:00,3811,USD,,false,TRI/SRC/events/01211
EV001212,TRI,TRI_BILLING,,PAYMENT_POSTED,2023-06-19T21:01:00+00:00,2023-06-25T02:34:23+00:00,3811,USD,,false,TRI/SRC/events/01212
EV001213,TRI,TRI_BILLING,TRI-R00670,SUBMITTED,2023-08-15T19:50:00+00:00,2023-08-15T19:56:03+00:00,94027,USD,,false,TRI/SRC/events/01213
EV001214,TRI,TRI_BILLING,,PAYMENT_POSTED,2023-08-22T15:46:00+00:00,2023-08-25T01:46:03+00:00,94027,USD,,false,TRI/SRC/events/01214
EV001215,TRI,TRI_BILLING,TRI-R00671,SUBMITTED,2023-04-20T17:02:00+00:00,2023-04-23T22:55:08+00:00,25170,USD,,false,TRI/SRC/events/01215
EV001216,TRI,TRI_BILLING,,PAYMENT_POSTED,2023-05-10T18:44:00+00:00,2023-05-12T21:01:11+00:00,25170,USD,,false,TRI/SRC/events/01216
EV001217,TRI,TRI_BILLING,TRI-R00672,SUBMITTED,2022-08-03T20:26:00+00:00,2022-08-06T20:25:12+00:00,46996,USD,,false,TRI/SRC/events/01217
EV001218,TRI,TRI_BILLING,,PAYMENT_POSTED,2022-08-22T14:07:00+00:00,2022-08-24T02:18:46+00:00,46996,USD,,false,TRI/SRC/events/01218
EV001219,TRI,TRI_BILLING,TRI-R00673,SUBMITTED,2023-03-06T18:04:00+00:00,2023-03-06T23:07:56+00:00,30206,USD,,false,TRI/SRC/events/01219
EV001220,TRI,TRI_BILLING,,PAYMENT_POSTED,2023-03-17T22:04:00+00:00,2023-03-18T02:57:11+00:00,30206,USD,,false,TRI/SRC/events/01220
EV001221,TRI,TRI_BILLING,TRI-R00674,SUBMITTED,2022-07-22T17:46:00+00:00,2022-07-25T21:39:40+00:00,7638,USD,,false,TRI/SRC/events/01221
EV001222,TRI,TRI_BILLING,,PAYMENT_POSTED,2022-08-03T17:09:00+00:00,2022-08-03T20:57:16+00:00,7638,USD,,false,TRI/SRC/events/01222
EV001223,TRI,TRI_BILLING,TRI-R00675,SUBMITTED,2023-09-21T17:28:00+00:00,2023-09-23T18:24:22+00:00,4586,USD,,false,TRI/SRC/events/01223
EV001224,TRI,TRI_BILLING,,PAYMENT_POSTED,2023-10-09T21:25:00+00:00,2023-10-13T07:09:34+00:00,4586,USD,,false,TRI/SRC/events/01224
EV001225,TRI,TRI_BILLING,TRI-R00676,SUBMITTED,2023-09-21T15:55:00+00:00,2023-09-23T19:55:48+00:00,8583,USD,,false,TRI/SRC/events/01225
EV001226,TRI,TRI_BILLING,TRI-R00677,SUBMITTED,2023-06-12T19:43:00+00:00,2023-06-13T17:04:04+00:00,11163,USD,,false,TRI/SRC/events/01226
EV001227,TRI,TRI_BILLING,,PAYMENT_POSTED,2023-07-17T20:20:00+00:00,2023-07-23T23:53:16+00:00,11163,USD,,false,TRI/SRC/events/01227
EV001228,TRI,TRI_BILLING,TRI-R00678,SUBMITTED,2023-03-09T17:36:00+00:00,2023-03-09T20:15:56+00:00,11058,USD,,false,TRI/SRC/events/01228
EV001229,TRI,TRI_BILLING,,PAYMENT_POSTED,2023-03-27T16:39:00+00:00,2023-03-27T22:00:20+00:00,11058,USD,,false,TRI/SRC/events/01229
EV001230,TRI,TRI_BILLING,TRI-R00679,SUBMITTED,2023-06-13T19:33:00+00:00,2023-06-14T01:09:24+00:00,11879,USD,,false,TRI/SRC/events/01230
EV001231,TRI,TRI_BILLING,,PAYMENT_POSTED,2023-07-03T18:55:00+00:00,2023-07-03T23:48:42+00:00,11879,USD,,false,TRI/SRC/events/01231
EV001232,TRI,TRI_BILLING,TRI-R00680,SUBMITTED,2023-08-09T16:58:00+00:00,2023-08-10T11:37:13+00:00,5466,USD,,false,TRI/SRC/events/01232
EV001233,TRI,TRI_BILLING,,PAYMENT_POSTED,2023-09-27T14:55:00+00:00,2023-10-02T19:32:11+00:00,5466,USD,,false,TRI/SRC/events/01233
EV001234,TRI,TRI_BILLING,TRI-R00681,SUBMITTED,2023-03-20T17:22:00+00:00,2023-03-20T19:28:18+00:00,31408,USD,,false,TRI/SRC/events/01234
EV001235,TRI,TRI_BILLING,,PAYMENT_POSTED,2023-04-03T17:30:00+00:00,2023-04-03T19:38:28+00:00,31408,USD,,false,TRI/SRC/events/01235
EV001236,TRI,TRI_BILLING,TRI-R00682,SUBMITTED,2022-08-22T14:56:00+00:00,2022-08-24T10:19:12+00:00,10880,USD,,false,TRI/SRC/events/01236
EV001237,TRI,TRI_BILLING,,PAYMENT_POSTED,2022-09-20T15:54:00+00:00,2022-09-20T23:27:52+00:00,10880,USD,,false,TRI/SRC/events/01237
EV001238,TRI,TRI_BILLING,TRI-R00683,SUBMITTED,2023-09-28T20:51:00+00:00,2023-09-29T04:09:02+00:00,21982,USD,,false,TRI/SRC/events/01238
EV001239,TRI,TRI_BILLING,,PAYMENT_POSTED,2023-10-09T18:55:00+00:00,2023-10-30T18:55:00+00:00,21982,USD,,false,TRI/SRC/events/01239
EV001240,TRI,TRI_BILLING,TRI-R00684,SUBMITTED,2023-03-13T15:06:00+00:00,2023-03-13T19:32:45+00:00,168934,USD,,false,TRI/SRC/events/01240
EV001241,TRI,TRI_BILLING,,PAYMENT_POSTED,2023-03-23T14:16:00+00:00,2023-03-23T16:58:39+00:00,168934,USD,,false,TRI/SRC/events/01241
EV001242,TRI,TRI_BILLING,TRI-R00685,SUBMITTED,2023-01-31T20:20:00+00:00,2023-02-01T01:35:57+00:00,32646,USD,,false,TRI/SRC/events/01242
EV001243,TRI,TRI_BILLING,,PAYMENT_POSTED,2023-02-14T22:11:00+00:00,2023-02-22T22:34:14+00:00,32646,USD,,false,TRI/SRC/events/01243
EV001244,TRI,TRI_BILLING,TRI-R00686,SUBMITTED,2023-03-01T23:49:00+00:00,2023-03-02T01:33:00+00:00,23939,USD,,false,TRI/SRC/events/01244
EV001245,TRI,TRI_BILLING,,PAYMENT_POSTED,2023-03-13T16:46:00+00:00,2023-03-16T09:43:44+00:00,23939,USD,,false,TRI/SRC/events/01245
EV001246,TRI,TRI_BILLING,TRI-R00687,SUBMITTED,2022-11-11T16:02:00+00:00,2022-11-11T23:30:45+00:00,8608,USD,,false,TRI/SRC/events/01246
EV001247,TRI,TRI_BILLING,,PAYMENT_POSTED,2022-11-14T23:33:00+00:00,2022-11-15T06:59:43+00:00,8608,USD,,false,TRI/SRC/events/01247
EV001248,TRI,TRI_BILLING,TRI-R00688,SUBMITTED,2023-05-15T20:10:00+00:00,2023-05-19T03:23:18+00:00,20772,USD,,false,TRI/SRC/events/01248
EV001249,TRI,TRI_BILLING,TRI-R00689,CORRECTED,2023-05-26T15:34:00+00:00,2023-05-29T20:42:55+00:00,24998,USD,,false,TRI/SRC/events/01249
EV001250,TRI,TRI_BILLING,TRI-R00690,SUBMITTED,2023-06-02T14:59:00+00:00,2023-06-09T05:54:06+00:00,19233,USD,,false,TRI/SRC/events/01250
EV001251,TRI,TRI_BILLING,TRI-R00691,SUBMITTED,2023-06-19T19:55:00+00:00,2023-06-26T06:05:25+00:00,24903,USD,,false,TRI/SRC/events/01251
EV001252,TRI,TRI_BILLING,,PAYMENT_POSTED,2023-06-28T15:37:00+00:00,2023-07-01T05:01:31+00:00,24903,USD,,false,TRI/SRC/events/01252
EV001253,TRI,TRI_BILLING,TRI-R00692,SUBMITTED,2022-10-31T20:37:00+00:00,2022-11-02T10:43:18+00:00,7500,USD,,false,TRI/SRC/events/01253
EV001254,TRI,TRI_BILLING,TRI-R00693,SUBMITTED,2023-05-17T22:17:00+00:00,2023-05-17T23:59:57+00:00,25944,USD,,false,TRI/SRC/events/01254
EV001255,TRI,TRI_BILLING,TRI-R00694,SUBMITTED,2023-04-05T19:30:00+00:00,2023-04-10T01:31:18+00:00,14166,USD,,false,TRI/SRC/events/01255
EV001256,TRI,TRI_BILLING,,PAYMENT_POSTED,2023-04-17T18:15:00+00:00,2023-04-17T23:09:05+00:00,14166,USD,,false,TRI/SRC/events/01256
EV001257,TRI,TRI_BILLING,TRI-R00695,SUBMITTED,2023-05-08T18:14:00+00:00,2023-05-08T21:32:42+00:00,12218,USD,,false,TRI/SRC/events/01257
EV001258,TRI,TRI_BILLING,,PAYMENT_POSTED,2023-05-29T22:36:00+00:00,2023-06-01T06:52:24+00:00,12218,USD,,false,TRI/SRC/events/01258
EV001259,TRI,TRI_BILLING,TRI-R00696,SUBMITTED,2023-03-30T21:48:00+00:00,2023-04-02T10:05:51+00:00,8690,USD,,false,TRI/SRC/events/01259
EV001260,TRI,TRI_BILLING,TRI-R00697,SUBMITTED,2022-07-18T16:41:00+00:00,2022-07-18T20:31:44+00:00,56487,USD,,false,TRI/SRC/events/01260
EV001261,TRI,TRI_BILLING,,PAYMENT_POSTED,2022-08-03T15:48:00+00:00,2022-08-03T22:54:31+00:00,56487,USD,,false,TRI/SRC/events/01261
EV001262,TRI,TRI_BILLING,TRI-R00698,SUBMITTED,2023-07-19T19:29:00+00:00,2023-07-19T23:09:43+00:00,10579,USD,,false,TRI/SRC/events/01262
EV001263,TRI,TRI_BILLING,,PAYMENT_POSTED,2023-08-15T19:50:00+00:00,2023-08-16T01:22:47+00:00,10579,USD,,false,TRI/SRC/events/01263
EV001264,TRI,TRI_BILLING,TRI-R00699,SUBMITTED,2022-10-14T18:06:00+00:00,2022-10-28T21:29:52+00:00,159896,USD,,false,TRI/SRC/events/01264
EV001265,TRI,TRI_BILLING,TRI-R00700,CORRECTED,2022-10-24T15:55:00+00:00,2022-10-24T23:50:05+00:00,161173,USD,,false,TRI/SRC/events/01265
EV001266,TRI,TRI_BILLING,,PAYMENT_POSTED,2022-12-05T16:52:00+00:00,2022-12-07T20:46:34+00:00,161173,USD,,false,TRI/SRC/events/01266
EV001267,TRI,TRI_BILLING,TRI-R00701,SUBMITTED,2023-05-26T18:14:00+00:00,2023-05-26T22:41:27+00:00,10671,USD,,false,TRI/SRC/events/01267
EV001268,TRI,TRI_BILLING,,PAYMENT_POSTED,2023-07-17T18:57:00+00:00,2023-07-17T19:04:05+00:00,10671,USD,,false,TRI/SRC/events/01268
EV001269,TRI,TRI_BILLING,TRI-R00702,SUBMITTED,2022-10-12T14:42:00+00:00,2022-10-14T12:27:19+00:00,33229,USD,,false,TRI/SRC/events/01269
EV001270,TRI,TRI_BILLING,,PAYMENT_POSTED,2022-11-14T22:11:00+00:00,2022-11-14T23:19:01+00:00,33229,USD,,false,TRI/SRC/events/01270
EV001271,TRI,TRI_BILLING,TRI-R00703,SUBMITTED,2023-05-29T15:03:00+00:00,2023-05-29T15:25:38+00:00,9792,USD,,false,TRI/SRC/events/01271
EV001272,TRI,TRI_BILLING,,PAYMENT_POSTED,2023-06-01T15:21:00+00:00,2023-06-13T00:03:36+00:00,9792,USD,,false,TRI/SRC/events/01272
EV001273,TRI,TRI_BILLING,TRI-R00704,SUBMITTED,2023-03-27T18:07:00+00:00,2023-03-31T12:44:47+00:00,3988,USD,,false,TRI/SRC/events/01273
EV001274,TRI,TRI_BILLING,,PAYMENT_POSTED,2023-04-04T22:51:00+00:00,2023-04-05T19:40:03+00:00,3988,USD,,false,TRI/SRC/events/01274
EV001275,TRI,TRI_BILLING,TRI-R00705,SUBMITTED,2023-04-18T16:42:00+00:00,2023-04-20T11:58:18+00:00,9945,USD,,false,TRI/SRC/events/01275
EV001276,TRI,TRI_BILLING,TRI-R00706,SUBMITTED,2022-12-12T21:26:00+00:00,2022-12-13T01:01:15+00:00,11740,USD,,false,TRI/SRC/events/01276
EV001277,TRI,TRI_BILLING,TRI-R00706,CLOSED_NO_PAYMENT,2023-01-13T18:41:00+00:00,2023-01-15T19:04:43+00:00,,,,true,TRI/SRC/events/01277
EV001278,TRI,TRI_BILLING,TRI-R00707,SUBMITTED,2022-10-03T14:28:00+00:00,2022-10-03T21:16:52+00:00,3812,USD,,false,TRI/SRC/events/01278
EV001279,TRI,TRI_BILLING,TRI-R00708,SUBMITTED,2022-10-26T16:58:00+00:00,2022-10-26T21:46:31+00:00,29288,USD,,false,TRI/SRC/events/01279
EV001280,TRI,TRI_BILLING,,PAYMENT_POSTED,2022-12-22T23:36:00+00:00,2022-12-27T12:58:06+00:00,29288,USD,,false,TRI/SRC/events/01280
EV001281,TRI,TRI_BILLING,TRI-R00709,SUBMITTED,2022-08-04T16:24:00+00:00,2022-08-04T19:45:39+00:00,26246,USD,,false,TRI/SRC/events/01281
EV001282,TRI,TRI_BILLING,,PAYMENT_POSTED,2022-08-22T14:32:00+00:00,2022-08-28T13:42:10+00:00,26246,USD,,false,TRI/SRC/events/01282
EV001283,TRI,TRI_BILLING,TRI-R00710,SUBMITTED,2023-04-05T18:39:00+00:00,2023-04-14T08:46:26+00:00,7855,USD,,false,TRI/SRC/events/01283
EV001284,TRI,TRI_BILLING,,PAYMENT_POSTED,2023-04-10T18:45:00+00:00,2023-04-12T13:25:45+00:00,7855,USD,,false,TRI/SRC/events/01284
EV001285,TRI,TRI_BILLING,TRI-R00711,SUBMITTED,2023-01-25T23:59:00+00:00,2023-02-01T14:29:07+00:00,3522,USD,,false,TRI/SRC/events/01285
EV001286,TRI,TRI_BILLING,TRI-R00712,SUBMITTED,2022-07-01T16:56:00+00:00,2022-07-03T17:08:20+00:00,4728,USD,,false,TRI/SRC/events/01286
EV001287,TRI,TRI_BILLING,,PAYMENT_POSTED,2022-07-06T20:31:00+00:00,2022-07-07T00:39:00+00:00,4728,USD,,false,TRI/SRC/events/01287
EV001288,TRI,TRI_BILLING,TRI-R00713,SUBMITTED,2022-12-02T16:37:00+00:00,2022-12-02T21:10:28+00:00,25699,USD,,false,TRI/SRC/events/01288
EV001289,TRI,TRI_BILLING,TRI-R00713,CLOSED_NO_PAYMENT,2023-03-31T16:14:00+00:00,2023-04-04T20:44:15+00:00,,,,true,TRI/SRC/events/01289
EV001290,TRI,TRI_BILLING,TRI-R00714,SUBMITTED,2022-11-30T20:16:00+00:00,2022-11-30T22:10:05+00:00,13678,USD,,false,TRI/SRC/events/01290
EV001291,TRI,TRI_BILLING,,PAYMENT_POSTED,2022-12-19T16:28:00+00:00,2022-12-23T02:36:53+00:00,13678,USD,,false,TRI/SRC/events/01291
EV001292,TRI,TRI_BILLING,TRI-R00715,SUBMITTED,2023-08-14T19:46:00+00:00,2023-08-14T22:29:34+00:00,74686,USD,,false,TRI/SRC/events/01292
EV001293,TRI,TRI_BILLING,TRI-R00715,CLOSED_NO_PAYMENT,2023-10-02T21:01:00+00:00,2023-10-03T18:48:27+00:00,,,,true,TRI/SRC/events/01293
EV001294,TRI,TRI_BILLING,TRI-R00716,SUBMITTED,2023-09-25T14:47:00+00:00,2023-09-27T03:01:43+00:00,43099,USD,,false,TRI/SRC/events/01294
EV001295,TRI,TRI_BILLING,TRI-R00717,SUBMITTED,2023-02-20T22:06:00+00:00,2023-02-20T23:26:28+00:00,32500,USD,,false,TRI/SRC/events/01295
EV001296,TRI,TRI_BILLING,,PAYMENT_POSTED,2023-03-15T15:36:00+00:00,2023-03-17T02:07:56+00:00,32500,USD,,false,TRI/SRC/events/01296
EV001297,TRI,TRI_BILLING,TRI-R00718,SUBMITTED,2023-07-26T14:03:00+00:00,2023-07-26T16:31:50+00:00,5946,USD,,false,TRI/SRC/events/01297
EV001298,TRI,TRI_BILLING,,PAYMENT_POSTED,2023-08-11T16:52:00+00:00,2023-08-11T22:19:04+00:00,5946,USD,,false,TRI/SRC/events/01298
EV001299,TRI,TRI_BILLING,TRI-R00719,SUBMITTED,2023-07-24T22:44:00+00:00,2023-07-31T19:34:33+00:00,9422,USD,,false,TRI/SRC/events/01299
EV001300,TRI,TRI_BILLING,TRI-R00720,SUBMITTED,2022-08-15T14:38:00+00:00,2022-08-16T09:05:30+00:00,95732,USD,,false,TRI/SRC/events/01300
EV001301,TRI,TRI_BILLING,,PAYMENT_POSTED,2022-08-26T22:28:00+00:00,2022-09-01T01:51:45+00:00,95732,USD,,false,TRI/SRC/events/01301
EV001302,TRI,TRI_BILLING,TRI-R00721,SUBMITTED,2022-08-04T22:17:00+00:00,2022-08-08T00:15:43+00:00,3623,USD,,false,TRI/SRC/events/01302
EV001303,TRI,TRI_BILLING,,PAYMENT_POSTED,2022-08-09T15:20:00+00:00,2022-08-11T00:18:44+00:00,3623,USD,,false,TRI/SRC/events/01303
EV001304,TRI,TRI_BILLING,TRI-R00722,SUBMITTED,2023-03-27T21:09:00+00:00,2023-03-27T22:10:56+00:00,11910,USD,,false,TRI/SRC/events/01304
EV001305,TRI,TRI_BILLING,TRI-R00723,SUBMITTED,2023-02-13T16:17:00+00:00,2023-02-13T19:39:00+00:00,30955,USD,,false,TRI/SRC/events/01305
EV001306,TRI,TRI_BILLING,,PAYMENT_POSTED,2023-02-24T17:12:00+00:00,2023-02-28T01:59:07+00:00,30955,USD,,false,TRI/SRC/events/01306
EV001307,TRI,TRI_BILLING,TRI-R00724,SUBMITTED,2023-07-25T15:07:00+00:00,2023-08-07T02:12:03+00:00,152531,USD,,false,TRI/SRC/events/01307
EV001308,TRI,TRI_BILLING,,PAYMENT_POSTED,2023-08-28T20:03:00+00:00,2023-09-01T01:52:07+00:00,152531,USD,,false,TRI/SRC/events/01308
EV001309,TRI,TRI_BILLING,TRI-R00725,SUBMITTED,2023-01-24T23:08:00+00:00,2023-01-26T11:24:42+00:00,35453,USD,,false,TRI/SRC/events/01309
EV001310,TRI,TRI_BILLING,,PAYMENT_POSTED,2023-02-08T19:25:00+00:00,2023-02-09T01:06:05+00:00,35453,USD,,false,TRI/SRC/events/01310
EV001311,TRI,TRI_BILLING,TRI-R00726,SUBMITTED,2022-11-07T22:25:00+00:00,2022-11-09T13:03:31+00:00,19923,USD,,false,TRI/SRC/events/01311
EV001312,TRI,TRI_BILLING,TRI-R00727,SUBMITTED,2022-12-16T22:50:00+00:00,2022-12-17T04:44:49+00:00,6227,USD,,false,TRI/SRC/events/01312
EV001313,TRI,TRI_BILLING,,PAYMENT_POSTED,2022-12-26T15:47:00+00:00,2022-12-26T17:29:10+00:00,6227,USD,,false,TRI/SRC/events/01313
EV001314,TRI,TRI_BILLING,TRI-R00728,SUBMITTED,2022-12-16T21:04:00+00:00,2022-12-17T04:53:25+00:00,20211,USD,,false,TRI/SRC/events/01314
EV001315,TRI,TRI_BILLING,TRI-R00729,SUBMITTED,2023-08-17T22:09:00+00:00,2023-08-19T09:32:17+00:00,6105,USD,,false,TRI/SRC/events/01315
EV001316,TRI,TRI_BILLING,,PAYMENT_POSTED,2023-08-28T14:01:00+00:00,2023-08-28T20:23:21+00:00,6105,USD,,false,TRI/SRC/events/01316
EV001317,TRI,TRI_BILLING,TRI-R00730,SUBMITTED,2022-07-26T14:22:00+00:00,2022-07-26T22:14:56+00:00,75825,USD,,false,TRI/SRC/events/01317
EV001318,TRI,TRI_BILLING,,PAYMENT_POSTED,2022-08-02T22:20:00+00:00,2022-08-06T09:35:28+00:00,75825,USD,,false,TRI/SRC/events/01318
EV001319,TRI,TRI_BILLING,TRI-R00731,SUBMITTED,2022-11-03T21:02:00+00:00,2022-11-24T22:02:00+00:00,73601,USD,,false,TRI/SRC/events/01319
EV001320,TRI,TRI_BILLING,,PAYMENT_POSTED,2022-11-07T23:37:00+00:00,2022-11-08T03:03:25+00:00,73601,USD,,false,TRI/SRC/events/01320
EV001321,TRI,TRI_BILLING,TRI-R00731,PAYMENT_REVERSED,2022-11-16T17:53:00+00:00,2022-11-17T17:37:22+00:00,32180,USD,EV001320,false,TRI/SRC/events/01321
EV001322,TRI,TRI_BILLING,TRI-R00732,SUBMITTED,2023-08-25T18:00:00+00:00,2023-09-15T18:00:00+00:00,19129,USD,,false,TRI/SRC/events/01322
EV001323,TRI,TRI_BILLING,,PAYMENT_POSTED,2023-09-05T14:53:00+00:00,2023-09-08T01:45:10+00:00,19129,USD,,false,TRI/SRC/events/01323
EV001324,TRI,TRI_BILLING,TRI-R00733,SUBMITTED,2023-08-23T15:02:00+00:00,2023-08-23T16:09:56+00:00,11901,USD,,false,TRI/SRC/events/01324
EV001325,TRI,TRI_BILLING,TRI-R00734,SUBMITTED,2022-07-04T18:47:00+00:00,2022-07-04T21:31:01+00:00,9842,USD,,false,TRI/SRC/events/01325
EV001326,TRI,TRI_BILLING,,PAYMENT_POSTED,2022-08-01T22:36:00+00:00,2022-08-02T03:31:09+00:00,9842,USD,,false,TRI/SRC/events/01326
EV001327,TRI,TRI_BILLING,TRI-R00735,SUBMITTED,2022-07-20T20:32:00+00:00,2022-07-21T22:12:15+00:00,42035,USD,,false,TRI/SRC/events/01327
EV001328,TRI,TRI_BILLING,,PAYMENT_POSTED,2022-08-01T21:06:00+00:00,2022-08-01T21:25:13+00:00,42035,USD,,false,TRI/SRC/events/01328
EV001329,TRI,TRI_BILLING,TRI-R00736,SUBMITTED,2022-09-19T19:41:00+00:00,2022-09-19T22:24:04+00:00,7170,USD,,false,TRI/SRC/events/01329
EV001330,TRI,TRI_BILLING,,PAYMENT_POSTED,2022-09-23T14:03:00+00:00,2022-09-25T05:54:14+00:00,7170,USD,,false,TRI/SRC/events/01330
EV001331,TRI,TRI_BILLING,TRI-R00737,SUBMITTED,2023-06-07T15:50:00+00:00,2023-06-07T21:00:01+00:00,14016,USD,,false,TRI/SRC/events/01331
EV001332,TRI,TRI_BILLING,,PAYMENT_POSTED,2023-06-12T19:38:00+00:00,2023-06-13T01:07:07+00:00,14016,USD,,false,TRI/SRC/events/01332
EV001333,TRI,TRI_BILLING,TRI-R00737,PAYMENT_REVERSED,2023-06-20T16:25:00+00:00,2023-06-26T23:35:42+00:00,7981,USD,EV001332,false,TRI/SRC/events/01333
EV001334,TRI,TRI_BILLING,TRI-R00738,SUBMITTED,2022-07-12T19:59:00+00:00,2022-07-15T19:54:05+00:00,4485,USD,,false,TRI/SRC/events/01334
EV001335,TRI,TRI_BILLING,,PAYMENT_POSTED,2022-08-05T18:53:00+00:00,2022-08-08T01:48:12+00:00,4485,USD,,false,TRI/SRC/events/01335
EV001336,TRI,TRI_BILLING,TRI-R00739,SUBMITTED,2023-04-10T22:16:00+00:00,2023-04-15T06:54:34+00:00,14107,USD,,false,TRI/SRC/events/01336
EV001337,TRI,TRI_BILLING,,PAYMENT_POSTED,2023-05-08T22:23:00+00:00,2023-05-12T17:10:05+00:00,14107,USD,,false,TRI/SRC/events/01337
EV001338,TRI,TRI_BILLING,TRI-R00740,SUBMITTED,2023-02-20T21:31:00+00:00,2023-02-20T22:47:46+00:00,9773,USD,,false,TRI/SRC/events/01338
EV001339,TRI,TRI_BILLING,,PAYMENT_POSTED,2023-03-02T15:40:00+00:00,2023-03-03T11:01:29+00:00,9773,USD,,false,TRI/SRC/events/01339
EV001340,TRI,TRI_BILLING,TRI-R00741,SUBMITTED,2022-10-28T14:33:00+00:00,2022-10-28T19:27:42+00:00,15481,USD,,false,TRI/SRC/events/01340
EV001341,TRI,TRI_BILLING,TRI-R00742,SUBMITTED,2023-06-30T18:47:00+00:00,2023-07-01T06:25:39+00:00,86895,USD,,false,TRI/SRC/events/01341
EV001342,TRI,TRI_BILLING,,PAYMENT_POSTED,2023-07-12T22:47:00+00:00,2023-07-13T04:05:12+00:00,86895,USD,,false,TRI/SRC/events/01342
EV001343,TRI,TRI_BILLING,TRI-R00743,SUBMITTED,2023-05-08T17:47:00+00:00,2023-05-08T22:36:31+00:00,37890,USD,,false,TRI/SRC/events/01343
EV001344,TRI,TRI_BILLING,,PAYMENT_POSTED,2023-06-01T17:07:00+00:00,2023-06-11T09:18:58+00:00,37890,USD,,false,TRI/SRC/events/01344
EV001345,TRI,TRI_BILLING,TRI-R00744,SUBMITTED,2023-09-12T16:17:00+00:00,2023-09-12T19:51:40+00:00,14493,USD,,false,TRI/SRC/events/01345
EV001346,TRI,TRI_BILLING,TRI-R00745,SUBMITTED,2023-02-17T22:54:00+00:00,2023-02-20T18:58:11+00:00,26723,USD,,false,TRI/SRC/events/01346
EV001347,TRI,TRI_BILLING,,PAYMENT_POSTED,2023-03-20T15:46:00+00:00,2023-03-20T21:21:13+00:00,26723,USD,,false,TRI/SRC/events/01347
EV001348,TRI,TRI_BILLING,TRI-R00746,SUBMITTED,2023-08-16T15:34:00+00:00,2023-08-16T21:37:35+00:00,28933,USD,,false,TRI/SRC/events/01348
EV001349,TRI,TRI_BILLING,,PAYMENT_POSTED,2023-09-14T22:28:00+00:00,2023-09-15T04:01:01+00:00,28933,USD,,false,TRI/SRC/events/01349
EV001350,TRI,TRI_BILLING,TRI-R00747,SUBMITTED,2023-03-13T17:40:00+00:00,2023-03-14T01:39:51+00:00,23149,USD,,false,TRI/SRC/events/01350
EV001351,TRI,TRI_BILLING,TRI-R00748,SUBMITTED,2023-04-07T20:26:00+00:00,2023-04-11T04:17:37+00:00,4340,USD,,false,TRI/SRC/events/01351
EV001352,TRI,TRI_BILLING,,PAYMENT_POSTED,2023-05-18T18:35:00+00:00,2023-05-23T16:49:45+00:00,4340,USD,,false,TRI/SRC/events/01352
EV001353,TRI,TRI_BILLING,TRI-R00749,SUBMITTED,2023-07-24T18:12:00+00:00,2023-07-26T16:07:08+00:00,2803,USD,,false,TRI/SRC/events/01353
EV001354,TRI,TRI_BILLING,,PAYMENT_POSTED,2023-08-07T22:54:00+00:00,2023-08-14T09:52:20+00:00,2803,USD,,false,TRI/SRC/events/01354
EV001355,TRI,TRI_BILLING,TRI-R00750,SUBMITTED,2022-12-19T19:36:00+00:00,2022-12-20T02:01:34+00:00,6851,USD,,false,TRI/SRC/events/01355
EV001356,TRI,TRI_BILLING,,PAYMENT_POSTED,2023-01-06T22:15:00+00:00,2023-01-07T04:48:59+00:00,6851,USD,,false,TRI/SRC/events/01356
EV001357,TRI,TRI_BILLING,TRI-R00751,SUBMITTED,2023-01-13T17:58:00+00:00,2023-01-16T08:50:57+00:00,42657,USD,,false,TRI/SRC/events/01357
EV001358,TRI,TRI_BILLING,TRI-R00752,CORRECTED,2023-01-23T18:59:00+00:00,2023-01-23T22:46:05+00:00,46965,USD,,false,TRI/SRC/events/01358
EV001359,TRI,TRI_BILLING,,PAYMENT_POSTED,2023-02-13T18:58:00+00:00,2023-02-14T01:38:41+00:00,46965,USD,,false,TRI/SRC/events/01359
EV001360,TRI,TRI_BILLING,TRI-R00753,SUBMITTED,2022-10-19T19:24:00+00:00,2022-10-20T01:58:57+00:00,23771,USD,,false,TRI/SRC/events/01360
EV001361,TRI,TRI_BILLING,,PAYMENT_POSTED,2022-11-21T23:22:00+00:00,2022-11-22T15:14:09+00:00,23771,USD,,false,TRI/SRC/events/01361
EV001362,TRI,TRI_BILLING,TRI-R00754,SUBMITTED,2023-05-01T22:47:00+00:00,2023-05-09T10:38:51+00:00,22751,USD,,false,TRI/SRC/events/01362
EV001363,TRI,TRI_BILLING,,PAYMENT_POSTED,2023-06-19T16:43:00+00:00,2023-06-19T17:11:22+00:00,22751,USD,,false,TRI/SRC/events/01363
EV001364,TRI,TRI_BILLING,TRI-R00755,SUBMITTED,2023-09-01T16:07:00+00:00,2023-09-01T22:10:17+00:00,12375,USD,,false,TRI/SRC/events/01364
EV001365,TRI,TRI_BILLING,,PAYMENT_POSTED,2023-09-06T17:57:00+00:00,2023-09-10T08:46:12+00:00,12375,USD,,false,TRI/SRC/events/01365
EV001366,TRI,TRI_BILLING,TRI-R00756,SUBMITTED,2022-12-23T20:34:00+00:00,2022-12-24T02:15:04+00:00,5299,USD,,false,TRI/SRC/events/01366
EV001367,TRI,TRI_BILLING,TRI-R00756,CLOSED_NO_PAYMENT,2023-01-30T19:20:00+00:00,2023-01-30T23:20:27+00:00,,,,true,TRI/SRC/events/01367
EV001368,TRI,TRI_BILLING,TRI-R00757,SUBMITTED,2023-02-13T19:01:00+00:00,2023-02-14T02:25:26+00:00,23552,USD,,false,TRI/SRC/events/01368
EV001369,TRI,TRI_BILLING,TRI-R00758,SUBMITTED,2023-02-16T22:10:00+00:00,2023-02-24T23:48:29+00:00,57891,USD,,false,TRI/SRC/events/01369
EV001370,TRI,TRI_BILLING,,PAYMENT_POSTED,2023-03-21T16:05:00+00:00,2023-03-25T10:36:14+00:00,57891,USD,,false,TRI/SRC/events/01370
EV001371,TRI,TRI_BILLING,TRI-R00759,SUBMITTED,2022-07-29T14:35:00+00:00,2022-08-10T23:30:50+00:00,11484,USD,,false,TRI/SRC/events/01371
EV001372,TRI,TRI_BILLING,,PAYMENT_POSTED,2022-08-09T18:58:00+00:00,2022-08-10T01:19:40+00:00,11484,USD,,false,TRI/SRC/events/01372
EV001373,TRI,TRI_BILLING,TRI-R00760,SUBMITTED,2022-11-02T22:46:00+00:00,2022-11-04T00:41:41+00:00,40641,USD,,false,TRI/SRC/events/01373
EV001374,TRI,TRI_BILLING,,PAYMENT_POSTED,2022-12-06T20:25:00+00:00,2022-12-18T07:22:34+00:00,40641,USD,,false,TRI/SRC/events/01374
EV001375,TRI,TRI_BILLING,TRI-R00761,SUBMITTED,2023-06-05T16:50:00+00:00,2023-06-17T04:53:59+00:00,11353,USD,,false,TRI/SRC/events/01375
EV001376,TRI,TRI_BILLING,,PAYMENT_POSTED,2023-06-29T18:04:00+00:00,2023-06-30T16:14:27+00:00,11353,USD,,false,TRI/SRC/events/01376
EV001377,TRI,TRI_BILLING,TRI-R00762,SUBMITTED,2022-09-08T21:20:00+00:00,2022-09-08T23:54:46+00:00,12440,USD,,false,TRI/SRC/events/01377
EV001378,TRI,TRI_BILLING,,PAYMENT_POSTED,2022-09-19T20:37:00+00:00,2022-09-20T23:25:15+00:00,12440,USD,,false,TRI/SRC/events/01378
EV001379,TRI,TRI_BILLING,TRI-R00763,SUBMITTED,2023-08-23T22:16:00+00:00,2023-08-25T15:38:02+00:00,10217,USD,,false,TRI/SRC/events/01379
EV001380,TRI,TRI_BILLING,TRI-R00764,CORRECTED,2023-08-29T16:15:00+00:00,2023-08-29T18:55:23+00:00,10650,USD,,false,TRI/SRC/events/01380
EV001381,TRI,TRI_BILLING,,PAYMENT_POSTED,2023-10-04T21:36:00+00:00,2023-10-12T05:05:22+00:00,10650,USD,,false,TRI/SRC/events/01381
EV001382,TRI,TRI_BILLING,TRI-R00764,PAYMENT_REVERSED,2023-10-09T15:04:00+00:00,2023-10-09T17:45:52+00:00,10650,USD,EV001381,false,TRI/SRC/events/01382
EV001383,TRI,TRI_BILLING,TRI-R00765,SUBMITTED,2022-11-08T15:02:00+00:00,2022-11-08T22:18:23+00:00,13470,USD,,false,TRI/SRC/events/01383
EV001384,TRI,TRI_BILLING,TRI-R00765,CLOSED_NO_PAYMENT,2023-01-18T19:41:00+00:00,2023-01-20T02:32:41+00:00,,,,true,TRI/SRC/events/01384
EV001385,TRI,TRI_BILLING,TRI-R00766,SUBMITTED,2023-01-05T23:37:00+00:00,2023-01-09T22:05:03+00:00,4228,USD,,false,TRI/SRC/events/01385
EV001386,TRI,TRI_BILLING,,PAYMENT_POSTED,2023-02-06T23:43:00+00:00,2023-02-12T11:04:37+00:00,4228,USD,,false,TRI/SRC/events/01386
EV001387,TRI,TRI_BILLING,TRI-R00767,SUBMITTED,2022-12-12T15:27:00+00:00,2022-12-12T20:16:40+00:00,10411,USD,,false,TRI/SRC/events/01387
EV001388,TRI,TRI_BILLING,,PAYMENT_POSTED,2022-12-27T18:28:00+00:00,2022-12-27T19:18:54+00:00,10411,USD,,false,TRI/SRC/events/01388
EV001389,TRI,TRI_BILLING,TRI-R00768,SUBMITTED,2022-09-01T15:59:00+00:00,2022-09-01T17:29:30+00:00,11538,USD,,false,TRI/SRC/events/01389
EV001390,TRI,TRI_BILLING,,PAYMENT_POSTED,2022-09-15T17:05:00+00:00,2022-09-16T22:10:12+00:00,11538,USD,,false,TRI/SRC/events/01390
EV001391,TRI,TRI_BILLING,TRI-R00769,SUBMITTED,2022-11-28T16:46:00+00:00,2022-11-29T16:05:38+00:00,18002,USD,,false,TRI/SRC/events/01391
EV001392,TRI,TRI_BILLING,TRI-R00770,CORRECTED,2022-12-09T18:25:00+00:00,2022-12-14T09:20:19+00:00,16300,USD,,false,TRI/SRC/events/01392
EV001393,TRI,TRI_BILLING,,PAYMENT_POSTED,2022-12-12T20:00:00+00:00,2022-12-20T16:54:37+00:00,16300,USD,,false,TRI/SRC/events/01393
EV001394,TRI,TRI_BILLING,TRI-R00771,SUBMITTED,2022-08-23T15:20:00+00:00,2022-08-29T23:43:25+00:00,11168,USD,,false,TRI/SRC/events/01394
EV001395,TRI,TRI_BILLING,,PAYMENT_POSTED,2022-09-05T18:57:00+00:00,2022-09-08T13:23:40+00:00,11168,USD,,false,TRI/SRC/events/01395
EV001396,TRI,TRI_BILLING,TRI-R00772,SUBMITTED,2022-08-18T18:26:00+00:00,2022-08-19T13:12:23+00:00,17574,USD,,false,TRI/SRC/events/01396
EV001397,TRI,TRI_BILLING,TRI-R00773,SUBMITTED,2023-07-26T14:39:00+00:00,2023-07-28T04:53:21+00:00,6448,USD,,false,TRI/SRC/events/01397
EV001398,TRI,TRI_BILLING,TRI-R00774,SUBMITTED,2023-05-08T20:16:00+00:00,2023-05-14T16:23:14+00:00,68654,USD,,false,TRI/SRC/events/01398
EV001399,TRI,TRI_BILLING,,PAYMENT_POSTED,2023-05-22T15:00:00+00:00,2023-05-22T21:11:27+00:00,68654,USD,,false,TRI/SRC/events/01399
EV001400,TRI,TRI_BILLING,TRI-R00775,SUBMITTED,2023-05-15T17:14:00+00:00,2023-05-15T18:19:11+00:00,22684,USD,,false,TRI/SRC/events/01400
EV001401,TRI,TRI_BILLING,,PAYMENT_POSTED,2023-05-29T22:43:00+00:00,2023-06-01T23:54:02+00:00,22684,USD,,false,TRI/SRC/events/01401
EV001402,TRI,TRI_BILLING,TRI-R00776,SUBMITTED,2023-05-11T15:36:00+00:00,2023-05-12T10:30:15+00:00,8772,USD,,false,TRI/SRC/events/01402
EV001403,TRI,TRI_BILLING,,PAYMENT_POSTED,2023-06-21T18:34:00+00:00,2023-07-02T14:23:18+00:00,8772,USD,,false,TRI/SRC/events/01403
EV001404,TRI,TRI_BILLING,TRI-R00777,SUBMITTED,2023-08-31T19:29:00+00:00,2023-10-09T07:25:27+00:00,8483,USD,,false,TRI/SRC/events/01404
EV001405,TRI,TRI_BILLING,TRI-R00778,CORRECTED,2023-09-04T14:47:00+00:00,2023-09-06T10:39:14+00:00,8748,USD,,false,TRI/SRC/events/01405
EV001406,TRI,TRI_BILLING,TRI-R00777,VOID_VERSION,2023-09-04T14:47:00+00:00,2023-09-05T21:55:36+00:00,8483,USD,,false,TRI/SRC/events/01406
EV001407,TRI,TRI_BILLING,,PAYMENT_POSTED,2023-09-25T21:05:00+00:00,2023-09-26T04:39:32+00:00,8748,USD,,false,TRI/SRC/events/01407
EV001408,TRI,TRI_BILLING,TRI-R00779,SUBMITTED,2023-08-30T22:11:00+00:00,2023-08-31T10:57:33+00:00,13001,USD,,false,TRI/SRC/events/01408
EV001409,TRI,TRI_BILLING,TRI-R00780,SUBMITTED,2022-10-20T20:37:00+00:00,2022-10-20T21:25:07+00:00,21834,USD,,false,TRI/SRC/events/01409
EV001410,TRI,TRI_BILLING,,PAYMENT_POSTED,2022-11-24T20:11:00+00:00,2022-11-26T12:20:22+00:00,21834,USD,,false,TRI/SRC/events/01410
EV001411,TRI,TRI_BILLING,TRI-R00781,SUBMITTED,2022-10-17T15:06:00+00:00,2022-10-17T22:24:43+00:00,19213,USD,,false,TRI/SRC/events/01411
EV001412,TRI,TRI_BILLING,TRI-R00782,SUBMITTED,2022-10-05T22:33:00+00:00,2022-10-06T00:58:21+00:00,65255,USD,,false,TRI/SRC/events/01412
EV001413,TRI,TRI_BILLING,TRI-R00783,CORRECTED,2022-10-14T21:32:00+00:00,2022-10-15T00:01:27+00:00,67892,USD,,false,TRI/SRC/events/01413
EV001414,TRI,TRI_BILLING,,PAYMENT_POSTED,2022-10-20T19:01:00+00:00,2022-10-23T05:29:42+00:00,67892,USD,,false,TRI/SRC/events/01414
EV001415,TRI,TRI_BILLING,TRI-R00784,SUBMITTED,2023-06-23T15:29:00+00:00,2023-06-23T16:24:08+00:00,14635,USD,,false,TRI/SRC/events/01415
EV001416,TRI,TRI_BILLING,,PAYMENT_POSTED,2023-07-06T16:28:00+00:00,2023-07-08T02:58:01+00:00,14635,USD,,false,TRI/SRC/events/01416
EV001417,TRI,TRI_BILLING,TRI-R00785,SUBMITTED,2022-08-05T19:37:00+00:00,2022-08-20T22:03:56+00:00,37481,USD,,false,TRI/SRC/events/01417
EV001418,TRI,TRI_BILLING,,PAYMENT_POSTED,2022-08-16T15:44:00+00:00,2022-08-16T20:01:54+00:00,37481,USD,,false,TRI/SRC/events/01418
EV001419,TRI,TRI_BILLING,TRI-R00786,SUBMITTED,2023-07-24T16:21:00+00:00,2023-07-27T00:41:25+00:00,17549,USD,,false,TRI/SRC/events/01419
EV001420,TRI,TRI_BILLING,,PAYMENT_POSTED,2023-08-24T19:45:00+00:00,2023-08-25T15:37:57+00:00,17549,USD,,false,TRI/SRC/events/01420
EV001421,TRI,TRI_BILLING,TRI-R00787,SUBMITTED,2023-03-29T19:08:00+00:00,2023-04-07T17:09:18+00:00,316197,USD,,false,TRI/SRC/events/01421
EV001422,TRI,TRI_BILLING,,PAYMENT_POSTED,2023-04-05T16:21:00+00:00,2023-04-07T00:31:17+00:00,316197,USD,,false,TRI/SRC/events/01422
EV001423,TRI,TRI_BILLING,TRI-R00788,SUBMITTED,2023-08-14T18:38:00+00:00,2023-08-14T22:32:47+00:00,6838,USD,,false,TRI/SRC/events/01423
EV001424,TRI,TRI_BILLING,TRI-R00789,CORRECTED,2023-08-25T15:00:00+00:00,2023-08-31T21:41:00+00:00,8356,USD,,false,TRI/SRC/events/01424
EV001425,TRI,TRI_BILLING,,PAYMENT_POSTED,2023-09-06T15:51:00+00:00,2023-09-08T06:26:51+00:00,8356,USD,,false,TRI/SRC/events/01425
EV001426,TRI,TRI_BILLING,TRI-R00790,SUBMITTED,2023-04-17T20:43:00+00:00,2023-04-19T20:51:53+00:00,108367,USD,,false,TRI/SRC/events/01426
EV001427,TRI,TRI_BILLING,,PAYMENT_POSTED,2023-05-18T15:39:00+00:00,2023-05-21T10:58:41+00:00,108367,USD,,false,TRI/SRC/events/01427
EV001428,TRI,TRI_BILLING,TRI-R00791,SUBMITTED,2022-11-21T23:42:00+00:00,2022-11-24T07:25:54+00:00,22552,USD,,false,TRI/SRC/events/01428
EV001430,TRI,TRI_BILLING,TRI-R00792,SUBMITTED,2023-04-06T21:44:00+00:00,2023-04-15T08:13:03+00:00,6071,USD,,false,TRI/SRC/events/01430
EV001431,TRI,TRI_BILLING,,PAYMENT_POSTED,2023-04-13T16:32:00+00:00,2023-04-18T11:34:40+00:00,6071,USD,,false,TRI/SRC/events/01431
EV001432,TRI,TRI_BILLING,TRI-R00793,SUBMITTED,2023-02-20T22:03:00+00:00,2023-02-21T02:22:42+00:00,19083,USD,,false,TRI/SRC/events/01432
EV001433,TRI,TRI_BILLING,,PAYMENT_POSTED,2023-04-10T16:54:00+00:00,2023-04-10T20:53:49+00:00,19083,USD,,false,TRI/SRC/events/01433
EV001434,TRI,TRI_BILLING,TRI-R00794,SUBMITTED,2023-07-03T22:05:00+00:00,2023-07-04T18:17:53+00:00,12163,USD,,false,TRI/SRC/events/01434
EV001435,TRI,TRI_BILLING,,PAYMENT_POSTED,2023-07-27T14:53:00+00:00,2023-07-29T02:31:21+00:00,12163,USD,,false,TRI/SRC/events/01435
EV001436,TRI,TRI_BILLING,TRI-R00795,SUBMITTED,2022-12-05T15:02:00+00:00,2022-12-16T07:50:19+00:00,7053,USD,,false,TRI/SRC/events/01436
EV001437,TRI,TRI_BILLING,TRI-R00796,CORRECTED,2022-12-13T18:00:00+00:00,2022-12-13T18:52:04+00:00,7825,USD,,false,TRI/SRC/events/01437
EV001438,TRI,TRI_BILLING,,PAYMENT_POSTED,2022-12-19T17:31:00+00:00,2022-12-19T17:58:07+00:00,7825,USD,,false,TRI/SRC/events/01438
EV001439,TRI,TRI_BILLING,TRI-R00797,SUBMITTED,2022-12-19T18:03:00+00:00,2022-12-24T14:19:25+00:00,34299,USD,,false,TRI/SRC/events/01439
EV001440,TRI,TRI_BILLING,,PAYMENT_POSTED,2023-01-10T23:59:00+00:00,2023-01-11T00:35:55+00:00,34299,USD,,false,TRI/SRC/events/01440
EV001441,TRI,TRI_BILLING,TRI-R00798,SUBMITTED,2023-02-27T23:14:00+00:00,2023-03-07T04:11:26+00:00,3042,USD,,false,TRI/SRC/events/01441
EV001442,TRI,TRI_BILLING,,PAYMENT_POSTED,2023-06-08T15:12:00+00:00,2023-06-08T19:03:01+00:00,3042,USD,,false,TRI/SRC/events/01442
EV001443,TRI,TRI_BILLING,TRI-R00799,SUBMITTED,2023-02-21T19:14:00+00:00,2023-02-23T02:23:12+00:00,12156,USD,,false,TRI/SRC/events/01443
EV001444,TRI,TRI_BILLING,,PAYMENT_POSTED,2023-03-06T17:40:00+00:00,2023-03-06T23:48:26+00:00,12156,USD,,false,TRI/SRC/events/01444
EV001445,TRI,TRI_BILLING,TRI-R00800,SUBMITTED,2023-06-15T19:27:00+00:00,2023-06-21T12:06:11+00:00,63390,USD,,false,TRI/SRC/events/01445
EV001446,TRI,TRI_BILLING,TRI-R00801,CORRECTED,2023-06-26T14:19:00+00:00,2023-06-26T17:09:58+00:00,57049,USD,,false,TRI/SRC/events/01446
EV001447,TRI,TRI_BILLING,,PAYMENT_POSTED,2023-08-04T19:00:00+00:00,2023-08-08T01:54:33+00:00,57049,USD,,false,TRI/SRC/events/01447
EV001448,TRI,TRI_BILLING,TRI-R00802,SUBMITTED,2023-01-09T22:28:00+00:00,2023-01-10T03:52:29+00:00,11596,USD,,false,TRI/SRC/events/01448
EV001449,TRI,TRI_BILLING,,PAYMENT_POSTED,2023-03-06T20:24:00+00:00,2023-03-06T22:04:31+00:00,11596,USD,,false,TRI/SRC/events/01449
EV001450,TRI,TRI_BILLING,TRI-R00803,SUBMITTED,2022-09-19T22:05:00+00:00,2022-09-19T22:17:14+00:00,7929,USD,,false,TRI/SRC/events/01450
EV001451,TRI,TRI_BILLING,,PAYMENT_POSTED,2022-10-05T19:10:00+00:00,2022-10-09T11:03:16+00:00,7929,USD,,false,TRI/SRC/events/01451
EV001452,TRI,TRI_BILLING,TRI-R00804,SUBMITTED,2023-06-12T21:03:00+00:00,2023-06-14T17:49:29+00:00,6576,USD,,false,TRI/SRC/events/01452
EV001453,TRI,TRI_BILLING,,PAYMENT_POSTED,2023-06-26T19:25:00+00:00,2023-06-27T14:54:52+00:00,6576,USD,,false,TRI/SRC/events/01453
EV001454,TRI,TRI_BILLING,TRI-R00805,SUBMITTED,2023-07-04T21:43:00+00:00,2023-07-09T12:10:51+00:00,45137,USD,,false,TRI/SRC/events/01454
EV001455,TRI,TRI_BILLING,,PAYMENT_POSTED,2023-07-17T21:02:00+00:00,2023-07-19T03:15:37+00:00,45137,USD,,false,TRI/SRC/events/01455
EV001456,TRI,TRI_BILLING,TRI-R00806,SUBMITTED,2023-08-04T16:57:00+00:00,2023-08-04T19:27:21+00:00,8189,USD,,false,TRI/SRC/events/01456
EV001457,TRI,TRI_BILLING,,PAYMENT_POSTED,2023-08-14T22:53:00+00:00,2023-08-15T05:48:41+00:00,8189,USD,,false,TRI/SRC/events/01457
EV001458,TRI,TRI_BILLING,TRI-R00807,SUBMITTED,2023-01-13T21:23:00+00:00,2023-01-15T05:24:41+00:00,33425,USD,,false,TRI/SRC/events/01458
EV001459,TRI,TRI_BILLING,,PAYMENT_POSTED,2023-01-23T17:44:00+00:00,2023-01-23T20:55:38+00:00,33425,USD,,false,TRI/SRC/events/01459
EV001460,TRI,TRI_BILLING,TRI-R00808,SUBMITTED,2023-08-01T16:39:00+00:00,2023-08-08T02:06:19+00:00,5255,USD,,false,TRI/SRC/events/01460
EV001461,TRI,TRI_BILLING,,PAYMENT_POSTED,2023-09-13T22:52:00+00:00,2023-09-14T01:16:42+00:00,5255,USD,,false,TRI/SRC/events/01461
EV001462,TRI,TRI_BILLING,TRI-R00809,SUBMITTED,2023-07-19T21:50:00+00:00,2023-07-20T04:56:59+00:00,11188,USD,,false,TRI/SRC/events/01462
EV001463,TRI,TRI_BILLING,,PAYMENT_POSTED,2023-08-25T21:28:00+00:00,2023-09-05T00:20:18+00:00,11188,USD,,false,TRI/SRC/events/01463
EV001464,TRI,TRI_BILLING,TRI-R00810,SUBMITTED,2023-04-12T21:08:00+00:00,2023-04-13T02:16:05+00:00,10918,USD,,false,TRI/SRC/events/01464
EV001465,TRI,TRI_BILLING,,PAYMENT_POSTED,2023-04-24T15:57:00+00:00,2023-05-08T06:34:17+00:00,10918,USD,,false,TRI/SRC/events/01465
EV001466,TRI,TRI_BILLING,TRI-R00810,PAYMENT_REVERSED,2023-04-27T19:16:00+00:00,2023-05-18T19:16:00+00:00,10918,USD,EV001465,false,TRI/SRC/events/01466
EV001467,TRI,TRI_BILLING,TRI-R00811,SUBMITTED,2023-01-27T19:02:00+00:00,2023-01-27T22:26:20+00:00,20972,USD,,false,TRI/SRC/events/01467
EV001468,TRI,TRI_BILLING,,PAYMENT_POSTED,2023-02-23T17:47:00+00:00,2023-02-25T18:36:54+00:00,20972,USD,,false,TRI/SRC/events/01468
EV001469,TRI,TRI_BILLING,TRI-R00812,SUBMITTED,2023-04-10T19:13:00+00:00,2023-04-12T21:42:43+00:00,24590,USD,,false,TRI/SRC/events/01469
EV001470,TRI,TRI_BILLING,TRI-R00812,CLOSED_NO_PAYMENT,2023-06-19T19:28:00+00:00,2023-06-20T03:04:40+00:00,,,,true,TRI/SRC/events/01470
EV001471,TRI,TRI_BILLING,TRI-R00813,SUBMITTED,2022-12-12T20:02:00+00:00,2022-12-15T06:31:57+00:00,11663,USD,,false,TRI/SRC/events/01471
EV001472,TRI,TRI_BILLING,,PAYMENT_POSTED,2023-01-05T22:07:00+00:00,2023-01-06T04:04:21+00:00,11663,USD,,false,TRI/SRC/events/01472
EV001473,TRI,TRI_BILLING,TRI-R00814,SUBMITTED,2023-06-05T20:42:00+00:00,2023-06-05T21:08:09+00:00,97729,USD,,false,TRI/SRC/events/01473
EV001474,TRI,TRI_BILLING,,PAYMENT_POSTED,2023-07-14T17:09:00+00:00,2023-07-19T01:20:37+00:00,97729,USD,,false,TRI/SRC/events/01474
EV001475,TRI,TRI_BILLING,TRI-R00815,SUBMITTED,2023-07-03T21:19:00+00:00,2023-07-04T20:05:58+00:00,4555,USD,,false,TRI/SRC/events/01475
EV001476,TRI,TRI_BILLING,,PAYMENT_POSTED,2023-07-13T22:22:00+00:00,2023-07-15T16:47:41+00:00,4555,USD,,false,TRI/SRC/events/01476
EV001477,TRI,TRI_BILLING,TRI-R00816,SUBMITTED,2022-11-17T17:25:00+00:00,2022-11-17T21:28:29+00:00,55973,USD,,false,TRI/SRC/events/01477
EV001478,TRI,TRI_BILLING,,PAYMENT_POSTED,2022-12-22T19:59:00+00:00,2022-12-25T06:00:30+00:00,55973,USD,,false,TRI/SRC/events/01478
EV001479,TRI,TRI_BILLING,TRI-R00817,SUBMITTED,2023-02-14T20:40:00+00:00,2023-02-21T04:42:50+00:00,10356,USD,,false,TRI/SRC/events/01479
EV001480,TRI,TRI_BILLING,,PAYMENT_POSTED,2023-02-23T15:48:00+00:00,2023-02-23T20:29:39+00:00,10356,USD,,false,TRI/SRC/events/01480
EV001481,TRI,TRI_BILLING,TRI-R00818,SUBMITTED,2022-09-29T15:16:00+00:00,2022-10-20T15:16:00+00:00,2500,USD,,false,TRI/SRC/events/01481
EV001482,TRI,TRI_BILLING,TRI-R00818,CLOSED_NO_PAYMENT,2022-11-30T16:21:00+00:00,2022-11-30T17:15:48+00:00,,,,true,TRI/SRC/events/01482
EV001483,TRI,TRI_BILLING,TRI-R00819,SUBMITTED,2022-08-22T15:40:00+00:00,2022-09-06T03:30:36+00:00,42857,USD,,false,TRI/SRC/events/01483
EV001484,TRI,TRI_BILLING,TRI-R00820,SUBMITTED,2023-05-30T15:28:00+00:00,2023-05-30T21:17:05+00:00,43708,USD,,false,TRI/SRC/events/01484
EV001485,TRI,TRI_BILLING,TRI-R00821,CORRECTED,2023-06-12T14:30:00+00:00,2023-06-12T15:13:14+00:00,51412,USD,,false,TRI/SRC/events/01485
EV001486,TRI,TRI_BILLING,TRI-R00822,SUBMITTED,2022-10-17T16:37:00+00:00,2022-10-20T03:28:36+00:00,71402,USD,,false,TRI/SRC/events/01486
EV001487,TRI,TRI_BILLING,,PAYMENT_POSTED,2022-10-25T20:19:00+00:00,2022-10-29T09:38:43+00:00,71402,USD,,false,TRI/SRC/events/01487
EV001488,TRI,TRI_BILLING,TRI-R00823,SUBMITTED,2023-01-06T22:06:00+00:00,2023-01-09T19:04:00+00:00,5585,USD,,false,TRI/SRC/events/01488
EV001489,TRI,TRI_BILLING,TRI-R00823,CLOSED_NO_PAYMENT,2023-04-03T19:12:00+00:00,2023-04-04T17:19:56+00:00,,,,true,TRI/SRC/events/01489
EV001490,TRI,TRI_BILLING,TRI-R00824,SUBMITTED,2023-09-25T18:30:00+00:00,2023-09-27T22:52:28+00:00,10414,USD,,false,TRI/SRC/events/01490
EV001491,TRI,TRI_BILLING,,PAYMENT_POSTED,2023-10-05T22:05:00+00:00,2023-10-05T22:13:30+00:00,10414,USD,,false,TRI/SRC/events/01491
EV001492,TRI,TRI_BILLING,TRI-R00825,SUBMITTED,2022-08-15T16:53:00+00:00,2022-08-15T23:53:54+00:00,82843,USD,,false,TRI/SRC/events/01492
EV001493,TRI,TRI_BILLING,TRI-R00826,CORRECTED,2022-08-23T16:51:00+00:00,2022-08-28T01:23:34+00:00,105512,USD,,false,TRI/SRC/events/01493
EV001494,TRI,TRI_BILLING,,PAYMENT_POSTED,2022-08-29T20:41:00+00:00,2022-08-29T22:28:58+00:00,105512,USD,,false,TRI/SRC/events/01494
EV001495,TRI,TRI_BILLING,TRI-R00827,SUBMITTED,2023-03-22T16:15:00+00:00,2023-03-22T17:39:07+00:00,17312,USD,,false,TRI/SRC/events/01495
EV001496,TRI,TRI_BILLING,,PAYMENT_POSTED,2023-04-17T19:14:00+00:00,2023-04-17T22:09:59+00:00,17312,USD,,false,TRI/SRC/events/01496
EV001497,TRI,TRI_BILLING,TRI-R00828,SUBMITTED,2023-06-22T21:10:00+00:00,2023-06-23T01:33:18+00:00,10903,USD,,false,TRI/SRC/events/01497
EV001498,TRI,TRI_BILLING,TRI-R00829,CORRECTED,2023-06-26T21:23:00+00:00,2023-07-02T08:39:09+00:00,11764,USD,,false,TRI/SRC/events/01498
EV001499,TRI,TRI_BILLING,,PAYMENT_POSTED,2023-07-17T18:20:00+00:00,2023-07-19T02:11:26+00:00,11764,USD,,false,TRI/SRC/events/01499
EV001500,TRI,TRI_BILLING,TRI-R00830,SUBMITTED,2022-12-28T23:22:00+00:00,2022-12-30T07:14:10+00:00,6794,USD,,false,TRI/SRC/events/01500
EV001501,TRI,TRI_BILLING,,PAYMENT_POSTED,2023-01-10T17:36:00+00:00,2023-01-12T13:15:27+00:00,6794,USD,,false,TRI/SRC/events/01501
EV001502,TRI,TRI_BILLING,TRI-R00831,SUBMITTED,2022-12-12T19:24:00+00:00,2022-12-16T17:19:23+00:00,3516,USD,,false,TRI/SRC/events/01502
EV001503,TRI,TRI_BILLING,,PAYMENT_POSTED,2023-02-09T17:12:00+00:00,2023-02-12T16:22:10+00:00,3516,USD,,false,TRI/SRC/events/01503
EV001504,TRI,TRI_BILLING,TRI-R00832,SUBMITTED,2022-09-12T16:56:00+00:00,2022-09-12T21:43:17+00:00,53810,USD,,false,TRI/SRC/events/01504
EV001505,TRI,TRI_BILLING,,PAYMENT_POSTED,2022-09-26T20:50:00+00:00,2022-09-28T21:13:23+00:00,53810,USD,,false,TRI/SRC/events/01505
EV001506,TRI,TRI_BILLING,TRI-R00833,SUBMITTED,2022-09-19T18:16:00+00:00,2022-09-26T04:54:35+00:00,4841,USD,,false,TRI/SRC/events/01506
EV001507,TRI,TRI_BILLING,TRI-R00834,SUBMITTED,2022-07-22T21:21:00+00:00,2022-07-24T07:14:59+00:00,118074,USD,,false,TRI/SRC/events/01507
EV001508,TRI,TRI_BILLING,TRI-R00835,SUBMITTED,2023-02-20T22:55:00+00:00,2023-02-21T03:17:24+00:00,12328,USD,,false,TRI/SRC/events/01508
EV001509,TRI,TRI_BILLING,,PAYMENT_POSTED,2023-03-14T22:21:00+00:00,2023-03-16T05:00:03+00:00,12328,USD,,false,TRI/SRC/events/01509
EV001510,TRI,TRI_BILLING,TRI-R00836,SUBMITTED,2023-09-13T19:03:00+00:00,2023-09-26T17:44:31+00:00,11455,USD,,false,TRI/SRC/events/01510
EV001511,TRI,TRI_BILLING,,PAYMENT_POSTED,2023-10-02T20:15:00+00:00,2023-10-06T12:45:20+00:00,11455,USD,,false,TRI/SRC/events/01511
EV001512,TRI,TRI_BILLING,TRI-R00837,SUBMITTED,2022-09-19T15:27:00+00:00,2022-09-20T13:29:53+00:00,5973,USD,,false,TRI/SRC/events/01512
EV001513,TRI,TRI_BILLING,,PAYMENT_POSTED,2022-09-28T20:38:00+00:00,2022-10-19T20:38:00+00:00,5973,USD,,false,TRI/SRC/events/01513
EV001514,TRI,TRI_BILLING,TRI-R00838,SUBMITTED,2022-07-04T21:40:00+00:00,2022-07-04T23:39:19+00:00,3108,USD,,false,TRI/SRC/events/01514
EV001515,TRI,TRI_BILLING,,PAYMENT_POSTED,2022-07-25T18:08:00+00:00,2022-07-25T22:15:56+00:00,3108,USD,,false,TRI/SRC/events/01515
EV001516,TRI,TRI_BILLING,TRI-R00839,SUBMITTED,2022-10-03T17:17:00+00:00,2022-10-05T06:38:05+00:00,5938,USD,,false,TRI/SRC/events/01516
EV001517,TRI,TRI_BILLING,TRI-R00840,SUBMITTED,2022-11-15T17:43:00+00:00,2022-11-15T18:05:58+00:00,27819,USD,,false,TRI/SRC/events/01517
EV001518,TRI,TRI_BILLING,,PAYMENT_POSTED,2022-12-05T19:50:00+00:00,2022-12-05T23:53:27+00:00,27819,USD,,false,TRI/SRC/events/01518
EV001519,TRI,TRI_BILLING,TRI-R00841,SUBMITTED,2022-11-30T20:32:00+00:00,2022-12-02T14:54:14+00:00,9723,USD,,false,TRI/SRC/events/01519
EV001520,TRI,TRI_BILLING,,PAYMENT_POSTED,2022-12-15T17:16:00+00:00,2022-12-16T08:12:16+00:00,9723,USD,,false,TRI/SRC/events/01520
EV001521,TRI,TRI_BILLING,TRI-R00842,SUBMITTED,2023-05-15T21:43:00+00:00,2023-05-18T21:18:49+00:00,2500,USD,,false,TRI/SRC/events/01521
EV001522,TRI,TRI_BILLING,,PAYMENT_POSTED,2023-06-07T16:58:00+00:00,2023-06-07T18:20:10+00:00,2500,USD,,false,TRI/SRC/events/01522
EV001523,TRI,TRI_BILLING,TRI-R00843,SUBMITTED,2022-12-28T23:19:00+00:00,2023-01-08T03:53:37+00:00,13549,USD,,false,TRI/SRC/events/01523
EV001524,TRI,TRI_BILLING,,PAYMENT_POSTED,2023-01-18T23:35:00+00:00,2023-01-19T03:05:15+00:00,13549,USD,,false,TRI/SRC/events/01524
EV001525,TRI,TRI_BILLING,TRI-R00844,SUBMITTED,2023-09-20T17:01:00+00:00,2023-09-20T19:39:49+00:00,463307,USD,,false,TRI/SRC/events/01525
EV001526,TRI,TRI_BILLING,TRI-R00845,SUBMITTED,2023-09-13T21:55:00+00:00,2023-09-14T01:55:08+00:00,5015,USD,,false,TRI/SRC/events/01526
EV001527,TRI,TRI_BILLING,,PAYMENT_POSTED,2023-09-26T21:53:00+00:00,2023-09-26T23:24:14+00:00,5015,USD,,false,TRI/SRC/events/01527
EV001528,TRI,TRI_BILLING,TRI-R00846,SUBMITTED,2023-04-05T19:28:00+00:00,2023-04-06T01:09:24+00:00,13380,USD,,false,TRI/SRC/events/01528
EV001529,TRI,TRI_BILLING,,PAYMENT_POSTED,2023-05-22T19:23:00+00:00,2023-05-26T03:20:37+00:00,13380,USD,,false,TRI/SRC/events/01529
EV001530,TRI,TRI_BILLING,TRI-R00847,SUBMITTED,2023-01-25T19:16:00+00:00,2023-03-31T23:17:30+00:00,144437,USD,,false,TRI/SRC/events/01530
EV001531,TRI,TRI_BILLING,,PAYMENT_POSTED,2023-02-06T22:43:00+00:00,2023-02-14T19:07:00+00:00,144437,USD,,false,TRI/SRC/events/01531
EV001532,TRI,TRI_BILLING,TRI-R00848,SUBMITTED,2022-07-06T14:00:00+00:00,2022-07-06T21:54:19+00:00,3942,USD,,false,TRI/SRC/events/01532
EV001533,TRI,TRI_BILLING,,PAYMENT_POSTED,2022-07-27T14:01:00+00:00,2022-07-27T15:41:01+00:00,3942,USD,,false,TRI/SRC/events/01533
EV001534,TRI,TRI_BILLING,TRI-R00849,SUBMITTED,2023-05-15T14:47:00+00:00,2023-05-16T11:20:28+00:00,14470,USD,,false,TRI/SRC/events/01534
EV001535,TRI,TRI_BILLING,,PAYMENT_POSTED,2023-05-18T20:48:00+00:00,2023-05-30T05:52:45+00:00,14470,USD,,false,TRI/SRC/events/01535
EV001536,TRI,TRI_BILLING,TRI-R00850,SUBMITTED,2022-08-22T14:25:00+00:00,2022-08-22T16:59:17+00:00,9618,USD,,false,TRI/SRC/events/01536
EV001537,TRI,TRI_BILLING,,PAYMENT_POSTED,2022-09-07T20:20:00+00:00,2022-09-08T02:47:44+00:00,9618,USD,,false,TRI/SRC/events/01537
EV001538,TRI,TRI_BILLING,TRI-R00851,SUBMITTED,2022-10-31T21:07:00+00:00,2022-11-06T22:20:55+00:00,8161,USD,,false,TRI/SRC/events/01538
EV001539,TRI,TRI_BILLING,,PAYMENT_POSTED,2022-11-03T17:49:00+00:00,2022-11-05T14:21:55+00:00,8161,USD,,false,TRI/SRC/events/01539
EV001540,TRI,TRI_BILLING,TRI-R00852,SUBMITTED,2022-10-31T22:46:00+00:00,2022-11-01T05:22:39+00:00,10407,USD,,false,TRI/SRC/events/01540
EV001541,TRI,TRI_BILLING,TRI-R00853,SUBMITTED,2023-04-04T20:09:00+00:00,2023-04-05T00:07:39+00:00,34320,USD,,false,TRI/SRC/events/01541
EV001542,TRI,TRI_BILLING,,PAYMENT_POSTED,2023-04-14T20:01:00+00:00,2023-04-17T20:46:38+00:00,34320,USD,,false,TRI/SRC/events/01542
EV001543,TRI,TRI_BILLING,TRI-R00854,SUBMITTED,2023-09-07T16:57:00+00:00,2023-09-07T18:15:34+00:00,6148,USD,,false,TRI/SRC/events/01543
EV001545,TRI,TRI_BILLING,TRI-R00855,SUBMITTED,2023-01-16T16:13:00+00:00,2023-01-16T16:20:00+00:00,62339,USD,,false,TRI/SRC/events/01545
EV001546,TRI,TRI_BILLING,,PAYMENT_POSTED,2023-03-06T20:16:00+00:00,2023-03-07T01:27:45+00:00,62339,USD,,false,TRI/SRC/events/01546
EV001547,TRI,TRI_BILLING,TRI-R00855,PAYMENT_REVERSED,2023-03-09T19:14:00+00:00,2023-03-10T22:46:37+00:00,62339,USD,EV001546,false,TRI/SRC/events/01547
EV001548,TRI,TRI_BILLING,TRI-R00856,SUBMITTED,2022-10-31T20:09:00+00:00,2022-11-17T02:21:06+00:00,11589,USD,,false,TRI/SRC/events/01548
EV001549,TRI,TRI_BILLING,,PAYMENT_POSTED,2022-12-06T20:25:00+00:00,2022-12-06T20:56:04+00:00,11589,USD,,false,TRI/SRC/events/01549
EV001550,TRI,TRI_BILLING,TRI-R00857,SUBMITTED,2023-03-13T17:04:00+00:00,2023-03-18T11:04:26+00:00,12674,USD,,false,TRI/SRC/events/01550
EV001551,TRI,TRI_BILLING,,PAYMENT_POSTED,2023-04-06T22:03:00+00:00,2023-04-08T07:51:41+00:00,12674,USD,,false,TRI/SRC/events/01551
EV001552,TRI,TRI_BILLING,TRI-R00858,SUBMITTED,2023-05-15T19:54:00+00:00,2023-05-16T03:34:46+00:00,40283,USD,,false,TRI/SRC/events/01552
EV001553,TRI,TRI_BILLING,,PAYMENT_POSTED,2023-06-14T17:48:00+00:00,2023-06-14T21:22:33+00:00,40283,USD,,false,TRI/SRC/events/01553
EV001554,TRI,TRI_BILLING,TRI-R00859,SUBMITTED,2023-05-23T16:56:00+00:00,2023-06-11T02:41:59+00:00,15534,USD,,false,TRI/SRC/events/01554
EV001555,TRI,TRI_BILLING,,PAYMENT_POSTED,2023-06-09T22:06:00+00:00,2023-06-10T00:15:32+00:00,15534,USD,,false,TRI/SRC/events/01555
EV001556,TRI,TRI_BILLING,TRI-R00860,SUBMITTED,2022-07-15T16:12:00+00:00,2022-07-18T03:25:17+00:00,18829,USD,,false,TRI/SRC/events/01556
EV001557,TRI,TRI_BILLING,,PAYMENT_POSTED,2022-09-28T21:35:00+00:00,2022-10-03T22:12:59+00:00,18829,USD,,false,TRI/SRC/events/01557
EV001558,TRI,TRI_BILLING,TRI-R00861,SUBMITTED,2023-01-10T17:49:00+00:00,2023-01-10T21:18:25+00:00,23270,USD,,false,TRI/SRC/events/01558
EV001559,TRI,TRI_BILLING,,PAYMENT_POSTED,2023-01-23T23:29:00+00:00,2023-01-24T02:19:59+00:00,23270,USD,,false,TRI/SRC/events/01559
EV001560,TRI,TRI_BILLING,TRI-R00862,SUBMITTED,2023-09-01T18:20:00+00:00,2023-09-01T20:24:32+00:00,45543,USD,,false,TRI/SRC/events/01560
EV001561,TRI,TRI_BILLING,,PAYMENT_POSTED,2023-10-23T16:29:00+00:00,2023-10-23T19:41:28+00:00,45543,USD,,false,TRI/SRC/events/01561
EV001562,TRI,TRI_BILLING,TRI-R00863,SUBMITTED,2023-09-07T18:36:00+00:00,2023-09-17T05:45:08+00:00,18605,USD,,false,TRI/SRC/events/01562
EV001563,TRI,TRI_BILLING,,PAYMENT_POSTED,2023-09-27T17:55:00+00:00,2023-09-27T21:16:20+00:00,18605,USD,,false,TRI/SRC/events/01563
EV001564,TRI,TRI_BILLING,TRI-R00864,SUBMITTED,2022-09-22T19:47:00+00:00,2022-09-24T16:30:16+00:00,5903,USD,,false,TRI/SRC/events/01564
EV001565,TRI,TRI_BILLING,,PAYMENT_POSTED,2022-10-26T21:55:00+00:00,2022-11-13T10:19:12+00:00,5903,USD,,false,TRI/SRC/events/01565
EV001566,TRI,TRI_BILLING,TRI-R00865,SUBMITTED,2022-09-19T22:11:00+00:00,2022-09-19T23:51:27+00:00,18136,USD,,false,TRI/SRC/events/01566
EV001567,TRI,TRI_BILLING,TRI-R00866,SUBMITTED,2023-04-20T16:05:00+00:00,2023-04-20T21:06:41+00:00,8335,USD,,false,TRI/SRC/events/01567
EV001568,TRI,TRI_BILLING,TRI-R00867,SUBMITTED,2023-08-10T18:15:00+00:00,2023-08-10T18:53:14+00:00,35922,USD,,false,TRI/SRC/events/01568
EV001569,TRI,TRI_BILLING,,PAYMENT_POSTED,2023-09-07T15:40:00+00:00,2023-09-07T23:08:29+00:00,35922,USD,,false,TRI/SRC/events/01569
EV001570,TRI,TRI_BILLING,TRI-R00868,SUBMITTED,2023-08-07T14:56:00+00:00,2023-08-08T20:54:04+00:00,6965,USD,,false,TRI/SRC/events/01570
EV001571,TRI,TRI_BILLING,TRI-R00869,SUBMITTED,2022-07-13T19:17:00+00:00,2022-07-14T01:08:31+00:00,2575,USD,,false,TRI/SRC/events/01571
EV001572,TRI,TRI_BILLING,,PAYMENT_POSTED,2022-07-21T17:19:00+00:00,2022-07-24T17:30:45+00:00,2575,USD,,false,TRI/SRC/events/01572
EV001573,TRI,TRI_BILLING,TRI-R00870,SUBMITTED,2023-04-03T19:34:00+00:00,2023-04-04T17:36:46+00:00,45738,USD,,false,TRI/SRC/events/01573
EV001574,TRI,TRI_BILLING,,PAYMENT_POSTED,2023-05-10T19:31:00+00:00,2023-05-13T05:58:14+00:00,45738,USD,,false,TRI/SRC/events/01574
EV001575,TRI,TRI_BILLING,TRI-R00871,SUBMITTED,2022-10-19T22:57:00+00:00,2022-10-20T01:08:32+00:00,3446,USD,,false,TRI/SRC/events/01575
EV001576,TRI,TRI_BILLING,,PAYMENT_POSTED,2022-11-25T19:23:00+00:00,2022-12-01T02:41:29+00:00,3446,USD,,false,TRI/SRC/events/01576
EV001577,NDX,NDX_BILLING,NDX-R00872,SUBMITTED,2022-12-27T20:17:00+00:00,2022-12-30T07:57:20+00:00,13458,USD,,false,NDX/SRC/events/01577
EV001578,NDX,NDX_BILLING,,PAYMENT_POSTED,2023-04-17T12:38:00+00:00,2023-04-21T03:14:39+00:00,13458,USD,,false,NDX/SRC/events/01578
EV001579,NDX,NDX_BILLING,NDX-R00873,SUBMITTED,2023-09-20T16:48:00+00:00,2023-09-21T23:20:20+00:00,2895,USD,,false,NDX/SRC/events/01579
EV001581,NDX,NDX_BILLING,NDX-R00874,SUBMITTED,2023-07-03T13:49:00+00:00,2023-07-03T19:28:17+00:00,16697,USD,,false,NDX/SRC/events/01581
EV001582,NDX,NDX_BILLING,,PAYMENT_POSTED,2023-08-07T20:50:00+00:00,2023-08-08T07:05:21+00:00,16697,USD,,false,NDX/SRC/events/01582
EV001583,NDX,NDX_BILLING,NDX-R00875,SUBMITTED,2023-06-29T17:53:00+00:00,2023-07-12T10:03:58+00:00,11318,USD,,false,NDX/SRC/events/01583
EV001584,NDX,NDX_BILLING,NDX-R00876,SUBMITTED,2022-10-03T13:06:00+00:00,2022-10-07T22:55:52+00:00,11563,USD,,false,NDX/SRC/events/01584
EV001585,NDX,NDX_BILLING,NDX-R00877,SUBMITTED,2022-08-15T14:32:00+00:00,2022-08-15T18:03:08+00:00,4095,USD,,false,NDX/SRC/events/01585
EV001586,NDX,NDX_BILLING,,PAYMENT_POSTED,2022-09-12T12:01:00+00:00,2022-09-14T13:40:21+00:00,4095,USD,,false,NDX/SRC/events/01586
EV001587,NDX,NDX_BILLING,NDX-R00878,SUBMITTED,2022-10-31T16:55:00+00:00,2022-11-04T18:11:16+00:00,8159,USD,,false,NDX/SRC/events/01587
EV001588,NDX,NDX_BILLING,,PAYMENT_POSTED,2022-11-21T15:58:00+00:00,2022-11-27T00:42:53+00:00,8159,USD,,false,NDX/SRC/events/01588
EV001589,NDX,NDX_BILLING,NDX-R00879,SUBMITTED,2023-04-24T12:27:00+00:00,2023-04-24T17:41:42+00:00,9967,USD,,false,NDX/SRC/events/01589
EV001590,NDX,NDX_BILLING,,PAYMENT_POSTED,2023-05-12T12:28:00+00:00,2023-05-23T00:10:43+00:00,9967,USD,,false,NDX/SRC/events/01590
EV001591,NDX,NDX_BILLING,NDX-R00880,SUBMITTED,2022-09-08T16:02:00+00:00,2022-09-15T09:50:06+00:00,17319,USD,,false,NDX/SRC/events/01591
EV001592,NDX,NDX_BILLING,,PAYMENT_POSTED,2022-10-19T14:29:00+00:00,2022-10-20T09:21:36+00:00,17319,USD,,false,NDX/SRC/events/01592
EV001593,NDX,NDX_BILLING,NDX-R00881,SUBMITTED,2023-02-27T17:07:00+00:00,2023-02-27T17:23:07+00:00,20240,USD,,false,NDX/SRC/events/01593
EV001594,NDX,NDX_BILLING,,PAYMENT_POSTED,2023-05-01T18:54:00+00:00,2023-05-02T00:36:00+00:00,20240,USD,,false,NDX/SRC/events/01594
EV001595,NDX,NDX_BILLING,NDX-R00882,SUBMITTED,2023-04-19T13:22:00+00:00,2023-04-19T19:31:23+00:00,10780,USD,,false,NDX/SRC/events/01595
EV001596,NDX,NDX_BILLING,,PAYMENT_POSTED,2023-05-04T17:50:00+00:00,2023-05-11T05:51:51+00:00,10780,USD,,false,NDX/SRC/events/01596
EV001597,NDX,NDX_BILLING,NDX-R00883,SUBMITTED,2023-04-19T16:53:00+00:00,2023-04-19T22:59:22+00:00,12485,USD,,false,NDX/SRC/events/01597
EV001598,NDX,NDX_BILLING,NDX-R00884,SUBMITTED,2023-08-07T19:23:00+00:00,2023-08-13T08:39:27+00:00,17376,USD,,false,NDX/SRC/events/01598
EV001599,NDX,NDX_BILLING,,PAYMENT_POSTED,2023-09-19T19:21:00+00:00,2023-09-22T17:50:41+00:00,17376,USD,,false,NDX/SRC/events/01599
EV001600,NDX,NDX_BILLING,NDX-R00885,SUBMITTED,2023-04-10T16:47:00+00:00,2023-04-10T17:55:02+00:00,12199,USD,,false,NDX/SRC/events/01600
EV001601,NDX,NDX_BILLING,,PAYMENT_POSTED,2023-05-16T20:16:00+00:00,2023-05-17T00:42:07+00:00,12199,USD,,false,NDX/SRC/events/01601
EV001602,NDX,NDX_BILLING,NDX-R00886,SUBMITTED,2023-03-02T18:14:00+00:00,2023-03-03T00:45:53+00:00,2520,USD,,false,NDX/SRC/events/01602
EV001603,NDX,NDX_BILLING,NDX-R00887,CORRECTED,2023-03-08T15:30:00+00:00,2023-03-08T20:07:52+00:00,2688,USD,,false,NDX/SRC/events/01603
EV001604,NDX,NDX_BILLING,NDX-R00886,VOID_VERSION,2023-03-08T15:30:00+00:00,2023-03-13T08:58:20+00:00,2520,USD,,false,NDX/SRC/events/01604
EV001605,NDX,NDX_BILLING,,PAYMENT_POSTED,2023-03-15T17:52:00+00:00,2023-03-15T18:49:21+00:00,2688,USD,,false,NDX/SRC/events/01605
EV001606,NDX,NDX_BILLING,NDX-R00888,SUBMITTED,2022-09-12T16:29:00+00:00,2022-09-12T21:29:55+00:00,35354,USD,,false,NDX/SRC/events/01606
EV001607,NDX,NDX_BILLING,,PAYMENT_POSTED,2022-09-21T14:29:00+00:00,2022-09-21T18:47:01+00:00,35354,USD,,false,NDX/SRC/events/01607
EV001608,NDX,NDX_BILLING,NDX-R00889,SUBMITTED,2022-08-09T17:40:00+00:00,2022-08-16T10:29:17+00:00,7283,USD,,false,NDX/SRC/events/01608
EV001609,NDX,NDX_BILLING,,PAYMENT_POSTED,2022-09-05T12:54:00+00:00,2022-09-05T13:24:31+00:00,7283,USD,,false,NDX/SRC/events/01609
EV001610,NDX,NDX_BILLING,NDX-R00890,SUBMITTED,2023-06-26T12:18:00+00:00,2023-06-27T05:32:42+00:00,8513,USD,,false,NDX/SRC/events/01610
EV001611,NDX,NDX_BILLING,,PAYMENT_POSTED,2023-07-03T18:35:00+00:00,2023-07-04T01:21:39+00:00,8513,USD,,false,NDX/SRC/events/01611
EV001612,NDX,NDX_BILLING,NDX-R00891,SUBMITTED,2022-11-28T18:16:00+00:00,2022-11-28T21:04:33+00:00,10848,USD,,false,NDX/SRC/events/01612
EV001613,NDX,NDX_BILLING,,PAYMENT_POSTED,2022-12-19T15:49:00+00:00,2022-12-22T11:54:26+00:00,10848,USD,,false,NDX/SRC/events/01613
EV001614,NDX,NDX_BILLING,NDX-R00891,PAYMENT_REVERSED,2022-12-30T17:12:00+00:00,2022-12-30T18:32:59+00:00,3875,USD,,false,NDX/SRC/events/01614
EV001615,NDX,NDX_BILLING,NDX-R00892,SUBMITTED,2022-08-22T12:24:00+00:00,2022-08-22T15:54:16+00:00,11283,USD,,false,NDX/SRC/events/01615
EV001616,NDX,NDX_BILLING,,PAYMENT_POSTED,2022-09-06T12:38:00+00:00,2022-09-06T18:18:11+00:00,11283,USD,,false,NDX/SRC/events/01616
EV001617,NDX,NDX_BILLING,NDX-R00893,SUBMITTED,2023-05-09T19:02:00+00:00,2023-05-09T19:49:30+00:00,24783,USD,,false,NDX/SRC/events/01617
EV001618,NDX,NDX_BILLING,,PAYMENT_POSTED,2023-05-30T15:08:00+00:00,2023-05-30T21:04:28+00:00,24783,USD,,false,NDX/SRC/events/01618
EV001619,NDX,NDX_BILLING,NDX-R00894,SUBMITTED,2023-05-01T13:48:00+00:00,2023-05-01T16:02:32+00:00,10571,USD,,false,NDX/SRC/events/01619
EV001620,NDX,NDX_BILLING,,PAYMENT_POSTED,2023-05-15T19:57:00+00:00,2023-05-16T00:04:44+00:00,10571,USD,,false,NDX/SRC/events/01620
EV001621,NDX,NDX_BILLING,NDX-R00895,SUBMITTED,2023-06-29T19:03:00+00:00,2023-06-30T00:19:13+00:00,4128,USD,,false,NDX/SRC/events/01621
EV001622,NDX,NDX_BILLING,,PAYMENT_POSTED,2023-07-06T20:57:00+00:00,2023-07-14T08:40:12+00:00,4128,USD,,false,NDX/SRC/events/01622
EV001623,NDX,NDX_BILLING,NDX-R00896,SUBMITTED,2023-01-30T14:22:00+00:00,2023-01-30T15:42:42+00:00,6683,USD,,false,NDX/SRC/events/01623
EV001624,NDX,NDX_BILLING,,PAYMENT_POSTED,2023-02-07T21:11:00+00:00,2023-02-14T22:31:24+00:00,6683,USD,,false,NDX/SRC/events/01624
EV001625,NDX,NDX_BILLING,NDX-R00897,SUBMITTED,2023-08-03T19:45:00+00:00,2023-08-04T00:27:08+00:00,9895,USD,,false,NDX/SRC/events/01625
EV001626,NDX,NDX_BILLING,,PAYMENT_POSTED,2023-08-14T18:24:00+00:00,2023-08-14T22:34:28+00:00,9895,USD,,false,NDX/SRC/events/01626
EV001627,NDX,NDX_BILLING,NDX-R00898,SUBMITTED,2023-03-13T18:53:00+00:00,2023-04-03T18:53:00+00:00,32380,USD,,false,NDX/SRC/events/01627
EV001628,NDX,NDX_BILLING,,PAYMENT_POSTED,2023-03-31T18:59:00+00:00,2023-04-06T20:54:32+00:00,32380,USD,,false,NDX/SRC/events/01628
EV001629,NDX,NDX_BILLING,NDX-R00899,SUBMITTED,2023-04-17T12:00:00+00:00,2023-04-17T17:58:27+00:00,117788,USD,,false,NDX/SRC/events/01629
EV001630,NDX,NDX_BILLING,,PAYMENT_POSTED,2023-05-22T13:02:00+00:00,2023-05-24T18:43:27+00:00,117788,USD,,false,NDX/SRC/events/01630
EV001631,NDX,NDX_BILLING,NDX-R00900,SUBMITTED,2023-01-13T20:43:00+00:00,2023-01-19T00:12:59+00:00,6356,USD,,false,NDX/SRC/events/01631
EV001632,NDX,NDX_BILLING,,PAYMENT_POSTED,2023-01-23T20:50:00+00:00,2023-02-01T01:04:19+00:00,6356,USD,,false,NDX/SRC/events/01632
EV001633,NDX,NDX_BILLING,NDX-R00901,SUBMITTED,2022-12-02T17:34:00+00:00,2022-12-06T00:48:35+00:00,43358,USD,,false,NDX/SRC/events/01633
EV001634,NDX,NDX_BILLING,,PAYMENT_POSTED,2022-12-19T19:30:00+00:00,2022-12-24T03:57:00+00:00,43358,USD,,false,NDX/SRC/events/01634
EV001635,NDX,NDX_BILLING,NDX-R00902,SUBMITTED,2023-02-07T16:06:00+00:00,2023-02-13T02:57:17+00:00,6652,USD,,false,NDX/SRC/events/01635
EV001636,NDX,NDX_BILLING,,PAYMENT_POSTED,2023-02-28T13:14:00+00:00,2023-03-02T16:39:55+00:00,6652,USD,,false,NDX/SRC/events/01636
EV001637,NDX,NDX_BILLING,NDX-R00903,SUBMITTED,2023-01-09T13:36:00+00:00,2023-01-17T02:54:34+00:00,7395,USD,,false,NDX/SRC/events/01637
EV001638,NDX,NDX_BILLING,NDX-R00903,CLOSED_NO_PAYMENT,2023-03-07T18:01:00+00:00,2023-03-07T18:25:06+00:00,,,,true,NDX/SRC/events/01638
EV001639,NDX,NDX_BILLING,NDX-R00904,SUBMITTED,2023-04-10T20:15:00+00:00,2023-04-13T13:14:28+00:00,5800,USD,,false,NDX/SRC/events/01639
EV001640,NDX,NDX_BILLING,,PAYMENT_POSTED,2023-08-23T13:46:00+00:00,2023-08-24T06:34:45+00:00,5800,USD,,false,NDX/SRC/events/01640
EV001641,NDX,NDX_BILLING,NDX-R00905,SUBMITTED,2022-10-11T15:59:00+00:00,2022-10-11T19:33:59+00:00,14753,USD,,false,NDX/SRC/events/01641
EV001642,NDX,NDX_BILLING,,PAYMENT_POSTED,2022-10-24T20:03:00+00:00,2022-10-24T20:09:38+00:00,14753,USD,,false,NDX/SRC/events/01642
EV001643,NDX,NDX_BILLING,NDX-R00906,SUBMITTED,2022-10-31T17:57:00+00:00,2022-11-01T01:07:31+00:00,291917,USD,,false,NDX/SRC/events/01643
EV001644,NDX,NDX_BILLING,,PAYMENT_POSTED,2022-11-08T13:36:00+00:00,2022-11-10T23:41:08+00:00,291917,USD,,false,NDX/SRC/events/01644
EV001645,NDX,NDX_BILLING,NDX-R00907,SUBMITTED,2022-11-28T16:02:00+00:00,2022-12-12T20:30:12+00:00,20316,USD,,false,NDX/SRC/events/01645
EV001646,NDX,NDX_BILLING,NDX-R00908,SUBMITTED,2022-10-12T12:10:00+00:00,2022-11-02T12:10:00+00:00,15797,USD,,false,NDX/SRC/events/01646
EV001647,NDX,NDX_BILLING,,PAYMENT_POSTED,2022-10-31T13:32:00+00:00,2022-11-02T23:00:09+00:00,15797,USD,,false,NDX/SRC/events/01647
EV001648,NDX,NDX_BILLING,NDX-R00909,SUBMITTED,2022-10-12T13:14:00+00:00,2022-10-14T01:30:03+00:00,30136,USD,,false,NDX/SRC/events/01648
EV001649,NDX,NDX_BILLING,,PAYMENT_POSTED,2022-10-24T13:48:00+00:00,2022-10-26T09:35:59+00:00,30136,USD,,false,NDX/SRC/events/01649
EV001650,NDX,NDX_BILLING,NDX-R00910,SUBMITTED,2022-11-23T13:57:00+00:00,2022-11-26T01:36:10+00:00,7895,USD,,false,NDX/SRC/events/01650
EV001651,NDX,NDX_BILLING,NDX-R00911,CORRECTED,2022-12-02T21:02:00+00:00,2022-12-07T01:24:42+00:00,7296,USD,,false,NDX/SRC/events/01651
EV001652,NDX,NDX_BILLING,NDX-R00911,CLOSED_NO_PAYMENT,2022-12-27T18:23:00+00:00,2022-12-27T18:35:37+00:00,,,,true,NDX/SRC/events/01652
EV001653,NDX,NDX_BILLING,NDX-R00912,SUBMITTED,2023-06-30T16:50:00+00:00,2023-07-01T12:26:32+00:00,14576,USD,,false,NDX/SRC/events/01653
EV001654,NDX,NDX_BILLING,NDX-R00913,SUBMITTED,2023-10-02T19:37:00+00:00,2023-10-03T15:10:43+00:00,26356,USD,,false,NDX/SRC/events/01654
EV001656,NDX,NDX_BILLING,NDX-R00914,SUBMITTED,2022-11-07T19:24:00+00:00,2022-11-08T01:53:17+00:00,13816,USD,,false,NDX/SRC/events/01656
EV001657,NDX,NDX_BILLING,,PAYMENT_POSTED,2022-11-25T16:17:00+00:00,2022-11-25T16:30:52+00:00,13816,USD,,false,NDX/SRC/events/01657
EV001658,NDX,NDX_BILLING,NDX-R00915,SUBMITTED,2023-05-22T19:03:00+00:00,2023-05-25T06:42:44+00:00,8413,USD,,false,NDX/SRC/events/01658
EV001659,NDX,NDX_BILLING,,PAYMENT_POSTED,2023-06-09T13:33:00+00:00,2023-06-09T20:55:00+00:00,8413,USD,,false,NDX/SRC/events/01659
EV001660,NDX,NDX_BILLING,NDX-R00916,SUBMITTED,2023-05-08T14:39:00+00:00,2023-07-03T20:16:07+00:00,13359,USD,,false,NDX/SRC/events/01660
EV001661,NDX,NDX_BILLING,,PAYMENT_POSTED,2023-06-19T17:03:00+00:00,2023-06-22T02:00:32+00:00,13359,USD,,false,NDX/SRC/events/01661
EV001662,NDX,NDX_BILLING,NDX-R00917,SUBMITTED,2023-04-24T20:14:00+00:00,2023-04-24T21:00:18+00:00,16468,USD,,false,NDX/SRC/events/01662
EV001663,NDX,NDX_BILLING,,PAYMENT_POSTED,2023-05-03T14:49:00+00:00,2023-05-03T22:11:31+00:00,16468,USD,,false,NDX/SRC/events/01663
EV001664,NDX,NDX_BILLING,NDX-R00918,SUBMITTED,2022-08-17T19:56:00+00:00,2022-08-18T02:56:05+00:00,9575,USD,,false,NDX/SRC/events/01664
EV001665,NDX,NDX_BILLING,NDX-R00919,CORRECTED,2022-08-22T15:28:00+00:00,2022-08-24T17:17:54+00:00,10848,USD,,false,NDX/SRC/events/01665
EV001666,NDX,NDX_BILLING,NDX-R00919,CLOSED_NO_PAYMENT,2022-11-21T21:53:00+00:00,2022-11-21T23:48:03+00:00,,,,true,NDX/SRC/events/01666
EV001667,NDX,NDX_BILLING,NDX-R00920,SUBMITTED,2023-05-16T16:43:00+00:00,2023-05-16T19:39:15+00:00,3378,USD,,false,NDX/SRC/events/01667
EV001668,NDX,NDX_BILLING,,PAYMENT_POSTED,2023-05-19T20:01:00+00:00,2023-05-25T03:25:33+00:00,3378,USD,,false,NDX/SRC/events/01668
EV001669,NDX,NDX_BILLING,NDX-R00921,SUBMITTED,2022-10-03T16:59:00+00:00,2022-10-05T01:37:37+00:00,7339,USD,,false,NDX/SRC/events/01669
EV001670,NDX,NDX_BILLING,,PAYMENT_POSTED,2022-10-24T14:15:00+00:00,2022-10-28T09:52:40+00:00,7339,USD,,false,NDX/SRC/events/01670
EV001671,NDX,NDX_BILLING,NDX-R00922,SUBMITTED,2022-08-01T20:56:00+00:00,2022-08-02T03:31:49+00:00,26597,USD,,false,NDX/SRC/events/01671
EV001672,NDX,NDX_BILLING,NDX-R00923,CORRECTED,2022-08-10T18:20:00+00:00,2022-08-10T21:36:52+00:00,27797,USD,,false,NDX/SRC/events/01672
EV001673,NDX,NDX_BILLING,,PAYMENT_POSTED,2022-08-09T14:23:00+00:00,2022-08-10T08:35:50+00:00,27797,USD,,false,NDX/SRC/events/01673
EV001674,NDX,NDX_BILLING,NDX-R00924,SUBMITTED,2022-09-23T13:36:00+00:00,2022-09-30T11:54:37+00:00,3547,USD,,false,NDX/SRC/events/01674
EV001675,NDX,NDX_BILLING,,PAYMENT_POSTED,2022-11-18T19:38:00+00:00,2022-11-19T14:20:03+00:00,3547,USD,,false,NDX/SRC/events/01675
EV001676,NDX,NDX_BILLING,NDX-R00925,SUBMITTED,2022-09-23T17:24:00+00:00,2022-09-26T05:29:32+00:00,15476,USD,,false,NDX/SRC/events/01676
EV001677,NDX,NDX_BILLING,,PAYMENT_POSTED,2022-10-17T18:28:00+00:00,2022-10-17T18:47:24+00:00,15476,USD,,false,NDX/SRC/events/01677
EV001678,NDX,NDX_BILLING,NDX-R00926,SUBMITTED,2022-12-19T14:31:00+00:00,2022-12-19T14:41:54+00:00,15375,USD,,false,NDX/SRC/events/01678
EV001679,NDX,NDX_BILLING,,PAYMENT_POSTED,2023-01-09T15:16:00+00:00,2023-01-09T17:27:24+00:00,15375,USD,,false,NDX/SRC/events/01679
EV001680,NDX,NDX_BILLING,NDX-R00927,SUBMITTED,2023-04-24T20:00:00+00:00,2023-04-27T14:18:06+00:00,14133,USD,,false,NDX/SRC/events/01680
EV001681,NDX,NDX_BILLING,,PAYMENT_POSTED,2023-05-15T18:45:00+00:00,2023-05-16T00:29:42+00:00,14133,USD,,false,NDX/SRC/events/01681
EV001682,NDX,NDX_BILLING,NDX-R00928,SUBMITTED,2023-09-18T20:30:00+00:00,2023-09-18T23:08:53+00:00,16994,USD,,false,NDX/SRC/events/01682
EV001683,NDX,NDX_BILLING,,PAYMENT_POSTED,2023-10-16T14:49:00+00:00,2023-10-19T13:34:39+00:00,16994,USD,,false,NDX/SRC/events/01683
EV001684,NDX,NDX_BILLING,NDX-R00929,SUBMITTED,2023-02-06T17:26:00+00:00,2023-02-11T00:57:43+00:00,9274,USD,,false,NDX/SRC/events/01684
EV001685,NDX,NDX_BILLING,,PAYMENT_POSTED,2023-04-05T13:47:00+00:00,2023-04-08T17:11:30+00:00,9274,USD,,false,NDX/SRC/events/01685
EV001686,NDX,NDX_BILLING,NDX-R00930,SUBMITTED,2023-02-27T21:36:00+00:00,2023-02-28T03:36:58+00:00,36055,USD,,false,NDX/SRC/events/01686
EV001687,NDX,NDX_BILLING,,PAYMENT_POSTED,2023-04-03T19:55:00+00:00,2023-04-19T18:06:32+00:00,36055,USD,,false,NDX/SRC/events/01687
EV001688,NDX,NDX_BILLING,NDX-R00931,SUBMITTED,2023-02-27T20:50:00+00:00,2023-02-28T17:07:51+00:00,8699,USD,,false,NDX/SRC/events/01688
EV001689,NDX,NDX_BILLING,NDX-R00932,SUBMITTED,2022-09-07T16:06:00+00:00,2022-09-07T18:28:33+00:00,14034,USD,,false,NDX/SRC/events/01689
EV001690,NDX,NDX_BILLING,,PAYMENT_POSTED,2022-09-14T17:55:00+00:00,2022-09-24T14:56:12+00:00,14034,USD,,false,NDX/SRC/events/01690
EV001691,NDX,NDX_BILLING,NDX-R00933,SUBMITTED,2023-06-07T16:08:00+00:00,2023-06-11T21:08:18+00:00,15469,USD,,false,NDX/SRC/events/01691
EV001692,NDX,NDX_BILLING,NDX-R00934,CORRECTED,2023-06-14T18:18:00+00:00,2023-06-14T20:37:00+00:00,17192,USD,,false,NDX/SRC/events/01692
EV001693,NDX,NDX_BILLING,,PAYMENT_POSTED,2023-07-25T16:08:00+00:00,2023-07-31T06:49:04+00:00,17192,USD,,false,NDX/SRC/events/01693
EV001694,NDX,NDX_BILLING,NDX-R00935,SUBMITTED,2022-08-18T12:45:00+00:00,2022-09-02T02:55:04+00:00,9859,USD,,false,NDX/SRC/events/01694
EV001695,NDX,NDX_BILLING,NDX-R00936,SUBMITTED,2023-09-07T15:13:00+00:00,2023-09-07T21:29:19+00:00,5588,USD,,false,NDX/SRC/events/01695
EV001696,NDX,NDX_BILLING,,PAYMENT_POSTED,2023-09-21T13:37:00+00:00,2023-09-23T21:16:57+00:00,5588,USD,,false,NDX/SRC/events/01696
EV001697,NDX,NDX_BILLING,NDX-R00937,SUBMITTED,2022-11-14T13:15:00+00:00,2022-11-15T00:28:53+00:00,29605,USD,,false,NDX/SRC/events/01697
EV001698,NDX,NDX_BILLING,NDX-R00938,SUBMITTED,2023-03-06T15:46:00+00:00,2023-03-08T03:17:29+00:00,4187,USD,,false,NDX/SRC/events/01698
EV001699,NDX,NDX_BILLING,,PAYMENT_POSTED,2023-03-21T14:38:00+00:00,2023-03-21T20:56:28+00:00,4187,USD,,false,NDX/SRC/events/01699
EV001700,NDX,NDX_BILLING,NDX-R00939,SUBMITTED,2023-02-14T13:18:00+00:00,2023-02-21T05:19:02+00:00,5497,USD,,false,NDX/SRC/events/01700
EV001701,NDX,NDX_BILLING,,PAYMENT_POSTED,2023-03-21T15:15:00+00:00,2023-03-21T20:41:43+00:00,5497,EUR,,false,NDX/SRC/events/01701
EV001702,NDX,NDX_BILLING,NDX-R00940,SUBMITTED,2023-01-09T13:45:00+00:00,2023-01-09T18:47:14+00:00,5705,USD,,false,NDX/SRC/events/01702
EV001703,NDX,NDX_BILLING,,PAYMENT_POSTED,2023-01-16T17:32:00+00:00,2023-01-16T20:42:07+00:00,5705,USD,,false,NDX/SRC/events/01703
EV001704,NDX,NDX_BILLING,NDX-R00941,SUBMITTED,2023-05-16T12:12:00+00:00,2023-05-17T00:25:23+00:00,50181,USD,,false,NDX/SRC/events/01704
EV001705,NDX,NDX_BILLING,,PAYMENT_POSTED,2023-07-10T17:44:00+00:00,2023-07-18T16:29:28+00:00,50181,USD,,false,NDX/SRC/events/01705
EV001706,NDX,NDX_BILLING,NDX-R00942,SUBMITTED,2022-08-30T12:11:00+00:00,2022-08-30T20:09:56+00:00,46304,USD,,false,NDX/SRC/events/01706
EV001707,NDX,NDX_BILLING,NDX-R00943,SUBMITTED,2022-10-04T16:04:00+00:00,2022-10-04T23:38:01+00:00,13158,USD,,false,NDX/SRC/events/01707
EV001708,NDX,NDX_BILLING,,PAYMENT_POSTED,2022-10-17T12:39:00+00:00,2022-10-17T13:38:37+00:00,13158,USD,,false,NDX/SRC/events/01708
EV001709,NDX,NDX_BILLING,NDX-R00944,SUBMITTED,2022-10-17T15:15:00+00:00,2022-10-24T07:28:15+00:00,4326,USD,,false,NDX/SRC/events/01709
EV001710,NDX,NDX_BILLING,NDX-R00945,SUBMITTED,2022-08-15T20:04:00+00:00,2022-08-17T19:03:05+00:00,33255,USD,,false,NDX/SRC/events/01710
EV001711,NDX,NDX_BILLING,,PAYMENT_POSTED,2022-09-12T18:12:00+00:00,2022-09-19T17:11:54+00:00,33255,USD,,false,NDX/SRC/events/01711
EV001712,NDX,NDX_BILLING,NDX-R00946,SUBMITTED,2022-08-10T14:56:00+00:00,2022-08-10T19:04:51+00:00,34862,USD,,false,NDX/SRC/events/01712
EV001713,NDX,NDX_BILLING,NDX-R00947,SUBMITTED,2023-07-14T17:29:00+00:00,2023-07-14T19:10:03+00:00,2500,USD,,false,NDX/SRC/events/01713
EV001714,NDX,NDX_BILLING,,PAYMENT_POSTED,2023-07-20T15:46:00+00:00,2023-07-20T19:31:17+00:00,2500,USD,,false,NDX/SRC/events/01714
EV001715,NDX,NDX_BILLING,NDX-R00948,SUBMITTED,2022-10-10T16:50:00+00:00,2022-10-13T01:49:47+00:00,23189,USD,,false,NDX/SRC/events/01715
EV001716,NDX,NDX_BILLING,,PAYMENT_POSTED,2022-11-14T17:15:00+00:00,2022-11-14T23:40:52+00:00,23189,USD,,false,NDX/SRC/events/01716
EV001717,NDX,NDX_BILLING,NDX-R00949,SUBMITTED,2022-08-05T15:07:00+00:00,2022-10-23T22:00:39+00:00,16682,USD,,false,NDX/SRC/events/01717
EV001718,NDX,NDX_BILLING,,PAYMENT_POSTED,2022-09-19T19:17:00+00:00,2022-09-20T23:26:01+00:00,16682,USD,,false,NDX/SRC/events/01718
EV001719,NDX,NDX_BILLING,NDX-R00950,SUBMITTED,2023-07-20T12:33:00+00:00,2023-07-23T01:44:14+00:00,378668,USD,,false,NDX/SRC/events/01719
EV001720,NDX,NDX_BILLING,,PAYMENT_POSTED,2023-08-04T14:12:00+00:00,2023-08-19T23:51:48+00:00,378668,USD,,false,NDX/SRC/events/01720
EV001721,NDX,NDX_BILLING,NDX-R00951,SUBMITTED,2023-09-22T16:12:00+00:00,2023-09-22T23:17:37+00:00,91655,USD,,false,NDX/SRC/events/01721
EV001722,NDX,NDX_BILLING,,PAYMENT_POSTED,2023-10-18T16:33:00+00:00,2023-10-22T14:13:47+00:00,91655,USD,,false,NDX/SRC/events/01722
EV001723,NDX,NDX_BILLING,NDX-R00952,SUBMITTED,2023-06-05T12:01:00+00:00,2023-06-05T13:11:16+00:00,12790,USD,,false,NDX/SRC/events/01723
EV001724,NDX,NDX_BILLING,,PAYMENT_POSTED,2023-06-20T20:16:00+00:00,2023-06-25T03:59:31+00:00,12790,USD,,false,NDX/SRC/events/01724
EV001725,NDX,NDX_BILLING,NDX-R00953,SUBMITTED,2022-11-08T21:48:00+00:00,2022-11-08T23:20:56+00:00,10257,USD,,false,NDX/SRC/events/01725
EV001726,NDX,NDX_BILLING,NDX-R00954,SUBMITTED,2022-10-31T17:08:00+00:00,2022-10-31T17:33:18+00:00,12902,USD,,false,NDX/SRC/events/01726
EV001727,NDX,NDX_BILLING,,PAYMENT_POSTED,2022-11-23T18:25:00+00:00,2022-11-25T03:27:53+00:00,12902,USD,,false,NDX/SRC/events/01727
EV001728,NDX,NDX_BILLING,NDX-R00955,SUBMITTED,2023-04-03T19:57:00+00:00,2023-04-04T01:18:21+00:00,17712,USD,,false,NDX/SRC/events/01728
EV001729,NDX,NDX_BILLING,,PAYMENT_POSTED,2023-05-11T17:08:00+00:00,2023-05-12T00:48:15+00:00,17712,USD,,false,NDX/SRC/events/01729
EV001730,NDX,NDX_BILLING,NDX-R00956,SUBMITTED,2023-03-07T21:49:00+00:00,2023-03-24T21:37:44+00:00,7031,USD,,false,NDX/SRC/events/01730
EV001731,NDX,NDX_BILLING,,PAYMENT_POSTED,2023-03-23T20:44:00+00:00,2023-03-24T04:06:07+00:00,7031,USD,,false,NDX/SRC/events/01731
EV001732,NDX,NDX_BILLING,NDX-R00957,SUBMITTED,2023-05-12T18:08:00+00:00,2023-05-16T00:51:48+00:00,3118,USD,,false,NDX/SRC/events/01732
EV001733,NDX,NDX_BILLING,NDX-R00958,CORRECTED,2023-05-16T19:54:00+00:00,2023-05-19T10:53:26+00:00,3407,USD,,false,NDX/SRC/events/01733
EV001734,NDX,NDX_BILLING,,PAYMENT_POSTED,2023-06-05T13:06:00+00:00,2023-06-05T13:45:52+00:00,3407,USD,,false,NDX/SRC/events/01734
EV001735,NDX,NDX_BILLING,NDX-R00959,SUBMITTED,2023-05-09T15:31:00+00:00,2023-05-11T16:43:40+00:00,35554,USD,,false,NDX/SRC/events/01735
EV001736,NDX,NDX_BILLING,NDX-R00960,SUBMITTED,2022-11-28T14:08:00+00:00,2022-12-02T22:25:46+00:00,29701,USD,,false,NDX/SRC/events/01736
EV001737,NDX,NDX_BILLING,NDX-R00960,CLOSED_NO_PAYMENT,2023-02-22T19:39:00+00:00,2023-02-28T22:50:50+00:00,,,,true,NDX/SRC/events/01737
EV001738,NDX,NDX_BILLING,NDX-R00961,SUBMITTED,2022-08-04T16:00:00+00:00,2022-08-04T17:59:44+00:00,2664,USD,,false,NDX/SRC/events/01738
EV001739,NDX,NDX_BILLING,,PAYMENT_POSTED,2022-08-08T15:10:00+00:00,2022-08-08T18:19:37+00:00,2664,USD,,false,NDX/SRC/events/01739
EV001740,NDX,NDX_BILLING,NDX-R00962,SUBMITTED,2022-08-01T13:24:00+00:00,2022-08-13T20:53:20+00:00,12923,USD,,false,NDX/SRC/events/01740
EV001741,NDX,NDX_BILLING,NDX-R00963,SUBMITTED,2022-10-12T18:19:00+00:00,2022-10-13T01:22:19+00:00,25639,USD,,false,NDX/SRC/events/01741
EV001742,NDX,NDX_BILLING,,PAYMENT_POSTED,2022-10-24T19:13:00+00:00,2022-11-02T09:52:36+00:00,25639,USD,,false,NDX/SRC/events/01742
EV001743,NDX,NDX_BILLING,NDX-R00964,SUBMITTED,2022-10-10T13:30:00+00:00,2022-10-10T19:34:36+00:00,28874,USD,,false,NDX/SRC/events/01743
EV001744,NDX,NDX_BILLING,NDX-R00965,SUBMITTED,2023-04-13T19:23:00+00:00,2023-04-16T02:56:17+00:00,29909,USD,,false,NDX/SRC/events/01744
EV001745,NDX,NDX_BILLING,,PAYMENT_POSTED,2023-05-01T17:51:00+00:00,2023-06-13T05:19:56+00:00,29909,USD,,false,NDX/SRC/events/01745
EV001746,NDX,NDX_BILLING,NDX-R00966,SUBMITTED,2022-11-04T16:08:00+00:00,2022-11-08T05:40:04+00:00,77848,USD,,false,NDX/SRC/events/01746
EV001747,NDX,NDX_BILLING,NDX-R00967,SUBMITTED,2022-07-25T16:04:00+00:00,2022-07-27T17:55:48+00:00,96056,USD,,false,NDX/SRC/events/01747
EV001748,NDX,NDX_BILLING,,PAYMENT_POSTED,2022-08-03T12:25:00+00:00,2022-08-22T00:29:33+00:00,96056,USD,,false,NDX/SRC/events/01748
EV001749,NDX,NDX_BILLING,NDX-R00968,SUBMITTED,2022-09-29T20:54:00+00:00,2022-10-02T23:47:17+00:00,65506,USD,,false,NDX/SRC/events/01749
EV001750,NDX,NDX_BILLING,NDX-R00969,SUBMITTED,2023-03-07T21:27:00+00:00,2023-03-10T03:29:22+00:00,13576,USD,,false,NDX/SRC/events/01750
EV001751,NDX,NDX_BILLING,,PAYMENT_POSTED,2023-03-23T13:31:00+00:00,2023-03-23T14:14:43+00:00,13576,USD,,false,NDX/SRC/events/01751
EV001752,NDX,NDX_BILLING,NDX-R00969,PAYMENT_REVERSED,2023-03-27T13:43:00+00:00,2023-03-27T17:53:17+00:00,5944,USD,EV001751,false,NDX/SRC/events/01752
EV001753,NDX,NDX_BILLING,NDX-R00970,SUBMITTED,2023-05-01T20:14:00+00:00,2023-05-03T10:52:32+00:00,12525,USD,,false,NDX/SRC/events/01753
EV001754,NDX,NDX_BILLING,,PAYMENT_POSTED,2023-05-24T15:44:00+00:00,2023-05-26T08:05:00+00:00,12525,USD,,false,NDX/SRC/events/01754
EV001755,NDX,NDX_BILLING,NDX-R00971,SUBMITTED,2023-04-03T16:20:00+00:00,2023-04-03T18:14:48+00:00,23686,USD,,false,NDX/SRC/events/01755
EV001756,NDX,NDX_BILLING,,PAYMENT_POSTED,2023-04-28T12:23:00+00:00,2023-04-30T12:26:37+00:00,23686,USD,,false,NDX/SRC/events/01756
EV001757,NDX,NDX_BILLING,NDX-R00972,SUBMITTED,2023-01-03T19:59:00+00:00,2023-01-03T21:09:51+00:00,28635,USD,,false,NDX/SRC/events/01757
EV001758,NDX,NDX_BILLING,,PAYMENT_POSTED,2023-01-18T16:48:00+00:00,2023-02-08T16:48:00+00:00,28635,USD,,false,NDX/SRC/events/01758
EV001759,NDX,NDX_BILLING,NDX-R00973,SUBMITTED,2022-11-23T14:10:00+00:00,2022-11-23T16:39:45+00:00,11982,USD,,false,NDX/SRC/events/01759
EV001760,NDX,NDX_BILLING,,PAYMENT_POSTED,2022-12-02T16:38:00+00:00,2022-12-07T00:37:12+00:00,11982,USD,,false,NDX/SRC/events/01760
EV001761,NDX,NDX_BILLING,NDX-R00974,SUBMITTED,2023-04-24T15:58:00+00:00,2023-05-01T15:50:57+00:00,7882,USD,,false,NDX/SRC/events/01761
EV001762,NDX,NDX_BILLING,,PAYMENT_POSTED,2023-05-09T16:37:00+00:00,2023-05-09T16:50:14+00:00,7882,USD,,false,NDX/SRC/events/01762
EV001763,NDX,NDX_BILLING,NDX-R00975,SUBMITTED,2023-06-19T15:45:00+00:00,2023-06-19T16:09:20+00:00,19147,USD,,false,NDX/SRC/events/01763
EV001764,NDX,NDX_BILLING,,PAYMENT_POSTED,2023-07-03T14:24:00+00:00,2023-07-03T18:30:07+00:00,19147,USD,,false,NDX/SRC/events/01764
EV001765,NDX,NDX_BILLING,NDX-R00976,SUBMITTED,2023-09-04T12:30:00+00:00,2023-09-04T12:55:18+00:00,16046,USD,,false,NDX/SRC/events/01765
EV001766,NDX,NDX_BILLING,NDX-R00977,CORRECTED,2023-09-07T20:06:00+00:00,2023-09-07T20:18:17+00:00,19692,USD,,false,NDX/SRC/events/01766
EV001767,NDX,NDX_BILLING,,PAYMENT_POSTED,2023-09-25T16:03:00+00:00,2023-09-25T17:24:16+00:00,19692,USD,,false,NDX/SRC/events/01767
EV001768,NDX,NDX_BILLING,NDX-R00978,SUBMITTED,2023-02-17T15:58:00+00:00,2023-02-22T19:59:29+00:00,7057,USD,,false,NDX/SRC/events/01768
EV001769,NDX,NDX_BILLING,NDX-R00978,CLOSED_NO_PAYMENT,2023-05-22T18:46:00+00:00,2023-05-23T01:02:32+00:00,,,,true,NDX/SRC/events/01769
EV001770,NDX,NDX_BILLING,NDX-R00979,SUBMITTED,2022-08-08T16:39:00+00:00,2022-08-08T17:06:32+00:00,13463,USD,,false,NDX/SRC/events/01770
EV001771,NDX,NDX_BILLING,,PAYMENT_POSTED,2022-08-15T20:47:00+00:00,2022-08-17T11:45:55+00:00,13463,USD,,false,NDX/SRC/events/01771
EV001772,NDX,NDX_BILLING,NDX-R00980,SUBMITTED,2023-03-13T16:15:00+00:00,2023-03-17T01:25:01+00:00,28597,USD,,false,NDX/SRC/events/01772
EV001773,NDX,NDX_BILLING,,PAYMENT_POSTED,2023-04-28T16:46:00+00:00,2023-04-28T18:09:34+00:00,28597,USD,,false,NDX/SRC/events/01773
EV001774,NDX,NDX_BILLING,NDX-R00981,SUBMITTED,2022-12-20T20:10:00+00:00,2022-12-21T03:42:08+00:00,15010,USD,,false,NDX/SRC/events/01774
EV001775,NDX,NDX_BILLING,,PAYMENT_POSTED,2023-02-20T16:26:00+00:00,2023-02-24T10:17:25+00:00,15010,USD,,false,NDX/SRC/events/01775
EV001777,NDX,NDX_BILLING,,PAYMENT_POSTED,2023-04-10T19:06:00+00:00,2023-04-10T22:28:53+00:00,17354,USD,,false,NDX/SRC/events/01777
EV001778,NDX,NDX_BILLING,NDX-R00983,SUBMITTED,2023-04-05T16:01:00+00:00,2023-04-15T06:34:49+00:00,11573,USD,,false,NDX/SRC/events/01778
EV001779,NDX,NDX_BILLING,,PAYMENT_POSTED,2023-05-05T14:33:00+00:00,2023-05-05T17:16:40+00:00,11573,USD,,false,NDX/SRC/events/01779
EV001780,NDX,NDX_BILLING,NDX-R00984,SUBMITTED,2023-09-18T19:22:00+00:00,2023-09-19T00:12:08+00:00,9776,USD,,false,NDX/SRC/events/01780
EV001781,NDX,NDX_BILLING,,PAYMENT_POSTED,2023-10-09T16:18:00+00:00,2023-10-09T18:57:31+00:00,9776,USD,,false,NDX/SRC/events/01781
EV001782,NDX,NDX_BILLING,NDX-R00985,SUBMITTED,2023-06-01T19:07:00+00:00,2023-06-07T14:29:12+00:00,2553,USD,,false,NDX/SRC/events/01782
EV001783,NDX,NDX_BILLING,,PAYMENT_POSTED,2023-08-01T15:31:00+00:00,2023-08-01T18:21:47+00:00,2553,USD,,false,NDX/SRC/events/01783
EV001784,NDX,NDX_BILLING,NDX-R00986,SUBMITTED,2023-02-02T21:38:00+00:00,2023-02-04T00:40:18+00:00,8273,USD,,false,NDX/SRC/events/01784
EV001785,NDX,NDX_BILLING,,PAYMENT_POSTED,2023-05-19T13:31:00+00:00,2023-05-19T15:27:13+00:00,8273,USD,,false,NDX/SRC/events/01785
EV001786,NDX,NDX_BILLING,NDX-R00987,SUBMITTED,2023-07-17T19:44:00+00:00,2023-07-17T21:28:42+00:00,24126,USD,,false,NDX/SRC/events/01786
EV001787,NDX,NDX_BILLING,,PAYMENT_POSTED,2023-07-27T19:06:00+00:00,2023-07-31T19:42:43+00:00,24126,USD,,false,NDX/SRC/events/01787
EV001788,NDX,NDX_BILLING,NDX-R00987,PAYMENT_REVERSED,2023-07-31T16:16:00+00:00,2023-08-01T13:08:02+00:00,24126,USD,EV001787,false,NDX/SRC/events/01788
EV001789,NDX,NDX_BILLING,NDX-R00988,SUBMITTED,2022-10-31T12:40:00+00:00,2022-11-04T03:27:16+00:00,61095,USD,,false,NDX/SRC/events/01789
EV001790,NDX,NDX_BILLING,,PAYMENT_POSTED,2022-11-28T18:35:00+00:00,2022-11-29T15:56:03+00:00,61095,USD,,false,NDX/SRC/events/01790
EV001791,NDX,NDX_BILLING,NDX-R00989,SUBMITTED,2022-10-31T20:05:00+00:00,2022-11-08T08:26:02+00:00,13401,USD,,false,NDX/SRC/events/01791
EV001792,NDX,NDX_BILLING,NDX-R00990,SUBMITTED,2022-10-06T19:55:00+00:00,2022-10-10T17:37:16+00:00,26506,USD,,false,NDX/SRC/events/01792
EV001793,NDX,NDX_BILLING,,PAYMENT_POSTED,2022-11-21T14:29:00+00:00,2022-11-21T15:16:25+00:00,26506,USD,,false,NDX/SRC/events/01793
EV001794,NDX,NDX_BILLING,NDX-R00991,SUBMITTED,2023-06-05T20:01:00+00:00,2023-06-05T23:40:19+00:00,184160,USD,,false,NDX/SRC/events/01794
EV001795,NDX,NDX_BILLING,,PAYMENT_POSTED,2023-07-24T17:00:00+00:00,2023-07-24T21:32:48+00:00,184160,USD,,false,NDX/SRC/events/01795
EV001796,NDX,NDX_BILLING,NDX-R00991,PAYMENT_REVERSED,2023-08-07T12:41:00+00:00,2023-08-09T15:16:28+00:00,73119,USD,,false,NDX/SRC/events/01796
EV001797,NDX,NDX_BILLING,NDX-R00992,SUBMITTED,2022-09-05T13:46:00+00:00,2022-09-05T21:27:03+00:00,7840,USD,,false,NDX/SRC/events/01797
EV001799,NDX,NDX_BILLING,NDX-R00993,SUBMITTED,2022-10-13T12:24:00+00:00,2022-10-17T16:16:03+00:00,9856,USD,,false,NDX/SRC/events/01799
EV001800,NDX,NDX_BILLING,NDX-R00994,SUBMITTED,2022-09-16T14:48:00+00:00,2022-10-02T12:02:23+00:00,5276,USD,,false,NDX/SRC/events/01800
EV001801,NDX,NDX_BILLING,,PAYMENT_POSTED,2022-10-05T19:47:00+00:00,2022-10-06T01:27:11+00:00,5276,USD,,false,NDX/SRC/events/01801
EV001802,NDX,NDX_BILLING,NDX-R00995,SUBMITTED,2023-07-06T14:18:00+00:00,2023-07-06T14:26:59+00:00,209373,USD,,false,NDX/SRC/events/01802
EV001803,NDX,NDX_BILLING,,PAYMENT_POSTED,2023-07-31T19:16:00+00:00,2023-08-02T05:02:35+00:00,209373,USD,,false,NDX/SRC/events/01803
EV001804,NDX,NDX_BILLING,NDX-R00996,SUBMITTED,2022-10-21T14:23:00+00:00,2022-10-21T16:49:35+00:00,66623,USD,,false,NDX/SRC/events/01804
EV001805,NDX,NDX_BILLING,NDX-R00997,CORRECTED,2022-10-31T17:05:00+00:00,2022-10-31T19:01:24+00:00,57882,USD,,false,NDX/SRC/events/01805
EV001806,NDX,NDX_BILLING,NDX-R00996,VOID_VERSION,2022-10-31T17:05:00+00:00,2022-10-31T18:37:20+00:00,66623,USD,,false,NDX/SRC/events/01806
EV001807,NDX,NDX_BILLING,,PAYMENT_POSTED,2022-11-21T18:21:00+00:00,2022-11-24T11:19:24+00:00,57882,USD,,false,NDX/SRC/events/01807
EV001808,NDX,NDX_BILLING,NDX-R00998,SUBMITTED,2022-11-09T19:30:00+00:00,2022-11-10T00:13:58+00:00,13993,USD,,false,NDX/SRC/events/01808
EV001809,NDX,NDX_BILLING,,PAYMENT_POSTED,2022-12-23T16:31:00+00:00,2022-12-23T21:15:23+00:00,13993,USD,,false,NDX/SRC/events/01809
EV001810,NDX,NDX_BILLING,NDX-R00999,SUBMITTED,2023-07-10T15:44:00+00:00,2023-07-14T08:12:13+00:00,11259,USD,,false,NDX/SRC/events/01810
EV001811,NDX,NDX_BILLING,,PAYMENT_POSTED,2023-07-26T18:04:00+00:00,2023-07-31T15:45:23+00:00,11259,USD,,false,NDX/SRC/events/01811
EV001812,NDX,NDX_BILLING,NDX-R01000,SUBMITTED,2022-11-29T20:10:00+00:00,2022-11-29T23:05:10+00:00,116695,USD,,false,NDX/SRC/events/01812
EV001813,NDX,NDX_BILLING,,PAYMENT_POSTED,2023-02-14T15:17:00+00:00,2023-02-15T19:47:47+00:00,116695,USD,,false,NDX/SRC/events/01813
EV001814,NDX,NDX_BILLING,NDX-R01001,SUBMITTED,2023-03-03T16:57:00+00:00,2023-03-03T23:30:00+00:00,6047,USD,,false,NDX/SRC/events/01814
EV001815,NDX,NDX_BILLING,,PAYMENT_POSTED,2023-03-27T20:01:00+00:00,2023-03-31T23:33:31+00:00,6047,USD,,false,NDX/SRC/events/01815
EV001816,NDX,NDX_BILLING,NDX-R01002,SUBMITTED,2023-02-17T17:35:00+00:00,2023-02-17T20:59:18+00:00,29266,USD,,false,NDX/SRC/events/01816
EV001817,NDX,NDX_BILLING,,PAYMENT_POSTED,2023-03-22T19:26:00+00:00,2023-03-22T22:55:14+00:00,29266,USD,,false,NDX/SRC/events/01817
EV001818,NDX,NDX_BILLING,NDX-R01003,SUBMITTED,2022-10-31T19:32:00+00:00,2022-10-31T21:03:20+00:00,11472,USD,,false,NDX/SRC/events/01818
EV001819,NDX,NDX_BILLING,,PAYMENT_POSTED,2022-11-21T16:49:00+00:00,2022-12-07T00:33:18+00:00,11472,USD,,false,NDX/SRC/events/01819
EV001820,NDX,NDX_BILLING,NDX-R01004,SUBMITTED,2023-02-01T13:26:00+00:00,2023-02-05T00:02:24+00:00,22557,USD,,false,NDX/SRC/events/01820
EV001821,NDX,NDX_BILLING,,PAYMENT_POSTED,2023-02-13T14:11:00+00:00,2023-02-13T15:07:53+00:00,22557,USD,,false,NDX/SRC/events/01821
EV001822,NDX,NDX_BILLING,NDX-R01005,SUBMITTED,2023-01-03T15:29:00+00:00,2023-01-03T19:44:03+00:00,5886,USD,,false,NDX/SRC/events/01822
EV001823,NDX,NDX_BILLING,NDX-R01006,CORRECTED,2023-01-04T15:57:00+00:00,2023-01-23T09:44:37+00:00,6960,USD,,false,NDX/SRC/events/01823
EV001824,NDX,NDX_BILLING,,PAYMENT_POSTED,2023-01-16T16:34:00+00:00,2023-01-16T17:48:54+00:00,6960,USD,,false,NDX/SRC/events/01824
EV001825,NDX,NDX_BILLING,NDX-R01007,SUBMITTED,2023-03-28T19:17:00+00:00,2023-03-29T03:07:55+00:00,9216,USD,,false,NDX/SRC/events/01825
EV001826,NDX,NDX_BILLING,,PAYMENT_POSTED,2023-04-12T18:37:00+00:00,2023-04-16T02:36:16+00:00,9216,USD,,false,NDX/SRC/events/01826
EV001828,NDX,NDX_BILLING,NDX-R01009,SUBMITTED,2023-01-09T14:05:00+00:00,2023-01-25T13:59:43+00:00,10174,USD,,false,NDX/SRC/events/01828
EV001829,NDX,NDX_BILLING,,PAYMENT_POSTED,2023-02-06T20:24:00+00:00,2023-02-08T20:32:02+00:00,10174,USD,,false,NDX/SRC/events/01829
EV001830,NDX,NDX_BILLING,NDX-R01010,SUBMITTED,2022-07-05T18:54:00+00:00,2022-07-05T22:30:35+00:00,5998,USD,,false,NDX/SRC/events/01830
EV001831,NDX,NDX_BILLING,,PAYMENT_POSTED,2022-08-05T15:08:00+00:00,2022-08-05T18:53:25+00:00,5998,USD,,false,NDX/SRC/events/01831
EV001832,NDX,NDX_BILLING,NDX-R01011,SUBMITTED,2022-08-15T14:08:00+00:00,2022-08-15T15:20:12+00:00,84769,USD,,false,NDX/SRC/events/01832
EV001833,NDX,NDX_BILLING,NDX-R01012,SUBMITTED,2023-05-17T18:45:00+00:00,2023-05-17T19:24:30+00:00,12215,USD,,false,NDX/SRC/events/01833
EV001834,NDX,NDX_BILLING,,PAYMENT_POSTED,2023-06-26T16:02:00+00:00,2023-06-26T20:46:13+00:00,12215,USD,,false,NDX/SRC/events/01834
EV001835,NDX,NDX_BILLING,NDX-R01013,SUBMITTED,2023-04-10T15:47:00+00:00,2023-04-10T21:42:44+00:00,10033,USD,,false,NDX/SRC/events/01835
EV001836,NDX,NDX_BILLING,,PAYMENT_POSTED,2023-04-25T15:42:00+00:00,2023-04-25T18:05:28+00:00,10033,USD,,false,NDX/SRC/events/01836
EV001837,NDX,NDX_BILLING,NDX-R01014,SUBMITTED,2023-04-24T20:03:00+00:00,2023-04-28T07:34:46+00:00,4111,USD,,false,NDX/SRC/events/01837
EV001838,NDX,NDX_BILLING,NDX-R01015,SUBMITTED,2023-06-28T15:11:00+00:00,2023-06-28T22:10:55+00:00,12731,USD,,false,NDX/SRC/events/01838
EV001839,NDX,NDX_BILLING,,PAYMENT_POSTED,2023-07-17T12:46:00+00:00,2023-07-18T04:43:30+00:00,12731,USD,,false,NDX/SRC/events/01839
EV001840,NDX,NDX_BILLING,NDX-R01016,SUBMITTED,2023-09-11T18:34:00+00:00,2023-09-12T01:58:11+00:00,16758,USD,,false,NDX/SRC/events/01840
EV001841,NDX,NDX_BILLING,NDX-R01017,CORRECTED,2023-09-14T12:46:00+00:00,2023-09-14T14:03:57+00:00,19347,USD,,false,NDX/SRC/events/01841
EV001842,NDX,NDX_BILLING,NDX-R01016,VOID_VERSION,2023-09-14T12:46:00+00:00,2023-09-16T00:49:54+00:00,16758,USD,,false,NDX/SRC/events/01842
EV001843,NDX,NDX_BILLING,,PAYMENT_POSTED,2023-09-25T19:32:00+00:00,2023-10-02T14:43:50+00:00,19347,USD,,false,NDX/SRC/events/01843
EV001844,NDX,NDX_BILLING,NDX-R01018,SUBMITTED,2022-08-25T13:42:00+00:00,2022-08-25T13:48:00+00:00,5354,USD,,false,NDX/SRC/events/01844
EV001846,NDX,NDX_BILLING,NDX-R01019,SUBMITTED,2023-01-02T18:00:00+00:00,2023-01-05T00:31:22+00:00,14132,USD,,false,NDX/SRC/events/01846
EV001847,NDX,NDX_BILLING,NDX-R01019,CLOSED_NO_PAYMENT,2023-04-03T12:53:00+00:00,2023-04-16T12:18:27+00:00,,,,true,NDX/SRC/events/01847
EV001848,NDX,NDX_BILLING,NDX-R01020,SUBMITTED,2022-08-12T18:18:00+00:00,2022-08-13T15:40:05+00:00,33539,USD,,false,NDX/SRC/events/01848
EV001849,NDX,NDX_BILLING,,PAYMENT_POSTED,2022-09-01T19:05:00+00:00,2022-09-01T19:17:17+00:00,33539,USD,,false,NDX/SRC/events/01849
EV001850,NDX,NDX_BILLING,NDX-R01021,SUBMITTED,2022-12-02T18:21:00+00:00,2022-12-02T20:42:50+00:00,12629,USD,,false,NDX/SRC/events/01850
EV001851,NDX,NDX_BILLING,,PAYMENT_POSTED,2023-01-23T19:13:00+00:00,2023-01-30T12:45:39+00:00,12629,USD,,false,NDX/SRC/events/01851
EV001852,NDX,NDX_BILLING,NDX-R01022,SUBMITTED,2022-11-28T17:26:00+00:00,2022-11-28T23:03:27+00:00,4811,USD,,false,NDX/SRC/events/01852
EV001853,NDX,NDX_BILLING,,PAYMENT_POSTED,2022-12-23T20:30:00+00:00,2022-12-25T11:23:05+00:00,4811,USD,,false,NDX/SRC/events/01853
EV001854,NDX,NDX_BILLING,NDX-R01023,SUBMITTED,2023-07-10T12:55:00+00:00,2023-07-10T19:39:28+00:00,22044,USD,,false,NDX/SRC/events/01854
EV001855,NDX,NDX_BILLING,,PAYMENT_POSTED,2023-08-07T15:16:00+00:00,2023-08-07T22:02:59+00:00,22044,USD,,false,NDX/SRC/events/01855
EV001856,NDX,NDX_BILLING,NDX-R01024,SUBMITTED,2022-11-14T20:01:00+00:00,2022-11-15T01:01:30+00:00,5804,USD,,false,NDX/SRC/events/01856
EV001857,NDX,NDX_BILLING,NDX-R01025,SUBMITTED,2023-01-16T20:12:00+00:00,2023-01-17T02:01:47+00:00,95496,USD,,false,NDX/SRC/events/01857
EV001858,NDX,NDX_BILLING,NDX-R01026,CORRECTED,2023-01-19T21:17:00+00:00,2023-01-20T05:09:16+00:00,110294,USD,,false,NDX/SRC/events/01858
EV001859,NDX,NDX_BILLING,NDX-R01025,VOID_VERSION,2023-01-19T21:17:00+00:00,2023-01-20T03:59:24+00:00,95496,USD,,false,NDX/SRC/events/01859
EV001860,NDX,NDX_BILLING,NDX-R01027,SUBMITTED,2023-06-12T15:36:00+00:00,2023-06-30T08:31:00+00:00,8455,USD,,false,NDX/SRC/events/01860
EV001861,NDX,NDX_BILLING,NDX-R01028,CORRECTED,2023-06-22T14:42:00+00:00,2023-06-25T17:21:36+00:00,9842,USD,,false,NDX/SRC/events/01861
EV001862,NDX,NDX_BILLING,,PAYMENT_POSTED,2023-07-12T18:21:00+00:00,2023-07-15T13:08:34+00:00,9842,USD,,false,NDX/SRC/events/01862
EV001863,NDX,NDX_BILLING,NDX-R01029,SUBMITTED,2022-09-01T16:17:00+00:00,2022-09-10T02:30:49+00:00,8016,USD,,false,NDX/SRC/events/01863
EV001864,NDX,NDX_BILLING,,PAYMENT_POSTED,2022-10-10T16:19:00+00:00,2022-10-13T21:45:19+00:00,8016,USD,,false,NDX/SRC/events/01864
EV001865,NDX,NDX_BILLING,NDX-R01030,SUBMITTED,2022-08-29T20:08:00+00:00,2022-09-04T17:59:20+00:00,23935,USD,,false,NDX/SRC/events/01865
EV001866,NDX,NDX_BILLING,NDX-R01031,SUBMITTED,2023-02-20T21:12:00+00:00,2023-03-11T10:11:51+00:00,22829,USD,,false,NDX/SRC/events/01866
EV001867,NDX,NDX_BILLING,,PAYMENT_POSTED,2023-03-06T17:45:00+00:00,2023-03-09T14:44:19+00:00,22829,USD,,false,NDX/SRC/events/01867
EV001868,NDX,NDX_BILLING,NDX-R01032,SUBMITTED,2022-12-26T16:55:00+00:00,2022-12-26T17:14:52+00:00,9718,USD,,false,NDX/SRC/events/01868
EV001869,NDX,NDX_BILLING,,PAYMENT_POSTED,2023-01-23T17:34:00+00:00,2023-01-23T20:27:50+00:00,9718,USD,,false,NDX/SRC/events/01869
EV001870,NDX,NDX_BILLING,NDX-R01033,SUBMITTED,2023-03-17T14:56:00+00:00,2023-03-22T09:36:01+00:00,3971,USD,,false,NDX/SRC/events/01870
EV001871,NDX,NDX_BILLING,NDX-R01033,CLOSED_NO_PAYMENT,2023-04-24T15:53:00+00:00,2023-04-24T19:22:29+00:00,,,,true,NDX/SRC/events/01871
EV001872,NDX,NDX_BILLING,NDX-R01034,SUBMITTED,2023-05-23T17:12:00+00:00,2023-05-29T08:01:50+00:00,14660,USD,,false,NDX/SRC/events/01872
EV001873,NDX,NDX_BILLING,,PAYMENT_POSTED,2023-06-19T17:19:00+00:00,2023-06-20T00:41:43+00:00,14660,USD,,false,NDX/SRC/events/01873
EV001874,NDX,NDX_BILLING,NDX-R01035,SUBMITTED,2023-05-18T12:26:00+00:00,2023-05-18T13:59:25+00:00,9788,USD,,false,NDX/SRC/events/01874
EV001875,NDX,NDX_BILLING,NDX-R01036,SUBMITTED,2022-07-22T12:17:00+00:00,2022-08-10T17:25:34+00:00,12666,USD,,false,NDX/SRC/events/01875
EV001876,NDX,NDX_BILLING,NDX-R01036,CLOSED_NO_PAYMENT,2022-11-07T16:35:00+00:00,2022-11-07T17:56:10+00:00,,,,true,NDX/SRC/events/01876
EV001877,NDX,NDX_BILLING,NDX-R01037,SUBMITTED,2022-09-22T15:17:00+00:00,2022-10-08T18:34:05+00:00,5873,USD,,false,NDX/SRC/events/01877
EV001878,NDX,NDX_BILLING,,PAYMENT_POSTED,2022-10-14T19:19:00+00:00,2022-10-15T01:54:11+00:00,5873,USD,,false,NDX/SRC/events/01878
EV001879,NDX,NDX_BILLING,NDX-R01038,SUBMITTED,2023-05-08T18:14:00+00:00,2023-05-09T01:56:44+00:00,30425,USD,,false,NDX/SRC/events/01879
EV001880,NDX,NDX_BILLING,NDX-R01039,CORRECTED,2023-05-10T12:12:00+00:00,2023-05-10T18:29:42+00:00,38359,USD,,false,NDX/SRC/events/01880
EV001881,NDX,NDX_BILLING,NDX-R01038,VOID_VERSION,2023-05-10T12:12:00+00:00,2023-05-12T17:14:22+00:00,30425,USD,,false,NDX/SRC/events/01881
EV001882,NDX,NDX_BILLING,,PAYMENT_POSTED,2023-06-02T13:15:00+00:00,2023-06-02T20:11:19+00:00,38359,USD,,false,NDX/SRC/events/01882
EV001883,NDX,NDX_BILLING,NDX-R01040,SUBMITTED,2023-02-23T17:11:00+00:00,2023-02-23T23:27:58+00:00,12447,USD,,false,NDX/SRC/events/01883
EV001884,NDX,NDX_BILLING,,PAYMENT_POSTED,2023-04-12T13:36:00+00:00,2023-04-12T14:25:54+00:00,12447,USD,,false,NDX/SRC/events/01884
EV001885,NDX,NDX_BILLING,NDX-R01041,SUBMITTED,2023-01-24T16:45:00+00:00,2023-01-29T19:18:21+00:00,15945,USD,,false,NDX/SRC/events/01885
EV001886,NDX,NDX_BILLING,,PAYMENT_POSTED,2023-02-06T17:10:00+00:00,2023-02-09T04:24:47+00:00,15945,EUR,,false,NDX/SRC/events/01886
EV001887,NDX,NDX_BILLING,NDX-R01042,SUBMITTED,2022-07-19T12:42:00+00:00,2022-07-24T06:49:42+00:00,15572,USD,,false,NDX/SRC/events/01887
EV001888,NDX,NDX_BILLING,,PAYMENT_POSTED,2022-08-08T13:32:00+00:00,2022-08-09T06:28:01+00:00,15572,USD,,false,NDX/SRC/events/01888
EV001889,NDX,NDX_BILLING,NDX-R01043,SUBMITTED,2022-11-01T19:21:00+00:00,2022-11-04T01:36:20+00:00,2500,USD,,false,NDX/SRC/events/01889
EV001890,NDX,NDX_BILLING,,PAYMENT_POSTED,2022-12-05T20:15:00+00:00,2022-12-12T04:56:19+00:00,2500,USD,,false,NDX/SRC/events/01890
EV001891,NDX,NDX_BILLING,NDX-R01044,SUBMITTED,2022-12-02T21:32:00+00:00,2022-12-02T23:38:22+00:00,4418,USD,,false,NDX/SRC/events/01891
EV001892,NDX,NDX_BILLING,,PAYMENT_POSTED,2022-12-15T16:03:00+00:00,2022-12-17T00:01:34+00:00,4418,USD,,false,NDX/SRC/events/01892
EV001893,NDX,NDX_BILLING,NDX-R01045,SUBMITTED,2022-11-28T19:04:00+00:00,2022-12-06T04:51:38+00:00,10804,USD,,false,NDX/SRC/events/01893
EV001894,NDX,NDX_BILLING,NDX-R01046,SUBMITTED,2022-11-15T15:51:00+00:00,2022-11-20T13:07:28+00:00,10760,USD,,false,NDX/SRC/events/01894
EV001895,NDX,NDX_BILLING,,PAYMENT_POSTED,2022-11-23T20:52:00+00:00,2022-11-25T14:22:48+00:00,10760,USD,,false,NDX/SRC/events/01895
EV001896,NDX,NDX_BILLING,NDX-R01047,SUBMITTED,2022-11-10T15:48:00+00:00,2022-11-17T03:08:40+00:00,7733,USD,,false,NDX/SRC/events/01896
EV001897,NDX,NDX_BILLING,NDX-R01048,SUBMITTED,2022-11-18T13:19:00+00:00,2022-11-19T11:04:34+00:00,7941,USD,,false,NDX/SRC/events/01897
EV001898,NDX,NDX_BILLING,NDX-R01049,CORRECTED,2022-11-28T21:40:00+00:00,2022-11-30T21:31:31+00:00,7303,USD,,false,NDX/SRC/events/01898
EV001899,NDX,NDX_BILLING,,PAYMENT_POSTED,2022-12-19T16:25:00+00:00,2022-12-21T01:20:10+00:00,7303,USD,,false,NDX/SRC/events/01899
EV001900,NDX,NDX_BILLING,NDX-R01050,SUBMITTED,2022-11-17T14:17:00+00:00,2022-11-17T20:01:31+00:00,9618,USD,,false,NDX/SRC/events/01900
EV001901,NDX,NDX_BILLING,NDX-R01051,SUBMITTED,2022-10-10T17:35:00+00:00,2022-10-11T00:43:43+00:00,49977,USD,,false,NDX/SRC/events/01901
EV001902,NDX,NDX_BILLING,NDX-R01051,CLOSED_NO_PAYMENT,2022-11-14T14:42:00+00:00,2022-11-14T18:30:18+00:00,,,,true,NDX/SRC/events/01902
EV001903,NDX,NDX_BILLING,NDX-R01052,SUBMITTED,2023-06-23T17:51:00+00:00,2023-06-25T10:11:13+00:00,8958,USD,,false,NDX/SRC/events/01903
EV001904,NDX,NDX_BILLING,,PAYMENT_POSTED,2023-07-21T18:17:00+00:00,2023-07-21T21:35:03+00:00,8958,USD,,false,NDX/SRC/events/01904
EV001905,NDX,NDX_BILLING,NDX-R01053,SUBMITTED,2023-03-21T16:21:00+00:00,2023-03-22T06:48:32+00:00,11269,USD,,false,NDX/SRC/events/01905
EV001906,NDX,NDX_BILLING,,PAYMENT_POSTED,2023-03-23T12:49:00+00:00,2023-03-31T19:06:37+00:00,11269,USD,,false,NDX/SRC/events/01906
EV001907,NDX,NDX_BILLING,NDX-R01054,SUBMITTED,2023-01-10T13:29:00+00:00,2023-01-10T20:33:21+00:00,5279,USD,,false,NDX/SRC/events/01907
EV001908,NDX,NDX_BILLING,,PAYMENT_POSTED,2023-02-20T21:38:00+00:00,2023-02-27T03:08:56+00:00,5279,USD,,false,NDX/SRC/events/01908
EV001909,NDX,NDX_BILLING,NDX-R01055,SUBMITTED,2023-02-17T21:10:00+00:00,2023-02-28T19:12:13+00:00,38791,USD,,false,NDX/SRC/events/01909
EV001910,NDX,NDX_BILLING,,PAYMENT_POSTED,2023-03-10T17:25:00+00:00,2023-03-10T18:44:14+00:00,38791,USD,,false,NDX/SRC/events/01910
EV001911,NDX,NDX_BILLING,NDX-R01056,SUBMITTED,2023-01-20T19:34:00+00:00,2023-01-23T07:05:26+00:00,10123,USD,,false,NDX/SRC/events/01911
EV001912,NDX,NDX_BILLING,,PAYMENT_POSTED,2023-02-13T21:28:00+00:00,2023-02-15T11:55:40+00:00,10123,USD,,false,NDX/SRC/events/01912
EV001913,NDX,NDX_BILLING,NDX-R01057,SUBMITTED,2023-01-17T13:13:00+00:00,2023-01-17T19:03:28+00:00,6705,USD,,false,NDX/SRC/events/01913
EV001914,NDX,NDX_BILLING,NDX-R01058,SUBMITTED,2022-08-29T20:24:00+00:00,2022-08-29T21:32:54+00:00,8316,USD,,false,NDX/SRC/events/01914
EV001915,NDX,NDX_BILLING,,PAYMENT_POSTED,2022-09-12T12:42:00+00:00,2022-09-16T04:17:01+00:00,8316,USD,,false,NDX/SRC/events/01915
EV001916,NDX,NDX_BILLING,NDX-R01059,SUBMITTED,2023-07-07T15:06:00+00:00,2023-09-12T05:30:30+00:00,156240,USD,,false,NDX/SRC/events/01916
EV001917,NDX,NDX_BILLING,NDX-R01060,SUBMITTED,2023-04-06T13:57:00+00:00,2023-04-07T22:51:58+00:00,30695,USD,,false,NDX/SRC/events/01917
EV001918,NDX,NDX_BILLING,,PAYMENT_POSTED,2023-05-01T15:19:00+00:00,2023-05-01T21:13:49+00:00,30695,USD,,false,NDX/SRC/events/01918
EV001919,NDX,NDX_BILLING,NDX-R01061,SUBMITTED,2023-08-16T15:17:00+00:00,2023-08-16T17:01:02+00:00,33347,USD,,false,NDX/SRC/events/01919
EV001920,NDX,NDX_BILLING,,PAYMENT_POSTED,2023-08-28T14:29:00+00:00,2023-08-28T20:32:42+00:00,33347,USD,,false,NDX/SRC/events/01920
EV001921,NDX,NDX_BILLING,NDX-R01062,SUBMITTED,2022-12-19T13:42:00+00:00,2022-12-30T09:43:17+00:00,6678,USD,,false,NDX/SRC/events/01921
EV001922,NDX,NDX_BILLING,,PAYMENT_POSTED,2023-02-23T16:46:00+00:00,2023-02-23T18:13:37+00:00,6678,USD,,false,NDX/SRC/events/01922
EV001923,NDX,NDX_BILLING,NDX-R01063,SUBMITTED,2022-12-28T20:25:00+00:00,2022-12-28T23:16:22+00:00,4663,USD,,false,NDX/SRC/events/01923
EV001924,NDX,NDX_BILLING,,PAYMENT_POSTED,2023-02-08T19:35:00+00:00,2023-02-09T00:52:01+00:00,4663,USD,,false,NDX/SRC/events/01924
EV001925,NDX,NDX_BILLING,NDX-R01064,SUBMITTED,2022-12-26T14:10:00+00:00,2022-12-26T18:32:45+00:00,5436,USD,,false,NDX/SRC/events/01925
EV001926,NDX,NDX_BILLING,NDX-R01065,SUBMITTED,2023-05-24T15:41:00+00:00,2023-05-24T18:02:38+00:00,11786,USD,,false,NDX/SRC/events/01926
EV001927,NDX,NDX_BILLING,,PAYMENT_POSTED,2023-06-07T20:06:00+00:00,2023-06-07T20:40:38+00:00,11786,EUR,,false,NDX/SRC/events/01927
EV001928,NDX,NDX_BILLING,NDX-R01066,SUBMITTED,2023-08-28T20:37:00+00:00,2023-09-03T21:01:07+00:00,204553,USD,,false,NDX/SRC/events/01928
EV001929,NDX,NDX_BILLING,,PAYMENT_POSTED,2023-09-14T18:59:00+00:00,2023-09-16T16:41:55+00:00,204553,USD,,false,NDX/SRC/events/01929
EV001930,NDX,NDX_BILLING,NDX-R01067,SUBMITTED,2023-02-20T20:37:00+00:00,2023-02-22T19:04:47+00:00,38246,USD,,false,NDX/SRC/events/01930
EV001931,NDX,NDX_BILLING,NDX-R01068,CORRECTED,2023-02-23T18:52:00+00:00,2023-02-24T02:14:38+00:00,41243,USD,,false,NDX/SRC/events/01931
EV001932,NDX,NDX_BILLING,,PAYMENT_POSTED,2023-03-06T14:47:00+00:00,2023-03-06T15:41:17+00:00,41243,USD,,false,NDX/SRC/events/01932
EV001933,NDX,NDX_BILLING,NDX-R01069,SUBMITTED,2022-09-26T14:31:00+00:00,2022-09-26T15:44:48+00:00,14837,USD,,false,NDX/SRC/events/01933
EV001934,NDX,NDX_BILLING,,PAYMENT_POSTED,2022-10-26T12:21:00+00:00,2022-10-27T01:03:04+00:00,14837,USD,,false,NDX/SRC/events/01934
EV001935,NDX,NDX_BILLING,NDX-R01070,SUBMITTED,2023-02-01T19:32:00+00:00,2023-02-15T22:59:10+00:00,10932,USD,,false,NDX/SRC/events/01935
EV001936,NDX,NDX_BILLING,,PAYMENT_POSTED,2023-02-13T18:13:00+00:00,2023-02-16T05:54:15+00:00,10932,USD,,false,NDX/SRC/events/01936
EV001937,NDX,NDX_BILLING,NDX-R01071,SUBMITTED,2023-01-02T18:26:00+00:00,2023-01-08T14:22:02+00:00,17388,USD,,false,NDX/SRC/events/01937
EV001938,NDX,NDX_BILLING,,PAYMENT_POSTED,2023-01-10T18:25:00+00:00,2023-01-10T21:33:29+00:00,17388,USD,,false,NDX/SRC/events/01938
EV001939,NDX,NDX_BILLING,NDX-R01072,SUBMITTED,2022-08-15T17:39:00+00:00,2022-08-16T13:07:45+00:00,4940,USD,,false,NDX/SRC/events/01939
EV001940,NDX,NDX_BILLING,,PAYMENT_POSTED,2022-08-19T12:57:00+00:00,2022-08-19T14:43:33+00:00,4940,USD,,false,NDX/SRC/events/01940
EV001941,NDX,NDX_BILLING,NDX-R01073,SUBMITTED,2023-06-05T18:27:00+00:00,2023-06-09T11:32:47+00:00,8082,USD,,false,NDX/SRC/events/01941
EV001942,NDX,NDX_BILLING,,PAYMENT_POSTED,2023-06-19T12:46:00+00:00,2023-06-26T11:05:56+00:00,8082,USD,,false,NDX/SRC/events/01942
EV001943,NDX,NDX_BILLING,NDX-R01074,SUBMITTED,2022-11-25T18:26:00+00:00,2022-11-26T01:19:42+00:00,30284,USD,,false,NDX/SRC/events/01943
EV001944,NDX,NDX_BILLING,,PAYMENT_POSTED,2022-11-29T15:40:00+00:00,2022-11-29T21:37:07+00:00,30284,USD,,false,NDX/SRC/events/01944
EV001945,NDX,NDX_BILLING,NDX-R01075,SUBMITTED,2023-02-06T18:03:00+00:00,2023-02-15T23:18:02+00:00,13754,USD,,false,NDX/SRC/events/01945
EV001946,NDX,NDX_BILLING,NDX-R01076,CORRECTED,2023-02-13T20:27:00+00:00,2023-05-06T01:53:16+00:00,13078,USD,,false,NDX/SRC/events/01946
EV001947,NDX,NDX_BILLING,NDX-R01075,VOID_VERSION,2023-02-13T20:27:00+00:00,2023-02-13T21:48:04+00:00,13754,USD,,false,NDX/SRC/events/01947
EV001948,NDX,NDX_BILLING,,PAYMENT_POSTED,2023-02-23T20:10:00+00:00,2023-02-26T19:43:49+00:00,13078,USD,,false,NDX/SRC/events/01948
EV001949,NDX,NDX_BILLING,NDX-R01077,SUBMITTED,2023-04-10T20:59:00+00:00,2023-04-14T20:00:43+00:00,17783,USD,,false,NDX/SRC/events/01949
EV001950,NDX,NDX_BILLING,,PAYMENT_POSTED,2023-04-28T12:13:00+00:00,2023-04-28T18:59:17+00:00,17783,USD,,false,NDX/SRC/events/01950
EV001951,NDX,NDX_BILLING,NDX-R01078,SUBMITTED,2023-07-10T19:01:00+00:00,2023-07-10T19:27:10+00:00,6943,USD,,false,NDX/SRC/events/01951
EV001952,NDX,NDX_BILLING,,PAYMENT_POSTED,2023-10-09T16:19:00+00:00,2023-10-10T00:12:54+00:00,6943,USD,,false,NDX/SRC/events/01952
EV001953,NDX,NDX_BILLING,NDX-R01079,SUBMITTED,2022-08-26T20:22:00+00:00,2022-08-27T02:25:54+00:00,25507,USD,,false,NDX/SRC/events/01953
EV001954,NDX,NDX_BILLING,,PAYMENT_POSTED,2022-09-29T17:00:00+00:00,2022-09-29T23:47:29+00:00,25507,USD,,false,NDX/SRC/events/01954
EV001955,NDX,NDX_BILLING,NDX-R01080,SUBMITTED,2022-09-19T14:40:00+00:00,2022-09-22T19:28:18+00:00,10789,USD,,false,NDX/SRC/events/01955
EV001956,NDX,NDX_BILLING,,PAYMENT_POSTED,2022-10-19T14:41:00+00:00,2022-10-19T17:44:11+00:00,10789,USD,,false,NDX/SRC/events/01956
EV001957,NDX,NDX_BILLING,NDX-R01081,SUBMITTED,2023-08-17T18:52:00+00:00,2023-08-17T19:45:45+00:00,32274,USD,,false,NDX/SRC/events/01957
EV001958,NDX,NDX_BILLING,,PAYMENT_POSTED,2023-10-09T20:10:00+00:00,2023-11-12T03:31:17+00:00,32274,USD,,false,NDX/SRC/events/01958
EV001959,NDX,NDX_BILLING,NDX-R01082,SUBMITTED,2022-10-26T19:28:00+00:00,2022-10-30T14:08:15+00:00,61580,USD,,false,NDX/SRC/events/01959
EV001960,NDX,NDX_BILLING,,PAYMENT_POSTED,2022-12-15T20:07:00+00:00,2022-12-22T17:50:52+00:00,61580,USD,,false,NDX/SRC/events/01960
EV001961,NDX,NDX_BILLING,NDX-R01083,SUBMITTED,2023-02-08T14:35:00+00:00,2023-02-12T09:47:15+00:00,29607,USD,,false,NDX/SRC/events/01961
EV001962,NDX,NDX_BILLING,,PAYMENT_POSTED,2023-03-09T18:40:00+00:00,2023-03-10T00:38:48+00:00,29607,USD,,false,NDX/SRC/events/01962
EV001963,NDX,NDX_BILLING,NDX-R01084,SUBMITTED,2023-07-03T19:40:00+00:00,2023-07-04T07:51:12+00:00,14562,USD,,false,NDX/SRC/events/01963
EV001964,NDX,NDX_BILLING,,PAYMENT_POSTED,2023-08-21T15:32:00+00:00,2023-08-27T19:42:19+00:00,14562,USD,,false,NDX/SRC/events/01964
EV001965,NDX,NDX_BILLING,NDX-R01085,SUBMITTED,2023-06-28T19:08:00+00:00,2023-07-05T09:14:10+00:00,6694,USD,,false,NDX/SRC/events/01965
EV001966,NDX,NDX_BILLING,NDX-R01086,SUBMITTED,2023-09-18T13:52:00+00:00,2023-09-20T05:18:51+00:00,22285,USD,,false,NDX/SRC/events/01966
EV001967,NDX,NDX_BILLING,,PAYMENT_POSTED,2023-10-05T13:36:00+00:00,2023-10-05T18:33:31+00:00,22285,USD,,false,NDX/SRC/events/01967
EV001968,NDX,NDX_BILLING,NDX-R01087,SUBMITTED,2022-09-27T18:43:00+00:00,2022-09-27T22:10:00+00:00,6563,USD,,false,NDX/SRC/events/01968
EV001969,NDX,NDX_BILLING,,PAYMENT_POSTED,2022-11-14T13:16:00+00:00,2022-11-14T14:19:38+00:00,6563,USD,,false,NDX/SRC/events/01969
EV001970,NDX,NDX_BILLING,NDX-R01088,SUBMITTED,2022-09-15T20:41:00+00:00,2022-09-15T23:26:34+00:00,10045,USD,,false,NDX/SRC/events/01970
EV001971,NDX,NDX_BILLING,,PAYMENT_POSTED,2022-10-07T14:12:00+00:00,2022-10-10T14:42:10+00:00,10045,USD,,false,NDX/SRC/events/01971
EV001972,NDX,NDX_BILLING,NDX-R01089,SUBMITTED,2022-12-05T18:40:00+00:00,2022-12-06T01:15:53+00:00,105577,USD,,false,NDX/SRC/events/01972
EV001973,NDX,NDX_BILLING,,PAYMENT_POSTED,2022-12-12T16:42:00+00:00,2022-12-12T19:10:00+00:00,105577,USD,,false,NDX/SRC/events/01973
EV001974,NDX,NDX_BILLING,NDX-R01090,SUBMITTED,2022-12-05T16:56:00+00:00,2022-12-10T09:30:44+00:00,13687,USD,,false,NDX/SRC/events/01974
EV001975,NDX,NDX_BILLING,NDX-R01091,SUBMITTED,2023-07-13T15:56:00+00:00,2023-07-13T22:53:02+00:00,7702,USD,,false,NDX/SRC/events/01975
EV001976,NDX,NDX_BILLING,,PAYMENT_POSTED,2023-08-03T20:20:00+00:00,2023-08-04T01:13:12+00:00,7702,USD,,false,NDX/SRC/events/01976
EV001977,NDX,NDX_BILLING,NDX-R01092,SUBMITTED,2023-07-10T20:30:00+00:00,2023-07-10T23:37:33+00:00,6908,USD,,false,NDX/SRC/events/01977
EV001978,NDX,NDX_BILLING,,PAYMENT_POSTED,2023-09-26T14:51:00+00:00,2023-10-08T18:12:39+00:00,6908,USD,,false,NDX/SRC/events/01978
EV001979,NDX,NDX_BILLING,NDX-R01093,SUBMITTED,2023-08-10T12:56:00+00:00,2023-08-10T15:34:32+00:00,5816,USD,,false,NDX/SRC/events/01979
EV001980,NDX,NDX_BILLING,,PAYMENT_POSTED,2023-09-11T13:36:00+00:00,2023-09-11T14:07:12+00:00,5816,USD,,false,NDX/SRC/events/01980
EV001981,NDX,NDX_BILLING,NDX-R01094,SUBMITTED,2023-07-13T12:27:00+00:00,2023-07-15T06:15:32+00:00,4408,USD,,false,NDX/SRC/events/01981
EV001982,NDX,NDX_BILLING,,PAYMENT_POSTED,2023-08-21T15:51:00+00:00,2023-08-22T21:23:07+00:00,4408,USD,,false,NDX/SRC/events/01982
EV001983,NDX,NDX_BILLING,NDX-R01095,SUBMITTED,2022-08-17T20:36:00+00:00,2022-08-18T00:56:30+00:00,29655,USD,,false,NDX/SRC/events/01983
EV001984,NDX,NDX_BILLING,,PAYMENT_POSTED,2022-09-08T20:03:00+00:00,2022-09-09T03:22:59+00:00,29655,USD,,false,NDX/SRC/events/01984
EV001985,NDX,NDX_BILLING,NDX-R01095,PAYMENT_REVERSED,2022-09-13T17:27:00+00:00,2022-09-13T23:04:00+00:00,29655,USD,EV001984,false,NDX/SRC/events/01985
EV001986,NDX,NDX_BILLING,NDX-R01096,SUBMITTED,2022-07-25T20:33:00+00:00,2022-07-29T20:44:16+00:00,68899,USD,,false,NDX/SRC/events/01986
EV001987,NDX,NDX_BILLING,,PAYMENT_POSTED,2022-08-17T17:43:00+00:00,2022-08-20T20:22:33+00:00,68899,USD,,false,NDX/SRC/events/01987
EV001988,NDX,NDX_BILLING,NDX-R01097,SUBMITTED,2022-11-14T18:26:00+00:00,2022-11-14T20:11:48+00:00,33229,USD,,false,NDX/SRC/events/01988
EV001989,NDX,NDX_BILLING,,PAYMENT_POSTED,2022-12-09T18:28:00+00:00,2022-12-09T21:25:21+00:00,33229,USD,,false,NDX/SRC/events/01989
EV001990,NDX,NDX_BILLING,NDX-R01098,SUBMITTED,2023-03-06T19:35:00+00:00,2023-03-17T16:28:47+00:00,11348,USD,,false,NDX/SRC/events/01990
EV001991,NDX,NDX_BILLING,NDX-R01099,CORRECTED,2023-03-13T12:58:00+00:00,2023-03-18T14:26:43+00:00,13404,USD,,false,NDX/SRC/events/01991
EV001992,NDX,NDX_BILLING,,PAYMENT_POSTED,2023-04-07T18:04:00+00:00,2023-04-08T00:30:42+00:00,13404,USD,,false,NDX/SRC/events/01992
EV001993,NDX,NDX_BILLING,NDX-R01100,SUBMITTED,2023-03-03T18:55:00+00:00,2023-03-04T02:27:42+00:00,29000,USD,,false,NDX/SRC/events/01993
EV001994,NDX,NDX_BILLING,NDX-R01101,SUBMITTED,2023-03-20T12:58:00+00:00,2023-03-21T16:42:48+00:00,10289,USD,,false,NDX/SRC/events/01994
EV001995,NDX,NDX_BILLING,NDX-R01101,CLOSED_NO_PAYMENT,2023-05-01T19:17:00+00:00,2023-05-03T18:24:57+00:00,,,,true,NDX/SRC/events/01995
EV001996,NDX,NDX_BILLING,NDX-R01102,SUBMITTED,2023-05-29T20:51:00+00:00,2023-07-22T05:44:05+00:00,24764,USD,,false,NDX/SRC/events/01996
EV001997,NDX,NDX_BILLING,,PAYMENT_POSTED,2023-06-13T13:12:00+00:00,2023-06-13T16:50:09+00:00,24764,USD,,false,NDX/SRC/events/01997
EV001998,NDX,NDX_BILLING,NDX-R01103,SUBMITTED,2022-12-26T19:47:00+00:00,2022-12-28T00:57:52+00:00,6965,USD,,false,NDX/SRC/events/01998
EV001999,NDX,NDX_BILLING,NDX-R01104,SUBMITTED,2023-09-04T13:26:00+00:00,2023-09-12T20:30:38+00:00,7758,USD,,false,NDX/SRC/events/01999
EV002000,NDX,NDX_BILLING,,PAYMENT_POSTED,2023-10-23T17:31:00+00:00,2023-10-23T22:17:09+00:00,7758,USD,,false,NDX/SRC/events/02000
EV002001,NDX,NDX_BILLING,NDX-R01105,SUBMITTED,2023-07-17T16:01:00+00:00,2023-07-17T19:05:12+00:00,35065,USD,,false,NDX/SRC/events/02001
EV002002,NDX,NDX_BILLING,,PAYMENT_POSTED,2023-08-02T18:06:00+00:00,2023-08-05T03:21:07+00:00,35065,USD,,false,NDX/SRC/events/02002
EV002003,NDX,NDX_BILLING,NDX-R01106,SUBMITTED,2023-06-26T15:45:00+00:00,2023-06-29T03:47:08+00:00,46571,USD,,false,NDX/SRC/events/02003
EV002004,NDX,NDX_BILLING,NDX-R01107,CORRECTED,2023-07-03T20:29:00+00:00,2023-07-04T15:50:05+00:00,58466,USD,,false,NDX/SRC/events/02004
EV002005,NDX,NDX_BILLING,NDX-R01106,VOID_VERSION,2023-07-03T20:29:00+00:00,2023-07-03T23:14:09+00:00,46571,USD,,false,NDX/SRC/events/02005
EV002006,NDX,NDX_BILLING,,PAYMENT_POSTED,2023-09-11T13:56:00+00:00,2023-10-02T13:56:00+00:00,58466,USD,,false,NDX/SRC/events/02006
EV002007,NDX,NDX_BILLING,NDX-R01108,SUBMITTED,2023-02-27T16:40:00+00:00,2023-02-27T22:14:51+00:00,142802,USD,,false,NDX/SRC/events/02007
EV002008,NDX,NDX_BILLING,NDX-R01109,SUBMITTED,2023-03-02T14:59:00+00:00,2023-03-02T21:28:39+00:00,8884,USD,,false,NDX/SRC/events/02008
EV002009,NDX,NDX_BILLING,,PAYMENT_POSTED,2023-03-20T18:12:00+00:00,2023-03-21T01:44:08+00:00,8884,USD,,false,NDX/SRC/events/02009
EV002010,NDX,NDX_BILLING,NDX-R01110,SUBMITTED,2022-07-08T16:58:00+00:00,2022-07-09T19:44:31+00:00,3355,USD,,false,NDX/SRC/events/02010
EV002011,NDX,NDX_BILLING,NDX-R01110,CLOSED_NO_PAYMENT,2022-11-04T14:51:00+00:00,2022-11-06T20:25:57+00:00,,,,true,NDX/SRC/events/02011
EV002012,NDX,NDX_BILLING,NDX-R01111,SUBMITTED,2022-07-05T19:35:00+00:00,2022-07-05T22:19:58+00:00,10247,USD,,false,NDX/SRC/events/02012
EV002013,NDX,NDX_BILLING,,PAYMENT_POSTED,2022-07-21T19:31:00+00:00,2022-07-24T10:39:54+00:00,10247,USD,,false,NDX/SRC/events/02013
EV002014,NDX,NDX_BILLING,NDX-R01112,SUBMITTED,2023-07-31T16:57:00+00:00,2023-08-01T00:29:42+00:00,53731,USD,,false,NDX/SRC/events/02014
EV002015,NDX,NDX_BILLING,,PAYMENT_POSTED,2023-08-25T17:00:00+00:00,2023-08-28T04:18:35+00:00,53731,USD,,false,NDX/SRC/events/02015
EV002016,NDX,NDX_BILLING,NDX-R01113,SUBMITTED,2023-02-02T21:38:00+00:00,2023-02-03T21:11:43+00:00,5671,USD,,false,NDX/SRC/events/02016
EV002017,NDX,NDX_BILLING,,PAYMENT_POSTED,2023-02-14T19:16:00+00:00,2023-02-20T05:32:44+00:00,5671,USD,,false,NDX/SRC/events/02017
EV002018,NDX,NDX_BILLING,NDX-R01114,SUBMITTED,2023-04-05T13:01:00+00:00,2023-04-05T18:01:16+00:00,16447,USD,,false,NDX/SRC/events/02018
EV002019,NDX,NDX_BILLING,,PAYMENT_POSTED,2023-05-02T18:16:00+00:00,2023-05-02T19:03:52+00:00,16447,USD,,false,NDX/SRC/events/02019
EV002020,NDX,NDX_BILLING,NDX-R01115,SUBMITTED,2023-03-10T14:05:00+00:00,2023-03-12T07:08:30+00:00,14062,USD,,false,NDX/SRC/events/02020
EV002021,NDX,NDX_BILLING,,PAYMENT_POSTED,2023-04-03T17:20:00+00:00,2023-04-05T01:10:33+00:00,14062,USD,,false,NDX/SRC/events/02021
EV002022,NDX,NDX_BILLING,NDX-R01116,SUBMITTED,2023-02-06T15:09:00+00:00,2023-02-08T23:48:58+00:00,13556,USD,,false,NDX/SRC/events/02022
EV002023,NDX,NDX_BILLING,NDX-R01117,CORRECTED,2023-02-17T19:42:00+00:00,2023-02-19T10:23:39+00:00,13690,USD,,false,NDX/SRC/events/02023
EV002024,NDX,NDX_BILLING,NDX-R01116,VOID_VERSION,2023-02-17T19:42:00+00:00,2023-02-20T16:34:41+00:00,13556,USD,,false,NDX/SRC/events/02024
EV002025,NDX,NDX_BILLING,NDX-R01117,CLOSED_NO_PAYMENT,2023-03-23T14:40:00+00:00,2023-03-25T12:37:07+00:00,,,,true,NDX/SRC/events/02025
EV002026,NDX,NDX_BILLING,NDX-R01118,SUBMITTED,2023-03-02T21:29:00+00:00,2023-03-04T12:23:12+00:00,10714,USD,,false,NDX/SRC/events/02026
EV002027,NDX,NDX_BILLING,,PAYMENT_POSTED,2023-03-07T19:30:00+00:00,2023-03-14T07:16:35+00:00,10714,USD,,false,NDX/SRC/events/02027
EV002028,NDX,NDX_BILLING,NDX-R01119,SUBMITTED,2022-12-14T13:26:00+00:00,2022-12-16T18:17:08+00:00,18427,USD,,false,NDX/SRC/events/02028
EV002029,NDX,NDX_BILLING,,PAYMENT_POSTED,2023-01-02T21:17:00+00:00,2023-01-03T03:53:46+00:00,18427,USD,,false,NDX/SRC/events/02029
EV002030,NDX,NDX_BILLING,NDX-R01120,SUBMITTED,2023-01-03T20:22:00+00:00,2023-01-03T22:03:50+00:00,12490,USD,,false,NDX/SRC/events/02030
EV002031,NDX,NDX_BILLING,NDX-R01121,CORRECTED,2023-01-05T20:59:00+00:00,2023-01-06T01:30:16+00:00,12170,USD,,false,NDX/SRC/events/02031
EV002032,NDX,NDX_BILLING,,PAYMENT_POSTED,2023-01-30T15:42:00+00:00,2023-01-30T19:32:37+00:00,12170,USD,,false,NDX/SRC/events/02032
EV002033,NDX,NDX_BILLING,NDX-R01122,SUBMITTED,2022-10-27T18:02:00+00:00,2022-11-10T04:14:51+00:00,2500,USD,,false,NDX/SRC/events/02033
EV002034,NDX,NDX_BILLING,,PAYMENT_POSTED,2022-11-10T18:28:00+00:00,2022-11-13T16:08:09+00:00,2500,USD,,false,NDX/SRC/events/02034
EV002035,NDX,NDX_BILLING,NDX-R01123,SUBMITTED,2022-07-07T18:43:00+00:00,2022-07-08T01:27:31+00:00,64849,USD,,false,NDX/SRC/events/02035
EV002036,NDX,NDX_BILLING,NDX-R01124,CORRECTED,2022-07-14T15:31:00+00:00,2022-07-15T23:53:26+00:00,60583,USD,,false,NDX/SRC/events/02036
EV002037,NDX,NDX_BILLING,NDX-R01125,SUBMITTED,2023-03-30T17:56:00+00:00,2023-04-07T06:31:28+00:00,50896,USD,,false,NDX/SRC/events/02037
EV002038,NDX,NDX_BILLING,,PAYMENT_POSTED,2023-04-10T18:46:00+00:00,2023-04-15T23:46:51+00:00,50896,USD,,false,NDX/SRC/events/02038
EV002039,NDX,NDX_BILLING,NDX-R01126,SUBMITTED,2023-03-30T20:20:00+00:00,2023-04-01T20:18:44+00:00,8096,USD,,false,NDX/SRC/events/02039
EV002040,NDX,NDX_BILLING,,PAYMENT_POSTED,2023-05-24T12:04:00+00:00,2023-05-24T14:29:28+00:00,8096,USD,,false,NDX/SRC/events/02040
EV002041,NDX,NDX_BILLING,NDX-R01127,SUBMITTED,2023-04-03T13:36:00+00:00,2023-04-04T03:48:44+00:00,10902,USD,,false,NDX/SRC/events/02041
EV002042,NDX,NDX_BILLING,,PAYMENT_POSTED,2023-06-21T19:13:00+00:00,2023-06-30T12:26:48+00:00,10902,USD,,false,NDX/SRC/events/02042
EV002043,NDX,NDX_BILLING,NDX-R01128,SUBMITTED,2023-03-29T15:09:00+00:00,2023-03-29T18:06:26+00:00,12872,USD,,false,NDX/SRC/events/02043
EV002044,NDX,NDX_BILLING,NDX-R01129,SUBMITTED,2023-05-01T14:55:00+00:00,2023-05-01T18:30:01+00:00,53279,USD,,false,NDX/SRC/events/02044
EV002045,NDX,NDX_BILLING,,PAYMENT_POSTED,2023-05-08T15:40:00+00:00,2023-05-11T22:08:58+00:00,53279,USD,,false,NDX/SRC/events/02045
EV002046,NDX,NDX_BILLING,NDX-R01130,SUBMITTED,2023-08-07T19:20:00+00:00,2023-08-10T18:51:44+00:00,32480,USD,,false,NDX/SRC/events/02046
EV002047,NDX,NDX_BILLING,,PAYMENT_POSTED,2023-09-11T12:48:00+00:00,2023-09-11T18:59:43+00:00,32480,USD,,false,NDX/SRC/events/02047
EV002048,NDX,NDX_BILLING,NDX-R01131,SUBMITTED,2023-08-07T15:03:00+00:00,2023-08-07T20:50:08+00:00,15832,USD,,false,NDX/SRC/events/02048
EV002049,NDX,NDX_BILLING,NDX-R01132,CORRECTED,2023-08-18T16:42:00+00:00,2023-08-18T18:04:53+00:00,20086,USD,,false,NDX/SRC/events/02049
EV002050,NDX,NDX_BILLING,NDX-R01131,VOID_VERSION,2023-08-18T16:42:00+00:00,2023-08-21T13:49:30+00:00,15832,USD,,false,NDX/SRC/events/02050
EV002051,NDX,NDX_BILLING,,PAYMENT_POSTED,2023-08-21T16:01:00+00:00,2023-08-21T18:52:55+00:00,20086,USD,,false,NDX/SRC/events/02051
EV002052,NDX,NDX_BILLING,NDX-R01133,SUBMITTED,2022-08-04T13:20:00+00:00,2022-08-06T14:44:42+00:00,34111,USD,,false,NDX/SRC/events/02052
EV002053,NDX,NDX_BILLING,,PAYMENT_POSTED,2022-09-19T13:57:00+00:00,2022-09-23T05:39:34+00:00,34111,USD,,false,NDX/SRC/events/02053
EV002055,NDX,NDX_BILLING,,PAYMENT_POSTED,2023-01-02T17:26:00+00:00,2023-01-02T23:36:50+00:00,5108,USD,,false,NDX/SRC/events/02055
EV002056,NDX,NDX_BILLING,NDX-R01135,SUBMITTED,2022-11-18T21:30:00+00:00,2022-11-24T21:04:33+00:00,24871,USD,,false,NDX/SRC/events/02056
EV002057,NDX,NDX_BILLING,,PAYMENT_POSTED,2022-12-05T19:08:00+00:00,2022-12-06T01:17:31+00:00,24871,USD,,false,NDX/SRC/events/02057
EV002058,NDX,NDX_BILLING,NDX-R01136,SUBMITTED,2023-05-18T17:02:00+00:00,2023-05-18T21:18:18+00:00,21746,USD,,false,NDX/SRC/events/02058
EV002059,NDX,NDX_BILLING,,PAYMENT_POSTED,2023-06-22T12:27:00+00:00,2023-06-22T14:13:31+00:00,21746,USD,,false,NDX/SRC/events/02059
EV002060,NDX,NDX_BILLING,NDX-R01137,SUBMITTED,2023-09-29T19:45:00+00:00,2023-09-30T02:51:37+00:00,9159,USD,,false,NDX/SRC/events/02060
EV002061,NDX,NDX_BILLING,NDX-R01138,CORRECTED,2023-10-02T13:15:00+00:00,2023-10-02T17:36:54+00:00,11590,USD,,false,NDX/SRC/events/02061
EV002062,NDX,NDX_BILLING,NDX-R01137,VOID_VERSION,2023-10-02T13:15:00+00:00,2023-10-03T10:21:39+00:00,9159,USD,,false,NDX/SRC/events/02062
EV002063,NDX,NDX_BILLING,,PAYMENT_POSTED,2023-10-09T19:50:00+00:00,2023-10-09T23:35:36+00:00,11590,USD,,false,NDX/SRC/events/02063
EV002064,NDX,NDX_BILLING,NDX-R01139,SUBMITTED,2023-05-11T14:47:00+00:00,2023-05-11T20:24:04+00:00,6683,USD,,false,NDX/SRC/events/02064
EV002065,NDX,NDX_BILLING,NDX-R01140,SUBMITTED,2022-07-15T12:13:00+00:00,2022-07-17T22:34:45+00:00,6581,USD,,false,NDX/SRC/events/02065
EV002066,NDX,NDX_BILLING,,PAYMENT_POSTED,2022-09-12T17:08:00+00:00,2022-09-12T21:17:22+00:00,6581,USD,,false,NDX/SRC/events/02066
EV002067,NDX,NDX_BILLING,NDX-R01141,SUBMITTED,2023-07-10T16:28:00+00:00,2023-07-11T00:11:08+00:00,4788,USD,,false,NDX/SRC/events/02067
EV002068,NDX,NDX_BILLING,NDX-R01142,CORRECTED,2023-07-11T13:24:00+00:00,2023-07-11T19:45:12+00:00,5332,USD,,false,NDX/SRC/events/02068
EV002069,NDX,NDX_BILLING,NDX-R01141,VOID_VERSION,2023-07-11T13:24:00+00:00,2023-07-12T15:35:06+00:00,4788,USD,,false,NDX/SRC/events/02069
EV002070,NDX,NDX_BILLING,,PAYMENT_POSTED,2023-08-30T15:41:00+00:00,2023-09-01T08:21:57+00:00,5332,USD,,false,NDX/SRC/events/02070
EV002071,NDX,NDX_BILLING,NDX-R01143,SUBMITTED,2022-07-26T18:18:00+00:00,2022-07-27T22:44:29+00:00,8851,USD,,false,NDX/SRC/events/02071
EV002072,NDX,NDX_BILLING,,PAYMENT_POSTED,2022-08-23T20:17:00+00:00,2022-08-25T04:56:03+00:00,8851,USD,,false,NDX/SRC/events/02072
EV002073,NDX,NDX_BILLING,NDX-R01144,SUBMITTED,2023-01-02T17:28:00+00:00,2023-01-09T19:15:13+00:00,11452,USD,,false,NDX/SRC/events/02073
EV002074,NDX,NDX_BILLING,,PAYMENT_POSTED,2023-01-09T20:41:00+00:00,2023-01-10T01:02:33+00:00,11452,USD,,false,NDX/SRC/events/02074
EV002075,NDX,NDX_BILLING,NDX-R01145,SUBMITTED,2022-08-03T13:57:00+00:00,2022-08-05T06:56:59+00:00,18962,USD,,false,NDX/SRC/events/02075
EV002076,NDX,NDX_BILLING,,PAYMENT_POSTED,2022-09-29T19:29:00+00:00,2022-10-01T11:50:22+00:00,18962,USD,,false,NDX/SRC/events/02076
EV002077,NDX,NDX_BILLING,NDX-R01146,SUBMITTED,2022-08-08T15:50:00+00:00,2022-08-11T17:28:48+00:00,26484,USD,,false,NDX/SRC/events/02077
EV002078,NDX,NDX_BILLING,,PAYMENT_POSTED,2022-08-29T18:16:00+00:00,2022-09-05T00:15:37+00:00,26484,USD,,false,NDX/SRC/events/02078
EV002079,NDX,NDX_BILLING,NDX-R01147,SUBMITTED,2022-11-07T19:35:00+00:00,2022-11-08T02:45:25+00:00,17337,USD,,false,NDX/SRC/events/02079
EV002080,NDX,NDX_BILLING,NDX-R01148,SUBMITTED,2022-12-09T19:12:00+00:00,2022-12-09T22:39:39+00:00,9755,USD,,false,NDX/SRC/events/02080
EV002081,NDX,NDX_BILLING,,PAYMENT_POSTED,2023-01-09T18:38:00+00:00,2023-01-09T21:56:09+00:00,9755,USD,,false,NDX/SRC/events/02081
EV002082,NDX,NDX_BILLING,NDX-R01149,SUBMITTED,2023-07-05T19:11:00+00:00,2023-07-14T02:21:46+00:00,70796,USD,,false,NDX/SRC/events/02082
EV002083,NDX,NDX_BILLING,,PAYMENT_POSTED,2023-07-17T15:09:00+00:00,2023-07-17T18:16:34+00:00,70796,USD,,false,NDX/SRC/events/02083
EV002084,NDX,NDX_BILLING,NDX-R01150,SUBMITTED,2023-09-27T16:11:00+00:00,2023-09-29T03:46:45+00:00,21674,USD,,false,NDX/SRC/events/02084
EV002085,NDX,NDX_BILLING,,PAYMENT_POSTED,2023-10-23T16:41:00+00:00,2023-10-26T03:47:36+00:00,21674,USD,,false,NDX/SRC/events/02085
EV002086,NDX,NDX_BILLING,NDX-R01151,SUBMITTED,2023-06-19T18:19:00+00:00,2023-06-27T13:41:10+00:00,7986,USD,,false,NDX/SRC/events/02086
EV002087,NDX,NDX_BILLING,NDX-R01152,SUBMITTED,2022-09-12T16:10:00+00:00,2022-09-12T21:15:05+00:00,7672,USD,,false,NDX/SRC/events/02087
EV002088,NDX,NDX_BILLING,NDX-R01153,CORRECTED,2022-09-14T18:44:00+00:00,2022-09-18T08:36:37+00:00,9217,USD,,false,NDX/SRC/events/02088
EV002089,NDX,NDX_BILLING,NDX-R01152,VOID_VERSION,2022-09-14T18:44:00+00:00,2022-09-15T10:09:44+00:00,7672,USD,,false,NDX/SRC/events/02089
EV002090,NDX,NDX_BILLING,,PAYMENT_POSTED,2022-09-28T14:58:00+00:00,2022-10-07T18:26:35+00:00,9217,USD,,false,NDX/SRC/events/02090
EV002091,NDX,NDX_BILLING,NDX-R01154,SUBMITTED,2023-05-29T15:09:00+00:00,2023-05-29T21:09:12+00:00,74752,USD,,false,NDX/SRC/events/02091
EV002092,NDX,NDX_BILLING,,PAYMENT_POSTED,2023-07-28T17:55:00+00:00,2023-08-01T01:57:01+00:00,74752,USD,,false,NDX/SRC/events/02092
EV002093,NDX,NDX_BILLING,NDX-R01155,SUBMITTED,2023-05-10T12:55:00+00:00,2023-05-23T16:24:03+00:00,8783,USD,,false,NDX/SRC/events/02093
EV002094,NDX,NDX_BILLING,,PAYMENT_POSTED,2023-06-05T13:41:00+00:00,2023-06-06T08:47:57+00:00,8783,USD,,false,NDX/SRC/events/02094
EV002095,NDX,NDX_BILLING,NDX-R01156,SUBMITTED,2023-04-04T17:32:00+00:00,2023-04-07T07:27:59+00:00,36960,USD,,false,NDX/SRC/events/02095
EV002096,NDX,NDX_BILLING,,PAYMENT_POSTED,2023-04-24T16:46:00+00:00,2023-04-24T23:31:18+00:00,36960,USD,,false,NDX/SRC/events/02096
EV002097,NDX,NDX_BILLING,NDX-R01157,SUBMITTED,2023-04-25T13:22:00+00:00,2023-04-29T06:39:01+00:00,10670,USD,,false,NDX/SRC/events/02097
EV002098,NDX,NDX_BILLING,NDX-R01158,CORRECTED,2023-05-05T12:05:00+00:00,2023-05-05T17:43:40+00:00,10009,USD,,false,NDX/SRC/events/02098
EV002099,NDX,NDX_BILLING,NDX-R01159,SUBMITTED,2023-09-06T12:07:00+00:00,2023-09-06T14:50:38+00:00,87626,USD,,false,NDX/SRC/events/02099
EV002101,NDX,NDX_BILLING,NDX-R01160,SUBMITTED,2022-09-19T12:56:00+00:00,2022-09-19T15:55:34+00:00,69693,USD,,false,NDX/SRC/events/02101
EV002102,NDX,NDX_BILLING,NDX-R01161,SUBMITTED,2023-01-20T20:23:00+00:00,2023-01-27T12:22:44+00:00,9222,USD,,false,NDX/SRC/events/02102
EV002103,NDX,NDX_BILLING,,PAYMENT_POSTED,2023-02-09T21:21:00+00:00,2023-02-10T04:17:26+00:00,9222,USD,,false,NDX/SRC/events/02103
EV002104,NDX,NDX_BILLING,NDX-R01162,SUBMITTED,2022-11-14T13:19:00+00:00,2022-11-14T13:34:51+00:00,5067,USD,,false,NDX/SRC/events/02104
EV002105,NDX,NDX_BILLING,,PAYMENT_POSTED,2022-11-24T14:13:00+00:00,2022-11-24T15:02:16+00:00,5067,USD,,false,NDX/SRC/events/02105
EV002106,NDX,NDX_BILLING,NDX-R01163,SUBMITTED,2022-11-10T19:25:00+00:00,2022-11-10T20:33:09+00:00,15000,USD,,false,NDX/SRC/events/02106
EV002107,NDX,NDX_BILLING,NDX-R01164,SUBMITTED,2022-07-04T14:20:00+00:00,2022-07-11T00:17:30+00:00,11171,USD,,false,NDX/SRC/events/02107
EV002108,NDX,NDX_BILLING,,PAYMENT_POSTED,2022-07-19T17:52:00+00:00,2022-07-20T00:40:12+00:00,11171,USD,,false,NDX/SRC/events/02108
EV002109,NDX,NDX_BILLING,NDX-R01165,SUBMITTED,2023-02-13T13:58:00+00:00,2023-02-13T18:37:19+00:00,4845,USD,,false,NDX/SRC/events/02109
EV002110,NDX,NDX_BILLING,,PAYMENT_POSTED,2023-03-06T14:21:00+00:00,2023-03-06T16:12:17+00:00,4845,USD,,false,NDX/SRC/events/02110
EV002112,NDX,NDX_BILLING,,PAYMENT_POSTED,2023-06-01T19:44:00+00:00,2023-06-07T13:53:07+00:00,16516,USD,,false,NDX/SRC/events/02112
EV002113,NDX,NDX_BILLING,NDX-R01167,SUBMITTED,2023-02-13T16:31:00+00:00,2023-02-13T20:36:26+00:00,32115,USD,,false,NDX/SRC/events/02113
EV002114,NDX,NDX_BILLING,,PAYMENT_POSTED,2023-02-24T15:34:00+00:00,2023-02-24T21:45:27+00:00,32115,USD,,false,NDX/SRC/events/02114
EV002115,NDX,NDX_BILLING,,PAYMENT_POSTED,2022-07-21T19:31:00+00:00,2022-07-24T10:39:54+00:00,10247,USD,,false,NDX/SRC/events/02013-DUP
EV002116,CPL,CPL_BILLING,,PAYMENT_POSTED,2022-12-19T17:17:00+00:00,2022-12-21T03:11:51+00:00,7010,USD,,false,CPL/SRC/events/00401-DUP
EV002117,CPL,CPL_BILLING,,PAYMENT_POSTED,2022-07-21T14:49:00+00:00,2022-07-21T16:00:35+00:00,116801,USD,,false,CPL/SRC/events/00576-DUP
EV002118,TRI,TRI_BILLING,TRI-R00539,SUBMITTED,2023-08-14T18:30:00+00:00,2023-08-19T21:27:44+00:00,11509,USD,,false,TRI/SRC/events/00968-DUP
EV002119,CPL,CPL_BILLING,,PAYMENT_POSTED,2023-02-02T17:19:00+00:00,2023-02-05T18:06:22+00:00,4196,USD,,false,CPL/SRC/events/00510-DUP
EV002120,NDX,NDX_BILLING,NDX-R01040,SUBMITTED,2023-02-23T17:11:00+00:00,2023-02-23T23:27:58+00:00,12447,USD,,false,NDX/SRC/events/01883-DUP
EV002121,TRI,TRI_BILLING,TRI-R00502,SUBMITTED,2023-06-19T18:03:00+00:00,2023-06-21T19:00:14+00:00,5210,USD,,false,TRI/SRC/events/00906-DUP
EV002122,TRI,TRI_BILLING,,PAYMENT_POSTED,2023-04-06T22:03:00+00:00,2023-04-08T07:51:41+00:00,12674,USD,,false,TRI/SRC/events/01551-DUP
EV002123,CPL,CPL_BILLING,CPL-R00299,SUBMITTED,2022-12-30T19:34:00+00:00,2022-12-31T00:59:14+00:00,5869,USD,,false,CPL/SRC/events/00538-DUP
EV002124,NDX,NDX_BILLING,,PAYMENT_POSTED,2023-01-09T20:41:00+00:00,2023-01-10T01:02:33+00:00,11452,USD,,false,NDX/SRC/events/02074-DUP
EV002125,NDX,NDX_BILLING,NDX-R01116,VOID_VERSION,2023-02-17T19:42:00+00:00,2023-02-20T16:34:41+00:00,13556,USD,,false,NDX/SRC/events/02024-DUP
EV002126,CPL,CPL_BILLING,CPL-R00333,SUBMITTED,2022-08-01T20:14:00+00:00,2022-08-01T21:49:43+00:00,5176,USD,,false,CPL/SRC/events/00599-DUP
EV002127,NDX,NDX_BILLING,,PAYMENT_POSTED,2023-08-25T17:00:00+00:00,2023-08-28T04:18:35+00:00,53731,USD,,false,NDX/SRC/events/02015-DUP
EV002128,TRI,TRI_BILLING,,PAYMENT_POSTED,2023-07-03T16:35:00+00:00,2023-07-04T06:24:23+00:00,208903,USD,,false,TRI/SRC/events/00864-DUP
EV002129,CPL,CPL_BILLING,,PAYMENT_POSTED,2023-10-23T19:31:00+00:00,2023-10-26T06:27:36+00:00,8419,USD,,false,CPL/SRC/events/00024-DUP
EV002130,NDX,NDX_BILLING,,PAYMENT_POSTED,2022-11-21T14:29:00+00:00,2022-11-21T15:16:25+00:00,26506,USD,,false,NDX/SRC/events/01793-DUP
EV002131,NDX,NDX_BILLING,,PAYMENT_POSTED,2022-07-19T17:52:00+00:00,2022-07-20T00:40:12+00:00,11171,USD,,false,NDX/SRC/events/02108-DUP
EV002132,TRI,TRI_BILLING,,PAYMENT_POSTED,2022-12-06T22:13:00+00:00,2022-12-27T22:13:00+00:00,6462,USD,,false,TRI/SRC/events/01059-DUP
EV002133,CPL,CPL_BILLING,CPL-R00438,SUBMITTED,2023-06-09T13:48:00+00:00,2023-06-10T10:34:18+00:00,28933,USD,,false,CPL/SRC/events/00790-DUP
EV002134,TRI,TRI_BILLING,,PAYMENT_POSTED,2023-06-08T15:12:00+00:00,2023-06-08T19:03:01+00:00,3042,USD,,false,TRI/SRC/events/01442-DUP
EV002135,TRI,TRI_BILLING,,PAYMENT_POSTED,2023-10-04T21:36:00+00:00,2023-10-12T05:05:22+00:00,10650,USD,,false,TRI/SRC/events/01381-DUP
EV002136,CPL,CPL_BILLING,,UNKNOWN,2022-09-09T18:51:00+00:00,2022-09-11T14:11:35+00:00,,,,false,CPL/SRC/events/02136
EV002137,NDX,NDX_BILLING,,UNKNOWN,2023-01-26T15:11:00+00:00,2023-02-02T16:27:27+00:00,,,,false,NDX/SRC/events/02137
EV002138,TRI,TRI_BILLING,,UNKNOWN,2022-10-24T19:54:00+00:00,2022-10-30T23:25:00+00:00,,,,false,TRI/SRC/events/02138
EV002139,TRI,TRI_BILLING,,UNKNOWN,2022-10-03T15:37:00+00:00,2022-10-04T10:00:23+00:00,,,,false,TRI/SRC/events/02139
EV002140,NDX,NDX_BILLING,,UNKNOWN,2023-08-14T16:05:00+00:00,2023-08-14T19:25:47+00:00,,,,false,NDX/SRC/events/02140
EV002141,NDX,NDX_BILLING,,UNKNOWN,2023-06-30T15:27:00+00:00,2023-06-30T18:52:13+00:00,,,,false,NDX/SRC/events/02141
EV002142,NDX,NDX_BILLING,,UNKNOWN,2023-01-20T20:43:00+00:00,2023-01-22T06:47:10+00:00,,,,false,NDX/SRC/events/02142
EV002143,CPL,CPL_BILLING,,UNKNOWN,2023-05-17T16:46:00+00:00,2023-05-20T07:27:44+00:00,,,,false,CPL/SRC/events/02143
EV002144,TRI,TRI_BILLING,,UNKNOWN,2023-04-06T16:36:00+00:00,2023-04-06T17:28:23+00:00,,,,false,TRI/SRC/events/02144
EV002145,CPL,CPL_BILLING,,UNKNOWN,2022-09-26T19:12:00+00:00,2022-09-26T21:13:54+00:00,,,,false,CPL/SRC/events/02145
