event_id,org_token,source_system,bill_record_id,event_type,event_at,available_at,amount_minor,currency,reverses_event_id,terminal_flag,source_ref
EV000001,WCP,WCP_CLAIMS,WCP-R00001,SUBMITTED,2023-07-17T10:03:00-05:00,2023-07-19T03:17:56-05:00,35144,USD,,false,CPL/SRC/events/00001
EV000002,WCP,WCP_CLAIMS,,PAYMENT_POSTED,2023-08-07T10:28:00-05:00,2023-08-08T07:58:16-05:00,35144,USD,,false,CPL/SRC/events/00002
EV000003,WCP,WCP_CLAIMS,WCP-R00002,SUBMITTED,2023-02-16T16:27:00-06:00,2023-02-18T15:21:09-06:00,6135,USD,,false,CPL/SRC/events/00003
EV000004,WCP,WCP_CLAIMS,,PAYMENT_POSTED,2023-03-01T12:00:00-06:00,2023-03-03T06:38:27-06:00,6135,USD,,false,CPL/SRC/events/00004
EV000005,WCP,WCP_CLAIMS,WCP-R00003,SUBMITTED,2023-02-13T13:02:00-06:00,2023-02-15T05:30:36-06:00,6503,USD,,false,CPL/SRC/events/00005
EV000006,WCP,WCP_CLAIMS,WCP-R00004,SUBMITTED,2023-06-05T11:36:00-05:00,2023-06-05T13:35:33-05:00,38800,USD,,false,CPL/SRC/events/00006
EV000007,WCP,WCP_CLAIMS,WCP-R00005,SUBMITTED,2022-07-07T10:29:00-05:00,2022-07-09T16:11:28-05:00,4392,USD,,false,CPL/SRC/events/00007
EV000008,WCP,WCP_CLAIMS,,PAYMENT_POSTED,2022-07-27T15:14:00-05:00,2022-07-27T22:19:02-05:00,4392,USD,,false,CPL/SRC/events/00008
EV000009,WCP,WCP_CLAIMS,WCP-R00006,SUBMITTED,2023-03-10T14:32:00-06:00,2023-03-10T17:34:24-06:00,64852,USD,,false,CPL/SRC/events/00009
EV000010,WCP,WCP_CLAIMS,WCP-R00007,CORRECTED,2023-03-15T16:06:00-05:00,2023-03-19T06:50:24-05:00,58710,USD,,false,CPL/SRC/events/00010
EV000011,WCP,WCP_CLAIMS,,PAYMENT_POSTED,2023-04-12T13:59:00-05:00,2023-04-15T09:07:26-05:00,58710,USD,,false,CPL/SRC/events/00011
EV000012,WCP,WCP_CLAIMS,WCP-R00007,PAYMENT_REVERSED,2023-04-17T16:30:00-05:00,2023-04-17T18:10:05-05:00,39677,USD,EV000011,false,CPL/SRC/events/00012
EV000013,WCP,WCP_CLAIMS,WCP-R00008,SUBMITTED,2022-11-21T16:51:00-06:00,2022-11-30T22:45:48-06:00,2602,USD,,false,CPL/SRC/events/00013
EV000014,WCP,WCP_CLAIMS,,PAYMENT_POSTED,2022-12-12T13:46:00-06:00,2022-12-14T09:59:55-06:00,2602,USD,,false,CPL/SRC/events/00014
EV000015,WCP,WCP_CLAIMS,WCP-R00009,SUBMITTED,2023-06-05T14:40:00-05:00,2023-06-05T16:22:10-05:00,4641,USD,,false,CPL/SRC/events/00015
EV000016,WCP,WCP_CLAIMS,WCP-R00010,CORRECTED,2023-06-09T16:48:00-05:00,2023-06-11T09:37:17-05:00,4389,USD,,false,CPL/SRC/events/00016
EV000017,WCP,WCP_CLAIMS,,PAYMENT_POSTED,2023-07-03T15:05:00-05:00,2023-07-03T18:26:03-05:00,4389,USD,,false,CPL/SRC/events/00017
EV000018,WCP,WCP_CLAIMS,WCP-R00011,SUBMITTED,2022-09-22T10:02:00-05:00,2022-09-22T12:05:49-05:00,9945,USD,,false,CPL/SRC/events/00018
EV000019,WCP,WCP_CLAIMS,,PAYMENT_POSTED,2022-10-05T10:35:00-05:00,2022-10-05T16:02:18-05:00,9945,USD,,false,CPL/SRC/events/00019
EV000020,WCP,WCP_CLAIMS,WCP-R00012,SUBMITTED,2022-10-17T09:45:00-05:00,2022-10-28T20:00:14-05:00,211820,USD,,false,CPL/SRC/events/00020
EV000021,WCP,WCP_CLAIMS,,PAYMENT_POSTED,2022-10-31T13:18:00-05:00,2022-11-01T05:43:20-05:00,211820,USD,,false,CPL/SRC/events/00021
EV000022,WCP,WCP_CLAIMS,WCP-R00013,SUBMITTED,2023-04-13T12:39:00-05:00,2023-04-13T18:27:15-05:00,19824,USD,,false,CPL/SRC/events/00022
EV000023,WCP,WCP_CLAIMS,,PAYMENT_POSTED,2023-05-04T11:01:00-05:00,2023-05-23T01:11:09-05:00,19824,USD,,false,CPL/SRC/events/00023
EV000024,WCP,WCP_CLAIMS,WCP-R00014,SUBMITTED,2023-04-10T12:59:00-05:00,2023-04-10T18:18:59-05:00,11916,USD,,false,CPL/SRC/events/00024
EV000025,WCP,WCP_CLAIMS,WCP-R00015,SUBMITTED,2023-04-27T14:34:00-05:00,2023-04-30T17:50:58-05:00,6978,USD,,false,CPL/SRC/events/00025
EV000026,WCP,WCP_CLAIMS,WCP-R00016,SUBMITTED,2023-06-12T15:29:00-05:00,2023-06-15T15:06:26-05:00,3831,USD,,false,CPL/SRC/events/00026
EV000027,WCP,WCP_CLAIMS,WCP-R00017,CORRECTED,2023-06-19T08:46:00-05:00,2023-06-22T14:28:26-05:00,4510,USD,,false,CPL/SRC/events/00027
EV000028,WCP,WCP_CLAIMS,WCP-R00016,VOID_VERSION,2023-06-19T08:46:00-05:00,2023-06-28T02:48:54-05:00,3831,USD,,false,CPL/SRC/events/00028
EV000029,WCP,WCP_CLAIMS,WCP-R00018,SUBMITTED,2022-08-29T14:24:00-05:00,2022-08-29T19:33:56-05:00,19394,USD,,false,CPL/SRC/events/00029
EV000030,WCP,WCP_CLAIMS,,PAYMENT_POSTED,2022-09-20T16:19:00-05:00,2022-09-20T19:24:15-05:00,19394,USD,,false,CPL/SRC/events/00030
EV000031,WCP,WCP_CLAIMS,WCP-R00019,SUBMITTED,2023-05-26T14:22:00-05:00,2023-05-26T20:28:25-05:00,7588,USD,,false,CPL/SRC/events/00031
EV000032,WCP,WCP_CLAIMS,WCP-R00020,SUBMITTED,2022-10-25T09:26:00-05:00,2022-10-25T15:27:41-05:00,15430,USD,,false,CPL/SRC/events/00032
EV000033,WCP,WCP_CLAIMS,,PAYMENT_POSTED,2022-11-28T08:50:00-06:00,2022-11-28T12:40:23-06:00,15430,USD,,false,CPL/SRC/events/00033
EV000034,WCP,WCP_CLAIMS,WCP-R00021,SUBMITTED,2023-06-19T10:53:00-05:00,2023-06-19T11:58:12-05:00,15726,USD,,false,CPL/SRC/events/00034
EV000035,WCP,WCP_CLAIMS,WCP-R00022,CORRECTED,2023-06-29T09:10:00-05:00,2023-06-29T13:25:46-05:00,16929,USD,,false,CPL/SRC/events/00035
EV000036,WCP,WCP_CLAIMS,WCP-R00021,VOID_VERSION,2023-06-29T09:10:00-05:00,2023-07-02T06:42:22-05:00,15726,USD,,false,CPL/SRC/events/00036
EV000037,WCP,WCP_CLAIMS,,PAYMENT_POSTED,2023-07-10T09:10:00-05:00,2023-07-10T10:20:36-05:00,16929,USD,,false,CPL/SRC/events/00037
EV000038,WCP,WCP_CLAIMS,WCP-R00023,SUBMITTED,2023-08-03T12:54:00-05:00,2023-08-07T04:32:40-05:00,5790,USD,,false,CPL/SRC/events/00038
EV000039,WCP,WCP_CLAIMS,,PAYMENT_POSTED,2023-08-23T15:49:00-05:00,2023-08-24T17:24:26-05:00,5790,USD,,false,CPL/SRC/events/00039
EV000040,WCP,WCP_CLAIMS,WCP-R00024,SUBMITTED,2023-09-18T10:50:00-05:00,2023-09-18T18:33:36-05:00,18044,USD,,false,CPL/SRC/events/00040
EV000041,WCP,WCP_CLAIMS,,PAYMENT_POSTED,2023-10-16T16:35:00-05:00,2023-10-20T07:42:50-05:00,18044,USD,,false,CPL/SRC/events/00041
EV000042,WCP,WCP_CLAIMS,WCP-R00025,SUBMITTED,2023-07-03T08:33:00-05:00,2023-07-03T16:13:15-05:00,186236,USD,,false,CPL/SRC/events/00042
EV000043,WCP,WCP_CLAIMS,,PAYMENT_POSTED,2023-07-10T12:31:00-05:00,2023-07-11T11:53:14-05:00,186236,USD,,false,CPL/SRC/events/00043
EV000044,WCP,WCP_CLAIMS,WCP-R00026,SUBMITTED,2022-11-25T09:00:00-06:00,2022-11-27T01:10:08-06:00,5751,USD,,false,CPL/SRC/events/00044
EV000045,WCP,WCP_CLAIMS,,PAYMENT_POSTED,2023-01-02T09:02:00-06:00,2023-01-04T19:47:43-06:00,5751,USD,,false,CPL/SRC/events/00045
EV000046,WCP,WCP_CLAIMS,WCP-R00027,SUBMITTED,2023-07-10T08:20:00-05:00,2023-07-11T11:34:27-05:00,25275,USD,,false,CPL/SRC/events/00046
EV000047,WCP,WCP_CLAIMS,WCP-R00028,CORRECTED,2023-07-20T15:17:00-05:00,2023-07-20T16:49:58-05:00,25917,USD,,false,CPL/SRC/events/00047
EV000048,WCP,WCP_CLAIMS,WCP-R00027,VOID_VERSION,2023-07-20T15:17:00-05:00,2023-07-20T18:47:10-05:00,25275,USD,,false,CPL/SRC/events/00048
EV000049,WCP,WCP_CLAIMS,,PAYMENT_POSTED,2023-07-17T13:19:00-05:00,2023-07-17T18:00:35-05:00,25917,USD,,false,CPL/SRC/events/00049
EV000050,WCP,WCP_CLAIMS,WCP-R00029,SUBMITTED,2023-07-10T11:16:00-05:00,2023-07-10T18:12:44-05:00,11815,USD,,false,CPL/SRC/events/00050
EV000051,WCP,WCP_CLAIMS,WCP-R00030,SUBMITTED,2023-05-08T12:49:00-05:00,2023-05-10T20:35:00-05:00,10655,USD,,false,CPL/SRC/events/00051
EV000052,WCP,WCP_CLAIMS,,PAYMENT_POSTED,2023-06-19T11:14:00-05:00,2023-06-20T00:20:47-05:00,10655,USD,,false,CPL/SRC/events/00052
EV000053,WCP,WCP_CLAIMS,WCP-R00031,SUBMITTED,2022-07-29T11:17:00-05:00,2022-07-29T14:43:27-05:00,18984,USD,,false,CPL/SRC/events/00053
EV000054,WCP,WCP_CLAIMS,,PAYMENT_POSTED,2022-09-19T09:08:00-05:00,2022-09-19T15:18:09-05:00,18984,USD,,false,CPL/SRC/events/00054
EV000055,WCP,WCP_CLAIMS,WCP-R00032,SUBMITTED,2023-08-16T11:04:00-05:00,2023-08-19T21:39:38-05:00,7055,USD,,false,CPL/SRC/events/00055
EV000056,WCP,WCP_CLAIMS,,PAYMENT_POSTED,2023-08-21T12:13:00-05:00,2023-08-21T13:37:13-05:00,7055,USD,,false,CPL/SRC/events/00056
EV000057,WCP,WCP_CLAIMS,WCP-R00033,SUBMITTED,2022-07-12T12:37:00-05:00,2022-07-16T18:25:09-05:00,34126,USD,,false,CPL/SRC/events/00057
EV000058,WCP,WCP_CLAIMS,,PAYMENT_POSTED,2022-08-10T08:39:00-05:00,2022-08-15T05:38:50-05:00,34126,USD,,false,CPL/SRC/events/00058
EV000059,WCP,WCP_CLAIMS,WCP-R00034,SUBMITTED,2022-07-11T10:19:00-05:00,2022-07-13T03:01:53-05:00,5507,USD,,false,CPL/SRC/events/00059
EV000060,WCP,WCP_CLAIMS,WCP-R00033,PAYMENT_REVERSED,2022-08-12T13:25:00-05:00,2022-08-19T21:55:34-05:00,21033,USD,EV000058,false,CPL/SRC/events/00060
EV000061,WCP,WCP_CLAIMS,WCP-R00035,SUBMITTED,2023-09-18T12:33:00-05:00,2023-09-19T05:02:11-05:00,9376,USD,,false,CPL/SRC/events/00061
EV000062,WCP,WCP_CLAIMS,WCP-R00036,CORRECTED,2023-09-29T16:14:00-05:00,2023-09-29T23:45:11-05:00,11289,USD,,false,CPL/SRC/events/00062
EV000063,WCP,WCP_CLAIMS,WCP-R00035,VOID_VERSION,2023-09-29T16:14:00-05:00,2023-10-02T15:22:28-05:00,9376,USD,,false,CPL/SRC/events/00063
EV000064,WCP,WCP_CLAIMS,WCP-R00037,SUBMITTED,2022-09-07T15:30:00-05:00,2022-09-09T11:52:27-05:00,9895,USD,,false,CPL/SRC/events/00064
EV000065,WCP,WCP_CLAIMS,,PAYMENT_POSTED,2022-09-20T08:43:00-05:00,2022-09-30T10:13:58-05:00,9895,USD,,false,CPL/SRC/events/00065
EV000066,WCP,WCP_CLAIMS,WCP-R00038,SUBMITTED,2023-06-12T12:16:00-05:00,2023-06-12T14:46:48-05:00,4110,USD,,false,CPL/SRC/events/00066
EV000067,WCP,WCP_CLAIMS,WCP-R00039,CORRECTED,2023-06-19T10:11:00-05:00,2023-06-23T05:17:57-05:00,3899,USD,,false,CPL/SRC/events/00067
EV000068,WCP,WCP_CLAIMS,WCP-R00040,SUBMITTED,2022-09-19T15:48:00-05:00,2022-11-19T23:04:37-06:00,76169,USD,,false,CPL/SRC/events/00068
EV000069,WCP,WCP_CLAIMS,,PAYMENT_POSTED,2022-09-30T11:15:00-05:00,2022-10-01T21:26:09-05:00,76169,USD,,false,CPL/SRC/events/00069
EV000070,WCP,WCP_CLAIMS,WCP-R00041,SUBMITTED,2022-09-20T08:04:00-05:00,2022-09-20T12:40:42-05:00,13754,USD,,false,CPL/SRC/events/00070
EV000071,WCP,WCP_CLAIMS,,PAYMENT_POSTED,2022-10-07T13:58:00-05:00,2022-10-07T18:40:12-05:00,13754,USD,,false,CPL/SRC/events/00071
EV000072,WCP,WCP_CLAIMS,WCP-R00042,SUBMITTED,2023-03-09T10:24:00-06:00,2023-03-14T22:19:39-05:00,31550,USD,,false,CPL/SRC/events/00072
EV000073,WCP,WCP_CLAIMS,,PAYMENT_POSTED,2023-04-10T13:06:00-05:00,2023-04-10T14:34:19-05:00,31550,USD,,false,CPL/SRC/events/00073
EV000074,WCP,WCP_CLAIMS,WCP-R00043,SUBMITTED,2023-06-26T09:09:00-05:00,2023-06-26T12:02:36-05:00,25939,USD,,false,CPL/SRC/events/00074
EV000075,WCP,WCP_CLAIMS,,PAYMENT_POSTED,2023-06-30T12:26:00-05:00,2023-06-30T18:42:22-05:00,25939,USD,,false,CPL/SRC/events/00075
EV000076,WCP,WCP_CLAIMS,WCP-R00044,SUBMITTED,2023-07-05T09:17:00-05:00,2023-07-05T13:03:18-05:00,6532,USD,,false,CPL/SRC/events/00076
EV000077,WCP,WCP_CLAIMS,,PAYMENT_POSTED,2023-07-27T11:02:00-05:00,2023-07-27T17:05:57-05:00,6532,USD,,false,CPL/SRC/events/00077
EV000078,WCP,WCP_CLAIMS,WCP-R00045,SUBMITTED,2022-07-28T14:29:00-05:00,2022-07-29T16:56:38-05:00,32943,USD,,false,CPL/SRC/events/00078
EV000079,WCP,WCP_CLAIMS,,PAYMENT_POSTED,2022-08-18T10:20:00-05:00,2022-08-21T16:00:27-05:00,32943,USD,,false,CPL/SRC/events/00079
EV000080,WCP,WCP_CLAIMS,WCP-R00046,SUBMITTED,2023-09-18T15:04:00-05:00,2023-09-19T22:33:53-05:00,104016,USD,,false,CPL/SRC/events/00080
EV000081,WCP,WCP_CLAIMS,,PAYMENT_POSTED,2023-10-02T13:46:00-05:00,2023-10-15T02:30:42-05:00,104016,EUR,,false,CPL/SRC/events/00081
EV000082,WCP,WCP_CLAIMS,WCP-R00047,SUBMITTED,2022-08-08T12:24:00-05:00,2022-08-08T12:58:55-05:00,6608,USD,,false,CPL/SRC/events/00082
EV000083,WCP,WCP_CLAIMS,,PAYMENT_POSTED,2022-08-26T12:22:00-05:00,2022-08-26T14:18:48-05:00,6608,USD,,false,CPL/SRC/events/00083
EV000084,WCP,WCP_CLAIMS,WCP-R00048,SUBMITTED,2023-07-03T10:06:00-05:00,2023-07-05T02:35:15-05:00,27413,USD,,false,CPL/SRC/events/00084
EV000085,WCP,WCP_CLAIMS,,PAYMENT_POSTED,2023-08-14T15:36:00-05:00,2023-08-16T15:03:54-05:00,27413,USD,,false,CPL/SRC/events/00085
EV000086,WCP,WCP_CLAIMS,WCP-R00049,SUBMITTED,2022-07-21T16:28:00-05:00,2022-07-23T15:57:45-05:00,2500,USD,,false,CPL/SRC/events/00086
EV000087,WCP,WCP_CLAIMS,WCP-R00049,CLOSED_NO_PAYMENT,2022-08-11T16:43:00-05:00,2022-08-11T18:24:58-05:00,,,,true,CPL/SRC/events/00087
EV000088,WCP,WCP_CLAIMS,WCP-R00050,SUBMITTED,2023-03-09T10:55:00-06:00,2023-03-12T01:29:30-06:00,7675,USD,,false,CPL/SRC/events/00088
EV000089,WCP,WCP_CLAIMS,,PAYMENT_POSTED,2023-03-30T16:05:00-05:00,2023-03-30T16:24:14-05:00,7675,USD,,false,CPL/SRC/events/00089
EV000090,WCP,WCP_CLAIMS,WCP-R00051,SUBMITTED,2023-01-12T11:31:00-06:00,2023-01-15T22:20:04-06:00,10633,USD,,false,CPL/SRC/events/00090
EV000091,WCP,WCP_CLAIMS,,PAYMENT_POSTED,2023-02-09T10:43:00-06:00,2023-02-13T09:47:22-06:00,10633,USD,,false,CPL/SRC/events/00091
EV000092,WCP,WCP_CLAIMS,WCP-R00052,SUBMITTED,2023-09-08T13:10:00-05:00,2023-09-29T13:10:00-05:00,36508,USD,,false,CPL/SRC/events/00092
EV000093,WCP,WCP_CLAIMS,,PAYMENT_POSTED,2023-10-04T11:00:00-05:00,2023-10-04T12:40:35-05:00,36508,USD,,false,CPL/SRC/events/00093
EV000094,WCP,WCP_CLAIMS,WCP-R00053,SUBMITTED,2022-09-29T08:23:00-05:00,2022-10-06T23:36:33-05:00,15569,USD,,false,CPL/SRC/events/00094
EV000095,WCP,WCP_CLAIMS,WCP-R00054,SUBMITTED,2023-09-26T16:37:00-05:00,2023-09-29T10:41:44-05:00,21345,USD,,false,CPL/SRC/events/00095
EV000096,WCP,WCP_CLAIMS,,PAYMENT_POSTED,2023-11-13T11:32:00-06:00,2023-11-13T15:01:14-06:00,21345,USD,,false,CPL/SRC/events/00096
EV000097,WCP,WCP_CLAIMS,WCP-R00055,SUBMITTED,2023-07-27T13:55:00-05:00,2023-08-17T13:55:00-05:00,9691,USD,,false,CPL/SRC/events/00097
EV000098,WCP,WCP_CLAIMS,,PAYMENT_POSTED,2023-09-12T09:38:00-05:00,2023-09-13T15:46:47-05:00,9691,USD,,false,CPL/SRC/events/00098
EV000099,WCP,WCP_CLAIMS,WCP-R00056,SUBMITTED,2022-11-30T13:40:00-06:00,2022-12-04T18:36:38-06:00,12489,USD,,false,CPL/SRC/events/00099
EV000100,WCP,WCP_CLAIMS,,PAYMENT_POSTED,2022-12-22T08:37:00-06:00,2022-12-29T21:40:02-06:00,12489,USD,,false,CPL/SRC/events/00100
EV000101,WCP,WCP_CLAIMS,WCP-R00057,SUBMITTED,2022-11-01T10:44:00-05:00,2022-11-01T14:13:27-05:00,5946,USD,,false,CPL/SRC/events/00101
EV000102,WCP,WCP_CLAIMS,,PAYMENT_POSTED,2022-11-28T09:46:00-06:00,2022-12-02T14:27:03-06:00,5946,USD,,false,CPL/SRC/events/00102
EV000103,WCP,WCP_CLAIMS,WCP-R00058,SUBMITTED,2022-12-30T08:59:00-06:00,2023-01-01T20:10:08-06:00,6007,USD,,false,CPL/SRC/events/00103
EV000104,WCP,WCP_CLAIMS,WCP-R00059,SUBMITTED,2023-03-16T08:48:00-05:00,2023-03-19T05:07:16-05:00,8090,USD,,false,CPL/SRC/events/00104
EV000105,WCP,WCP_CLAIMS,,PAYMENT_POSTED,2023-03-31T15:44:00-05:00,2023-04-03T01:30:36-05:00,8090,USD,,false,CPL/SRC/events/00105
EV000106,WCP,WCP_CLAIMS,WCP-R00060,SUBMITTED,2022-08-22T13:43:00-05:00,2022-08-23T22:34:11-05:00,5874,USD,,false,CPL/SRC/events/00106
EV000107,WCP,WCP_CLAIMS,,PAYMENT_POSTED,2022-08-29T13:56:00-05:00,2022-08-31T17:26:07-05:00,5874,USD,,false,CPL/SRC/events/00107
EV000108,WCP,WCP_CLAIMS,WCP-R00061,SUBMITTED,2022-09-19T15:38:00-05:00,2022-09-19T18:40:24-05:00,3610,USD,,false,CPL/SRC/events/00108
EV000109,WCP,WCP_CLAIMS,WCP-R00062,SUBMITTED,2023-09-01T10:46:00-05:00,2023-09-01T11:48:24-05:00,57351,USD,,false,CPL/SRC/events/00109
EV000110,WCP,WCP_CLAIMS,,PAYMENT_POSTED,2023-09-22T14:30:00-05:00,2023-09-22T18:56:22-05:00,57351,USD,,false,CPL/SRC/events/00110
EV000111,WCP,WCP_CLAIMS,WCP-R00063,SUBMITTED,2022-11-11T15:15:00-06:00,2022-11-11T21:00:09-06:00,110395,USD,,false,CPL/SRC/events/00111
EV000112,WCP,WCP_CLAIMS,,PAYMENT_POSTED,2022-11-22T13:39:00-06:00,2023-01-03T04:12:05-06:00,110395,USD,,false,CPL/SRC/events/00112
EV000113,WCP,WCP_CLAIMS,WCP-R00064,SUBMITTED,2023-03-28T08:27:00-05:00,2023-03-28T11:35:18-05:00,3745,USD,,false,CPL/SRC/events/00113
EV000114,WCP,WCP_CLAIMS,,PAYMENT_POSTED,2023-04-18T12:20:00-05:00,2023-04-18T17:16:48-05:00,3745,USD,,false,CPL/SRC/events/00114
EV000115,WCP,WCP_CLAIMS,WCP-R00065,SUBMITTED,2023-03-24T15:06:00-05:00,2023-04-01T09:36:52-05:00,16589,USD,,false,CPL/SRC/events/00115
EV000116,WCP,WCP_CLAIMS,WCP-R00066,SUBMITTED,2023-02-07T14:28:00-06:00,2023-02-07T17:47:18-06:00,7169,USD,,false,CPL/SRC/events/00116
EV000117,WCP,WCP_CLAIMS,,PAYMENT_POSTED,2023-03-23T10:09:00-05:00,2023-03-24T02:37:04-05:00,7169,USD,,false,CPL/SRC/events/00117
EV000118,WCP,WCP_CLAIMS,WCP-R00067,SUBMITTED,2022-07-04T08:04:00-05:00,2022-07-04T15:16:40-05:00,5924,USD,,false,CPL/SRC/events/00118
EV000119,WCP,WCP_CLAIMS,,PAYMENT_POSTED,2022-07-18T09:39:00-05:00,2022-07-18T17:21:15-05:00,5924,USD,,false,CPL/SRC/events/00119
EV000120,WCP,WCP_CLAIMS,WCP-R00068,SUBMITTED,2022-07-01T16:05:00-05:00,2022-07-02T13:09:37-05:00,49546,USD,,false,CPL/SRC/events/00120
EV000121,WCP,WCP_CLAIMS,,PAYMENT_POSTED,2022-07-07T15:19:00-05:00,2022-07-07T22:39:00-05:00,49546,USD,,false,CPL/SRC/events/00121
EV000122,WCP,WCP_CLAIMS,WCP-R00069,SUBMITTED,2023-09-05T08:30:00-05:00,2023-09-06T17:43:28-05:00,53156,USD,,false,CPL/SRC/events/00122
EV000123,WCP,WCP_CLAIMS,WCP-R00070,CORRECTED,2023-09-11T09:53:00-05:00,2023-09-11T13:13:21-05:00,50843,USD,,false,CPL/SRC/events/00123
EV000124,WCP,WCP_CLAIMS,WCP-R00071,SUBMITTED,2023-06-12T16:25:00-05:00,2023-06-13T23:45:22-05:00,9783,USD,,false,CPL/SRC/events/00124
EV000125,WCP,WCP_CLAIMS,,PAYMENT_POSTED,2023-07-24T08:28:00-05:00,2023-07-24T11:27:19-05:00,9783,USD,,false,CPL/SRC/events/00125
EV000126,WCP,WCP_CLAIMS,WCP-R00072,SUBMITTED,2023-01-30T11:50:00-06:00,2023-02-03T21:35:34-06:00,3642,USD,,false,CPL/SRC/events/00126
EV000127,WCP,WCP_CLAIMS,,PAYMENT_POSTED,2023-02-07T14:08:00-06:00,2023-02-09T06:53:19-06:00,3642,USD,,false,CPL/SRC/events/00127
EV000128,WCP,WCP_CLAIMS,WCP-R00073,SUBMITTED,2023-05-17T08:55:00-05:00,2023-05-27T22:39:14-05:00,132953,USD,,false,CPL/SRC/events/00128
EV000129,WCP,WCP_CLAIMS,,PAYMENT_POSTED,2023-06-01T15:28:00-05:00,2023-06-02T11:14:02-05:00,132953,USD,,false,CPL/SRC/events/00129
EV000130,WCP,WCP_CLAIMS,WCP-R00074,SUBMITTED,2022-10-11T08:46:00-05:00,2022-10-11T11:24:39-05:00,36879,USD,,false,CPL/SRC/events/00130
EV000131,WCP,WCP_CLAIMS,,PAYMENT_POSTED,2022-10-24T08:38:00-05:00,2022-10-27T05:05:24-05:00,36879,USD,,false,CPL/SRC/events/00131
EV000132,WCP,WCP_CLAIMS,WCP-R00074,PAYMENT_REVERSED,2022-11-07T09:06:00-06:00,2022-11-11T04:01:12-06:00,36879,USD,,false,CPL/SRC/events/00132
EV000133,WCP,WCP_CLAIMS,WCP-R00075,SUBMITTED,2022-12-26T10:53:00-06:00,2023-01-01T04:21:36-06:00,69473,USD,,false,CPL/SRC/events/00133
EV000134,WCP,WCP_CLAIMS,,PAYMENT_POSTED,2023-02-14T12:21:00-06:00,2023-02-18T09:01:03-06:00,69473,USD,,false,CPL/SRC/events/00134
EV000135,WCP,WCP_CLAIMS,WCP-R00076,SUBMITTED,2022-07-04T16:12:00-05:00,2022-07-09T00:17:17-05:00,3312,USD,,false,CPL/SRC/events/00135
EV000136,WCP,WCP_CLAIMS,,PAYMENT_POSTED,2022-08-11T13:17:00-05:00,2022-08-11T18:53:14-05:00,3312,USD,,false,CPL/SRC/events/00136
EV000137,WCP,WCP_CLAIMS,WCP-R00077,SUBMITTED,2022-12-28T14:44:00-06:00,2022-12-29T05:13:14-06:00,9124,USD,,false,CPL/SRC/events/00137
EV000138,WCP,WCP_CLAIMS,,PAYMENT_POSTED,2023-01-02T08:38:00-06:00,2023-01-02T15:14:06-06:00,9124,USD,,false,CPL/SRC/events/00138
EV000139,WCP,WCP_CLAIMS,WCP-R00078,SUBMITTED,2023-07-17T09:23:00-05:00,2023-07-18T17:07:25-05:00,9597,USD,,false,CPL/SRC/events/00139
EV000140,WCP,WCP_CLAIMS,,PAYMENT_POSTED,2023-07-31T12:30:00-05:00,2023-07-31T20:06:27-05:00,9597,USD,,false,CPL/SRC/events/00140
EV000141,WCP,WCP_CLAIMS,WCP-R00079,SUBMITTED,2022-08-12T14:11:00-05:00,2022-08-13T13:46:01-05:00,6634,USD,,false,CPL/SRC/events/00141
EV000142,WCP,WCP_CLAIMS,WCP-R00080,SUBMITTED,2023-06-16T11:49:00-05:00,2023-06-16T15:07:59-05:00,48642,USD,,false,CPL/SRC/events/00142
EV000143,WCP,WCP_CLAIMS,,PAYMENT_POSTED,2023-08-30T09:01:00-05:00,2023-08-30T13:29:23-05:00,48642,USD,,false,CPL/SRC/events/00143
EV000144,WCP,WCP_CLAIMS,WCP-R00081,SUBMITTED,2023-05-26T10:27:00-05:00,2023-05-26T16:42:59-05:00,5332,USD,,false,CPL/SRC/events/00144
EV000145,WCP,WCP_CLAIMS,,PAYMENT_POSTED,2023-06-06T10:40:00-05:00,2023-06-12T21:49:24-05:00,5332,USD,,false,CPL/SRC/events/00145
EV000146,WCP,WCP_CLAIMS,WCP-R00082,SUBMITTED,2023-05-08T15:03:00-05:00,2023-05-08T17:28:04-05:00,41603,USD,,false,CPL/SRC/events/00146
EV000147,WCP,WCP_CLAIMS,,PAYMENT_POSTED,2023-06-26T14:59:00-05:00,2023-06-28T04:50:36-05:00,41603,USD,,false,CPL/SRC/events/00147
EV000148,WCP,WCP_CLAIMS,WCP-R00083,SUBMITTED,2022-11-04T15:01:00-05:00,2022-11-06T09:53:42-06:00,15879,USD,,false,CPL/SRC/events/00148
EV000149,WCP,WCP_CLAIMS,,PAYMENT_POSTED,2022-11-22T10:20:00-06:00,2022-11-22T10:27:19-06:00,15879,USD,,false,CPL/SRC/events/00149
EV000150,WCP,WCP_CLAIMS,WCP-R00084,SUBMITTED,2022-10-10T13:18:00-05:00,2022-10-22T00:50:17-05:00,5460,USD,,false,CPL/SRC/events/00150
EV000151,WCP,WCP_CLAIMS,WCP-R00085,CORRECTED,2022-10-18T13:03:00-05:00,2022-10-18T16:00:51-05:00,5222,USD,,false,CPL/SRC/events/00151
EV000152,WCP,WCP_CLAIMS,WCP-R00085,CLOSED_NO_PAYMENT,2022-11-18T13:48:00-06:00,2022-11-21T05:00:24-06:00,,,,true,CPL/SRC/events/00152
EV000153,WCP,WCP_CLAIMS,WCP-R00086,SUBMITTED,2023-01-23T15:38:00-06:00,2023-01-23T20:55:21-06:00,20731,USD,,false,CPL/SRC/events/00153
EV000154,WCP,WCP_CLAIMS,,PAYMENT_POSTED,2023-05-01T10:48:00-05:00,2023-05-05T16:09:45-05:00,20731,USD,,false,CPL/SRC/events/00154
EV000155,WCP,WCP_CLAIMS,WCP-R00087,SUBMITTED,2023-02-09T14:27:00-06:00,2023-02-15T04:19:11-06:00,7255,USD,,false,CPL/SRC/events/00155
EV000156,WCP,WCP_CLAIMS,WCP-R00087,CLOSED_NO_PAYMENT,2023-05-24T11:16:00-05:00,2023-05-24T13:51:35-05:00,,,,true,CPL/SRC/events/00156
EV000157,WCP,WCP_CLAIMS,WCP-R00088,SUBMITTED,2022-11-04T10:05:00-05:00,2022-11-04T17:05:47-05:00,74359,USD,,false,CPL/SRC/events/00157
EV000158,WCP,WCP_CLAIMS,,PAYMENT_POSTED,2022-11-21T16:36:00-06:00,2022-11-21T19:18:57-06:00,74359,USD,,false,CPL/SRC/events/00158
EV000159,WCP,WCP_CLAIMS,WCP-R00089,SUBMITTED,2022-10-07T09:37:00-05:00,2022-10-16T16:13:08-05:00,6892,USD,,false,CPL/SRC/events/00159
EV000160,WCP,WCP_CLAIMS,,PAYMENT_POSTED,2022-10-31T10:40:00-05:00,2022-11-04T19:49:29-05:00,6892,USD,,false,CPL/SRC/events/00160
EV000161,WCP,WCP_CLAIMS,WCP-R00090,SUBMITTED,2023-08-01T14:20:00-05:00,2023-08-01T16:32:55-05:00,19128,USD,,false,CPL/SRC/events/00161
EV000162,WCP,WCP_CLAIMS,,PAYMENT_POSTED,2023-08-16T09:58:00-05:00,2023-08-18T16:44:47-05:00,19128,USD,,false,CPL/SRC/events/00162
EV000163,WCP,WCP_CLAIMS,WCP-R00091,SUBMITTED,2022-12-05T11:26:00-06:00,2022-12-05T14:24:20-06:00,14366,USD,,false,CPL/SRC/events/00163
EV000164,WCP,WCP_CLAIMS,,PAYMENT_POSTED,2022-12-26T10:12:00-06:00,2022-12-26T18:01:06-06:00,14366,USD,,false,CPL/SRC/events/00164
EV000165,WCP,WCP_CLAIMS,WCP-R00092,SUBMITTED,2023-05-12T11:43:00-05:00,2023-05-16T01:13:24-05:00,5098,USD,,false,CPL/SRC/events/00165
EV000166,WCP,WCP_CLAIMS,,PAYMENT_POSTED,2023-06-05T09:41:00-05:00,2023-06-08T01:59:32-05:00,5098,USD,,false,CPL/SRC/events/00166
EV000167,WCP,WCP_CLAIMS,WCP-R00093,SUBMITTED,2023-01-23T16:11:00-06:00,2023-01-23T22:03:39-06:00,8506,USD,,false,CPL/SRC/events/00167
EV000168,WCP,WCP_CLAIMS,,PAYMENT_POSTED,2023-04-10T11:35:00-05:00,2023-04-16T21:41:19-05:00,8506,USD,,false,CPL/SRC/events/00168
EV000169,WCP,WCP_CLAIMS,WCP-R00094,SUBMITTED,2023-09-04T10:03:00-05:00,2023-09-05T11:31:08-05:00,7182,USD,,false,CPL/SRC/events/00169
EV000170,WCP,WCP_CLAIMS,,PAYMENT_POSTED,2023-10-05T15:41:00-05:00,2023-10-07T03:02:42-05:00,7182,USD,,false,CPL/SRC/events/00170
EV000171,WCP,WCP_CLAIMS,WCP-R00095,SUBMITTED,2023-09-18T09:16:00-05:00,2023-09-18T16:24:16-05:00,147521,USD,,false,CPL/SRC/events/00171
EV000172,WCP,WCP_CLAIMS,,PAYMENT_POSTED,2023-10-11T12:56:00-05:00,2023-10-17T14:05:57-05:00,147521,USD,,false,CPL/SRC/events/00172
EV000173,WCP,WCP_CLAIMS,WCP-R00095,PAYMENT_REVERSED,2023-10-16T09:32:00-05:00,2023-10-16T16:44:34-05:00,147521,USD,EV000172,false,CPL/SRC/events/00173
EV000174,WCP,WCP_CLAIMS,WCP-R00096,SUBMITTED,2022-07-07T11:47:00-05:00,2022-07-28T11:47:00-05:00,9950,USD,,false,CPL/SRC/events/00174
EV000175,WCP,WCP_CLAIMS,,PAYMENT_POSTED,2022-07-25T15:05:00-05:00,2022-07-27T05:20:29-05:00,9950,USD,,false,CPL/SRC/events/00175
EV000176,WCP,WCP_CLAIMS,WCP-R00097,SUBMITTED,2022-11-29T16:11:00-06:00,2022-12-14T20:55:30-06:00,3176,USD,,false,CPL/SRC/events/00176
EV000177,WCP,WCP_CLAIMS,WCP-R00098,SUBMITTED,2022-10-10T11:18:00-05:00,2022-10-10T12:47:17-05:00,8825,USD,,false,CPL/SRC/events/00177
EV000178,WCP,WCP_CLAIMS,,PAYMENT_POSTED,2022-11-09T12:41:00-06:00,2022-11-13T20:40:42-06:00,8825,USD,,false,CPL/SRC/events/00178
EV000179,WCP,WCP_CLAIMS,WCP-R00099,SUBMITTED,2022-10-10T15:02:00-05:00,2022-10-11T12:54:09-05:00,30090,USD,,false,CPL/SRC/events/00179
EV000180,WCP,WCP_CLAIMS,,PAYMENT_POSTED,2022-10-13T09:21:00-05:00,2022-10-13T15:08:07-05:00,30090,USD,,false,CPL/SRC/events/00180
EV000181,WCP,WCP_CLAIMS,WCP-R00100,SUBMITTED,2022-08-08T09:27:00-05:00,2022-08-24T22:38:36-05:00,48315,USD,,false,CPL/SRC/events/00181
EV000182,WCP,WCP_CLAIMS,,PAYMENT_POSTED,2022-08-24T14:19:00-05:00,2022-08-26T00:54:19-05:00,48315,USD,,false,CPL/SRC/events/00182
EV000183,WCP,WCP_CLAIMS,WCP-R00101,SUBMITTED,2022-07-28T11:32:00-05:00,2022-07-29T11:24:30-05:00,3971,USD,,false,CPL/SRC/events/00183
EV000184,WCP,WCP_CLAIMS,,PAYMENT_POSTED,2022-08-03T14:18:00-05:00,2022-08-03T17:02:18-05:00,3971,USD,,false,CPL/SRC/events/00184
EV000185,WCP,WCP_CLAIMS,WCP-R00102,SUBMITTED,2022-12-12T13:17:00-06:00,2022-12-18T23:43:22-06:00,19785,USD,,false,CPL/SRC/events/00185
EV000186,WCP,WCP_CLAIMS,,PAYMENT_POSTED,2022-12-23T10:31:00-06:00,2022-12-25T07:59:47-06:00,19785,USD,,false,CPL/SRC/events/00186
EV000187,WCP,WCP_CLAIMS,WCP-R00103,SUBMITTED,2023-07-18T12:03:00-05:00,2023-07-18T16:39:56-05:00,157374,USD,,false,CPL/SRC/events/00187
EV000188,WCP,WCP_CLAIMS,,PAYMENT_POSTED,2023-09-11T14:14:00-05:00,2023-09-16T18:20:47-05:00,157374,USD,,false,CPL/SRC/events/00188
EV000189,WCP,WCP_CLAIMS,WCP-R00104,SUBMITTED,2023-06-02T15:51:00-05:00,2023-06-02T18:20:41-05:00,3256,USD,,false,CPL/SRC/events/00189
EV000190,WCP,WCP_CLAIMS,,PAYMENT_POSTED,2023-06-22T10:52:00-05:00,2023-06-22T16:51:24-05:00,3256,USD,,false,CPL/SRC/events/00190
EV000191,WCP,WCP_CLAIMS,WCP-R00105,SUBMITTED,2023-08-07T10:44:00-05:00,2023-08-11T11:09:11-05:00,6371,USD,,false,CPL/SRC/events/00191
EV000192,WCP,WCP_CLAIMS,,PAYMENT_POSTED,2023-09-28T13:44:00-05:00,2023-09-28T17:21:02-05:00,6371,USD,,false,CPL/SRC/events/00192
EV000193,WCP,WCP_CLAIMS,WCP-R00106,SUBMITTED,2023-02-15T15:39:00-06:00,2023-02-17T06:35:26-06:00,7579,USD,,false,CPL/SRC/events/00193
EV000194,WCP,WCP_CLAIMS,,PAYMENT_POSTED,2023-04-12T16:35:00-05:00,2023-04-14T18:04:11-05:00,7579,USD,,false,CPL/SRC/events/00194
EV000195,WCP,WCP_CLAIMS,WCP-R00107,SUBMITTED,2023-05-30T13:52:00-05:00,2023-05-31T16:50:38-05:00,5937,USD,,false,CPL/SRC/events/00195
EV000196,WCP,WCP_CLAIMS,,PAYMENT_POSTED,2023-06-12T14:27:00-05:00,2023-06-14T12:30:03-05:00,5937,USD,,false,CPL/SRC/events/00196
EV000197,WCP,WCP_CLAIMS,WCP-R00108,SUBMITTED,2023-05-29T12:54:00-05:00,2023-06-03T22:18:46-05:00,39909,USD,,false,CPL/SRC/events/00197
EV000198,WCP,WCP_CLAIMS,,PAYMENT_POSTED,2023-07-17T16:36:00-05:00,2023-07-17T17:17:49-05:00,39909,USD,,false,CPL/SRC/events/00198
EV000199,WCP,WCP_CLAIMS,WCP-R00109,SUBMITTED,2023-04-14T12:45:00-05:00,2023-04-17T02:52:51-05:00,13505,USD,,false,CPL/SRC/events/00199
EV000200,WCP,WCP_CLAIMS,,PAYMENT_POSTED,2023-05-01T09:15:00-05:00,2023-05-01T11:54:15-05:00,13505,USD,,false,CPL/SRC/events/00200
EV000201,WCP,WCP_CLAIMS,WCP-R00110,SUBMITTED,2022-10-17T10:12:00-05:00,2022-10-26T15:44:54-05:00,2589,USD,,false,CPL/SRC/events/00201
EV000202,WCP,WCP_CLAIMS,,PAYMENT_POSTED,2022-12-02T11:44:00-06:00,2022-12-12T08:48:03-06:00,2589,USD,,false,CPL/SRC/events/00202
EV000203,WCP,WCP_CLAIMS,WCP-R00111,SUBMITTED,2023-05-09T11:50:00-05:00,2023-05-11T00:09:31-05:00,47561,USD,,false,CPL/SRC/events/00203
EV000204,WCP,WCP_CLAIMS,,PAYMENT_POSTED,2023-07-10T11:06:00-05:00,2023-07-15T07:08:46-05:00,47561,USD,,false,CPL/SRC/events/00204
EV000205,WCP,WCP_CLAIMS,WCP-R00111,PAYMENT_REVERSED,2023-07-21T16:02:00-05:00,2023-07-24T16:28:42-05:00,31727,USD,EV000204,false,CPL/SRC/events/00205
EV000206,WCP,WCP_CLAIMS,WCP-R00112,SUBMITTED,2023-06-05T16:14:00-05:00,2023-06-21T20:42:58-05:00,7030,USD,,false,CPL/SRC/events/00206
EV000207,WCP,WCP_CLAIMS,,PAYMENT_POSTED,2023-07-03T13:16:00-05:00,2023-07-03T17:17:26-05:00,7030,USD,,false,CPL/SRC/events/00207
EV000208,WCP,WCP_CLAIMS,WCP-R00113,SUBMITTED,2023-06-01T12:44:00-05:00,2023-06-01T22:37:01-05:00,18626,USD,,false,CPL/SRC/events/00208
EV000209,WCP,WCP_CLAIMS,,PAYMENT_POSTED,2023-06-19T15:37:00-05:00,2023-07-02T04:11:30-05:00,18626,USD,,false,CPL/SRC/events/00209
EV000210,WCP,WCP_CLAIMS,WCP-R00114,SUBMITTED,2023-02-15T14:22:00-06:00,2023-02-20T04:42:17-06:00,92440,USD,,false,CPL/SRC/events/00210
EV000211,WCP,WCP_CLAIMS,,PAYMENT_POSTED,2023-02-27T11:06:00-06:00,2023-02-27T15:44:32-06:00,92440,USD,,false,CPL/SRC/events/00211
EV000212,WCP,WCP_CLAIMS,WCP-R00115,SUBMITTED,2022-09-05T09:05:00-05:00,2022-09-05T16:35:26-05:00,26733,USD,,false,CPL/SRC/events/00212
EV000213,WCP,WCP_CLAIMS,,PAYMENT_POSTED,2022-09-13T10:09:00-05:00,2022-09-19T03:08:36-05:00,26733,USD,,false,CPL/SRC/events/00213
EV000214,WCP,WCP_CLAIMS,WCP-R00116,SUBMITTED,2022-10-26T09:44:00-05:00,2022-10-26T12:23:54-05:00,32409,USD,,false,CPL/SRC/events/00214
EV000215,WCP,WCP_CLAIMS,WCP-R00116,CLOSED_NO_PAYMENT,2023-01-09T09:39:00-06:00,2023-01-09T12:04:20-06:00,,,,true,CPL/SRC/events/00215
EV000216,WCP,WCP_CLAIMS,WCP-R00117,SUBMITTED,2023-04-03T16:10:00-05:00,2023-04-05T12:20:25-05:00,38666,USD,,false,CPL/SRC/events/00216
EV000217,WCP,WCP_CLAIMS,WCP-R00118,SUBMITTED,2023-07-03T10:54:00-05:00,2023-07-03T13:20:42-05:00,20472,USD,,false,CPL/SRC/events/00217
EV000218,WCP,WCP_CLAIMS,WCP-R00119,CORRECTED,2023-07-10T16:57:00-05:00,2023-07-17T07:21:27-05:00,19751,USD,,false,CPL/SRC/events/00218
EV000219,WCP,WCP_CLAIMS,,PAYMENT_POSTED,2023-07-11T11:58:00-05:00,2023-07-12T17:24:09-05:00,19751,USD,,false,CPL/SRC/events/00219
EV000220,WCP,WCP_CLAIMS,WCP-R00120,SUBMITTED,2023-01-30T08:53:00-06:00,2023-01-30T15:42:01-06:00,8385,USD,,false,CPL/SRC/events/00220
EV000221,WCP,WCP_CLAIMS,WCP-R00121,CORRECTED,2023-02-02T13:51:00-06:00,2023-02-04T08:21:11-06:00,8397,USD,,false,CPL/SRC/events/00221
EV000222,WCP,WCP_CLAIMS,WCP-R00120,VOID_VERSION,2023-02-02T13:51:00-06:00,2023-02-03T02:47:24-06:00,8385,USD,,false,CPL/SRC/events/00222
EV000223,WCP,WCP_CLAIMS,WCP-R00121,CLOSED_NO_PAYMENT,2023-03-09T14:05:00-06:00,2023-03-10T14:21:15-06:00,,,,true,CPL/SRC/events/00223
EV000224,WCP,WCP_CLAIMS,WCP-R00122,SUBMITTED,2023-01-23T15:32:00-06:00,2023-02-03T18:07:18-06:00,32182,USD,,false,CPL/SRC/events/00224
EV000225,WCP,WCP_CLAIMS,,PAYMENT_POSTED,2023-02-27T13:17:00-06:00,2023-02-27T19:11:11-06:00,32182,USD,,false,CPL/SRC/events/00225
EV000226,WCP,WCP_CLAIMS,WCP-R00123,SUBMITTED,2023-09-25T12:13:00-05:00,2023-09-28T07:28:48-05:00,4050,USD,,false,CPL/SRC/events/00226
EV000227,WCP,WCP_CLAIMS,,PAYMENT_POSTED,2023-10-18T10:04:00-05:00,2023-10-22T16:09:52-05:00,4050,USD,,false,CPL/SRC/events/00227
EV000228,WCP,WCP_CLAIMS,WCP-R00124,SUBMITTED,2023-09-25T09:41:00-05:00,2023-10-04T23:07:38-05:00,10326,USD,,false,CPL/SRC/events/00228
EV000229,WCP,WCP_CLAIMS,WCP-R00125,SUBMITTED,2023-06-13T10:41:00-05:00,2023-06-15T21:56:51-05:00,185005,USD,,false,CPL/SRC/events/00229
EV000230,WCP,WCP_CLAIMS,WCP-R00125,CLOSED_NO_PAYMENT,2023-08-07T14:23:00-05:00,2023-08-07T15:52:50-05:00,,,,true,CPL/SRC/events/00230
EV000231,WCP,WCP_CLAIMS,WCP-R00126,SUBMITTED,2023-08-09T14:46:00-05:00,2023-08-11T17:32:58-05:00,7724,USD,,false,CPL/SRC/events/00231
EV000232,WCP,WCP_CLAIMS,,PAYMENT_POSTED,2023-08-22T10:57:00-05:00,2023-08-25T10:02:51-05:00,7724,USD,,false,CPL/SRC/events/00232
EV000233,WCP,WCP_CLAIMS,WCP-R00127,SUBMITTED,2022-08-01T09:44:00-05:00,2022-08-12T15:13:52-05:00,27104,USD,,false,CPL/SRC/events/00233
EV000234,WCP,WCP_CLAIMS,,PAYMENT_POSTED,2022-10-28T09:17:00-05:00,2022-10-30T23:05:34-05:00,27104,USD,,false,CPL/SRC/events/00234
EV000235,WCP,WCP_CLAIMS,WCP-R00128,SUBMITTED,2023-04-26T10:44:00-05:00,2023-04-27T19:38:09-05:00,20124,USD,,false,CPL/SRC/events/00235
EV000236,WCP,WCP_CLAIMS,,PAYMENT_POSTED,2023-05-29T13:22:00-05:00,2023-06-03T15:48:00-05:00,20124,USD,,false,CPL/SRC/events/00236
EV000237,WCP,WCP_CLAIMS,WCP-R00129,SUBMITTED,2023-08-02T08:26:00-05:00,2023-08-02T10:35:16-05:00,43643,USD,,false,CPL/SRC/events/00237
EV000238,WCP,WCP_CLAIMS,WCP-R00130,SUBMITTED,2022-08-17T13:42:00-05:00,2022-08-21T11:42:54-05:00,7765,USD,,false,CPL/SRC/events/00238
EV000239,WCP,WCP_CLAIMS,,PAYMENT_POSTED,2022-08-29T09:39:00-05:00,2022-08-29T13:28:43-05:00,7765,USD,,false,CPL/SRC/events/00239
EV000240,WCP,WCP_CLAIMS,WCP-R00131,SUBMITTED,2023-05-08T16:55:00-05:00,2023-05-09T20:01:50-05:00,51220,USD,,false,CPL/SRC/events/00240
EV000241,WCP,WCP_CLAIMS,,PAYMENT_POSTED,2023-05-29T14:55:00-05:00,2023-05-31T21:50:04-05:00,51220,USD,,false,CPL/SRC/events/00241
EV000242,WCP,WCP_CLAIMS,WCP-R00132,SUBMITTED,2023-01-16T08:18:00-06:00,2023-01-22T00:28:18-06:00,77047,USD,,false,CPL/SRC/events/00242
EV000243,WCP,WCP_CLAIMS,,PAYMENT_POSTED,2023-03-28T15:31:00-05:00,2023-04-01T10:29:53-05:00,77047,USD,,false,CPL/SRC/events/00243
EV000244,WCP,WCP_CLAIMS,WCP-R00133,SUBMITTED,2023-01-12T15:50:00-06:00,2023-01-13T16:11:11-06:00,6816,USD,,false,CPL/SRC/events/00244
EV000245,WCP,WCP_CLAIMS,,PAYMENT_POSTED,2023-03-17T08:26:00-05:00,2023-03-18T18:41:44-05:00,6816,USD,,false,CPL/SRC/events/00245
EV000246,WCP,WCP_CLAIMS,WCP-R00134,SUBMITTED,2022-07-25T09:59:00-05:00,2022-07-25T17:07:38-05:00,30828,USD,,false,CPL/SRC/events/00246
EV000247,WCP,WCP_CLAIMS,,PAYMENT_POSTED,2022-09-19T14:32:00-05:00,2022-09-19T19:54:27-05:00,30828,USD,,false,CPL/SRC/events/00247
EV000248,WCP,WCP_CLAIMS,WCP-R00135,SUBMITTED,2023-05-18T10:14:00-05:00,2023-05-28T10:35:44-05:00,8361,USD,,false,CPL/SRC/events/00248
EV000249,WCP,WCP_CLAIMS,WCP-R00136,SUBMITTED,2022-08-10T15:23:00-05:00,2022-08-11T00:55:32-05:00,8941,USD,,false,CPL/SRC/events/00249
EV000250,WCP,WCP_CLAIMS,,PAYMENT_POSTED,2022-08-17T09:25:00-05:00,2022-08-17T22:21:04-05:00,8941,USD,,false,CPL/SRC/events/00250
EV000251,WCP,WCP_CLAIMS,WCP-R00137,SUBMITTED,2023-06-15T12:24:00-05:00,2023-06-19T14:11:52-05:00,66640,USD,,false,CPL/SRC/events/00251
EV000252,WCP,WCP_CLAIMS,,PAYMENT_POSTED,2023-06-26T09:22:00-05:00,2023-06-26T12:38:38-05:00,66640,USD,,false,CPL/SRC/events/00252
EV000253,WCP,WCP_CLAIMS,WCP-R00138,SUBMITTED,2023-07-17T13:44:00-05:00,2023-07-17T21:20:06-05:00,15340,USD,,false,CPL/SRC/events/00253
EV000254,WCP,WCP_CLAIMS,,PAYMENT_POSTED,2023-08-01T15:06:00-05:00,2023-08-03T21:41:17-05:00,15340,USD,,false,CPL/SRC/events/00254
EV000255,WCP,WCP_CLAIMS,WCP-R00139,SUBMITTED,2023-07-17T12:14:00-05:00,2023-07-20T09:34:42-05:00,11074,USD,,false,CPL/SRC/events/00255
EV000256,WCP,WCP_CLAIMS,WCP-R00140,SUBMITTED,2022-12-22T16:28:00-06:00,2022-12-22T18:17:07-06:00,2500,USD,,false,CPL/SRC/events/00256
EV000257,WCP,WCP_CLAIMS,,PAYMENT_POSTED,2023-03-02T10:42:00-06:00,2023-03-06T14:30:29-06:00,2500,USD,,false,CPL/SRC/events/00257
EV000258,WCP,WCP_CLAIMS,WCP-R00141,SUBMITTED,2023-03-08T08:19:00-06:00,2023-03-13T16:28:56-05:00,7581,USD,,false,CPL/SRC/events/00258
EV000259,WCP,WCP_CLAIMS,WCP-R00142,CORRECTED,2023-03-20T10:57:00-05:00,2023-03-20T13:09:18-05:00,9451,USD,,false,CPL/SRC/events/00259
EV000260,WCP,WCP_CLAIMS,WCP-R00141,VOID_VERSION,2023-03-20T10:57:00-05:00,2023-03-21T10:22:34-05:00,7581,USD,,false,CPL/SRC/events/00260
EV000261,WCP,WCP_CLAIMS,,PAYMENT_POSTED,2023-03-13T09:10:00-05:00,2023-03-13T10:46:19-05:00,9451,USD,,false,CPL/SRC/events/00261
EV000262,WCP,WCP_CLAIMS,WCP-R00143,SUBMITTED,2023-07-10T13:31:00-05:00,2023-07-10T15:59:52-05:00,6341,USD,,false,CPL/SRC/events/00262
EV000263,WCP,WCP_CLAIMS,,PAYMENT_POSTED,2023-07-18T09:06:00-05:00,2023-07-24T02:18:34-05:00,6341,USD,,false,CPL/SRC/events/00263
EV000264,WCP,WCP_CLAIMS,WCP-R00144,SUBMITTED,2023-05-23T10:41:00-05:00,2023-05-23T17:08:34-05:00,7700,USD,,false,CPL/SRC/events/00264
EV000265,WCP,WCP_CLAIMS,,PAYMENT_POSTED,2023-05-29T11:23:00-05:00,2023-05-31T08:35:46-05:00,7700,USD,,false,CPL/SRC/events/00265
EV000266,WCP,WCP_CLAIMS,WCP-R00145,SUBMITTED,2023-05-15T08:42:00-05:00,2023-05-15T15:23:28-05:00,9192,USD,,false,CPL/SRC/events/00266
EV000267,WCP,WCP_CLAIMS,,PAYMENT_POSTED,2023-06-09T08:12:00-05:00,2023-06-09T09:34:35-05:00,9192,USD,,false,CPL/SRC/events/00267
EV000268,WCP,WCP_CLAIMS,WCP-R00145,PAYMENT_REVERSED,2023-06-15T14:44:00-05:00,2023-06-15T20:16:53-05:00,2245,USD,EV000267,false,CPL/SRC/events/00268
EV000269,WCP,WCP_CLAIMS,WCP-R00146,SUBMITTED,2022-11-16T09:14:00-06:00,2022-11-18T07:34:54-06:00,53769,USD,,false,CPL/SRC/events/00269
EV000270,WCP,WCP_CLAIMS,,PAYMENT_POSTED,2022-12-01T09:50:00-06:00,2022-12-02T15:20:07-06:00,53769,USD,,false,CPL/SRC/events/00270
EV000271,WCP,WCP_CLAIMS,WCP-R00147,SUBMITTED,2022-08-22T13:43:00-05:00,2022-09-04T11:09:19-05:00,11405,USD,,false,CPL/SRC/events/00271
EV000272,WCP,WCP_CLAIMS,WCP-R00148,CORRECTED,2022-08-24T11:36:00-05:00,2022-08-26T08:28:18-05:00,10866,USD,,false,CPL/SRC/events/00272
EV000273,WCP,WCP_CLAIMS,,PAYMENT_POSTED,2022-09-26T10:46:00-05:00,2022-09-26T12:03:20-05:00,10866,USD,,false,CPL/SRC/events/00273
EV000274,WCP,WCP_CLAIMS,WCP-R00149,SUBMITTED,2022-09-26T10:07:00-05:00,2022-09-27T09:39:33-05:00,7676,USD,,false,CPL/SRC/events/00274
EV000275,WCP,WCP_CLAIMS,,PAYMENT_POSTED,2022-10-05T08:01:00-05:00,2022-10-05T11:38:28-05:00,7676,USD,,false,CPL/SRC/events/00275
EV000276,WCP,WCP_CLAIMS,WCP-R00150,SUBMITTED,2023-07-03T14:08:00-05:00,2023-07-13T03:01:58-05:00,20032,USD,,false,CPL/SRC/events/00276
EV000277,WCP,WCP_CLAIMS,,PAYMENT_POSTED,2023-08-14T12:55:00-05:00,2023-08-22T11:43:55-05:00,20032,USD,,false,CPL/SRC/events/00277
EV000278,WCP,WCP_CLAIMS,WCP-R00151,SUBMITTED,2022-12-28T08:53:00-06:00,2022-12-28T11:59:27-06:00,5254,USD,,false,CPL/SRC/events/00278
EV000279,WCP,WCP_CLAIMS,,PAYMENT_POSTED,2023-01-10T11:12:00-06:00,2023-01-11T12:45:50-06:00,5254,USD,,false,CPL/SRC/events/00279
EV000280,WCP,WCP_CLAIMS,WCP-R00152,SUBMITTED,2022-10-10T14:52:00-05:00,2022-10-10T20:27:29-05:00,4006,USD,,false,CPL/SRC/events/00280
EV000281,WCP,WCP_CLAIMS,WCP-R00152,CLOSED_NO_PAYMENT,2023-01-25T13:41:00-06:00,2023-01-25T21:01:06-06:00,,,,true,CPL/SRC/events/00281
EV000282,WCP,WCP_CLAIMS,WCP-R00153,SUBMITTED,2023-03-27T12:43:00-05:00,2023-03-27T16:12:48-05:00,10961,USD,,false,CPL/SRC/events/00282
EV000283,WCP,WCP_CLAIMS,,PAYMENT_POSTED,2023-04-06T12:43:00-05:00,2023-04-06T18:52:49-05:00,10961,USD,,false,CPL/SRC/events/00283
EV000284,WCP,WCP_CLAIMS,WCP-R00154,SUBMITTED,2023-01-09T08:50:00-06:00,2023-01-09T12:53:23-06:00,5676,USD,,false,CPL/SRC/events/00284
EV000285,WCP,WCP_CLAIMS,,PAYMENT_POSTED,2023-01-23T08:54:00-06:00,2023-01-25T01:23:59-06:00,5676,USD,,false,CPL/SRC/events/00285
EV000286,WCP,WCP_CLAIMS,WCP-R00155,SUBMITTED,2023-05-05T15:09:00-05:00,2023-05-11T08:12:28-05:00,28746,USD,,false,CPL/SRC/events/00286
EV000287,WCP,WCP_CLAIMS,WCP-R00155,CLOSED_NO_PAYMENT,2023-06-05T12:31:00-05:00,2023-06-05T15:47:20-05:00,,,,true,CPL/SRC/events/00287
EV000288,WCP,WCP_CLAIMS,WCP-R00156,SUBMITTED,2022-07-25T14:46:00-05:00,2022-08-15T14:46:00-05:00,2674,USD,,false,CPL/SRC/events/00288
EV000289,WCP,WCP_CLAIMS,,PAYMENT_POSTED,2022-08-22T08:55:00-05:00,2022-08-22T16:05:23-05:00,2674,USD,,false,CPL/SRC/events/00289
EV000290,WCP,WCP_CLAIMS,WCP-R00157,SUBMITTED,2022-12-19T12:53:00-06:00,2022-12-19T17:09:56-06:00,3684,USD,,false,CPL/SRC/events/00290
EV000291,WCP,WCP_CLAIMS,WCP-R00158,CORRECTED,2022-12-29T09:16:00-06:00,2023-01-05T15:42:31-06:00,4601,USD,,false,CPL/SRC/events/00291
EV000292,WCP,WCP_CLAIMS,WCP-R00157,VOID_VERSION,2022-12-29T09:16:00-06:00,2022-12-31T07:01:17-06:00,3684,USD,,false,CPL/SRC/events/00292
EV000293,WCP,WCP_CLAIMS,,PAYMENT_POSTED,2023-02-01T14:15:00-06:00,2023-04-04T13:28:48-05:00,4601,USD,,false,CPL/SRC/events/00293
EV000294,WCP,WCP_CLAIMS,WCP-R00159,SUBMITTED,2023-05-18T11:55:00-05:00,2023-05-25T00:51:36-05:00,90811,USD,,false,CPL/SRC/events/00294
EV000295,WCP,WCP_CLAIMS,WCP-R00160,CORRECTED,2023-05-29T10:16:00-05:00,2023-05-29T12:46:13-05:00,101571,USD,,false,CPL/SRC/events/00295
EV000296,WCP,WCP_CLAIMS,WCP-R00161,SUBMITTED,2022-12-26T11:30:00-06:00,2022-12-26T17:08:38-06:00,13326,USD,,false,CPL/SRC/events/00296
EV000297,WCP,WCP_CLAIMS,,PAYMENT_POSTED,2023-01-30T15:05:00-06:00,2023-01-30T19:05:18-06:00,13326,USD,,false,CPL/SRC/events/00297
EV000298,WCP,WCP_CLAIMS,WCP-R00162,SUBMITTED,2022-12-22T11:46:00-06:00,2022-12-23T21:59:26-06:00,83375,USD,,false,CPL/SRC/events/00298
EV000299,WCP,WCP_CLAIMS,WCP-R00162,CLOSED_NO_PAYMENT,2023-02-14T14:31:00-06:00,2023-03-05T00:57:21-06:00,,,,true,CPL/SRC/events/00299
EV000300,WCP,WCP_CLAIMS,WCP-R00163,SUBMITTED,2023-03-29T08:33:00-05:00,2023-03-30T10:30:46-05:00,16349,USD,,false,CPL/SRC/events/00300
EV000301,WCP,WCP_CLAIMS,,PAYMENT_POSTED,2023-05-08T12:15:00-05:00,2023-05-11T17:50:11-05:00,16349,USD,,false,CPL/SRC/events/00301
EV000302,WCP,WCP_CLAIMS,WCP-R00164,SUBMITTED,2022-08-29T16:15:00-05:00,2022-09-04T10:52:37-05:00,10192,USD,,false,CPL/SRC/events/00302
EV000303,WCP,WCP_CLAIMS,,PAYMENT_POSTED,2022-09-15T11:45:00-05:00,2022-09-15T13:18:41-05:00,10192,USD,,false,CPL/SRC/events/00303
EV000304,WCP,WCP_CLAIMS,WCP-R00165,SUBMITTED,2022-08-29T14:05:00-05:00,2022-09-01T05:55:46-05:00,8582,USD,,false,CPL/SRC/events/00304
EV000305,WCP,WCP_CLAIMS,WCP-R00166,SUBMITTED,2023-01-30T08:12:00-06:00,2023-02-01T11:48:33-06:00,157461,USD,,false,CPL/SRC/events/00305
EV000306,WCP,WCP_CLAIMS,,PAYMENT_POSTED,2023-03-01T13:01:00-06:00,2023-03-01T20:20:37-06:00,157461,USD,,false,CPL/SRC/events/00306
EV000307,WCP,WCP_CLAIMS,WCP-R00167,SUBMITTED,2022-07-18T09:24:00-05:00,2022-07-22T18:57:50-05:00,8156,USD,,false,CPL/SRC/events/00307
EV000308,WCP,WCP_CLAIMS,,PAYMENT_POSTED,2022-08-22T16:36:00-05:00,2022-08-27T09:20:32-05:00,8156,USD,,false,CPL/SRC/events/00308
EV000309,WCP,WCP_CLAIMS,WCP-R00168,SUBMITTED,2023-02-13T11:52:00-06:00,2023-02-15T16:46:55-06:00,24159,USD,,false,CPL/SRC/events/00309
EV000310,WCP,WCP_CLAIMS,,PAYMENT_POSTED,2023-03-13T16:31:00-05:00,2023-03-21T03:16:57-05:00,24159,USD,,false,CPL/SRC/events/00310
EV000311,WCP,WCP_CLAIMS,WCP-R00169,SUBMITTED,2023-07-11T15:37:00-05:00,2023-07-11T17:50:59-05:00,12678,USD,,false,CPL/SRC/events/00311
EV000312,WCP,WCP_CLAIMS,,PAYMENT_POSTED,2023-07-24T08:58:00-05:00,2023-07-26T20:12:10-05:00,12678,USD,,false,CPL/SRC/events/00312
EV000313,WCP,WCP_CLAIMS,WCP-R00170,SUBMITTED,2022-10-31T14:29:00-05:00,2022-11-04T16:41:27-05:00,38408,USD,,false,CPL/SRC/events/00313
EV000314,WCP,WCP_CLAIMS,,PAYMENT_POSTED,2022-11-17T10:18:00-06:00,2022-11-17T15:34:50-06:00,38408,USD,,false,CPL/SRC/events/00314
EV000315,WCP,WCP_CLAIMS,WCP-R00171,SUBMITTED,2023-06-15T09:25:00-05:00,2023-06-15T13:53:55-05:00,10361,USD,,false,CPL/SRC/events/00315
EV000316,WCP,WCP_CLAIMS,WCP-R00171,CLOSED_NO_PAYMENT,2023-07-26T15:21:00-05:00,2023-07-26T17:19:27-05:00,,,,true,CPL/SRC/events/00316
EV000317,WCP,WCP_CLAIMS,WCP-R00172,SUBMITTED,2023-05-16T13:55:00-05:00,2023-05-16T15:26:33-05:00,16343,USD,,false,CPL/SRC/events/00317
EV000318,WCP,WCP_CLAIMS,,PAYMENT_POSTED,2023-06-19T14:46:00-05:00,2023-06-22T12:55:04-05:00,16343,USD,,false,CPL/SRC/events/00318
EV000319,WCP,WCP_CLAIMS,WCP-R00173,SUBMITTED,2022-11-11T11:10:00-06:00,2022-11-11T18:54:40-06:00,9079,USD,,false,CPL/SRC/events/00319
EV000320,WCP,WCP_CLAIMS,,PAYMENT_POSTED,2022-11-28T13:34:00-06:00,2022-11-29T21:58:23-06:00,9079,USD,,false,CPL/SRC/events/00320
EV000321,WCP,WCP_CLAIMS,WCP-R00174,SUBMITTED,2023-07-17T16:42:00-05:00,2023-07-19T02:07:10-05:00,18733,USD,,false,CPL/SRC/events/00321
EV000322,WCP,WCP_CLAIMS,WCP-R00174,CLOSED_NO_PAYMENT,2023-10-24T16:58:00-05:00,2023-10-24T19:01:28-05:00,,,,true,CPL/SRC/events/00322
EV000323,WCP,WCP_CLAIMS,WCP-R00175,SUBMITTED,2023-06-01T14:35:00-05:00,2023-06-04T13:54:34-05:00,4028,USD,,false,CPL/SRC/events/00323
EV000324,WCP,WCP_CLAIMS,,PAYMENT_POSTED,2023-06-08T15:58:00-05:00,2023-06-08T22:36:02-05:00,4028,USD,,false,CPL/SRC/events/00324
EV000325,WCP,WCP_CLAIMS,WCP-R00176,SUBMITTED,2022-08-02T11:34:00-05:00,2022-08-02T14:31:21-05:00,3056,USD,,false,CPL/SRC/events/00325
EV000326,WCP,WCP_CLAIMS,,PAYMENT_POSTED,2022-08-25T08:09:00-05:00,2022-08-25T14:00:15-05:00,3056,USD,,false,CPL/SRC/events/00326
EV000327,WCP,WCP_CLAIMS,WCP-R00177,SUBMITTED,2023-06-05T14:49:00-05:00,2023-06-05T19:51:45-05:00,14859,USD,,false,CPL/SRC/events/00327
EV000328,WCP,WCP_CLAIMS,,PAYMENT_POSTED,2023-07-10T16:54:00-05:00,2023-07-13T12:17:12-05:00,14859,USD,,false,CPL/SRC/events/00328
EV000329,WCP,WCP_CLAIMS,WCP-R00178,SUBMITTED,2022-08-09T14:37:00-05:00,2022-08-09T15:29:29-05:00,7901,USD,,false,CPL/SRC/events/00329
EV000330,WCP,WCP_CLAIMS,,PAYMENT_POSTED,2022-08-15T16:00:00-05:00,2022-08-17T03:02:36-05:00,7901,USD,,false,CPL/SRC/events/00330
EV000331,WCP,WCP_CLAIMS,WCP-R00179,SUBMITTED,2023-02-21T15:59:00-06:00,2023-02-24T10:50:15-06:00,69269,USD,,false,CPL/SRC/events/00331
EV000332,WCP,WCP_CLAIMS,WCP-R00180,CORRECTED,2023-03-02T15:43:00-06:00,2023-03-02T19:57:13-06:00,73347,USD,,false,CPL/SRC/events/00332
EV000333,WCP,WCP_CLAIMS,,PAYMENT_POSTED,2023-03-07T15:02:00-06:00,2023-03-07T19:23:36-06:00,73347,USD,,false,CPL/SRC/events/00333
EV000334,WCP,WCP_CLAIMS,WCP-R00180,PAYMENT_REVERSED,2023-03-20T14:52:00-05:00,2023-03-20T21:21:40-05:00,44202,USD,EV000333,false,CPL/SRC/events/00334
EV000335,WCP,WCP_CLAIMS,WCP-R00181,SUBMITTED,2022-08-23T13:33:00-05:00,2022-08-24T13:58:19-05:00,3775,USD,,false,CPL/SRC/events/00335
EV000336,WCP,WCP_CLAIMS,,PAYMENT_POSTED,2022-09-19T12:21:00-05:00,2022-09-26T23:48:21-05:00,3775,USD,,false,CPL/SRC/events/00336
EV000337,WCP,WCP_CLAIMS,WCP-R00182,SUBMITTED,2023-01-09T12:10:00-06:00,2023-01-13T22:48:59-06:00,89114,USD,,false,CPL/SRC/events/00337
EV000338,WCP,WCP_CLAIMS,WCP-R00183,CORRECTED,2023-01-13T14:59:00-06:00,2023-01-13T16:27:39-06:00,91533,USD,,false,CPL/SRC/events/00338
EV000339,WCP,WCP_CLAIMS,WCP-R00182,VOID_VERSION,2023-01-13T14:59:00-06:00,2023-01-16T01:54:51-06:00,89114,USD,,false,CPL/SRC/events/00339
EV000340,WCP,WCP_CLAIMS,WCP-R00183,CLOSED_NO_PAYMENT,2023-02-13T11:02:00-06:00,2023-02-14T05:49:02-06:00,,,,true,CPL/SRC/events/00340
EV000341,WCP,WCP_CLAIMS,WCP-R00184,SUBMITTED,2023-09-27T09:14:00-05:00,2023-09-27T23:30:17-05:00,5885,USD,,false,CPL/SRC/events/00341
EV000342,WCP,WCP_CLAIMS,WCP-R00185,SUBMITTED,2023-01-26T12:56:00-06:00,2023-01-26T14:36:23-06:00,24601,USD,,false,CPL/SRC/events/00342
EV000343,WCP,WCP_CLAIMS,WCP-R00186,SUBMITTED,2023-03-06T12:01:00-06:00,2023-03-07T14:19:03-06:00,63207,USD,,false,CPL/SRC/events/00343
EV000344,WCP,WCP_CLAIMS,,PAYMENT_POSTED,2023-03-20T10:11:00-05:00,2023-04-01T06:18:38-05:00,63207,USD,,false,CPL/SRC/events/00344
EV000345,WCP,WCP_CLAIMS,WCP-R00187,SUBMITTED,2023-08-24T10:08:00-05:00,2023-08-24T17:45:23-05:00,31309,USD,,false,CPL/SRC/events/00345
EV000346,WCP,WCP_CLAIMS,,PAYMENT_POSTED,2023-09-13T09:31:00-05:00,2023-09-13T09:49:28-05:00,31309,USD,,false,CPL/SRC/events/00346
EV000347,WCP,WCP_CLAIMS,WCP-R00188,SUBMITTED,2022-09-12T10:22:00-05:00,2022-09-12T12:26:23-05:00,8350,USD,,false,CPL/SRC/events/00347
EV000348,WCP,WCP_CLAIMS,,PAYMENT_POSTED,2022-11-18T13:29:00-06:00,2022-11-18T19:19:23-06:00,8350,USD,,false,CPL/SRC/events/00348
EV000349,WCP,WCP_CLAIMS,WCP-R00189,SUBMITTED,2023-01-26T12:09:00-06:00,2023-01-30T18:25:18-06:00,8235,USD,,false,CPL/SRC/events/00349
EV000350,WCP,WCP_CLAIMS,,PAYMENT_POSTED,2023-02-01T15:16:00-06:00,2023-02-06T02:08:35-06:00,8235,USD,,false,CPL/SRC/events/00350
EV000351,WCP,WCP_CLAIMS,WCP-R00190,SUBMITTED,2022-08-05T11:42:00-05:00,2022-08-05T19:10:00-05:00,86145,USD,,false,CPL/SRC/events/00351
EV000352,WCP,WCP_CLAIMS,,PAYMENT_POSTED,2022-08-26T15:07:00-05:00,2022-08-26T18:18:14-05:00,86145,USD,,false,CPL/SRC/events/00352
EV000353,WCP,WCP_CLAIMS,WCP-R00191,SUBMITTED,2023-06-26T12:13:00-05:00,2023-06-26T14:42:47-05:00,3996,USD,,false,CPL/SRC/events/00353
EV000354,WCP,WCP_CLAIMS,,PAYMENT_POSTED,2023-07-17T13:03:00-05:00,2023-07-17T16:48:16-05:00,3996,USD,,false,CPL/SRC/events/00354
EV000355,WCP,WCP_CLAIMS,WCP-R00192,SUBMITTED,2022-09-16T12:10:00-05:00,2022-09-19T17:26:02-05:00,2799,USD,,false,CPL/SRC/events/00355
EV000356,WCP,WCP_CLAIMS,,PAYMENT_POSTED,2022-11-08T09:08:00-06:00,2022-11-08T19:54:07-06:00,2799,USD,,false,CPL/SRC/events/00356
EV000357,WCP,WCP_CLAIMS,WCP-R00193,SUBMITTED,2022-07-25T09:11:00-05:00,2022-07-25T14:18:34-05:00,13677,USD,,false,CPL/SRC/events/00357
EV000358,WCP,WCP_CLAIMS,WCP-R00194,SUBMITTED,2023-05-15T10:21:00-05:00,2023-05-15T13:45:39-05:00,3161,USD,,false,CPL/SRC/events/00358
EV000359,WCP,WCP_CLAIMS,,PAYMENT_POSTED,2023-06-15T15:15:00-05:00,2023-06-20T04:07:03-05:00,3161,USD,,false,CPL/SRC/events/00359
EV000360,WCP,WCP_CLAIMS,WCP-R00195,SUBMITTED,2023-05-15T16:40:00-05:00,2023-05-17T21:41:12-05:00,10528,USD,,false,CPL/SRC/events/00360
EV000361,WCP,WCP_CLAIMS,WCP-R00196,SUBMITTED,2022-09-29T12:42:00-05:00,2022-09-30T08:34:39-05:00,9815,USD,,false,CPL/SRC/events/00361
EV000362,WCP,WCP_CLAIMS,,PAYMENT_POSTED,2022-10-12T09:39:00-05:00,2022-10-15T07:25:20-05:00,9815,USD,,false,CPL/SRC/events/00362
EV000363,WCP,WCP_CLAIMS,WCP-R00197,SUBMITTED,2022-10-10T11:45:00-05:00,2022-10-11T21:27:31-05:00,5629,USD,,false,CPL/SRC/events/00363
EV000364,WCP,WCP_CLAIMS,WCP-R00198,CORRECTED,2022-10-14T14:20:00-05:00,2022-10-18T15:41:51-05:00,7193,USD,,false,CPL/SRC/events/00364
EV000365,WCP,WCP_CLAIMS,WCP-R00199,SUBMITTED,2023-05-30T12:19:00-05:00,2023-06-04T19:51:50-05:00,9017,USD,,false,CPL/SRC/events/00365
EV000366,WCP,WCP_CLAIMS,,PAYMENT_POSTED,2023-06-22T10:33:00-05:00,2023-06-22T17:51:38-05:00,9017,USD,,false,CPL/SRC/events/00366
EV000367,WCP,WCP_CLAIMS,WCP-R00200,SUBMITTED,2022-07-27T13:05:00-05:00,2022-07-29T21:03:06-05:00,12788,USD,,false,CPL/SRC/events/00367
EV000368,WCP,WCP_CLAIMS,,PAYMENT_POSTED,2022-08-29T11:12:00-05:00,2022-09-12T15:19:03-05:00,12788,USD,,false,CPL/SRC/events/00368
EV000369,WCP,WCP_CLAIMS,WCP-R00200,PAYMENT_REVERSED,2022-09-02T10:00:00-05:00,2022-09-02T15:44:25-05:00,4580,USD,EV000368,false,CPL/SRC/events/00369
EV000370,WCP,WCP_CLAIMS,WCP-R00201,SUBMITTED,2023-02-13T12:36:00-06:00,2023-02-20T14:05:55-06:00,2500,USD,,false,CPL/SRC/events/00370
EV000371,WCP,WCP_CLAIMS,,PAYMENT_POSTED,2023-03-02T10:53:00-06:00,2023-03-03T21:04:41-06:00,2500,USD,,false,CPL/SRC/events/00371
EV000372,WCP,WCP_CLAIMS,WCP-R00202,SUBMITTED,2022-09-13T09:21:00-05:00,2022-09-13T14:01:33-05:00,10420,USD,,false,CPL/SRC/events/00372
EV000373,WCP,WCP_CLAIMS,,PAYMENT_POSTED,2022-11-02T13:43:00-05:00,2022-11-03T17:48:25-05:00,10420,USD,,false,CPL/SRC/events/00373
EV000374,WCP,WCP_CLAIMS,WCP-R00203,SUBMITTED,2023-08-07T12:52:00-05:00,2023-08-07T14:12:01-05:00,6113,USD,,false,CPL/SRC/events/00374
EV000375,WCP,WCP_CLAIMS,,PAYMENT_POSTED,2023-09-04T15:42:00-05:00,2023-09-04T21:06:33-05:00,6113,USD,,false,CPL/SRC/events/00375
EV000376,WCP,WCP_CLAIMS,WCP-R00204,SUBMITTED,2023-06-09T09:15:00-05:00,2023-06-09T14:28:32-05:00,44345,USD,,false,CPL/SRC/events/00376
EV000377,WCP,WCP_CLAIMS,,PAYMENT_POSTED,2023-07-04T11:56:00-05:00,2023-07-04T13:10:38-05:00,44345,USD,,false,CPL/SRC/events/00377
EV000378,WCP,WCP_CLAIMS,WCP-R00205,SUBMITTED,2023-05-22T15:56:00-05:00,2023-05-22T20:23:11-05:00,5413,USD,,false,CPL/SRC/events/00378
EV000379,WCP,WCP_CLAIMS,,PAYMENT_POSTED,2023-05-26T14:39:00-05:00,2023-05-26T15:20:30-05:00,5413,USD,,false,CPL/SRC/events/00379
EV000380,WCP,WCP_CLAIMS,WCP-R00206,SUBMITTED,2023-09-25T12:28:00-05:00,2023-09-25T16:11:40-05:00,8950,USD,,false,CPL/SRC/events/00380
EV000381,WCP,WCP_CLAIMS,WCP-R00207,CORRECTED,2023-10-02T14:03:00-05:00,2023-10-02T19:21:33-05:00,10043,USD,,false,CPL/SRC/events/00381
EV000382,WCP,WCP_CLAIMS,,PAYMENT_POSTED,2023-09-29T15:19:00-05:00,2023-09-29T17:28:04-05:00,10043,USD,,false,CPL/SRC/events/00382
EV000383,WCP,WCP_CLAIMS,WCP-R00208,SUBMITTED,2023-03-15T13:06:00-05:00,2023-03-16T12:35:27-05:00,27196,USD,,false,CPL/SRC/events/00383
EV000384,WCP,WCP_CLAIMS,,PAYMENT_POSTED,2023-04-25T15:15:00-05:00,2023-04-29T08:20:01-05:00,27196,USD,,false,CPL/SRC/events/00384
EV000385,WCP,WCP_CLAIMS,WCP-R00209,SUBMITTED,2022-07-29T12:52:00-05:00,2022-07-29T15:40:42-05:00,70163,USD,,false,CPL/SRC/events/00385
EV000386,WCP,WCP_CLAIMS,WCP-R00209,CLOSED_NO_PAYMENT,2022-10-05T14:15:00-05:00,2022-10-05T15:38:12-05:00,,,,true,CPL/SRC/events/00386
EV000387,WCP,WCP_CLAIMS,WCP-R00210,SUBMITTED,2023-08-08T09:03:00-05:00,2023-08-08T09:59:21-05:00,17904,USD,,false,CPL/SRC/events/00387
EV000388,WCP,WCP_CLAIMS,,PAYMENT_POSTED,2023-09-05T15:29:00-05:00,2023-09-05T18:05:51-05:00,17904,USD,,false,CPL/SRC/events/00388
EV000389,WCP,WCP_CLAIMS,WCP-R00211,SUBMITTED,2023-02-14T16:58:00-06:00,2023-02-16T23:57:11-06:00,10369,USD,,false,CPL/SRC/events/00389
EV000390,WCP,WCP_CLAIMS,,PAYMENT_POSTED,2023-02-27T12:16:00-06:00,2023-02-27T19:26:34-06:00,10369,USD,,false,CPL/SRC/events/00390
EV000391,WCP,WCP_CLAIMS,WCP-R00212,SUBMITTED,2022-12-06T11:46:00-06:00,2022-12-06T13:49:37-06:00,28585,USD,,false,CPL/SRC/events/00391
EV000392,WCP,WCP_CLAIMS,,PAYMENT_POSTED,2023-03-22T13:42:00-05:00,2023-03-23T15:23:16-05:00,28585,USD,,false,CPL/SRC/events/00392
EV000393,WCP,WCP_CLAIMS,WCP-R00213,SUBMITTED,2023-02-20T12:14:00-06:00,2023-02-21T22:44:44-06:00,3984,USD,,false,CPL/SRC/events/00393
EV000394,WCP,WCP_CLAIMS,,PAYMENT_POSTED,2023-04-13T16:09:00-05:00,2023-04-13T22:03:53-05:00,3984,USD,,false,CPL/SRC/events/00394
EV000395,WCP,WCP_CLAIMS,WCP-R00214,SUBMITTED,2023-06-12T14:13:00-05:00,2023-07-03T14:13:00-05:00,21642,USD,,false,CPL/SRC/events/00395
EV000396,WCP,WCP_CLAIMS,,PAYMENT_POSTED,2023-06-26T10:51:00-05:00,2023-06-26T12:02:15-05:00,21642,USD,,false,CPL/SRC/events/00396
EV000397,WCP,WCP_CLAIMS,WCP-R00215,SUBMITTED,2022-08-30T16:55:00-05:00,2022-09-06T14:51:22-05:00,2500,USD,,false,CPL/SRC/events/00397
EV000398,WCP,WCP_CLAIMS,WCP-R00215,CLOSED_NO_PAYMENT,2022-12-12T11:00:00-06:00,2022-12-12T15:43:27-06:00,,,,true,CPL/SRC/events/00398
EV000399,WCP,WCP_CLAIMS,WCP-R00216,SUBMITTED,2023-07-06T09:52:00-05:00,2023-07-13T02:49:03-05:00,121218,USD,,false,CPL/SRC/events/00399
EV000400,WCP,WCP_CLAIMS,WCP-R00217,CORRECTED,2023-07-10T09:54:00-05:00,2023-07-10T13:32:23-05:00,132828,USD,,false,CPL/SRC/events/00400
EV000401,WCP,WCP_CLAIMS,,PAYMENT_POSTED,2023-07-12T14:02:00-05:00,2023-07-23T04:11:30-05:00,132828,USD,,false,CPL/SRC/events/00401
EV000402,WCP,WCP_CLAIMS,WCP-R00218,SUBMITTED,2022-12-05T13:58:00-06:00,2022-12-05T14:12:01-06:00,10276,USD,,false,CPL/SRC/events/00402
EV000403,WCP,WCP_CLAIMS,,PAYMENT_POSTED,2023-01-09T14:48:00-06:00,2023-01-14T11:36:58-06:00,10276,USD,,false,CPL/SRC/events/00403
EV000404,WCP,WCP_CLAIMS,WCP-R00219,SUBMITTED,2022-07-06T15:43:00-05:00,2022-07-06T22:07:46-05:00,7553,USD,,false,CPL/SRC/events/00404
EV000405,WCP,WCP_CLAIMS,,PAYMENT_POSTED,2022-07-25T09:17:00-05:00,2022-07-27T08:38:05-05:00,7553,USD,,false,CPL/SRC/events/00405
EV000406,WCP,WCP_CLAIMS,WCP-R00220,SUBMITTED,2023-03-20T11:22:00-05:00,2023-03-21T23:46:25-05:00,5035,USD,,false,CPL/SRC/events/00406
EV000407,WCP,WCP_CLAIMS,WCP-R00221,SUBMITTED,2023-01-02T10:41:00-06:00,2023-01-02T18:02:26-06:00,11365,USD,,false,CPL/SRC/events/00407
EV000408,WCP,WCP_CLAIMS,WCP-R00222,CORRECTED,2023-01-10T13:27:00-06:00,2023-01-10T18:12:29-06:00,11299,USD,,false,CPL/SRC/events/00408
EV000409,WCP,WCP_CLAIMS,WCP-R00221,VOID_VERSION,2023-01-10T13:27:00-06:00,2023-01-10T18:07:42-06:00,11365,USD,,false,CPL/SRC/events/00409
EV000410,WCP,WCP_CLAIMS,,PAYMENT_POSTED,2023-02-13T09:11:00-06:00,2023-02-17T07:01:11-06:00,11299,USD,,false,CPL/SRC/events/00410
EV000411,WCP,WCP_CLAIMS,WCP-R00223,SUBMITTED,2023-05-12T09:40:00-05:00,2023-05-12T11:21:14-05:00,9445,USD,,false,CPL/SRC/events/00411
EV000412,WCP,WCP_CLAIMS,,PAYMENT_POSTED,2023-06-15T08:10:00-05:00,2023-06-16T05:39:06-05:00,9445,USD,,false,CPL/SRC/events/00412
EV000413,WCP,WCP_CLAIMS,WCP-R00223,PAYMENT_REVERSED,2023-06-26T14:23:00-05:00,2023-06-26T18:18:20-05:00,3817,USD,EV000412,false,CPL/SRC/events/00413
EV000414,WCP,WCP_CLAIMS,WCP-R00224,SUBMITTED,2023-01-05T16:21:00-06:00,2023-01-10T17:49:06-06:00,27897,USD,,false,CPL/SRC/events/00414
EV000415,WCP,WCP_CLAIMS,,PAYMENT_POSTED,2023-01-31T13:23:00-06:00,2023-01-31T20:56:59-06:00,27897,USD,,false,CPL/SRC/events/00415
EV000416,WCP,WCP_CLAIMS,WCP-R00225,SUBMITTED,2022-07-25T16:32:00-05:00,2022-08-08T00:54:37-05:00,16004,USD,,false,CPL/SRC/events/00416
EV000417,WCP,WCP_CLAIMS,WCP-R00226,CORRECTED,2022-08-01T11:29:00-05:00,2022-08-01T15:03:16-05:00,18877,USD,,false,CPL/SRC/events/00417
EV000418,WCP,WCP_CLAIMS,WCP-R00225,VOID_VERSION,2022-08-01T11:29:00-05:00,2022-08-01T14:48:38-05:00,16004,USD,,false,CPL/SRC/events/00418
EV000419,WCP,WCP_CLAIMS,WCP-R00226,CLOSED_NO_PAYMENT,2022-10-05T14:53:00-05:00,2022-10-05T22:26:49-05:00,,,,true,CPL/SRC/events/00419
EV000420,WCP,WCP_CLAIMS,WCP-R00227,SUBMITTED,2023-06-05T12:34:00-05:00,2023-06-05T14:19:45-05:00,2500,USD,,false,CPL/SRC/events/00420
EV000421,WCP,WCP_CLAIMS,WCP-R00228,SUBMITTED,2023-01-16T10:53:00-06:00,2023-01-22T23:46:44-06:00,4337,USD,,false,CPL/SRC/events/00421
EV000422,WCP,WCP_CLAIMS,,PAYMENT_POSTED,2023-02-13T13:59:00-06:00,2023-02-13T16:14:14-06:00,4337,USD,,false,CPL/SRC/events/00422
EV000423,WCP,WCP_CLAIMS,WCP-R00229,SUBMITTED,2022-12-20T10:09:00-06:00,2022-12-20T15:47:12-06:00,3837,USD,,false,CPL/SRC/events/00423
EV000424,WCP,WCP_CLAIMS,WCP-R00230,CORRECTED,2022-12-26T12:13:00-06:00,2022-12-29T01:50:51-06:00,4465,USD,,false,CPL/SRC/events/00424
EV000425,WCP,WCP_CLAIMS,WCP-R00229,VOID_VERSION,2022-12-26T12:13:00-06:00,2022-12-26T16:11:15-06:00,3837,EUR,,false,CPL/SRC/events/00425
EV000426,WCP,WCP_CLAIMS,,PAYMENT_POSTED,2023-01-10T11:51:00-06:00,2023-01-11T04:06:47-06:00,4465,USD,,false,CPL/SRC/events/00426
EV000427,WCP,WCP_CLAIMS,WCP-R00231,SUBMITTED,2022-07-19T09:43:00-05:00,2022-07-21T03:28:26-05:00,13312,USD,,false,CPL/SRC/events/00427
EV000428,WCP,WCP_CLAIMS,,PAYMENT_POSTED,2022-08-01T16:54:00-05:00,2022-08-01T17:58:03-05:00,13312,USD,,false,CPL/SRC/events/00428
EV000429,WCP,WCP_CLAIMS,WCP-R00232,SUBMITTED,2022-08-22T15:51:00-05:00,2022-08-22T19:21:18-05:00,2779,USD,,false,CPL/SRC/events/00429
EV000430,WCP,WCP_CLAIMS,,PAYMENT_POSTED,2022-09-08T16:21:00-05:00,2022-09-08T16:59:28-05:00,2779,USD,,false,CPL/SRC/events/00430
EV000431,WCP,WCP_CLAIMS,WCP-R00233,SUBMITTED,2022-12-12T09:30:00-06:00,2022-12-12T16:20:00-06:00,4735,USD,,false,CPL/SRC/events/00431
EV000432,WCP,WCP_CLAIMS,,PAYMENT_POSTED,2023-01-02T08:28:00-06:00,2023-01-02T15:08:25-06:00,4735,USD,,false,CPL/SRC/events/00432
EV000433,WCP,WCP_CLAIMS,WCP-R00234,SUBMITTED,2022-08-31T11:38:00-05:00,2022-08-31T13:54:46-05:00,30817,USD,,false,CPL/SRC/events/00433
EV000434,WCP,WCP_CLAIMS,,PAYMENT_POSTED,2022-09-07T15:47:00-05:00,2022-09-07T17:23:52-05:00,30817,USD,,false,CPL/SRC/events/00434
EV000435,WCP,WCP_CLAIMS,WCP-R00235,SUBMITTED,2023-01-10T08:25:00-06:00,2023-01-13T02:15:18-06:00,29044,USD,,false,CPL/SRC/events/00435
EV000436,WCP,WCP_CLAIMS,,PAYMENT_POSTED,2023-02-23T13:45:00-06:00,2023-02-23T21:10:24-06:00,29044,USD,,false,CPL/SRC/events/00436
EV000437,WCP,WCP_CLAIMS,WCP-R00236,SUBMITTED,2023-01-09T12:14:00-06:00,2023-01-09T12:35:53-06:00,27580,USD,,false,CPL/SRC/events/00437
EV000438,WCP,WCP_CLAIMS,WCP-R00237,SUBMITTED,2022-10-12T09:23:00-05:00,2022-10-12T14:35:43-05:00,86030,USD,,false,CPL/SRC/events/00438
EV000439,WCP,WCP_CLAIMS,,PAYMENT_POSTED,2022-10-20T13:10:00-05:00,2022-10-20T20:37:59-05:00,86030,USD,,false,CPL/SRC/events/00439
EV000440,WCP,WCP_CLAIMS,WCP-R00238,SUBMITTED,2022-12-06T14:52:00-06:00,2022-12-06T16:02:17-06:00,16428,USD,,false,CPL/SRC/events/00440
EV000441,WCP,WCP_CLAIMS,,PAYMENT_POSTED,2022-12-26T11:15:00-06:00,2022-12-26T18:07:40-06:00,16428,USD,,false,CPL/SRC/events/00441
EV000442,WCP,WCP_CLAIMS,WCP-R00239,SUBMITTED,2023-04-27T10:59:00-05:00,2023-05-05T06:05:41-05:00,6141,USD,,false,CPL/SRC/events/00442
EV000443,WCP,WCP_CLAIMS,WCP-R00240,CORRECTED,2023-05-01T10:33:00-05:00,2023-06-04T12:52:24-05:00,5864,USD,,false,CPL/SRC/events/00443
EV000444,WCP,WCP_CLAIMS,WCP-R00240,CLOSED_NO_PAYMENT,2023-08-23T08:37:00-05:00,2023-08-26T07:45:42-05:00,,,,true,CPL/SRC/events/00444
EV000445,WCP,WCP_CLAIMS,WCP-R00241,SUBMITTED,2023-05-25T10:51:00-05:00,2023-05-25T18:15:25-05:00,50726,USD,,false,CPL/SRC/events/00445
EV000446,WCP,WCP_CLAIMS,,PAYMENT_POSTED,2023-06-23T09:30:00-05:00,2023-06-24T09:26:54-05:00,50726,USD,,false,CPL/SRC/events/00446
EV000447,WCP,WCP_CLAIMS,WCP-R00242,SUBMITTED,2023-03-10T15:41:00-06:00,2023-03-14T19:09:49-05:00,11700,USD,,false,CPL/SRC/events/00447
EV000448,WCP,WCP_CLAIMS,,PAYMENT_POSTED,2023-03-27T11:18:00-05:00,2023-03-27T18:44:49-05:00,11700,USD,,false,CPL/SRC/events/00448
EV000449,WCP,WCP_CLAIMS,WCP-R00243,SUBMITTED,2023-06-23T14:26:00-05:00,2023-06-23T19:10:22-05:00,19192,USD,,false,CPL/SRC/events/00449
EV000450,WCP,WCP_CLAIMS,,PAYMENT_POSTED,2023-07-04T11:40:00-05:00,2023-07-05T21:25:15-05:00,19192,USD,,false,CPL/SRC/events/00450
EV000451,WCP,WCP_CLAIMS,WCP-R00244,SUBMITTED,2023-07-21T08:34:00-05:00,2023-07-23T01:00:31-05:00,63897,USD,,false,CPL/SRC/events/00451
EV000452,WCP,WCP_CLAIMS,,PAYMENT_POSTED,2023-07-27T16:34:00-05:00,2023-07-31T07:05:55-05:00,63897,USD,,false,CPL/SRC/events/00452
EV000453,WCP,WCP_CLAIMS,WCP-R00245,SUBMITTED,2022-07-28T10:39:00-05:00,2022-07-31T02:42:42-05:00,7999,USD,,false,CPL/SRC/events/00453
EV000454,WCP,WCP_CLAIMS,,PAYMENT_POSTED,2022-08-16T13:30:00-05:00,2022-08-21T23:14:13-05:00,7999,USD,,false,CPL/SRC/events/00454
EV000455,WCP,WCP_CLAIMS,WCP-R00246,SUBMITTED,2022-11-21T13:36:00-06:00,2022-11-21T14:36:57-06:00,256985,USD,,false,CPL/SRC/events/00455
EV000456,WCP,WCP_CLAIMS,WCP-R00246,CLOSED_NO_PAYMENT,2023-01-10T15:14:00-06:00,2023-01-13T02:25:30-06:00,,,,true,CPL/SRC/events/00456
EV000457,WCP,WCP_CLAIMS,WCP-R00247,SUBMITTED,2022-11-11T15:20:00-06:00,2022-11-13T22:24:33-06:00,16453,USD,,false,CPL/SRC/events/00457
EV000458,WCP,WCP_CLAIMS,WCP-R00248,SUBMITTED,2022-11-03T13:03:00-05:00,2022-11-03T14:47:17-05:00,79529,USD,,false,CPL/SRC/events/00458
EV000459,WCP,WCP_CLAIMS,WCP-R00249,CORRECTED,2022-11-14T11:03:00-06:00,2022-11-19T10:16:12-06:00,73697,USD,,false,CPL/SRC/events/00459
EV000460,WCP,WCP_CLAIMS,WCP-R00248,VOID_VERSION,2022-11-14T11:03:00-06:00,2022-11-16T15:49:10-06:00,79529,USD,,false,CPL/SRC/events/00460
EV000461,WCP,WCP_CLAIMS,,PAYMENT_POSTED,2022-11-11T08:51:00-06:00,2022-11-11T11:17:43-06:00,73697,USD,,false,CPL/SRC/events/00461
EV000462,WCP,WCP_CLAIMS,WCP-R00250,SUBMITTED,2023-07-28T15:22:00-05:00,2023-07-28T18:40:05-05:00,4530,USD,,false,CPL/SRC/events/00462
EV000463,WCP,WCP_CLAIMS,,PAYMENT_POSTED,2023-08-17T09:25:00-05:00,2023-08-17T17:18:51-05:00,4530,USD,,false,CPL/SRC/events/00463
EV000464,WCP,WCP_CLAIMS,WCP-R00251,SUBMITTED,2022-09-05T08:52:00-05:00,2022-09-05T16:10:41-05:00,10092,USD,,false,CPL/SRC/events/00464
EV000465,WCP,WCP_CLAIMS,WCP-R00252,SUBMITTED,2023-09-26T16:20:00-05:00,2023-09-26T21:33:50-05:00,4887,USD,,false,CPL/SRC/events/00465
EV000466,WCP,WCP_CLAIMS,,PAYMENT_POSTED,2023-10-09T14:37:00-05:00,2023-10-09T15:11:10-05:00,4887,USD,,false,CPL/SRC/events/00466
EV000467,WCP,WCP_CLAIMS,WCP-R00253,SUBMITTED,2023-01-03T16:53:00-06:00,2023-01-03T17:41:35-06:00,5821,USD,,false,CPL/SRC/events/00467
EV000468,WCP,WCP_CLAIMS,WCP-R00254,CORRECTED,2023-01-09T11:59:00-06:00,2023-01-12T12:53:29-06:00,5796,USD,,false,CPL/SRC/events/00468
EV000469,WCP,WCP_CLAIMS,,PAYMENT_POSTED,2023-01-12T16:56:00-06:00,2023-01-12T23:36:12-06:00,5796,USD,,false,CPL/SRC/events/00469
EV000470,WCP,WCP_CLAIMS,WCP-R00255,SUBMITTED,2022-12-14T09:14:00-06:00,2023-01-04T09:14:00-06:00,9339,USD,,false,CPL/SRC/events/00470
EV000471,WCP,WCP_CLAIMS,WCP-R00256,CORRECTED,2022-12-19T08:55:00-06:00,2022-12-27T02:23:03-06:00,9788,USD,,false,CPL/SRC/events/00471
EV000472,WCP,WCP_CLAIMS,,PAYMENT_POSTED,2022-12-27T12:13:00-06:00,2022-12-31T19:20:55-06:00,9788,USD,,false,CPL/SRC/events/00472
EV000473,WCP,WCP_CLAIMS,WCP-R00257,SUBMITTED,2022-12-12T13:09:00-06:00,2022-12-12T16:44:13-06:00,8853,USD,,false,CPL/SRC/events/00473
EV000474,WCP,WCP_CLAIMS,WCP-R00258,SUBMITTED,2023-04-03T11:16:00-05:00,2023-04-10T22:54:15-05:00,9452,USD,,false,CPL/SRC/events/00474
EV000475,WCP,WCP_CLAIMS,,PAYMENT_POSTED,2023-04-14T11:54:00-05:00,2023-04-15T08:47:33-05:00,9452,USD,,false,CPL/SRC/events/00475
EV000476,WCP,WCP_CLAIMS,WCP-R00259,SUBMITTED,2023-06-28T16:02:00-05:00,2023-06-28T21:17:18-05:00,15353,USD,,false,CPL/SRC/events/00476
EV000477,WCP,WCP_CLAIMS,WCP-R00260,CORRECTED,2023-07-03T14:06:00-05:00,2023-07-03T15:33:43-05:00,13548,USD,,false,CPL/SRC/events/00477
EV000478,WCP,WCP_CLAIMS,,PAYMENT_POSTED,2023-07-10T09:46:00-05:00,2023-07-10T17:33:25-05:00,13548,USD,,false,CPL/SRC/events/00478
EV000479,WCP,WCP_CLAIMS,WCP-R00261,SUBMITTED,2022-07-18T13:00:00-05:00,2022-07-18T18:48:55-05:00,8838,USD,,false,CPL/SRC/events/00479
EV000480,WCP,WCP_CLAIMS,,PAYMENT_POSTED,2022-07-25T12:24:00-05:00,2022-07-25T19:42:17-05:00,8838,USD,,false,CPL/SRC/events/00480
EV000481,WCP,WCP_CLAIMS,WCP-R00262,SUBMITTED,2023-08-29T09:41:00-05:00,2023-08-29T11:53:55-05:00,11196,USD,,false,CPL/SRC/events/00481
EV000482,WCP,WCP_CLAIMS,,PAYMENT_POSTED,2023-10-10T09:01:00-05:00,2023-10-10T11:11:01-05:00,11196,USD,,false,CPL/SRC/events/00482
EV000483,WCP,WCP_CLAIMS,WCP-R00263,SUBMITTED,2023-04-21T10:38:00-05:00,2023-05-10T18:40:03-05:00,91565,USD,,false,CPL/SRC/events/00483
EV000484,WCP,WCP_CLAIMS,WCP-R00264,CORRECTED,2023-04-24T10:19:00-05:00,2023-05-04T23:38:44-05:00,105227,USD,,false,CPL/SRC/events/00484
EV000485,WCP,WCP_CLAIMS,WCP-R00263,VOID_VERSION,2023-04-24T10:19:00-05:00,2023-04-24T15:43:13-05:00,91565,USD,,false,CPL/SRC/events/00485
EV000486,WCP,WCP_CLAIMS,,PAYMENT_POSTED,2023-05-16T13:20:00-05:00,2023-05-16T20:58:29-05:00,105227,USD,,false,CPL/SRC/events/00486
EV000487,WCP,WCP_CLAIMS,WCP-R00265,SUBMITTED,2023-06-07T12:33:00-05:00,2023-06-13T01:57:22-05:00,5563,USD,,false,CPL/SRC/events/00487
EV000488,WCP,WCP_CLAIMS,,PAYMENT_POSTED,2023-06-09T11:56:00-05:00,2023-06-09T13:17:41-05:00,5563,USD,,false,CPL/SRC/events/00488
EV000489,WCP,WCP_CLAIMS,WCP-R00266,SUBMITTED,2023-03-20T15:32:00-05:00,2023-03-20T22:17:29-05:00,4448,USD,,false,CPL/SRC/events/00489
EV000490,WCP,WCP_CLAIMS,,PAYMENT_POSTED,2023-04-03T09:23:00-05:00,2023-04-04T19:47:45-05:00,4448,USD,,false,CPL/SRC/events/00490
EV000491,WCP,WCP_CLAIMS,WCP-R00267,SUBMITTED,2022-10-24T11:12:00-05:00,2022-10-29T17:41:38-05:00,397992,USD,,false,CPL/SRC/events/00491
EV000492,WCP,WCP_CLAIMS,WCP-R00268,SUBMITTED,2022-10-31T12:11:00-05:00,2022-11-03T20:02:06-05:00,45247,USD,,false,CPL/SRC/events/00492
EV000493,WCP,WCP_CLAIMS,,PAYMENT_POSTED,2022-12-19T09:32:00-06:00,2022-12-21T23:59:04-06:00,45247,USD,,false,CPL/SRC/events/00493
EV000494,WCP,WCP_CLAIMS,WCP-R00269,SUBMITTED,2023-02-28T12:01:00-06:00,2023-02-28T16:30:10-06:00,5991,USD,,false,CPL/SRC/events/00494
EV000495,WCP,WCP_CLAIMS,WCP-R00270,CORRECTED,2023-03-13T08:28:00-05:00,2023-03-13T14:30:15-05:00,6612,USD,,false,CPL/SRC/events/00495
EV000496,WCP,WCP_CLAIMS,,PAYMENT_POSTED,2023-03-27T14:05:00-05:00,2023-03-28T01:32:37-05:00,6612,USD,,false,CPL/SRC/events/00496
EV000497,WCP,WCP_CLAIMS,WCP-R00271,SUBMITTED,2023-08-21T11:09:00-05:00,2023-08-22T10:22:15-05:00,7204,USD,,false,CPL/SRC/events/00497
EV000498,WCP,WCP_CLAIMS,,PAYMENT_POSTED,2023-09-12T12:22:00-05:00,2023-09-12T16:26:36-05:00,7204,USD,,false,CPL/SRC/events/00498
EV000499,WCP,WCP_CLAIMS,WCP-R00272,SUBMITTED,2023-04-13T12:51:00-05:00,2023-04-17T17:54:34-05:00,5271,USD,,false,CPL/SRC/events/00499
EV000500,WCP,WCP_CLAIMS,,PAYMENT_POSTED,2023-05-01T11:17:00-05:00,2023-05-08T01:51:41-05:00,5271,USD,,false,CPL/SRC/events/00500
EV000501,WCP,WCP_CLAIMS,WCP-R00273,SUBMITTED,2023-07-19T15:34:00-05:00,2023-07-20T00:15:43-05:00,38806,USD,,false,CPL/SRC/events/00501
EV000502,WCP,WCP_CLAIMS,,PAYMENT_POSTED,2023-09-15T13:22:00-05:00,2023-09-18T13:08:36-05:00,38806,USD,,false,CPL/SRC/events/00502
EV000503,WCP,WCP_CLAIMS,WCP-R00274,SUBMITTED,2022-08-04T15:46:00-05:00,2022-08-07T22:48:02-05:00,9276,USD,,false,CPL/SRC/events/00503
EV000504,WCP,WCP_CLAIMS,,PAYMENT_POSTED,2022-08-19T08:02:00-05:00,2022-08-23T19:19:54-05:00,9276,USD,,false,CPL/SRC/events/00504
EV000505,WCP,WCP_CLAIMS,WCP-R00275,SUBMITTED,2022-10-03T09:26:00-05:00,2022-10-08T05:48:11-05:00,108654,USD,,false,CPL/SRC/events/00505
EV000506,WCP,WCP_CLAIMS,,PAYMENT_POSTED,2022-10-31T15:22:00-05:00,2022-10-31T17:09:14-05:00,108654,USD,,false,CPL/SRC/events/00506
EV000507,WCP,WCP_CLAIMS,WCP-R00276,SUBMITTED,2022-11-28T09:49:00-06:00,2022-11-30T22:53:32-06:00,12655,USD,,false,CPL/SRC/events/00507
EV000508,WCP,WCP_CLAIMS,,PAYMENT_POSTED,2023-01-03T10:44:00-06:00,2023-01-03T17:25:09-06:00,12655,USD,,false,CPL/SRC/events/00508
EV000509,WCP,WCP_CLAIMS,WCP-R00277,SUBMITTED,2023-06-01T08:49:00-05:00,2023-06-01T10:48:19-05:00,381883,USD,,false,CPL/SRC/events/00509
EV000510,WCP,WCP_CLAIMS,WCP-R00278,SUBMITTED,2022-11-29T13:11:00-06:00,2023-02-23T09:41:11-06:00,20036,USD,,false,CPL/SRC/events/00510
EV000511,WCP,WCP_CLAIMS,,PAYMENT_POSTED,2022-12-26T15:05:00-06:00,2022-12-28T03:51:35-06:00,20036,USD,,false,CPL/SRC/events/00511
EV000512,WCP,WCP_CLAIMS,WCP-R00279,SUBMITTED,2023-08-17T10:06:00-05:00,2023-08-17T13:30:49-05:00,16752,USD,,false,CPL/SRC/events/00512
EV000513,WCP,WCP_CLAIMS,,PAYMENT_POSTED,2023-09-01T14:20:00-05:00,2023-09-08T04:28:24-05:00,16752,USD,,false,CPL/SRC/events/00513
EV000514,WCP,WCP_CLAIMS,WCP-R00280,SUBMITTED,2023-05-08T14:42:00-05:00,2023-05-09T17:43:01-05:00,10731,USD,,false,CPL/SRC/events/00514
EV000515,WCP,WCP_CLAIMS,WCP-R00280,CLOSED_NO_PAYMENT,2023-09-04T12:10:00-05:00,2023-09-09T22:00:12-05:00,,,,true,CPL/SRC/events/00515
EV000516,WCP,WCP_CLAIMS,WCP-R00281,SUBMITTED,2022-08-04T10:36:00-05:00,2022-08-08T10:41:33-05:00,23332,USD,,false,CPL/SRC/events/00516
EV000517,WCP,WCP_CLAIMS,,PAYMENT_POSTED,2022-09-26T08:50:00-05:00,2022-09-27T15:44:09-05:00,23332,USD,,false,CPL/SRC/events/00517
EV000518,WCP,WCP_CLAIMS,WCP-R00282,SUBMITTED,2022-10-10T13:03:00-05:00,2022-10-11T06:29:22-05:00,11484,USD,,false,CPL/SRC/events/00518
EV000519,WCP,WCP_CLAIMS,,PAYMENT_POSTED,2022-10-26T16:50:00-05:00,2022-10-30T00:40:30-05:00,11484,USD,,false,CPL/SRC/events/00519
EV000520,WCP,WCP_CLAIMS,WCP-R00283,SUBMITTED,2023-02-13T16:19:00-06:00,2023-02-21T15:21:13-06:00,18407,USD,,false,CPL/SRC/events/00520
EV000521,WCP,WCP_CLAIMS,WCP-R00284,CORRECTED,2023-02-21T11:54:00-06:00,2023-02-21T13:49:11-06:00,21678,USD,,false,CPL/SRC/events/00521
EV000522,WCP,WCP_CLAIMS,,PAYMENT_POSTED,2023-03-09T10:48:00-06:00,2023-03-16T21:19:27-05:00,21678,USD,,false,CPL/SRC/events/00522
EV000523,WCP,WCP_CLAIMS,WCP-R00285,SUBMITTED,2023-01-06T16:16:00-06:00,2023-01-08T15:58:42-06:00,8632,USD,,false,CPL/SRC/events/00523
EV000524,WCP,WCP_CLAIMS,,PAYMENT_POSTED,2023-01-17T14:03:00-06:00,2023-01-21T00:02:43-06:00,8632,USD,,false,CPL/SRC/events/00524
EV000525,WCP,WCP_CLAIMS,WCP-R00286,SUBMITTED,2022-11-08T12:41:00-06:00,2022-11-08T15:39:15-06:00,26738,USD,,false,CPL/SRC/events/00525
EV000526,WCP,WCP_CLAIMS,,PAYMENT_POSTED,2022-12-01T16:26:00-06:00,2022-12-01T17:34:49-06:00,26738,USD,,false,CPL/SRC/events/00526
EV000527,WCP,WCP_CLAIMS,WCP-R00287,SUBMITTED,2023-04-05T14:47:00-05:00,2023-04-08T07:16:57-05:00,73484,USD,,false,CPL/SRC/events/00527
EV000528,WCP,WCP_CLAIMS,,PAYMENT_POSTED,2023-05-11T15:02:00-05:00,2023-05-11T18:34:38-05:00,73484,USD,,false,CPL/SRC/events/00528
EV000529,WCP,WCP_CLAIMS,WCP-R00288,SUBMITTED,2022-07-01T10:46:00-05:00,2022-07-01T12:51:26-05:00,8793,USD,,false,CPL/SRC/events/00529
EV000530,WCP,WCP_CLAIMS,,PAYMENT_POSTED,2022-10-24T15:31:00-05:00,2022-10-25T22:42:40-05:00,8793,USD,,false,CPL/SRC/events/00530
EV000531,WCP,WCP_CLAIMS,WCP-R00289,SUBMITTED,2023-02-20T12:13:00-06:00,2023-02-22T05:34:17-06:00,18312,USD,,false,CPL/SRC/events/00531
EV000532,WCP,WCP_CLAIMS,,PAYMENT_POSTED,2023-03-17T11:58:00-05:00,2023-03-17T16:21:10-05:00,18312,USD,,false,CPL/SRC/events/00532
EV000533,WCP,WCP_CLAIMS,WCP-R00290,SUBMITTED,2023-01-02T09:45:00-06:00,2023-01-02T13:55:11-06:00,18656,USD,,false,CPL/SRC/events/00533
EV000534,WCP,WCP_CLAIMS,WCP-R00291,SUBMITTED,2022-08-29T15:24:00-05:00,2022-09-10T10:30:48-05:00,20127,USD,,false,CPL/SRC/events/00534
EV000535,WCP,WCP_CLAIMS,,PAYMENT_POSTED,2022-09-12T08:02:00-05:00,2022-09-12T13:06:57-05:00,20127,USD,,false,CPL/SRC/events/00535
EV000536,WCP,WCP_CLAIMS,WCP-R00292,SUBMITTED,2022-10-03T16:05:00-05:00,2022-10-03T19:43:49-05:00,5705,USD,,false,CPL/SRC/events/00536
EV000537,WCP,WCP_CLAIMS,WCP-R00293,CORRECTED,2022-10-06T08:54:00-05:00,2022-10-06T13:08:14-05:00,6590,USD,,false,CPL/SRC/events/00537
EV000538,WCP,WCP_CLAIMS,,PAYMENT_POSTED,2022-10-10T15:43:00-05:00,2022-10-11T01:38:56-05:00,6590,USD,,false,CPL/SRC/events/00538
EV000539,WCP,WCP_CLAIMS,WCP-R00294,SUBMITTED,2023-06-26T09:09:00-05:00,2023-06-26T14:31:31-05:00,50620,USD,,false,CPL/SRC/events/00539
EV000540,WCP,WCP_CLAIMS,WCP-R00295,CORRECTED,2023-07-05T15:41:00-05:00,2023-07-05T20:28:33-05:00,52215,USD,,false,CPL/SRC/events/00540
EV000541,WCP,WCP_CLAIMS,,PAYMENT_POSTED,2023-07-05T10:18:00-05:00,2023-07-07T09:58:35-05:00,52215,USD,,false,CPL/SRC/events/00541
EV000542,WCP,WCP_CLAIMS,WCP-R00296,SUBMITTED,2022-10-05T09:39:00-05:00,2022-10-07T18:41:04-05:00,31776,USD,,false,CPL/SRC/events/00542
EV000543,WCP,WCP_CLAIMS,,PAYMENT_POSTED,2022-10-31T14:19:00-05:00,2022-11-01T08:26:55-05:00,31776,USD,,false,CPL/SRC/events/00543
EV000544,WCP,WCP_CLAIMS,WCP-R00297,SUBMITTED,2022-08-11T10:12:00-05:00,2022-08-11T10:24:41-05:00,8423,USD,,false,CPL/SRC/events/00544
EV000545,WCP,WCP_CLAIMS,WCP-R00297,CLOSED_NO_PAYMENT,2022-09-12T11:08:00-05:00,2022-09-24T10:24:09-05:00,,,,true,CPL/SRC/events/00545
EV000546,WCP,WCP_CLAIMS,WCP-R00298,SUBMITTED,2023-06-07T08:56:00-05:00,2023-06-14T05:46:28-05:00,11189,USD,,false,CPL/SRC/events/00546
EV000547,WCP,WCP_CLAIMS,,PAYMENT_POSTED,2023-06-23T12:17:00-05:00,2023-06-23T16:42:27-05:00,11189,USD,,false,CPL/SRC/events/00547
EV000548,WCP,WCP_CLAIMS,WCP-R00299,SUBMITTED,2023-07-27T09:30:00-05:00,2023-07-27T17:22:41-05:00,6282,USD,,false,CPL/SRC/events/00548
EV000549,WCP,WCP_CLAIMS,WCP-R00300,SUBMITTED,2022-09-05T16:17:00-05:00,2022-09-05T23:58:05-05:00,3488,USD,,false,CPL/SRC/events/00549
EV000550,WCP,WCP_CLAIMS,,PAYMENT_POSTED,2022-09-19T15:07:00-05:00,2022-09-19T18:26:04-05:00,3488,USD,,false,CPL/SRC/events/00550
EV000551,WCP,WCP_CLAIMS,WCP-R00301,SUBMITTED,2023-07-10T11:52:00-05:00,2023-07-10T13:38:40-05:00,6820,USD,,false,CPL/SRC/events/00551
EV000552,WCP,WCP_CLAIMS,,PAYMENT_POSTED,2023-08-09T15:45:00-05:00,2023-08-10T15:52:08-05:00,6820,USD,,false,CPL/SRC/events/00552
EV000553,WCP,WCP_CLAIMS,WCP-R00302,SUBMITTED,2023-07-26T09:35:00-05:00,2023-07-26T17:30:54-05:00,6831,USD,,false,CPL/SRC/events/00553
EV000554,WCP,WCP_CLAIMS,,PAYMENT_POSTED,2023-09-08T10:22:00-05:00,2023-09-08T15:12:00-05:00,6831,USD,,false,CPL/SRC/events/00554
EV000555,WCP,WCP_CLAIMS,WCP-R00303,SUBMITTED,2023-07-06T12:13:00-05:00,2023-07-16T07:59:56-05:00,2578,USD,,false,CPL/SRC/events/00555
EV000556,WCP,WCP_CLAIMS,,PAYMENT_POSTED,2023-08-07T13:50:00-05:00,2023-08-07T17:43:44-05:00,2578,USD,,false,CPL/SRC/events/00556
EV000557,WCP,WCP_CLAIMS,WCP-R00304,SUBMITTED,2023-08-21T10:00:00-05:00,2023-08-21T13:32:09-05:00,10408,USD,,false,CPL/SRC/events/00557
EV000558,WCP,WCP_CLAIMS,,PAYMENT_POSTED,2023-09-15T10:06:00-05:00,2023-09-18T06:38:21-05:00,10408,USD,,false,CPL/SRC/events/00558
EV000559,WCP,WCP_CLAIMS,WCP-R00305,SUBMITTED,2022-12-05T12:18:00-06:00,2022-12-16T12:52:21-06:00,9923,USD,,false,CPL/SRC/events/00559
EV000560,WCP,WCP_CLAIMS,WCP-R00305,CLOSED_NO_PAYMENT,2023-01-25T16:40:00-06:00,2023-01-26T11:40:00-06:00,,,,true,CPL/SRC/events/00560
EV000561,WCP,WCP_CLAIMS,WCP-R00306,SUBMITTED,2023-06-20T08:40:00-05:00,2023-06-20T16:29:10-05:00,12455,USD,,false,CPL/SRC/events/00561
EV000562,WCP,WCP_CLAIMS,,PAYMENT_POSTED,2023-08-18T10:26:00-05:00,2023-08-18T14:09:41-05:00,12455,USD,,false,CPL/SRC/events/00562
EV000563,WCP,WCP_CLAIMS,WCP-R00307,SUBMITTED,2023-02-17T14:47:00-06:00,2023-02-17T15:52:22-06:00,22380,USD,,false,CPL/SRC/events/00563
EV000564,WCP,WCP_CLAIMS,,PAYMENT_POSTED,2023-03-07T16:27:00-06:00,2023-03-13T23:32:28-05:00,22380,USD,,false,CPL/SRC/events/00564
EV000565,WCP,WCP_CLAIMS,WCP-R00308,SUBMITTED,2022-09-12T10:54:00-05:00,2022-09-17T12:02:28-05:00,21910,USD,,false,CPL/SRC/events/00565
EV000566,WCP,WCP_CLAIMS,WCP-R00309,CORRECTED,2022-09-15T08:50:00-05:00,2022-09-17T10:13:45-05:00,19721,USD,,false,CPL/SRC/events/00566
EV000567,WCP,WCP_CLAIMS,WCP-R00308,VOID_VERSION,2022-09-15T08:50:00-05:00,2022-09-18T03:32:06-05:00,21910,USD,,false,CPL/SRC/events/00567
EV000568,WCP,WCP_CLAIMS,,PAYMENT_POSTED,2022-09-28T11:47:00-05:00,2022-09-28T14:37:06-05:00,19721,USD,,false,CPL/SRC/events/00568
EV000569,WCP,WCP_CLAIMS,WCP-R00310,SUBMITTED,2023-03-02T12:45:00-06:00,2023-03-02T19:45:13-06:00,200501,USD,,false,CPL/SRC/events/00569
EV000570,WCP,WCP_CLAIMS,,PAYMENT_POSTED,2023-03-27T13:16:00-05:00,2023-03-27T20:05:54-05:00,200501,USD,,false,CPL/SRC/events/00570
EV000571,WCP,WCP_CLAIMS,WCP-R00311,SUBMITTED,2023-02-27T09:02:00-06:00,2023-02-27T23:38:58-06:00,24323,USD,,false,CPL/SRC/events/00571
EV000572,WCP,WCP_CLAIMS,,PAYMENT_POSTED,2023-04-12T16:25:00-05:00,2023-04-12T17:08:44-05:00,24323,USD,,false,CPL/SRC/events/00572
EV000573,WCP,WCP_CLAIMS,WCP-R00312,SUBMITTED,2023-02-08T07:45:00-06:00,2023-02-08T14:28:21-06:00,15320,USD,,false,CPL/SRC/events/00573
EV000574,WCP,WCP_CLAIMS,,PAYMENT_POSTED,2023-03-06T09:37:00-06:00,2023-03-07T01:22:39-06:00,15320,USD,,false,CPL/SRC/events/00574
EV000575,WCP,WCP_CLAIMS,WCP-R00313,SUBMITTED,2023-03-01T13:02:00-06:00,2023-03-01T14:23:43-06:00,62437,USD,,false,CPL/SRC/events/00575
EV000576,WCP,WCP_CLAIMS,,PAYMENT_POSTED,2023-03-22T13:55:00-05:00,2023-05-05T13:21:24-05:00,62437,USD,,false,CPL/SRC/events/00576
EV000577,WCP,WCP_CLAIMS,WCP-R00314,SUBMITTED,2023-02-20T15:50:00-06:00,2023-02-26T16:55:40-06:00,2936,USD,,false,CPL/SRC/events/00577
EV000578,WCP,WCP_CLAIMS,,PAYMENT_POSTED,2023-06-08T09:29:00-05:00,2023-06-08T10:34:02-05:00,2936,USD,,false,CPL/SRC/events/00578
EV000579,WCP,WCP_CLAIMS,WCP-R00315,SUBMITTED,2023-06-29T16:06:00-05:00,2023-06-29T22:25:49-05:00,23047,USD,,false,CPL/SRC/events/00579
EV000580,WCP,WCP_CLAIMS,,PAYMENT_POSTED,2023-07-17T12:30:00-05:00,2023-07-17T14:03:54-05:00,23047,USD,,false,CPL/SRC/events/00580
EV000581,WCP,WCP_CLAIMS,WCP-R00316,SUBMITTED,2023-02-03T16:32:00-06:00,2023-02-06T23:51:07-06:00,18647,USD,,false,CPL/SRC/events/00581
EV000582,WCP,WCP_CLAIMS,WCP-R00317,SUBMITTED,2023-02-06T15:13:00-06:00,2023-02-06T20:32:09-06:00,2500,USD,,false,CPL/SRC/events/00582
EV000583,WCP,WCP_CLAIMS,,PAYMENT_POSTED,2023-04-12T14:15:00-05:00,2023-04-12T21:41:45-05:00,2500,USD,,false,CPL/SRC/events/00583
EV000584,WCP,WCP_CLAIMS,WCP-R00318,SUBMITTED,2023-02-03T16:43:00-06:00,2023-02-03T22:24:02-06:00,6264,EUR,,false,CPL/SRC/events/00584
EV000585,WCP,WCP_CLAIMS,WCP-R00319,SUBMITTED,2023-03-08T15:28:00-06:00,2023-03-09T02:05:08-06:00,20196,USD,,false,CPL/SRC/events/00585
EV000586,WCP,WCP_CLAIMS,WCP-R00320,CORRECTED,2023-03-16T16:28:00-05:00,2023-03-25T17:53:30-05:00,20403,USD,,false,CPL/SRC/events/00586
EV000587,WCP,WCP_CLAIMS,,PAYMENT_POSTED,2023-03-21T11:13:00-05:00,2023-03-21T13:20:27-05:00,20403,USD,,false,CPL/SRC/events/00587
EV000588,WCP,WCP_CLAIMS,WCP-R00320,PAYMENT_REVERSED,2023-03-28T13:51:00-05:00,2023-03-29T18:20:42-05:00,15794,USD,EV000587,false,CPL/SRC/events/00588
EV000589,WCP,WCP_CLAIMS,WCP-R00321,SUBMITTED,2022-11-02T08:06:00-05:00,2022-11-02T08:35:52-05:00,21897,USD,,false,CPL/SRC/events/00589
EV000590,WCP,WCP_CLAIMS,WCP-R00322,CORRECTED,2022-11-03T14:26:00-05:00,2022-11-03T17:22:34-05:00,20225,USD,,false,CPL/SRC/events/00590
EV000591,WCP,WCP_CLAIMS,,PAYMENT_POSTED,2022-11-10T13:05:00-06:00,2022-11-12T14:46:29-06:00,20225,USD,,false,CPL/SRC/events/00591
EV000592,WCP,WCP_CLAIMS,WCP-R00323,SUBMITTED,2023-03-16T12:32:00-05:00,2023-03-16T13:47:07-05:00,4945,USD,,false,CPL/SRC/events/00592
EV000593,WCP,WCP_CLAIMS,,PAYMENT_POSTED,2023-04-04T10:13:00-05:00,2023-04-12T22:26:12-05:00,4945,USD,,false,CPL/SRC/events/00593
EV000594,WCP,WCP_CLAIMS,WCP-R00324,SUBMITTED,2022-08-10T16:51:00-05:00,2022-08-10T20:27:23-05:00,62997,USD,,false,CPL/SRC/events/00594
EV000595,WCP,WCP_CLAIMS,,PAYMENT_POSTED,2022-08-22T16:15:00-05:00,2022-08-22T20:08:59-05:00,62997,USD,,false,CPL/SRC/events/00595
EV000596,WCP,WCP_CLAIMS,WCP-R00325,SUBMITTED,2023-06-09T08:56:00-05:00,2023-06-09T15:14:48-05:00,19896,USD,,false,CPL/SRC/events/00596
EV000597,WCP,WCP_CLAIMS,,PAYMENT_POSTED,2023-06-14T14:33:00-05:00,2023-06-17T02:15:36-05:00,19896,USD,,false,CPL/SRC/events/00597
EV000598,WCP,WCP_CLAIMS,WCP-R00326,SUBMITTED,2023-03-27T16:46:00-05:00,2023-06-11T08:49:14-05:00,22423,USD,,false,CPL/SRC/events/00598
EV000599,WCP,WCP_CLAIMS,,PAYMENT_POSTED,2023-05-05T16:00:00-05:00,2023-05-07T20:28:11-05:00,22423,USD,,false,CPL/SRC/events/00599
EV000600,WCP,WCP_CLAIMS,WCP-R00327,SUBMITTED,2023-04-27T13:47:00-05:00,2023-04-27T21:00:13-05:00,23017,USD,,false,CPL/SRC/events/00600
EV000601,WCP,WCP_CLAIMS,WCP-R00328,SUBMITTED,2022-10-25T12:43:00-05:00,2022-10-29T19:01:44-05:00,9717,USD,,false,CPL/SRC/events/00601
EV000602,WCP,WCP_CLAIMS,WCP-R00329,SUBMITTED,2023-05-01T09:51:00-05:00,2023-05-01T12:19:33-05:00,37036,USD,,false,CPL/SRC/events/00602
EV000603,WCP,WCP_CLAIMS,WCP-R00329,CLOSED_NO_PAYMENT,2023-06-20T10:04:00-05:00,2023-06-22T05:32:38-05:00,,,,true,CPL/SRC/events/00603
EV000604,WCP,WCP_CLAIMS,WCP-R00330,SUBMITTED,2023-08-28T10:30:00-05:00,2023-08-29T15:04:28-05:00,34403,USD,,false,CPL/SRC/events/00604
EV000605,WCP,WCP_CLAIMS,,PAYMENT_POSTED,2023-09-20T12:29:00-05:00,2023-09-20T14:17:39-05:00,34403,USD,,false,CPL/SRC/events/00605
EV000606,WCP,WCP_CLAIMS,WCP-R00331,SUBMITTED,2022-10-20T14:21:00-05:00,2022-10-20T21:45:42-05:00,11152,USD,,false,CPL/SRC/events/00606
EV000607,WCP,WCP_CLAIMS,WCP-R00332,SUBMITTED,2023-06-19T16:51:00-05:00,2023-06-19T18:37:24-05:00,12758,EUR,,false,CPL/SRC/events/00607
EV000608,WCP,WCP_CLAIMS,WCP-R00332,CLOSED_NO_PAYMENT,2023-09-18T16:37:00-05:00,2023-09-24T18:42:47-05:00,,,,true,CPL/SRC/events/00608
EV000609,WCP,WCP_CLAIMS,WCP-R00333,SUBMITTED,2022-12-15T13:40:00-06:00,2022-12-23T19:58:47-06:00,8123,USD,,false,CPL/SRC/events/00609
EV000610,WCP,WCP_CLAIMS,WCP-R00333,CLOSED_NO_PAYMENT,2023-03-13T14:33:00-05:00,2023-03-20T11:01:54-05:00,,,,true,CPL/SRC/events/00610
EV000611,WCP,WCP_CLAIMS,WCP-R00334,SUBMITTED,2023-04-24T10:20:00-05:00,2023-04-24T17:10:23-05:00,20582,USD,,false,CPL/SRC/events/00611
EV000612,WCP,WCP_CLAIMS,,PAYMENT_POSTED,2023-05-15T16:50:00-05:00,2023-05-16T00:45:02-05:00,20582,USD,,false,CPL/SRC/events/00612
EV000613,WCP,WCP_CLAIMS,WCP-R00335,SUBMITTED,2022-09-05T08:36:00-05:00,2022-09-05T12:58:08-05:00,63151,USD,,false,CPL/SRC/events/00613
EV000614,WCP,WCP_CLAIMS,,PAYMENT_POSTED,2022-09-15T16:35:00-05:00,2022-09-15T21:29:03-05:00,63151,USD,,false,CPL/SRC/events/00614
EV000615,WCP,WCP_CLAIMS,WCP-R00336,SUBMITTED,2022-12-05T15:15:00-06:00,2022-12-14T21:29:28-06:00,61296,USD,,false,CPL/SRC/events/00615
EV000616,WCP,WCP_CLAIMS,,PAYMENT_POSTED,2023-02-13T10:37:00-06:00,2023-02-13T17:59:24-06:00,61296,USD,,false,CPL/SRC/events/00616
EV000617,WCP,WCP_CLAIMS,WCP-R00337,SUBMITTED,2022-08-01T12:09:00-05:00,2022-08-01T15:00:20-05:00,11110,USD,,false,CPL/SRC/events/00617
EV000618,WCP,WCP_CLAIMS,,PAYMENT_POSTED,2022-09-05T12:56:00-05:00,2022-09-07T19:41:01-05:00,11110,USD,,false,CPL/SRC/events/00618
EV000619,WCP,WCP_CLAIMS,WCP-R00338,SUBMITTED,2023-01-02T11:05:00-06:00,2023-01-02T16:47:01-06:00,81216,USD,,false,CPL/SRC/events/00619
EV000620,WCP,WCP_CLAIMS,,PAYMENT_POSTED,2023-01-16T10:18:00-06:00,2023-01-16T17:30:50-06:00,81216,USD,,false,CPL/SRC/events/00620
EV000621,WCP,WCP_CLAIMS,WCP-R00339,SUBMITTED,2022-08-12T15:06:00-05:00,2022-08-13T19:27:26-05:00,14556,USD,,false,CPL/SRC/events/00621
EV000622,WCP,WCP_CLAIMS,,PAYMENT_POSTED,2022-09-27T08:24:00-05:00,2022-10-10T00:56:55-05:00,14556,USD,,false,CPL/SRC/events/00622
EV000623,WCP,WCP_CLAIMS,WCP-R00340,SUBMITTED,2023-05-22T15:02:00-05:00,2023-05-22T21:54:32-05:00,39311,USD,,false,CPL/SRC/events/00623
EV000624,WCP,WCP_CLAIMS,WCP-R00341,CORRECTED,2023-05-30T09:38:00-05:00,2023-05-31T02:30:56-05:00,47113,USD,,false,CPL/SRC/events/00624
EV000625,WCP,WCP_CLAIMS,,PAYMENT_POSTED,2023-06-07T09:53:00-05:00,2023-06-07T16:26:33-05:00,47113,USD,,false,CPL/SRC/events/00625
EV000626,WCP,WCP_CLAIMS,WCP-R00342,SUBMITTED,2022-10-25T09:01:00-05:00,2022-10-25T15:12:45-05:00,11952,USD,,false,CPL/SRC/events/00626
EV000627,WCP,WCP_CLAIMS,,PAYMENT_POSTED,2022-11-07T16:20:00-06:00,2022-11-10T14:10:38-06:00,11952,USD,,false,CPL/SRC/events/00627
EV000628,WCP,WCP_CLAIMS,WCP-R00343,SUBMITTED,2022-09-28T08:21:00-05:00,2022-09-28T10:24:12-05:00,7769,USD,,false,CPL/SRC/events/00628
EV000629,WCP,WCP_CLAIMS,,PAYMENT_POSTED,2022-10-19T10:14:00-05:00,2022-10-20T19:09:13-05:00,7769,USD,,false,CPL/SRC/events/00629
EV000630,WCP,WCP_CLAIMS,WCP-R00344,SUBMITTED,2022-09-19T14:08:00-05:00,2022-09-19T21:26:57-05:00,53056,USD,,false,CPL/SRC/events/00630
EV000631,WCP,WCP_CLAIMS,,PAYMENT_POSTED,2022-09-28T14:20:00-05:00,2022-09-28T15:08:35-05:00,53056,USD,,false,CPL/SRC/events/00631
EV000632,WCP,WCP_CLAIMS,WCP-R00345,SUBMITTED,2022-07-19T09:14:00-05:00,2022-07-20T01:56:39-05:00,4690,USD,,false,CPL/SRC/events/00632
EV000633,WCP,WCP_CLAIMS,,PAYMENT_POSTED,2022-08-01T15:33:00-05:00,2022-08-05T01:10:21-05:00,4690,USD,,false,CPL/SRC/events/00633
EV000634,WCP,WCP_CLAIMS,WCP-R00346,SUBMITTED,2022-07-04T12:10:00-05:00,2022-07-04T18:16:40-05:00,2569,USD,,false,CPL/SRC/events/00634
EV000635,WCP,WCP_CLAIMS,,PAYMENT_POSTED,2022-08-22T13:49:00-05:00,2022-08-22T17:22:43-05:00,2569,USD,,false,CPL/SRC/events/00635
EV000636,WCP,WCP_CLAIMS,WCP-R00347,SUBMITTED,2022-07-20T09:02:00-05:00,2022-07-20T12:43:15-05:00,13948,USD,,false,CPL/SRC/events/00636
EV000637,WCP,WCP_CLAIMS,,PAYMENT_POSTED,2022-09-05T16:57:00-05:00,2022-09-08T10:58:34-05:00,13948,USD,,false,CPL/SRC/events/00637
EV000638,WCP,WCP_CLAIMS,WCP-R00348,SUBMITTED,2022-12-20T12:52:00-06:00,2022-12-21T09:32:44-06:00,113202,USD,,false,CPL/SRC/events/00638
EV000639,WCP,WCP_CLAIMS,WCP-R00348,CLOSED_NO_PAYMENT,2023-03-24T13:19:00-05:00,2023-03-26T23:09:46-05:00,,,,true,CPL/SRC/events/00639
EV000640,WCP,WCP_CLAIMS,WCP-R00349,SUBMITTED,2022-12-13T13:04:00-06:00,2022-12-16T08:04:16-06:00,140242,USD,,false,CPL/SRC/events/00640
EV000641,WCP,WCP_CLAIMS,,PAYMENT_POSTED,2023-01-04T08:47:00-06:00,2023-01-04T11:30:47-06:00,140242,USD,,false,CPL/SRC/events/00641
EV000642,WCP,WCP_CLAIMS,WCP-R00350,SUBMITTED,2023-02-13T11:32:00-06:00,2023-02-16T05:13:29-06:00,2500,USD,,false,CPL/SRC/events/00642
EV000643,WCP,WCP_CLAIMS,,PAYMENT_POSTED,2023-02-15T12:29:00-06:00,2023-02-16T16:24:00-06:00,2500,USD,,false,CPL/SRC/events/00643
EV000644,WCP,WCP_CLAIMS,WCP-R00351,SUBMITTED,2023-08-28T16:41:00-05:00,2023-09-01T13:29:12-05:00,14995,USD,,false,CPL/SRC/events/00644
EV000645,WCP,WCP_CLAIMS,,PAYMENT_POSTED,2023-09-04T11:08:00-05:00,2023-09-16T19:30:31-05:00,14995,USD,,false,CPL/SRC/events/00645
EV000646,WCP,WCP_CLAIMS,WCP-R00352,SUBMITTED,2022-09-07T08:33:00-05:00,2022-09-07T11:32:05-05:00,24087,USD,,false,CPL/SRC/events/00646
EV000647,WCP,WCP_CLAIMS,,PAYMENT_POSTED,2022-09-20T16:45:00-05:00,2022-09-20T22:55:14-05:00,24087,USD,,false,CPL/SRC/events/00647
EV000648,WCP,WCP_CLAIMS,WCP-R00353,SUBMITTED,2023-08-30T16:51:00-05:00,2023-08-31T00:09:09-05:00,5099,USD,,false,CPL/SRC/events/00648
EV000649,WCP,WCP_CLAIMS,WCP-R00354,CORRECTED,2023-09-06T13:34:00-05:00,2023-09-06T14:24:37-05:00,6561,USD,,false,CPL/SRC/events/00649
EV000650,WCP,WCP_CLAIMS,WCP-R00353,VOID_VERSION,2023-09-06T13:34:00-05:00,2023-09-16T12:28:33-05:00,5099,USD,,false,CPL/SRC/events/00650
EV000651,WCP,WCP_CLAIMS,,PAYMENT_POSTED,2023-09-11T14:41:00-05:00,2023-09-11T19:10:55-05:00,6561,USD,,false,CPL/SRC/events/00651
EV000652,WCP,WCP_CLAIMS,WCP-R00355,SUBMITTED,2023-07-24T10:33:00-05:00,2023-07-25T19:41:36-05:00,48052,USD,,false,CPL/SRC/events/00652
EV000653,WCP,WCP_CLAIMS,,PAYMENT_POSTED,2023-08-03T15:31:00-05:00,2023-08-03T18:58:42-05:00,48052,USD,,false,CPL/SRC/events/00653
EV000654,WCP,WCP_CLAIMS,WCP-R00356,SUBMITTED,2023-06-12T14:45:00-05:00,2023-06-12T22:16:50-05:00,56206,USD,,false,CPL/SRC/events/00654
EV000655,WCP,WCP_CLAIMS,WCP-R00357,SUBMITTED,2023-09-05T10:02:00-05:00,2023-09-05T17:02:52-05:00,3090,USD,,false,CPL/SRC/events/00655
EV000656,WCP,WCP_CLAIMS,,PAYMENT_POSTED,2023-09-22T15:03:00-05:00,2023-09-30T06:47:31-05:00,3090,USD,,false,CPL/SRC/events/00656
EV000657,WCP,WCP_CLAIMS,WCP-R00358,SUBMITTED,2023-01-30T16:57:00-06:00,2023-02-02T06:59:36-06:00,4424,USD,,false,CPL/SRC/events/00657
EV000658,WCP,WCP_CLAIMS,,PAYMENT_POSTED,2023-02-06T16:09:00-06:00,2023-02-06T19:13:34-06:00,4424,USD,,false,CPL/SRC/events/00658
EV000659,WCP,WCP_CLAIMS,WCP-R00359,SUBMITTED,2023-09-11T15:32:00-05:00,2023-09-11T20:15:54-05:00,9004,USD,,false,CPL/SRC/events/00659
EV000660,WCP,WCP_CLAIMS,,PAYMENT_POSTED,2023-10-02T10:55:00-05:00,2023-10-02T14:52:25-05:00,9004,USD,,false,CPL/SRC/events/00660
EV000661,WCP,WCP_CLAIMS,WCP-R00360,SUBMITTED,2022-11-16T11:36:00-06:00,2022-11-21T05:41:14-06:00,57415,USD,,false,CPL/SRC/events/00661
EV000662,WCP,WCP_CLAIMS,,PAYMENT_POSTED,2022-11-28T16:16:00-06:00,2022-11-30T02:43:59-06:00,57415,USD,,false,CPL/SRC/events/00662
EV000663,WCP,WCP_CLAIMS,WCP-R00361,SUBMITTED,2022-11-14T16:29:00-06:00,2022-11-15T00:02:19-06:00,6641,USD,,false,CPL/SRC/events/00663
EV000664,WCP,WCP_CLAIMS,,PAYMENT_POSTED,2022-12-09T15:41:00-06:00,2022-12-09T19:38:21-06:00,6641,USD,,false,CPL/SRC/events/00664
EV000665,WCP,WCP_CLAIMS,WCP-R00362,SUBMITTED,2023-08-09T11:33:00-05:00,2023-08-09T15:09:20-05:00,30123,USD,,false,CPL/SRC/events/00665
EV000666,WCP,WCP_CLAIMS,,PAYMENT_POSTED,2023-08-18T11:07:00-05:00,2023-08-23T09:32:15-05:00,30123,USD,,false,CPL/SRC/events/00666
EV000667,WCP,WCP_CLAIMS,WCP-R00363,SUBMITTED,2023-08-07T12:51:00-05:00,2023-08-16T11:38:56-05:00,5639,USD,,false,CPL/SRC/events/00667
EV000668,WCP,WCP_CLAIMS,,PAYMENT_POSTED,2023-08-17T11:33:00-05:00,2023-08-18T16:06:00-05:00,5639,USD,,false,CPL/SRC/events/00668
EV000669,WCP,WCP_CLAIMS,WCP-R00364,SUBMITTED,2023-08-09T15:19:00-05:00,2023-08-09T16:20:18-05:00,6838,USD,,false,CPL/SRC/events/00669
EV000670,WCP,WCP_CLAIMS,WCP-R00364,CLOSED_NO_PAYMENT,2023-11-30T15:17:00-06:00,2023-12-04T09:55:29-06:00,,,,true,CPL/SRC/events/00670
EV000671,WCP,WCP_CLAIMS,WCP-R00365,SUBMITTED,2022-09-23T14:45:00-05:00,2022-09-26T21:13:37-05:00,5001,USD,,false,CPL/SRC/events/00671
EV000672,WCP,WCP_CLAIMS,,PAYMENT_POSTED,2022-09-29T13:34:00-05:00,2022-09-29T19:34:08-05:00,5001,USD,,false,CPL/SRC/events/00672
EV000673,WCP,WCP_CLAIMS,WCP-R00366,SUBMITTED,2023-01-02T09:54:00-06:00,2023-01-02T16:10:26-06:00,20489,USD,,false,CPL/SRC/events/00673
EV000674,WCP,WCP_CLAIMS,WCP-R00366,CLOSED_NO_PAYMENT,2023-04-21T13:26:00-05:00,2023-04-23T04:19:41-05:00,,,,true,CPL/SRC/events/00674
EV000675,WCP,WCP_CLAIMS,WCP-R00367,SUBMITTED,2023-09-18T14:41:00-05:00,2023-09-18T15:44:51-05:00,1143547,USD,,false,CPL/SRC/events/00675
EV000676,WCP,WCP_CLAIMS,WCP-R00368,CORRECTED,2023-09-26T13:53:00-05:00,2023-09-26T14:20:38-05:00,1043686,USD,,false,CPL/SRC/events/00676
EV000677,WCP,WCP_CLAIMS,WCP-R00369,SUBMITTED,2023-09-14T08:57:00-05:00,2023-09-16T00:26:05-05:00,26835,USD,,false,CPL/SRC/events/00677
EV000678,WCP,WCP_CLAIMS,,PAYMENT_POSTED,2023-09-25T13:21:00-05:00,2023-09-25T19:23:41-05:00,26835,USD,,false,CPL/SRC/events/00678
EV000679,WCP,WCP_CLAIMS,WCP-R00370,SUBMITTED,2022-07-18T16:55:00-05:00,2022-07-18T17:16:35-05:00,53346,USD,,false,CPL/SRC/events/00679
EV000680,WCP,WCP_CLAIMS,,PAYMENT_POSTED,2022-08-11T13:20:00-05:00,2022-08-11T14:34:26-05:00,53346,USD,,false,CPL/SRC/events/00680
EV000681,WCP,WCP_CLAIMS,WCP-R00371,SUBMITTED,2022-12-29T10:36:00-06:00,2023-01-07T04:21:12-06:00,24684,USD,,false,CPL/SRC/events/00681
EV000682,WCP,WCP_CLAIMS,,PAYMENT_POSTED,2023-01-09T09:30:00-06:00,2023-01-13T23:57:46-06:00,24684,USD,,false,CPL/SRC/events/00682
EV000683,WCP,WCP_CLAIMS,WCP-R00372,SUBMITTED,2022-12-12T16:04:00-06:00,2022-12-12T20:39:39-06:00,13713,USD,,false,CPL/SRC/events/00683
EV000684,WCP,WCP_CLAIMS,,PAYMENT_POSTED,2023-01-09T10:29:00-06:00,2023-01-11T00:57:26-06:00,13713,USD,,false,CPL/SRC/events/00684
EV000685,WCP,WCP_CLAIMS,WCP-R00373,SUBMITTED,2022-07-08T14:22:00-05:00,2022-07-18T03:10:15-05:00,12740,USD,,false,CPL/SRC/events/00685
EV000686,WCP,WCP_CLAIMS,,PAYMENT_POSTED,2022-07-28T14:36:00-05:00,2022-08-07T16:32:55-05:00,12740,USD,,false,CPL/SRC/events/00686
EV000687,WCP,WCP_CLAIMS,WCP-R00374,SUBMITTED,2022-11-08T12:22:00-06:00,2022-11-12T03:46:39-06:00,7676,USD,,false,CPL/SRC/events/00687
EV000688,WCP,WCP_CLAIMS,,PAYMENT_POSTED,2022-12-07T16:31:00-06:00,2022-12-07T18:54:03-06:00,7676,USD,,false,CPL/SRC/events/00688
EV000689,WCP,WCP_CLAIMS,WCP-R00375,SUBMITTED,2022-11-04T16:15:00-05:00,2022-11-06T00:37:51-05:00,6805,USD,,false,CPL/SRC/events/00689
EV000690,WCP,WCP_CLAIMS,WCP-R00376,SUBMITTED,2023-04-21T13:41:00-05:00,2023-05-01T04:35:30-05:00,8376,USD,,false,CPL/SRC/events/00690
EV000691,WCP,WCP_CLAIMS,WCP-R00377,CORRECTED,2023-04-25T10:18:00-05:00,2023-04-30T15:52:34-05:00,7451,USD,,false,CPL/SRC/events/00691
EV000692,WCP,WCP_CLAIMS,,PAYMENT_POSTED,2023-07-25T16:10:00-05:00,2023-07-26T20:07:44-05:00,7451,USD,,false,CPL/SRC/events/00692
EV000693,WCP,WCP_CLAIMS,WCP-R00377,PAYMENT_REVERSED,2023-07-31T14:21:00-05:00,2023-07-31T20:33:47-05:00,5756,USD,EV000692,false,CPL/SRC/events/00693
EV000694,WCP,WCP_CLAIMS,WCP-R00378,SUBMITTED,2023-05-01T11:58:00-05:00,2023-05-03T06:45:28-05:00,5997,USD,,false,CPL/SRC/events/00694
EV000695,WCP,WCP_CLAIMS,,PAYMENT_POSTED,2023-05-17T16:05:00-05:00,2023-05-17T17:46:58-05:00,5997,USD,,false,CPL/SRC/events/00695
EV000696,WCP,WCP_CLAIMS,WCP-R00379,SUBMITTED,2022-10-10T16:52:00-05:00,2022-10-12T05:22:31-05:00,6470,USD,,false,CPL/SRC/events/00696
EV000697,WCP,WCP_CLAIMS,WCP-R00380,CORRECTED,2022-10-14T11:19:00-05:00,2022-10-16T09:23:01-05:00,6389,USD,,false,CPL/SRC/events/00697
EV000698,WCP,WCP_CLAIMS,WCP-R00379,VOID_VERSION,2022-10-14T11:19:00-05:00,2022-10-17T18:47:37-05:00,6470,USD,,false,CPL/SRC/events/00698
EV000699,WCP,WCP_CLAIMS,,PAYMENT_POSTED,2022-11-01T11:31:00-05:00,2022-11-01T12:30:06-05:00,6389,USD,,false,CPL/SRC/events/00699
EV000700,WCP,WCP_CLAIMS,WCP-R00381,SUBMITTED,2023-09-25T13:10:00-05:00,2023-10-04T12:36:26-05:00,8440,USD,,false,CPL/SRC/events/00700
EV000701,WCP,WCP_CLAIMS,WCP-R00382,SUBMITTED,2023-09-06T09:01:00-05:00,2023-09-09T22:52:25-05:00,10071,USD,,false,CPL/SRC/events/00701
EV000702,WCP,WCP_CLAIMS,,PAYMENT_POSTED,2023-09-18T15:10:00-05:00,2023-09-18T16:04:52-05:00,10071,USD,,false,CPL/SRC/events/00702
EV000703,WCP,WCP_CLAIMS,WCP-R00383,SUBMITTED,2023-04-03T15:14:00-05:00,2023-04-03T19:56:29-05:00,31376,USD,,false,CPL/SRC/events/00703
EV000704,WCP,WCP_CLAIMS,,PAYMENT_POSTED,2023-04-17T09:18:00-05:00,2023-04-17T15:31:30-05:00,31376,USD,,false,CPL/SRC/events/00704
EV000705,WCP,WCP_CLAIMS,WCP-R00384,SUBMITTED,2023-06-28T14:37:00-05:00,2023-07-10T07:20:30-05:00,6621,USD,,false,CPL/SRC/events/00705
EV000706,WCP,WCP_CLAIMS,,PAYMENT_POSTED,2023-07-14T12:53:00-05:00,2023-07-17T00:40:23-05:00,6621,USD,,false,CPL/SRC/events/00706
EV000707,WCP,WCP_CLAIMS,WCP-R00385,SUBMITTED,2023-08-15T09:40:00-05:00,2023-08-15T17:23:22-05:00,8121,USD,,false,CPL/SRC/events/00707
EV000708,WCP,WCP_CLAIMS,,PAYMENT_POSTED,2023-08-28T08:20:00-05:00,2023-08-28T15:24:59-05:00,8121,USD,,false,CPL/SRC/events/00708
EV000709,WCP,WCP_CLAIMS,WCP-R00386,SUBMITTED,2022-08-18T14:03:00-05:00,2022-08-18T19:46:17-05:00,8341,USD,,false,CPL/SRC/events/00709
EV000710,WCP,WCP_CLAIMS,,PAYMENT_POSTED,2022-09-21T12:57:00-05:00,2022-09-21T13:35:07-05:00,8341,USD,,false,CPL/SRC/events/00710
EV000711,WCP,WCP_CLAIMS,WCP-R00387,SUBMITTED,2022-10-10T16:09:00-05:00,2022-10-10T18:11:33-05:00,7974,USD,,false,CPL/SRC/events/00711
EV000712,WCP,WCP_CLAIMS,WCP-R00388,SUBMITTED,2022-10-20T11:09:00-05:00,2022-10-20T18:34:31-05:00,17569,USD,,false,CPL/SRC/events/00712
EV000713,WCP,WCP_CLAIMS,,PAYMENT_POSTED,2022-11-07T08:13:00-06:00,2022-11-07T14:56:19-06:00,17569,USD,,false,CPL/SRC/events/00713
EV000714,WCP,WCP_CLAIMS,WCP-R00389,SUBMITTED,2022-12-23T14:17:00-06:00,2022-12-24T10:36:59-06:00,14399,USD,,false,CPL/SRC/events/00714
EV000715,WCP,WCP_CLAIMS,,PAYMENT_POSTED,2022-12-29T10:24:00-06:00,2022-12-29T18:05:28-06:00,14399,USD,,false,CPL/SRC/events/00715
EV000716,WCP,WCP_CLAIMS,WCP-R00390,SUBMITTED,2023-07-12T10:21:00-05:00,2023-07-12T10:52:22-05:00,45893,USD,,false,CPL/SRC/events/00716
EV000717,WCP,WCP_CLAIMS,,PAYMENT_POSTED,2023-07-19T10:40:00-05:00,2023-07-20T08:47:12-05:00,45893,USD,,false,CPL/SRC/events/00717
EV000718,WCP,WCP_CLAIMS,WCP-R00391,SUBMITTED,2023-08-01T14:48:00-05:00,2023-08-02T21:23:18-05:00,10995,USD,,false,CPL/SRC/events/00718
EV000719,WCP,WCP_CLAIMS,WCP-R00391,CLOSED_NO_PAYMENT,2023-11-27T11:21:00-06:00,2023-12-01T23:31:40-06:00,,,,true,CPL/SRC/events/00719
EV000720,WCP,WCP_CLAIMS,WCP-R00392,SUBMITTED,2023-09-18T10:08:00-05:00,2023-09-18T12:27:45-05:00,23270,USD,,false,CPL/SRC/events/00720
EV000721,WCP,WCP_CLAIMS,,PAYMENT_POSTED,2023-10-23T09:46:00-05:00,2023-10-24T01:15:40-05:00,23270,USD,,false,CPL/SRC/events/00721
EV000722,WCP,WCP_CLAIMS,WCP-R00393,SUBMITTED,2023-06-29T09:35:00-05:00,2023-06-29T11:51:32-05:00,36891,USD,,false,CPL/SRC/events/00722
EV000723,WCP,WCP_CLAIMS,,PAYMENT_POSTED,2023-07-28T09:24:00-05:00,2023-07-28T14:01:02-05:00,36891,USD,,false,CPL/SRC/events/00723
EV000724,WCP,WCP_CLAIMS,WCP-R00394,SUBMITTED,2022-08-01T09:03:00-05:00,2022-08-04T12:32:12-05:00,72400,USD,,false,CPL/SRC/events/00724
EV000725,WCP,WCP_CLAIMS,,PAYMENT_POSTED,2022-08-15T11:47:00-05:00,2022-08-17T16:39:45-05:00,72400,USD,,false,CPL/SRC/events/00725
EV000726,WCP,WCP_CLAIMS,WCP-R00395,SUBMITTED,2022-09-02T11:23:00-05:00,2022-09-09T07:21:22-05:00,30097,USD,,false,CPL/SRC/events/00726
EV000727,WCP,WCP_CLAIMS,,PAYMENT_POSTED,2022-09-06T14:10:00-05:00,2022-09-06T16:07:36-05:00,30097,USD,,false,CPL/SRC/events/00727
EV000728,WCP,WCP_CLAIMS,WCP-R00396,SUBMITTED,2023-05-08T15:33:00-05:00,2023-05-08T22:29:51-05:00,16839,USD,,false,CPL/SRC/events/00728
EV000729,WCP,WCP_CLAIMS,,PAYMENT_POSTED,2023-05-23T13:31:00-05:00,2023-05-25T01:47:31-05:00,16839,USD,,false,CPL/SRC/events/00729
EV000730,WCP,WCP_CLAIMS,WCP-R00397,SUBMITTED,2023-07-31T14:13:00-05:00,2023-07-31T17:55:12-05:00,14540,USD,,false,CPL/SRC/events/00730
EV000731,WCP,WCP_CLAIMS,WCP-R00398,CORRECTED,2023-08-01T15:59:00-05:00,2023-08-08T15:55:16-05:00,14227,USD,,false,CPL/SRC/events/00731
EV000732,WCP,WCP_CLAIMS,WCP-R00397,VOID_VERSION,2023-08-01T15:59:00-05:00,2023-08-02T02:58:10-05:00,14540,USD,,false,CPL/SRC/events/00732
EV000733,WCP,WCP_CLAIMS,,PAYMENT_POSTED,2023-08-22T16:18:00-05:00,2023-08-23T11:40:22-05:00,14227,USD,,false,CPL/SRC/events/00733
EV000734,WCP,WCP_CLAIMS,WCP-R00399,SUBMITTED,2023-04-17T16:09:00-05:00,2023-04-21T06:30:19-05:00,3184,USD,,false,CPL/SRC/events/00734
EV000735,WCP,WCP_CLAIMS,WCP-R00400,CORRECTED,2023-04-18T14:30:00-05:00,2023-04-25T03:15:28-05:00,3710,USD,,false,CPL/SRC/events/00735
EV000736,WCP,WCP_CLAIMS,WCP-R00399,VOID_VERSION,2023-04-18T14:30:00-05:00,2023-04-18T21:44:14-05:00,3184,USD,,false,CPL/SRC/events/00736
EV000737,WCP,WCP_CLAIMS,,PAYMENT_POSTED,2023-04-28T08:16:00-05:00,2023-04-28T15:29:23-05:00,3710,USD,,false,CPL/SRC/events/00737
EV000738,WCP,WCP_CLAIMS,WCP-R00401,SUBMITTED,2022-07-07T14:57:00-05:00,2022-07-07T20:27:30-05:00,96915,USD,,false,CPL/SRC/events/00738
EV000739,WCP,WCP_CLAIMS,,PAYMENT_POSTED,2022-07-12T10:33:00-05:00,2022-07-12T14:53:24-05:00,96915,USD,,false,CPL/SRC/events/00739
EV000740,WCP,WCP_CLAIMS,WCP-R00402,SUBMITTED,2022-12-21T08:53:00-06:00,2022-12-21T11:10:10-06:00,21744,USD,,false,CPL/SRC/events/00740
EV000741,WCP,WCP_CLAIMS,,PAYMENT_POSTED,2023-01-25T15:40:00-06:00,2023-01-25T16:20:13-06:00,21744,USD,,false,CPL/SRC/events/00741
EV000742,WCP,WCP_CLAIMS,WCP-R00403,SUBMITTED,2023-04-03T10:41:00-05:00,2023-04-04T18:05:45-05:00,14365,USD,,false,CPL/SRC/events/00742
EV000743,WCP,WCP_CLAIMS,WCP-R00404,CORRECTED,2023-04-10T16:43:00-05:00,2023-04-10T17:19:43-05:00,14264,USD,,false,CPL/SRC/events/00743
EV000744,WCP,WCP_CLAIMS,WCP-R00403,VOID_VERSION,2023-04-10T16:43:00-05:00,2023-04-10T21:48:17-05:00,14365,USD,,false,CPL/SRC/events/00744
EV000745,WCP,WCP_CLAIMS,,PAYMENT_POSTED,2023-04-06T13:44:00-05:00,2023-04-09T05:18:18-05:00,14264,USD,,false,CPL/SRC/events/00745
EV000746,WCP,WCP_CLAIMS,WCP-R00405,SUBMITTED,2022-11-14T08:30:00-06:00,2022-11-17T00:34:12-06:00,3606,USD,,false,CPL/SRC/events/00746
EV000747,WCP,WCP_CLAIMS,,PAYMENT_POSTED,2022-11-28T11:07:00-06:00,2022-11-28T20:21:38-06:00,3606,USD,,false,CPL/SRC/events/00747
EV000748,WCP,WCP_CLAIMS,WCP-R00406,SUBMITTED,2023-08-28T15:39:00-05:00,2023-09-01T07:23:24-05:00,95415,USD,,false,CPL/SRC/events/00748
EV000749,WCP,WCP_CLAIMS,,PAYMENT_POSTED,2023-09-08T12:52:00-05:00,2023-09-08T21:55:10-05:00,95415,USD,,false,CPL/SRC/events/00749
EV000750,WCP,WCP_CLAIMS,WCP-R00407,SUBMITTED,2023-06-06T14:27:00-05:00,2023-06-18T00:50:24-05:00,9288,USD,,false,CPL/SRC/events/00750
EV000751,WCP,WCP_CLAIMS,,PAYMENT_POSTED,2023-07-31T14:01:00-05:00,2023-07-31T19:29:41-05:00,9288,USD,,false,CPL/SRC/events/00751
EV000752,WCP,WCP_CLAIMS,WCP-R00408,SUBMITTED,2023-02-27T12:14:00-06:00,2023-03-02T04:43:27-06:00,14027,USD,,false,CPL/SRC/events/00752
EV000753,WCP,WCP_CLAIMS,,PAYMENT_POSTED,2023-03-27T09:05:00-05:00,2023-03-28T13:37:52-05:00,14027,USD,,false,CPL/SRC/events/00753
EV000754,WCP,WCP_CLAIMS,WCP-R00409,SUBMITTED,2022-09-02T10:22:00-05:00,2022-09-02T17:42:55-05:00,9530,USD,,false,CPL/SRC/events/00754
EV000755,WCP,WCP_CLAIMS,,PAYMENT_POSTED,2022-09-26T11:32:00-05:00,2022-09-28T16:46:27-05:00,9530,USD,,false,CPL/SRC/events/00755
EV000756,WCP,WCP_CLAIMS,WCP-R00410,SUBMITTED,2023-08-21T10:56:00-05:00,2023-08-27T03:28:58-05:00,5354,USD,,false,CPL/SRC/events/00756
EV000757,WCP,WCP_CLAIMS,,PAYMENT_POSTED,2023-08-29T08:40:00-05:00,2023-09-03T02:03:35-05:00,5354,USD,,false,CPL/SRC/events/00757
EV000758,WCP,WCP_CLAIMS,WCP-R00411,SUBMITTED,2022-07-22T14:18:00-05:00,2022-07-22T19:01:30-05:00,81282,USD,,false,CPL/SRC/events/00758
EV000759,WCP,WCP_CLAIMS,WCP-R00411,CLOSED_NO_PAYMENT,2022-10-17T11:23:00-05:00,2022-10-17T12:56:57-05:00,,,,true,CPL/SRC/events/00759
EV000760,WCP,WCP_CLAIMS,WCP-R00412,SUBMITTED,2023-09-04T15:43:00-05:00,2023-09-06T03:25:18-05:00,77814,USD,,false,CPL/SRC/events/00760
EV000761,WCP,WCP_CLAIMS,,PAYMENT_POSTED,2023-09-18T16:50:00-05:00,2023-09-23T08:31:12-05:00,77814,USD,,false,CPL/SRC/events/00761
EV000762,WCP,WCP_CLAIMS,WCP-R00413,SUBMITTED,2022-07-28T12:56:00-05:00,2022-08-03T09:42:27-05:00,9301,USD,,false,CPL/SRC/events/00762
EV000763,WCP,WCP_CLAIMS,,PAYMENT_POSTED,2022-08-31T16:25:00-05:00,2022-08-31T22:32:44-05:00,9301,USD,,false,CPL/SRC/events/00763
EV000764,WCP,WCP_CLAIMS,WCP-R00414,SUBMITTED,2023-07-21T15:37:00-05:00,2023-07-23T11:03:56-05:00,4365,USD,,false,CPL/SRC/events/00764
EV000765,WCP,WCP_CLAIMS,WCP-R00415,SUBMITTED,2023-01-02T13:26:00-06:00,2023-01-02T16:39:00-06:00,17904,USD,,false,CPL/SRC/events/00765
EV000766,WCP,WCP_CLAIMS,WCP-R00416,CORRECTED,2023-01-13T10:58:00-06:00,2023-01-14T11:17:43-06:00,17403,USD,,false,CPL/SRC/events/00766
EV000767,WCP,WCP_CLAIMS,,PAYMENT_POSTED,2023-01-16T13:36:00-06:00,2023-01-17T08:24:31-06:00,17403,USD,,false,CPL/SRC/events/00767
EV000768,WCP,WCP_CLAIMS,WCP-R00417,SUBMITTED,2023-02-20T11:25:00-06:00,2023-02-20T14:41:32-06:00,18752,USD,,false,CPL/SRC/events/00768
EV000769,WCP,WCP_CLAIMS,,PAYMENT_POSTED,2023-03-13T14:48:00-05:00,2023-03-15T12:43:02-05:00,18752,USD,,false,CPL/SRC/events/00769
EV000770,WCP,WCP_CLAIMS,WCP-R00418,SUBMITTED,2022-12-30T13:17:00-06:00,2022-12-30T17:07:33-06:00,29273,USD,,false,CPL/SRC/events/00770
EV000771,WCP,WCP_CLAIMS,,PAYMENT_POSTED,2023-01-13T09:30:00-06:00,2023-01-23T13:40:00-06:00,29273,USD,,false,CPL/SRC/events/00771
EV000772,WCP,WCP_CLAIMS,WCP-R00419,SUBMITTED,2023-01-31T08:29:00-06:00,2023-02-01T18:11:43-06:00,13725,USD,,false,CPL/SRC/events/00772
EV000773,WCP,WCP_CLAIMS,WCP-R00420,CORRECTED,2023-02-09T16:46:00-06:00,2023-03-22T13:49:12-05:00,12775,USD,,false,CPL/SRC/events/00773
EV000774,WCP,WCP_CLAIMS,WCP-R00421,SUBMITTED,2023-08-03T09:12:00-05:00,2023-08-12T18:48:10-05:00,11467,USD,,false,CPL/SRC/events/00774
EV000775,WCP,WCP_CLAIMS,,PAYMENT_POSTED,2023-10-03T11:21:00-05:00,2023-10-05T23:55:53-05:00,11467,USD,,false,CPL/SRC/events/00775
EV000776,WCP,WCP_CLAIMS,WCP-R00422,SUBMITTED,2023-03-29T14:15:00-05:00,2023-03-29T18:06:05-05:00,5082,USD,,false,CPL/SRC/events/00776
EV000777,WCP,WCP_CLAIMS,,PAYMENT_POSTED,2023-04-07T12:14:00-05:00,2023-04-07T19:47:43-05:00,5082,USD,,false,CPL/SRC/events/00777
EV000778,WCP,WCP_CLAIMS,WCP-R00423,SUBMITTED,2023-08-07T15:04:00-05:00,2023-08-08T18:30:01-05:00,33793,USD,,false,CPL/SRC/events/00778
EV000779,WCP,WCP_CLAIMS,,PAYMENT_POSTED,2023-09-18T09:40:00-05:00,2023-09-18T16:34:38-05:00,33793,USD,,false,CPL/SRC/events/00779
EV000780,WCP,WCP_CLAIMS,WCP-R00423,PAYMENT_REVERSED,2023-10-02T14:14:00-05:00,2023-10-03T06:23:56-05:00,10928,USD,EV000779,false,CPL/SRC/events/00780
EV000781,WCP,WCP_CLAIMS,WCP-R00424,SUBMITTED,2022-12-08T10:14:00-06:00,2022-12-12T03:11:52-06:00,62344,USD,,false,CPL/SRC/events/00781
EV000782,WCP,WCP_CLAIMS,,PAYMENT_POSTED,2023-02-06T14:41:00-06:00,2023-02-19T21:12:12-06:00,62344,USD,,false,CPL/SRC/events/00782
EV000783,WCP,WCP_CLAIMS,WCP-R00425,SUBMITTED,2023-01-03T16:21:00-06:00,2023-01-03T21:59:43-06:00,9949,USD,,false,CPL/SRC/events/00783
EV000784,WCP,WCP_CLAIMS,,PAYMENT_POSTED,2023-01-18T08:40:00-06:00,2023-01-18T08:57:08-06:00,9949,USD,,false,CPL/SRC/events/00784
EV000785,WCP,WCP_CLAIMS,WCP-R00426,SUBMITTED,2023-01-03T13:24:00-06:00,2023-01-03T14:13:53-06:00,11833,USD,,false,CPL/SRC/events/00785
EV000786,WCP,WCP_CLAIMS,WCP-R00427,SUBMITTED,2022-08-11T13:35:00-05:00,2022-08-12T18:06:45-05:00,8411,USD,,false,CPL/SRC/events/00786
EV000787,WCP,WCP_CLAIMS,,PAYMENT_POSTED,2022-08-18T08:38:00-05:00,2022-08-18T16:13:23-05:00,8411,USD,,false,CPL/SRC/events/00787
EV000788,WCP,WCP_CLAIMS,WCP-R00428,SUBMITTED,2023-08-17T10:36:00-05:00,2023-08-17T21:28:27-05:00,45684,USD,,false,CPL/SRC/events/00788
EV000789,WCP,WCP_CLAIMS,,PAYMENT_POSTED,2023-09-04T08:17:00-05:00,2023-09-25T08:17:00-05:00,45684,USD,,false,CPL/SRC/events/00789
EV000790,WCP,WCP_CLAIMS,WCP-R00429,SUBMITTED,2023-08-14T11:44:00-05:00,2023-08-17T14:39:23-05:00,6586,USD,,false,CPL/SRC/events/00790
EV000791,WCP,WCP_CLAIMS,WCP-R00430,SUBMITTED,2023-09-28T12:13:00-05:00,2023-09-28T14:36:12-05:00,201905,USD,,false,CPL/SRC/events/00791
EV000792,WCP,WCP_CLAIMS,,PAYMENT_POSTED,2023-11-01T10:01:00-05:00,2023-11-01T12:04:41-05:00,201905,USD,,false,CPL/SRC/events/00792
EV000793,WCP,WCP_CLAIMS,WCP-R00431,SUBMITTED,2023-03-24T13:20:00-05:00,2023-03-24T20:38:50-05:00,8758,USD,,false,CPL/SRC/events/00793
EV000794,WCP,WCP_CLAIMS,,PAYMENT_POSTED,2023-04-03T15:53:00-05:00,2023-04-10T16:46:53-05:00,8758,USD,,false,CPL/SRC/events/00794
EV000795,WCP,WCP_CLAIMS,WCP-R00432,SUBMITTED,2023-04-13T12:03:00-05:00,2023-04-13T19:51:29-05:00,19575,USD,,false,CPL/SRC/events/00795
EV000796,WCP,WCP_CLAIMS,WCP-R00433,CORRECTED,2023-04-17T12:39:00-05:00,2023-04-17T17:49:18-05:00,22953,USD,,false,CPL/SRC/events/00796
EV000797,WCP,WCP_CLAIMS,,PAYMENT_POSTED,2023-04-18T12:01:00-05:00,2023-04-20T16:06:30-05:00,22953,USD,,false,CPL/SRC/events/00797
EV000798,WCP,WCP_CLAIMS,WCP-R00434,SUBMITTED,2022-08-01T13:12:00-05:00,2022-08-01T20:26:07-05:00,6650,USD,,false,CPL/SRC/events/00798
EV000799,WCP,WCP_CLAIMS,,PAYMENT_POSTED,2022-08-15T11:17:00-05:00,2022-08-15T18:28:20-05:00,6650,USD,,false,CPL/SRC/events/00799
EV000800,WCP,WCP_CLAIMS,WCP-R00435,SUBMITTED,2023-09-11T09:37:00-05:00,2023-09-11T11:03:35-05:00,6026,USD,,false,CPL/SRC/events/00800
EV000801,WCP,WCP_CLAIMS,,PAYMENT_POSTED,2023-10-02T09:34:00-05:00,2023-10-11T03:38:13-05:00,6026,USD,,false,CPL/SRC/events/00801
EV000802,WCP,WCP_CLAIMS,WCP-R00436,SUBMITTED,2023-04-06T11:04:00-05:00,2023-04-06T18:39:50-05:00,177063,USD,,false,CPL/SRC/events/00802
EV000803,WCP,WCP_CLAIMS,,PAYMENT_POSTED,2023-04-17T08:08:00-05:00,2023-04-17T11:01:31-05:00,177063,USD,,false,CPL/SRC/events/00803
EV000804,WCP,WCP_CLAIMS,WCP-R00437,SUBMITTED,2022-11-14T14:19:00-06:00,2022-11-14T16:29:38-06:00,27592,USD,,false,CPL/SRC/events/00804
EV000805,WCP,WCP_CLAIMS,WCP-R00438,CORRECTED,2022-11-21T13:23:00-06:00,2022-11-26T10:56:20-06:00,31244,USD,,false,CPL/SRC/events/00805
EV000806,WCP,WCP_CLAIMS,WCP-R00438,CLOSED_NO_PAYMENT,2023-01-30T08:00:00-06:00,2023-01-31T11:41:12-06:00,,,,true,CPL/SRC/events/00806
EV000807,WCP,WCP_CLAIMS,WCP-R00439,SUBMITTED,2022-10-12T15:45:00-05:00,2022-10-12T16:50:59-05:00,18603,USD,,false,CPL/SRC/events/00807
EV000808,WCP,WCP_CLAIMS,WCP-R00440,SUBMITTED,2022-11-14T12:15:00-06:00,2022-11-15T10:11:15-06:00,12345,USD,,false,CPL/SRC/events/00808
EV000809,WCP,WCP_CLAIMS,,PAYMENT_POSTED,2022-11-22T08:51:00-06:00,2022-11-22T15:46:56-06:00,12345,USD,,false,CPL/SRC/events/00809
EV000810,WCP,WCP_CLAIMS,WCP-R00441,SUBMITTED,2023-06-12T14:42:00-05:00,2023-06-16T15:44:33-05:00,24557,USD,,false,CPL/SRC/events/00810
EV000811,WCP,WCP_CLAIMS,,PAYMENT_POSTED,2023-06-29T09:58:00-05:00,2023-09-01T20:51:45-05:00,24557,USD,,false,CPL/SRC/events/00811
EV000812,WCP,WCP_CLAIMS,WCP-R00442,SUBMITTED,2023-03-31T14:02:00-05:00,2023-04-02T21:26:26-05:00,5790,USD,,false,CPL/SRC/events/00812
EV000813,WCP,WCP_CLAIMS,,PAYMENT_POSTED,2023-04-06T15:30:00-05:00,2023-04-09T11:23:26-05:00,5790,USD,,false,CPL/SRC/events/00813
EV000814,WCP,WCP_CLAIMS,WCP-R00443,SUBMITTED,2022-12-15T16:48:00-06:00,2022-12-17T14:32:05-06:00,92279,USD,,false,CPL/SRC/events/00814
EV000815,WCP,WCP_CLAIMS,,PAYMENT_POSTED,2022-12-27T15:07:00-06:00,2023-03-23T21:59:46-05:00,92279,USD,,false,CPL/SRC/events/00815
EV000816,WCP,WCP_CLAIMS,WCP-R00444,SUBMITTED,2022-10-21T13:32:00-05:00,2022-10-28T09:22:55-05:00,14248,USD,,false,CPL/SRC/events/00816
EV000817,WCP,WCP_CLAIMS,,PAYMENT_POSTED,2022-11-02T12:15:00-05:00,2022-11-09T20:51:09-06:00,14248,USD,,false,CPL/SRC/events/00817
EV000818,WCP,WCP_CLAIMS,WCP-R00445,SUBMITTED,2023-02-17T14:24:00-06:00,2023-02-17T18:31:15-06:00,25215,USD,,false,CPL/SRC/events/00818
EV000819,WCP,WCP_CLAIMS,,PAYMENT_POSTED,2023-03-27T12:26:00-05:00,2023-03-29T17:09:08-05:00,25215,USD,,false,CPL/SRC/events/00819
EV000820,WCP,WCP_CLAIMS,WCP-R00446,SUBMITTED,2023-08-16T15:58:00-05:00,2023-08-16T23:08:03-05:00,7538,USD,,false,CPL/SRC/events/00820
EV000821,WCP,WCP_CLAIMS,,PAYMENT_POSTED,2023-08-31T11:12:00-05:00,2023-08-31T14:23:07-05:00,7538,USD,,false,CPL/SRC/events/00821
EV000822,WCP,WCP_CLAIMS,WCP-R00447,SUBMITTED,2023-08-02T09:00:00-05:00,2023-08-02T11:33:30-05:00,5917,USD,,false,CPL/SRC/events/00822
EV000823,WCP,WCP_CLAIMS,,PAYMENT_POSTED,2023-08-07T09:36:00-05:00,2023-08-07T17:25:44-05:00,5917,USD,,false,CPL/SRC/events/00823
EV000824,WCP,WCP_CLAIMS,WCP-R00448,SUBMITTED,2022-09-23T14:23:00-05:00,2022-09-24T13:31:40-05:00,59551,USD,,false,CPL/SRC/events/00824
EV000825,WCP,WCP_CLAIMS,WCP-R00448,CLOSED_NO_PAYMENT,2022-12-05T08:47:00-06:00,2022-12-07T03:08:27-06:00,,,,true,CPL/SRC/events/00825
EV000826,WCP,WCP_CLAIMS,WCP-R00449,SUBMITTED,2022-10-03T16:09:00-05:00,2022-11-12T14:38:35-06:00,26435,USD,,false,CPL/SRC/events/00826
EV000827,WCP,WCP_CLAIMS,WCP-R00450,SUBMITTED,2023-09-21T14:21:00-05:00,2023-09-30T18:07:49-05:00,5234,USD,,false,CPL/SRC/events/00827
EV000828,WCP,WCP_CLAIMS,,PAYMENT_POSTED,2023-10-24T10:30:00-05:00,2023-10-30T07:18:45-05:00,5234,USD,,false,CPL/SRC/events/00828
EV000829,WCP,WCP_CLAIMS,WCP-R00451,SUBMITTED,2023-03-30T08:07:00-05:00,2023-03-30T15:00:16-05:00,20211,USD,,false,CPL/SRC/events/00829
EV000830,WCP,WCP_CLAIMS,,PAYMENT_POSTED,2023-04-24T15:15:00-05:00,2023-04-24T17:15:36-05:00,20211,USD,,false,CPL/SRC/events/00830
EV000831,WCP,WCP_CLAIMS,WCP-R00452,SUBMITTED,2022-10-10T09:33:00-05:00,2022-12-30T02:35:55-06:00,23647,USD,,false,CPL/SRC/events/00831
EV000832,WCP,WCP_CLAIMS,WCP-R00453,SUBMITTED,2022-11-09T13:54:00-06:00,2022-11-09T18:47:16-06:00,54285,USD,,false,CPL/SRC/events/00832
EV000833,WCP,WCP_CLAIMS,WCP-R00454,SUBMITTED,2022-11-04T13:10:00-05:00,2022-11-05T23:21:59-05:00,25032,USD,,false,CPL/SRC/events/00833
EV000834,WCP,WCP_CLAIMS,,PAYMENT_POSTED,2022-11-14T13:40:00-06:00,2022-11-14T15:54:44-06:00,25032,USD,,false,CPL/SRC/events/00834
EV000835,WCP,WCP_CLAIMS,WCP-R00455,SUBMITTED,2023-09-26T09:25:00-05:00,2023-09-26T12:52:16-05:00,11774,USD,,false,CPL/SRC/events/00835
EV000836,WCP,WCP_CLAIMS,WCP-R00456,SUBMITTED,2022-12-19T15:50:00-06:00,2022-12-19T16:49:27-06:00,2698,USD,,false,CPL/SRC/events/00836
EV000837,WCP,WCP_CLAIMS,,PAYMENT_POSTED,2022-12-30T11:04:00-06:00,2022-12-30T17:22:19-06:00,2698,USD,,false,CPL/SRC/events/00837
EV000838,WCP,WCP_CLAIMS,WCP-R00457,SUBMITTED,2023-09-11T12:22:00-05:00,2023-09-14T00:05:12-05:00,3108,USD,,false,CPL/SRC/events/00838
EV000839,WCP,WCP_CLAIMS,,PAYMENT_POSTED,2023-09-26T14:54:00-05:00,2023-09-26T20:00:26-05:00,3108,USD,,false,CPL/SRC/events/00839
EV000840,WCP,WCP_CLAIMS,WCP-R00458,SUBMITTED,2023-07-20T11:56:00-05:00,2023-07-23T06:42:36-05:00,66773,USD,,false,CPL/SRC/events/00840
EV000841,WCP,WCP_CLAIMS,WCP-R00459,SUBMITTED,2023-01-16T11:21:00-06:00,2023-01-19T17:58:28-06:00,9544,USD,,false,CPL/SRC/events/00841
EV000842,WCP,WCP_CLAIMS,,PAYMENT_POSTED,2023-02-21T09:53:00-06:00,2023-02-21T12:07:52-06:00,9544,USD,,false,CPL/SRC/events/00842
EV000843,WCP,WCP_CLAIMS,WCP-R00460,SUBMITTED,2023-04-27T12:09:00-05:00,2023-04-27T12:17:43-05:00,29616,USD,,false,CPL/SRC/events/00843
EV000844,WCP,WCP_CLAIMS,WCP-R00461,CORRECTED,2023-05-04T16:54:00-05:00,2023-05-04T20:07:09-05:00,27861,USD,,false,CPL/SRC/events/00844
EV000845,WCP,WCP_CLAIMS,,PAYMENT_POSTED,2023-05-08T09:23:00-05:00,2023-05-08T09:40:07-05:00,27861,USD,,false,CPL/SRC/events/00845
EV000846,WCP,WCP_CLAIMS,WCP-R00462,SUBMITTED,2023-04-25T13:30:00-05:00,2023-04-28T03:56:14-05:00,12515,USD,,false,CPL/SRC/events/00846
EV000847,WCP,WCP_CLAIMS,WCP-R00463,SUBMITTED,2023-02-06T13:12:00-06:00,2023-02-10T07:26:14-06:00,2500,USD,,false,CPL/SRC/events/00847
EV000848,WCP,WCP_CLAIMS,,PAYMENT_POSTED,2023-03-02T08:41:00-06:00,2023-03-02T09:37:46-06:00,2500,USD,,false,CPL/SRC/events/00848
EV000849,WCP,WCP_CLAIMS,WCP-R00464,SUBMITTED,2023-02-06T09:17:00-06:00,2023-02-06T12:09:36-06:00,22432,USD,,false,CPL/SRC/events/00849
EV000850,WCP,WCP_CLAIMS,WCP-R00465,SUBMITTED,2023-09-19T10:28:00-05:00,2023-09-19T10:49:37-05:00,6916,USD,,false,CPL/SRC/events/00850
EV000851,WCP,WCP_CLAIMS,,PAYMENT_POSTED,2023-10-03T16:42:00-05:00,2023-10-04T00:08:21-05:00,6916,USD,,false,CPL/SRC/events/00851
EV000852,WCP,WCP_CLAIMS,WCP-R00466,SUBMITTED,2023-07-26T16:58:00-05:00,2023-07-27T00:56:49-05:00,18446,USD,,false,CPL/SRC/events/00852
EV000853,WCP,WCP_CLAIMS,,PAYMENT_POSTED,2023-08-14T08:09:00-05:00,2023-08-14T08:22:05-05:00,18446,USD,,false,CPL/SRC/events/00853
EV000854,WCP,WCP_CLAIMS,WCP-R00467,SUBMITTED,2022-08-09T14:10:00-05:00,2022-08-09T18:50:10-05:00,5819,USD,,false,CPL/SRC/events/00854
EV000855,WCP,WCP_CLAIMS,,PAYMENT_POSTED,2022-08-23T15:59:00-05:00,2022-08-23T17:37:52-05:00,5819,USD,,false,CPL/SRC/events/00855
EV000856,WCP,WCP_CLAIMS,WCP-R00468,SUBMITTED,2023-05-01T08:45:00-05:00,2023-05-01T17:10:32-05:00,4977,USD,,false,CPL/SRC/events/00856
EV000857,WCP,WCP_CLAIMS,,PAYMENT_POSTED,2023-05-29T16:36:00-05:00,2023-05-31T03:53:26-05:00,4977,USD,,false,CPL/SRC/events/00857
EV000858,WCP,WCP_CLAIMS,WCP-R00469,SUBMITTED,2022-09-13T16:38:00-05:00,2022-09-13T19:31:49-05:00,7497,USD,,false,CPL/SRC/events/00858
EV000859,WCP,WCP_CLAIMS,,PAYMENT_POSTED,2022-10-10T14:47:00-05:00,2022-10-10T18:10:21-05:00,7497,USD,,false,CPL/SRC/events/00859
EV000860,WCP,WCP_CLAIMS,WCP-R00470,SUBMITTED,2023-09-05T12:18:00-05:00,2023-09-05T18:10:20-05:00,15683,USD,,false,CPL/SRC/events/00860
EV000861,WCP,WCP_CLAIMS,,PAYMENT_POSTED,2023-09-18T11:29:00-05:00,2023-09-25T06:29:21-05:00,15683,USD,,false,CPL/SRC/events/00861
EV000862,WCP,WCP_CLAIMS,WCP-R00471,SUBMITTED,2022-12-21T12:39:00-06:00,2022-12-21T13:38:29-06:00,6252,USD,,false,CPL/SRC/events/00862
EV000863,WCP,WCP_CLAIMS,,PAYMENT_POSTED,2023-01-09T11:31:00-06:00,2023-01-09T17:45:00-06:00,6252,USD,,false,CPL/SRC/events/00863
EV000864,WCP,WCP_CLAIMS,WCP-R00472,SUBMITTED,2022-12-12T16:05:00-06:00,2022-12-12T22:18:42-06:00,114363,USD,,false,CPL/SRC/events/00864
EV000865,WCP,WCP_CLAIMS,,PAYMENT_POSTED,2023-01-09T16:04:00-06:00,2023-01-09T18:29:39-06:00,114363,USD,,false,CPL/SRC/events/00865
EV000866,WCP,WCP_CLAIMS,WCP-R00473,SUBMITTED,2023-03-20T09:02:00-05:00,2023-03-28T16:47:43-05:00,6675,USD,,false,CPL/SRC/events/00866
EV000867,WCP,WCP_CLAIMS,WCP-R00473,CLOSED_NO_PAYMENT,2023-06-23T09:16:00-05:00,2023-06-23T14:16:11-05:00,,,,true,CPL/SRC/events/00867
EV000868,WCP,WCP_CLAIMS,WCP-R00474,SUBMITTED,2022-09-27T08:35:00-05:00,2022-10-06T19:57:16-05:00,19881,USD,,false,CPL/SRC/events/00868
EV000869,WCP,WCP_CLAIMS,,PAYMENT_POSTED,2022-10-03T13:20:00-05:00,2022-10-03T19:11:40-05:00,19881,USD,,false,CPL/SRC/events/00869
EV000870,WCP,WCP_CLAIMS,WCP-R00475,SUBMITTED,2023-08-21T09:10:00-05:00,2023-08-21T16:58:10-05:00,29089,USD,,false,CPL/SRC/events/00870
EV000871,WCP,WCP_CLAIMS,,PAYMENT_POSTED,2023-09-08T14:45:00-05:00,2023-09-11T17:20:55-05:00,29089,USD,,false,CPL/SRC/events/00871
EV000872,WCP,WCP_CLAIMS,WCP-R00476,SUBMITTED,2022-11-09T16:34:00-06:00,2022-11-26T14:43:31-06:00,5486,USD,,false,CPL/SRC/events/00872
EV000873,WCP,WCP_CLAIMS,,PAYMENT_POSTED,2022-12-14T15:44:00-06:00,2022-12-20T11:44:37-06:00,5486,USD,,false,CPL/SRC/events/00873
EV000874,WCP,WCP_CLAIMS,WCP-R00477,SUBMITTED,2023-03-23T12:56:00-05:00,2023-03-23T14:06:28-05:00,5961,USD,,false,CPL/SRC/events/00874
EV000875,WCP,WCP_CLAIMS,,PAYMENT_POSTED,2023-04-07T15:20:00-05:00,2023-04-07T17:41:53-05:00,5961,USD,,false,CPL/SRC/events/00875
EV000876,WCP,WCP_CLAIMS,WCP-R00478,SUBMITTED,2023-08-15T15:33:00-05:00,2023-08-17T06:09:52-05:00,18985,USD,,false,CPL/SRC/events/00876
EV000877,WCP,WCP_CLAIMS,,PAYMENT_POSTED,2023-08-21T15:36:00-05:00,2023-08-26T11:28:56-05:00,18985,USD,,false,CPL/SRC/events/00877
EV000878,WCP,WCP_CLAIMS,WCP-R00479,SUBMITTED,2023-05-01T12:53:00-05:00,2023-05-01T18:25:05-05:00,13728,USD,,false,CPL/SRC/events/00878
EV000879,WCP,WCP_CLAIMS,,PAYMENT_POSTED,2023-05-30T09:04:00-05:00,2023-05-30T16:57:48-05:00,13728,USD,,false,CPL/SRC/events/00879
EV000880,WCP,WCP_CLAIMS,WCP-R00480,SUBMITTED,2022-07-28T09:38:00-05:00,2022-07-28T16:38:08-05:00,11692,USD,,false,CPL/SRC/events/00880
EV000881,WCP,WCP_CLAIMS,,PAYMENT_POSTED,2022-08-16T08:41:00-05:00,2022-08-16T10:51:32-05:00,11692,USD,,false,CPL/SRC/events/00881
EV000882,WCP,WCP_CLAIMS,WCP-R00481,SUBMITTED,2022-11-01T14:52:00-05:00,2022-11-01T22:23:24-05:00,6513,USD,,false,CPL/SRC/events/00882
EV000883,WCP,WCP_CLAIMS,WCP-R00482,CORRECTED,2022-11-10T09:37:00-06:00,2022-11-10T16:40:42-06:00,8068,USD,,false,CPL/SRC/events/00883
EV000884,WCP,WCP_CLAIMS,,PAYMENT_POSTED,2022-11-14T09:21:00-06:00,2022-11-15T22:40:21-06:00,8068,USD,,false,CPL/SRC/events/00884
EV000885,WCP,WCP_CLAIMS,WCP-R00483,SUBMITTED,2023-03-20T12:01:00-05:00,2023-03-20T17:17:09-05:00,5337,USD,,false,CPL/SRC/events/00885
EV000886,WCP,WCP_CLAIMS,,PAYMENT_POSTED,2023-04-11T09:51:00-05:00,2023-04-13T07:03:05-05:00,5337,USD,,false,CPL/SRC/events/00886
EV000887,WCP,WCP_CLAIMS,WCP-R00484,SUBMITTED,2023-05-23T15:05:00-05:00,2023-05-26T05:33:46-05:00,7083,USD,,false,CPL/SRC/events/00887
EV000888,WCP,WCP_CLAIMS,,PAYMENT_POSTED,2023-06-28T14:02:00-05:00,2023-07-08T05:25:35-05:00,7083,USD,,false,CPL/SRC/events/00888
EV000889,WCP,WCP_CLAIMS,WCP-R00485,SUBMITTED,2023-05-18T09:23:00-05:00,2023-05-24T04:52:41-05:00,8297,USD,,false,CPL/SRC/events/00889
EV000890,WCP,WCP_CLAIMS,WCP-R00486,SUBMITTED,2023-02-14T08:40:00-06:00,2023-02-14T09:27:06-06:00,5146,USD,,false,CPL/SRC/events/00890
EV000891,WCP,WCP_CLAIMS,WCP-R00487,SUBMITTED,2023-03-03T13:56:00-06:00,2023-03-03T21:42:51-06:00,8053,USD,,false,CPL/SRC/events/00891
EV000892,WCP,WCP_CLAIMS,,PAYMENT_POSTED,2023-03-21T08:11:00-05:00,2023-03-21T21:27:23-05:00,8053,USD,,false,CPL/SRC/events/00892
EV000893,WCP,WCP_CLAIMS,WCP-R00488,SUBMITTED,2023-02-23T11:30:00-06:00,2023-02-23T14:31:01-06:00,13515,USD,,false,CPL/SRC/events/00893
EV000894,WCP,WCP_CLAIMS,,PAYMENT_POSTED,2023-03-09T10:34:00-06:00,2023-03-11T17:14:37-06:00,13515,USD,,false,CPL/SRC/events/00894
EV000895,WCP,WCP_CLAIMS,WCP-R00489,SUBMITTED,2022-09-27T15:08:00-05:00,2022-10-03T10:11:56-05:00,9611,USD,,false,CPL/SRC/events/00895
EV000896,WCP,WCP_CLAIMS,,PAYMENT_POSTED,2022-11-04T11:53:00-05:00,2022-11-04T13:17:55-05:00,9611,USD,,false,CPL/SRC/events/00896
EV000897,WCP,WCP_CLAIMS,WCP-R00490,SUBMITTED,2022-08-24T14:48:00-05:00,2022-08-24T18:51:31-05:00,49267,USD,,false,CPL/SRC/events/00897
EV000898,WCP,WCP_CLAIMS,WCP-R00491,CORRECTED,2022-09-01T12:55:00-05:00,2022-09-02T17:40:46-05:00,63040,USD,,false,CPL/SRC/events/00898
EV000899,WCP,WCP_CLAIMS,,PAYMENT_POSTED,2022-09-19T09:01:00-05:00,2022-09-21T09:35:19-05:00,63040,USD,,false,CPL/SRC/events/00899
EV000900,WCP,WCP_CLAIMS,WCP-R00492,SUBMITTED,2022-12-26T15:44:00-06:00,2022-12-26T16:46:16-06:00,7230,USD,,false,CPL/SRC/events/00900
EV000901,WCP,WCP_CLAIMS,,PAYMENT_POSTED,2023-01-20T11:56:00-06:00,2023-01-24T18:37:30-06:00,7230,USD,,false,CPL/SRC/events/00901
EV000902,WCP,WCP_CLAIMS,WCP-R00493,SUBMITTED,2023-06-15T12:11:00-05:00,2023-06-15T13:21:18-05:00,384028,USD,,false,CPL/SRC/events/00902
EV000903,WCP,WCP_CLAIMS,,PAYMENT_POSTED,2023-06-19T15:33:00-05:00,2023-06-21T10:11:05-05:00,384028,USD,,false,CPL/SRC/events/00903
EV000904,WCP,WCP_CLAIMS,WCP-R00494,SUBMITTED,2022-11-28T15:19:00-06:00,2022-11-30T13:48:40-06:00,25674,USD,,false,CPL/SRC/events/00904
EV000905,WCP,WCP_CLAIMS,WCP-R00495,SUBMITTED,2023-09-07T14:09:00-05:00,2023-09-07T17:25:43-05:00,10995,USD,,false,CPL/SRC/events/00905
EV000906,WCP,WCP_CLAIMS,WCP-R00496,CORRECTED,2023-09-18T14:44:00-05:00,2023-09-18T21:22:03-05:00,11908,USD,,false,CPL/SRC/events/00906
EV000907,WCP,WCP_CLAIMS,WCP-R00495,VOID_VERSION,2023-09-18T14:44:00-05:00,2023-09-21T23:02:16-05:00,10995,USD,,false,CPL/SRC/events/00907
EV000908,WCP,WCP_CLAIMS,WCP-R00497,SUBMITTED,2023-02-20T14:18:00-06:00,2023-02-22T12:34:54-06:00,24872,USD,,false,CPL/SRC/events/00908
EV000909,WCP,WCP_CLAIMS,,PAYMENT_POSTED,2023-02-23T11:18:00-06:00,2023-02-25T16:23:11-06:00,24872,USD,,false,CPL/SRC/events/00909
EV000910,WCP,WCP_CLAIMS,WCP-R00498,SUBMITTED,2023-04-03T16:40:00-05:00,2023-04-03T18:14:12-05:00,69881,USD,,false,CPL/SRC/events/00910
EV000911,WCP,WCP_CLAIMS,,PAYMENT_POSTED,2023-04-25T16:49:00-05:00,2023-06-27T16:46:50-05:00,69881,USD,,false,CPL/SRC/events/00911
EV000912,WCP,WCP_CLAIMS,WCP-R00499,SUBMITTED,2022-10-10T08:20:00-05:00,2022-10-11T13:56:36-05:00,7565,USD,,false,CPL/SRC/events/00912
EV000913,WCP,WCP_CLAIMS,,PAYMENT_POSTED,2022-10-26T10:13:00-05:00,2022-10-26T10:37:11-05:00,7565,USD,,false,CPL/SRC/events/00913
EV000914,WCP,WCP_CLAIMS,WCP-R00500,SUBMITTED,2022-10-18T08:21:00-05:00,2022-10-18T11:28:06-05:00,30721,USD,,false,CPL/SRC/events/00914
EV000915,WCP,WCP_CLAIMS,,PAYMENT_POSTED,2022-10-31T16:05:00-05:00,2022-11-02T23:11:37-05:00,30721,USD,,false,CPL/SRC/events/00915
EV000916,WCP,WCP_CLAIMS,WCP-R00501,SUBMITTED,2022-10-13T08:22:00-05:00,2022-10-15T14:45:22-05:00,14433,USD,,false,CPL/SRC/events/00916
EV000917,WCP,WCP_CLAIMS,WCP-R00502,SUBMITTED,2023-05-22T14:03:00-05:00,2023-05-22T18:02:41-05:00,16076,USD,,false,CPL/SRC/events/00917
EV000918,WCP,WCP_CLAIMS,,PAYMENT_POSTED,2023-06-05T09:26:00-05:00,2023-06-06T02:46:00-05:00,16076,USD,,false,CPL/SRC/events/00918
EV000919,WCP,WCP_CLAIMS,WCP-R00503,SUBMITTED,2023-08-14T15:00:00-05:00,2023-08-14T16:55:10-05:00,4662,USD,,false,CPL/SRC/events/00919
EV000920,WCP,WCP_CLAIMS,,PAYMENT_POSTED,2023-08-21T15:33:00-05:00,2023-09-11T15:33:00-05:00,4662,USD,,false,CPL/SRC/events/00920
EV000921,WCP,WCP_CLAIMS,WCP-R00504,SUBMITTED,2023-04-06T09:46:00-05:00,2023-04-06T12:17:42-05:00,79376,USD,,false,CPL/SRC/events/00921
EV000922,WCP,WCP_CLAIMS,,PAYMENT_POSTED,2023-04-17T13:53:00-05:00,2023-04-20T06:38:55-05:00,79376,USD,,false,CPL/SRC/events/00922
EV000923,WCP,WCP_CLAIMS,WCP-R00505,SUBMITTED,2023-05-25T13:00:00-05:00,2023-05-27T17:20:10-05:00,27859,USD,,false,CPL/SRC/events/00923
EV000924,WCP,WCP_CLAIMS,,PAYMENT_POSTED,2023-06-14T09:28:00-05:00,2023-06-14T12:38:09-05:00,27859,USD,,false,CPL/SRC/events/00924
EV000925,WCP,WCP_CLAIMS,WCP-R00506,SUBMITTED,2022-09-23T15:38:00-05:00,2022-10-02T07:50:19-05:00,85418,USD,,false,CPL/SRC/events/00925
EV000926,WCP,WCP_CLAIMS,,PAYMENT_POSTED,2022-11-09T08:41:00-06:00,2022-11-09T14:26:32-06:00,85418,USD,,false,CPL/SRC/events/00926
EV000927,WCP,WCP_CLAIMS,WCP-R00507,SUBMITTED,2022-10-03T14:29:00-05:00,2022-10-09T19:25:48-05:00,14542,USD,,false,CPL/SRC/events/00927
EV000928,WCP,WCP_CLAIMS,,PAYMENT_POSTED,2022-11-08T10:02:00-06:00,2022-11-09T15:09:51-06:00,14542,USD,,false,CPL/SRC/events/00928
EV000929,WCP,WCP_CLAIMS,WCP-R00508,SUBMITTED,2023-07-17T12:24:00-05:00,2023-08-02T22:33:41-05:00,14934,USD,,false,CPL/SRC/events/00929
EV000930,WCP,WCP_CLAIMS,WCP-R00508,CLOSED_NO_PAYMENT,2023-10-12T14:54:00-05:00,2023-10-12T15:16:38-05:00,,,,true,CPL/SRC/events/00930
EV000931,WCP,WCP_CLAIMS,WCP-R00509,SUBMITTED,2022-08-08T14:11:00-05:00,2022-08-11T05:57:36-05:00,10835,USD,,false,CPL/SRC/events/00931
EV000932,WCP,WCP_CLAIMS,,PAYMENT_POSTED,2022-09-26T14:25:00-05:00,2022-09-26T21:46:52-05:00,10835,USD,,false,CPL/SRC/events/00932
EV000933,WCP,WCP_CLAIMS,WCP-R00510,SUBMITTED,2022-08-23T08:35:00-05:00,2022-08-28T14:20:21-05:00,13226,USD,,false,CPL/SRC/events/00933
EV000934,WCP,WCP_CLAIMS,,PAYMENT_POSTED,2022-10-13T15:58:00-05:00,2022-11-03T15:58:00-05:00,13226,USD,,false,CPL/SRC/events/00934
EV000935,WCP,WCP_CLAIMS,WCP-R00511,SUBMITTED,2022-09-26T11:36:00-05:00,2022-10-10T03:45:43-05:00,18327,USD,,false,CPL/SRC/events/00935
EV000936,WCP,WCP_CLAIMS,,PAYMENT_POSTED,2022-10-11T16:54:00-05:00,2022-10-11T20:14:54-05:00,18327,USD,,false,CPL/SRC/events/00936
EV000937,WCP,WCP_CLAIMS,WCP-R00512,SUBMITTED,2022-07-29T14:30:00-05:00,2022-07-29T20:47:04-05:00,13378,USD,,false,CPL/SRC/events/00937
EV000938,WCP,WCP_CLAIMS,WCP-R00513,CORRECTED,2022-08-01T10:23:00-05:00,2022-08-01T11:53:37-05:00,12993,USD,,false,CPL/SRC/events/00938
EV000939,WCP,WCP_CLAIMS,WCP-R00512,VOID_VERSION,2022-08-01T10:23:00-05:00,2022-08-02T08:22:30-05:00,13378,USD,,false,CPL/SRC/events/00939
EV000940,WCP,WCP_CLAIMS,,PAYMENT_POSTED,2022-08-12T12:49:00-05:00,2022-08-12T15:12:11-05:00,12993,USD,,false,CPL/SRC/events/00940
EV000941,WCP,WCP_CLAIMS,WCP-R00514,SUBMITTED,2023-01-04T10:45:00-06:00,2023-01-04T11:31:58-06:00,3901,USD,,false,CPL/SRC/events/00941
EV000942,WCP,WCP_CLAIMS,,PAYMENT_POSTED,2023-03-27T13:09:00-05:00,2023-03-31T19:38:42-05:00,3901,USD,,false,CPL/SRC/events/00942
EV000943,WCP,WCP_CLAIMS,WCP-R00515,SUBMITTED,2023-02-15T13:44:00-06:00,2023-02-15T20:00:01-06:00,13713,USD,,false,CPL/SRC/events/00943
EV000944,WCP,WCP_CLAIMS,,PAYMENT_POSTED,2023-02-27T10:01:00-06:00,2023-03-03T04:58:21-06:00,13713,USD,,false,CPL/SRC/events/00944
EV000945,WCP,WCP_CLAIMS,WCP-R00516,SUBMITTED,2023-08-09T14:14:00-05:00,2023-08-09T21:05:29-05:00,26291,USD,,false,CPL/SRC/events/00945
EV000946,WCP,WCP_CLAIMS,WCP-R00517,CORRECTED,2023-08-14T10:06:00-05:00,2023-08-20T21:32:28-05:00,30594,USD,,false,CPL/SRC/events/00946
EV000947,WCP,WCP_CLAIMS,WCP-R00518,SUBMITTED,2023-06-29T09:24:00-05:00,2023-07-02T05:40:27-05:00,21132,USD,,false,CPL/SRC/events/00947
EV000948,WCP,WCP_CLAIMS,,PAYMENT_POSTED,2023-07-20T15:32:00-05:00,2023-07-20T19:47:44-05:00,21132,USD,,false,CPL/SRC/events/00948
EV000949,WCP,WCP_CLAIMS,WCP-R00519,SUBMITTED,2022-09-14T13:00:00-05:00,2022-09-19T16:30:41-05:00,7658,USD,,false,CPL/SRC/events/00949
EV000950,WCP,WCP_CLAIMS,,PAYMENT_POSTED,2022-10-03T09:43:00-05:00,2022-10-03T13:32:43-05:00,7658,USD,,false,CPL/SRC/events/00950
EV000951,WCP,WCP_CLAIMS,WCP-R00520,SUBMITTED,2023-03-28T15:13:00-05:00,2023-03-28T16:54:58-05:00,29172,USD,,false,CPL/SRC/events/00951
EV000952,WCP,WCP_CLAIMS,,PAYMENT_POSTED,2023-04-10T16:49:00-05:00,2023-04-17T07:02:34-05:00,29172,USD,,false,CPL/SRC/events/00952
EV000953,WCP,WCP_CLAIMS,WCP-R00521,SUBMITTED,2022-09-14T14:36:00-05:00,2022-09-14T20:39:44-05:00,5989,USD,,false,CPL/SRC/events/00953
EV000954,WCP,WCP_CLAIMS,WCP-R00522,CORRECTED,2022-09-26T16:31:00-05:00,2022-09-26T17:43:29-05:00,5515,USD,,false,CPL/SRC/events/00954
EV000955,WCP,WCP_CLAIMS,,PAYMENT_POSTED,2022-09-19T14:41:00-05:00,2022-09-23T21:04:03-05:00,5515,USD,,false,CPL/SRC/events/00955
EV000956,WCP,WCP_CLAIMS,WCP-R00523,SUBMITTED,2023-05-25T16:14:00-05:00,2023-05-25T17:28:28-05:00,12862,USD,,false,CPL/SRC/events/00956
EV000957,WCP,WCP_CLAIMS,,PAYMENT_POSTED,2023-06-19T12:34:00-05:00,2023-06-25T01:37:51-05:00,12862,USD,,false,CPL/SRC/events/00957
EV000958,WCP,WCP_CLAIMS,WCP-R00524,SUBMITTED,2022-11-22T10:30:00-06:00,2022-11-25T19:30:02-06:00,6398,USD,,false,CPL/SRC/events/00958
EV000959,WCP,WCP_CLAIMS,WCP-R00525,SUBMITTED,2023-07-03T11:08:00-05:00,2023-07-05T23:44:22-05:00,17086,USD,,false,CPL/SRC/events/00959
EV000960,WCP,WCP_CLAIMS,,PAYMENT_POSTED,2023-07-14T13:27:00-05:00,2023-07-15T09:43:34-05:00,17086,USD,,false,CPL/SRC/events/00960
EV000961,WCP,WCP_CLAIMS,WCP-R00526,SUBMITTED,2023-07-04T16:07:00-05:00,2023-07-06T02:31:20-05:00,4531,EUR,,false,CPL/SRC/events/00961
EV000962,WCP,WCP_CLAIMS,,PAYMENT_POSTED,2023-07-24T13:03:00-05:00,2023-08-03T02:06:05-05:00,4531,USD,,false,CPL/SRC/events/00962
EV000963,WCP,WCP_CLAIMS,WCP-R00527,SUBMITTED,2023-06-20T13:55:00-05:00,2023-07-02T17:03:28-05:00,24500,USD,,false,CPL/SRC/events/00963
EV000964,WCP,WCP_CLAIMS,WCP-R00527,CLOSED_NO_PAYMENT,2023-10-09T12:46:00-05:00,2023-10-12T17:51:15-05:00,,,,true,CPL/SRC/events/00964
EV000965,WCP,WCP_CLAIMS,WCP-R00528,SUBMITTED,2022-12-30T08:58:00-06:00,2022-12-31T13:36:29-06:00,101032,USD,,false,CPL/SRC/events/00965
EV000966,WCP,WCP_CLAIMS,,PAYMENT_POSTED,2023-01-16T08:33:00-06:00,2023-01-17T08:50:43-06:00,101032,USD,,false,CPL/SRC/events/00966
EV000967,WCP,WCP_CLAIMS,WCP-R00529,SUBMITTED,2022-12-22T09:06:00-06:00,2022-12-25T15:28:24-06:00,14223,USD,,false,CPL/SRC/events/00967
EV000968,WCP,WCP_CLAIMS,WCP-R00530,SUBMITTED,2023-03-20T14:51:00-05:00,2023-03-21T15:36:32-05:00,7379,USD,,false,CPL/SRC/events/00968
EV000969,WCP,WCP_CLAIMS,WCP-R00531,CORRECTED,2023-03-27T14:03:00-05:00,2023-03-29T09:44:43-05:00,9342,USD,,false,CPL/SRC/events/00969
EV000970,WCP,WCP_CLAIMS,WCP-R00530,VOID_VERSION,2023-03-27T14:03:00-05:00,2023-04-05T04:06:24-05:00,7379,USD,,false,CPL/SRC/events/00970
EV000971,WCP,WCP_CLAIMS,,PAYMENT_POSTED,2023-07-24T16:11:00-05:00,2023-07-28T14:34:41-05:00,9342,USD,,false,CPL/SRC/events/00971
EV000972,WCP,WCP_CLAIMS,WCP-R00532,SUBMITTED,2022-12-27T08:06:00-06:00,2023-01-02T12:41:21-06:00,28512,USD,,false,CPL/SRC/events/00972
EV000973,WCP,WCP_CLAIMS,WCP-R00532,CLOSED_NO_PAYMENT,2023-02-02T16:04:00-06:00,2023-02-05T19:01:09-06:00,,,,true,CPL/SRC/events/00973
EV000974,WCP,WCP_CLAIMS,WCP-R00533,SUBMITTED,2023-01-13T15:19:00-06:00,2023-01-14T05:29:57-06:00,10059,USD,,false,CPL/SRC/events/00974
EV000975,WCP,WCP_CLAIMS,,PAYMENT_POSTED,2023-02-20T11:22:00-06:00,2023-02-24T19:08:39-06:00,10059,USD,,false,CPL/SRC/events/00975
EV000976,WCP,WCP_CLAIMS,WCP-R00534,SUBMITTED,2023-03-10T12:54:00-06:00,2023-03-10T16:38:20-06:00,5519,USD,,false,CPL/SRC/events/00976
EV000977,WCP,WCP_CLAIMS,WCP-R00535,CORRECTED,2023-03-14T13:25:00-05:00,2023-03-14T20:13:30-05:00,5200,USD,,false,CPL/SRC/events/00977
EV000978,WCP,WCP_CLAIMS,,PAYMENT_POSTED,2023-04-10T09:55:00-05:00,2023-04-11T15:31:34-05:00,5200,USD,,false,CPL/SRC/events/00978
EV000979,WCP,WCP_CLAIMS,WCP-R00536,SUBMITTED,2023-05-18T14:24:00-05:00,2023-05-20T22:19:38-05:00,6425,USD,,false,CPL/SRC/events/00979
EV000980,WCP,WCP_CLAIMS,,PAYMENT_POSTED,2023-05-29T14:23:00-05:00,2023-05-29T21:07:45-05:00,6425,USD,,false,CPL/SRC/events/00980
EV000981,WCP,WCP_CLAIMS,WCP-R00537,SUBMITTED,2023-08-17T10:42:00-05:00,2023-08-17T11:25:55-05:00,14426,USD,,false,CPL/SRC/events/00981
EV000982,WCP,WCP_CLAIMS,WCP-R00538,SUBMITTED,2022-07-18T16:13:00-05:00,2022-07-26T16:57:56-05:00,60957,USD,,false,CPL/SRC/events/00982
EV000983,WCP,WCP_CLAIMS,WCP-R00538,CLOSED_NO_PAYMENT,2022-10-13T16:13:00-05:00,2022-10-15T07:08:02-05:00,,,,true,CPL/SRC/events/00983
EV000984,WCP,WCP_CLAIMS,WCP-R00539,SUBMITTED,2023-04-28T13:01:00-05:00,2023-04-28T15:31:59-05:00,19675,USD,,false,CPL/SRC/events/00984
EV000985,WCP,WCP_CLAIMS,,PAYMENT_POSTED,2023-07-05T10:33:00-05:00,2023-07-06T08:48:37-05:00,19675,USD,,false,CPL/SRC/events/00985
EV000986,WCP,WCP_CLAIMS,WCP-R00540,SUBMITTED,2023-02-16T09:56:00-06:00,2023-02-17T18:03:39-06:00,73405,USD,,false,CPL/SRC/events/00986
EV000987,WCP,WCP_CLAIMS,,PAYMENT_POSTED,2023-03-20T11:19:00-05:00,2023-03-22T11:54:14-05:00,73405,USD,,false,CPL/SRC/events/00987
EV000988,WCP,WCP_CLAIMS,WCP-R00541,SUBMITTED,2023-05-31T13:52:00-05:00,2023-06-05T11:14:01-05:00,7380,USD,,false,CPL/SRC/events/00988
EV000989,WCP,WCP_CLAIMS,,PAYMENT_POSTED,2023-08-31T15:22:00-05:00,2023-09-02T10:18:55-05:00,7380,USD,,false,CPL/SRC/events/00989
EV000990,WCP,WCP_CLAIMS,WCP-R00542,SUBMITTED,2022-07-06T14:14:00-05:00,2022-07-10T08:27:14-05:00,9701,USD,,false,CPL/SRC/events/00990
EV000991,WCP,WCP_CLAIMS,,PAYMENT_POSTED,2022-09-21T16:42:00-05:00,2022-09-26T19:09:24-05:00,9701,USD,,false,CPL/SRC/events/00991
EV000992,WCP,WCP_CLAIMS,WCP-R00543,SUBMITTED,2022-09-07T12:22:00-05:00,2022-09-07T15:48:01-05:00,5615,USD,,false,CPL/SRC/events/00992
EV000993,WCP,WCP_CLAIMS,,PAYMENT_POSTED,2022-10-17T12:31:00-05:00,2022-10-17T15:44:22-05:00,5615,USD,,false,CPL/SRC/events/00993
EV000994,WCP,WCP_CLAIMS,WCP-R00544,SUBMITTED,2022-10-03T16:18:00-05:00,2022-10-07T02:10:57-05:00,7733,USD,,false,CPL/SRC/events/00994
EV000995,WCP,WCP_CLAIMS,WCP-R00545,SUBMITTED,2022-11-14T14:15:00-06:00,2022-11-14T15:19:22-06:00,21442,USD,,false,CPL/SRC/events/00995
EV000996,WCP,WCP_CLAIMS,,PAYMENT_POSTED,2022-11-21T13:23:00-06:00,2022-11-23T07:16:46-06:00,21442,USD,,false,CPL/SRC/events/00996
EV000997,WCP,WCP_CLAIMS,WCP-R00546,SUBMITTED,2023-01-09T15:54:00-06:00,2023-01-14T05:30:21-06:00,7535,USD,,false,CPL/SRC/events/00997
EV000998,WCP,WCP_CLAIMS,,PAYMENT_POSTED,2023-01-13T08:45:00-06:00,2023-01-21T02:11:31-06:00,7535,USD,,false,CPL/SRC/events/00998
EV000999,WCP,WCP_CLAIMS,WCP-R00547,SUBMITTED,2023-08-07T11:47:00-05:00,2023-08-07T13:30:05-05:00,4373,USD,,false,CPL/SRC/events/00999
EV001000,WCP,WCP_CLAIMS,,PAYMENT_POSTED,2023-08-18T08:05:00-05:00,2023-08-18T14:05:37-05:00,4373,USD,,false,CPL/SRC/events/01000
EV001001,WCP,WCP_CLAIMS,WCP-R00547,PAYMENT_REVERSED,2023-08-24T15:49:00-05:00,2023-08-26T22:39:32-05:00,1588,USD,EV001000,false,CPL/SRC/events/01001
EV001002,WCP,WCP_CLAIMS,WCP-R00548,SUBMITTED,2023-07-17T14:40:00-05:00,2023-07-17T19:42:04-05:00,83209,USD,,false,CPL/SRC/events/01002
EV001003,WCP,WCP_CLAIMS,WCP-R00549,CORRECTED,2023-07-27T15:31:00-05:00,2023-07-27T20:12:42-05:00,100588,USD,,false,CPL/SRC/events/01003
EV001004,WCP,WCP_CLAIMS,WCP-R00548,VOID_VERSION,2023-07-27T15:31:00-05:00,2023-07-30T15:06:27-05:00,83209,USD,,false,CPL/SRC/events/01004
EV001005,WCP,WCP_CLAIMS,,PAYMENT_POSTED,2023-08-03T14:15:00-05:00,2023-08-03T20:03:56-05:00,100588,USD,,false,CPL/SRC/events/01005
EV001006,WCP,WCP_CLAIMS,WCP-R00550,SUBMITTED,2023-04-28T11:02:00-05:00,2023-04-28T11:51:40-05:00,72812,USD,,false,CPL/SRC/events/01006
EV001007,WCP,WCP_CLAIMS,,PAYMENT_POSTED,2023-05-08T10:59:00-05:00,2023-05-12T04:23:06-05:00,72812,USD,,false,CPL/SRC/events/01007
EV001008,WCP,WCP_CLAIMS,WCP-R00551,SUBMITTED,2022-11-29T02:00:00-06:00,2022-11-29T08:46:19-06:00,11378,USD,,false,CPL/SRC/events/01008
EV001009,WCP,WCP_CLAIMS,WCP-R00552,SUBMITTED,2022-09-15T10:09:00-05:00,2022-09-18T23:01:53-05:00,17656,USD,,false,CPL/SRC/events/01009
EV001010,WCP,WCP_CLAIMS,,PAYMENT_POSTED,2022-10-11T15:25:00-05:00,2022-10-11T21:30:28-05:00,17656,USD,,false,CPL/SRC/events/01010
EV001011,WCP,WCP_CLAIMS,WCP-R00553,SUBMITTED,2022-08-08T09:42:00-05:00,2022-08-08T17:35:39-05:00,17064,USD,,false,CPL/SRC/events/01011
EV001012,WCP,WCP_CLAIMS,,PAYMENT_POSTED,2022-08-31T10:08:00-05:00,2022-08-31T14:09:59-05:00,17064,USD,,false,CPL/SRC/events/01012
EV001013,WCP,WCP_CLAIMS,WCP-R00554,SUBMITTED,2023-02-22T12:50:00-06:00,2023-02-23T01:03:45-06:00,19044,USD,,false,CPL/SRC/events/01013
EV001014,WCP,WCP_CLAIMS,WCP-R00555,SUBMITTED,2023-08-08T09:34:00-05:00,2023-08-09T07:23:02-05:00,36921,USD,,false,CPL/SRC/events/01014
EV001015,WCP,WCP_CLAIMS,,PAYMENT_POSTED,2023-09-04T11:56:00-05:00,2023-09-07T08:58:28-05:00,36921,USD,,false,CPL/SRC/events/01015
EV001016,WCP,WCP_CLAIMS,WCP-R00556,SUBMITTED,2022-11-07T14:08:00-06:00,2022-11-10T09:17:29-06:00,3763,USD,,false,CPL/SRC/events/01016
EV001017,WCP,WCP_CLAIMS,,PAYMENT_POSTED,2022-11-22T08:40:00-06:00,2022-11-22T15:24:45-06:00,3763,USD,,false,CPL/SRC/events/01017
EV001018,WCP,WCP_CLAIMS,WCP-R00557,SUBMITTED,2022-11-02T16:58:00-05:00,2022-11-02T20:34:25-05:00,10191,USD,,false,CPL/SRC/events/01018
EV001019,WCP,WCP_CLAIMS,WCP-R00558,SUBMITTED,2023-05-16T08:15:00-05:00,2023-05-16T15:20:47-05:00,165802,USD,,false,CPL/SRC/events/01019
EV001020,WCP,WCP_CLAIMS,,PAYMENT_POSTED,2023-05-29T13:11:00-05:00,2023-05-29T19:10:48-05:00,165802,USD,,false,CPL/SRC/events/01020
EV001021,WCP,WCP_OR_BILLING,WCP-R00559,SUBMITTED,2022-10-28T14:13:00-05:00,2022-10-30T04:59:57-05:00,24073,USD,,false,TRI/SRC/events/01021
EV001022,WCP,WCP_OR_BILLING,,PAYMENT_POSTED,2022-11-21T10:33:00-06:00,2022-11-21T16:36:36-06:00,24073,USD,,false,TRI/SRC/events/01022
EV001023,WCP,WCP_OR_BILLING,WCP-R00560,SUBMITTED,2023-06-22T11:25:00-05:00,2023-06-22T14:30:46-05:00,218768,USD,,false,TRI/SRC/events/01023
EV001024,WCP,WCP_OR_BILLING,,PAYMENT_POSTED,2023-06-28T15:06:00-05:00,2023-07-02T12:12:03-05:00,218768,USD,,false,TRI/SRC/events/01024
EV001025,WCP,WCP_OR_BILLING,WCP-R00561,SUBMITTED,2022-12-29T15:16:00-06:00,2022-12-29T16:59:02-06:00,11347,USD,,false,TRI/SRC/events/01025
EV001026,WCP,WCP_OR_BILLING,,PAYMENT_POSTED,2023-02-14T13:05:00-06:00,2023-02-14T16:44:53-06:00,11347,USD,,false,TRI/SRC/events/01026
EV001027,WCP,WCP_OR_BILLING,WCP-R00562,SUBMITTED,2022-09-29T13:48:00-05:00,2022-09-30T15:59:05-05:00,53634,USD,,false,TRI/SRC/events/01027
EV001028,WCP,WCP_OR_BILLING,,PAYMENT_POSTED,2022-10-10T13:37:00-05:00,2022-10-11T00:53:08-05:00,53634,USD,,false,TRI/SRC/events/01028
EV001029,WCP,WCP_OR_BILLING,WCP-R00563,SUBMITTED,2023-02-20T10:09:00-06:00,2023-02-23T18:21:43-06:00,11215,USD,,false,TRI/SRC/events/01029
EV001030,WCP,WCP_OR_BILLING,WCP-R00564,SUBMITTED,2022-07-18T11:19:00-05:00,2022-07-29T02:19:10-05:00,27982,USD,,false,TRI/SRC/events/01030
EV001031,WCP,WCP_OR_BILLING,,PAYMENT_POSTED,2022-08-08T17:30:00-05:00,2022-08-11T17:52:54-05:00,27982,USD,,false,TRI/SRC/events/01031
EV001032,WCP,WCP_OR_BILLING,WCP-R00565,SUBMITTED,2022-09-13T10:15:00-05:00,2022-09-13T22:39:47-05:00,8904,USD,,false,TRI/SRC/events/01032
EV001033,WCP,WCP_OR_BILLING,,PAYMENT_POSTED,2022-11-16T17:33:00-06:00,2022-11-21T15:30:32-06:00,8904,USD,,false,TRI/SRC/events/01033
EV001034,WCP,WCP_OR_BILLING,WCP-R00565,PAYMENT_REVERSED,2022-11-28T11:45:00-06:00,2022-11-30T01:16:46-06:00,8904,USD,,false,TRI/SRC/events/01034
EV001035,WCP,WCP_OR_BILLING,WCP-R00566,SUBMITTED,2023-03-21T09:13:00-05:00,2023-03-22T06:11:49-05:00,5288,USD,,false,TRI/SRC/events/01035
EV001036,WCP,WCP_OR_BILLING,,PAYMENT_POSTED,2023-04-12T14:36:00-05:00,2023-04-15T03:42:46-05:00,5288,USD,,false,TRI/SRC/events/01036
EV001037,WCP,WCP_OR_BILLING,WCP-R00567,SUBMITTED,2023-02-15T14:15:00-06:00,2023-02-24T03:01:17-06:00,63699,USD,,false,TRI/SRC/events/01037
EV001038,WCP,WCP_OR_BILLING,WCP-R00568,SUBMITTED,2022-08-15T16:20:00-05:00,2022-08-22T03:38:45-05:00,33417,USD,,false,TRI/SRC/events/01038
EV001039,WCP,WCP_OR_BILLING,WCP-R00569,SUBMITTED,2023-04-17T15:54:00-05:00,2023-04-17T16:56:47-05:00,8974,USD,,false,TRI/SRC/events/01039
EV001040,WCP,WCP_OR_BILLING,,PAYMENT_POSTED,2023-05-30T15:31:00-05:00,2023-06-02T12:58:00-05:00,8974,USD,,false,TRI/SRC/events/01040
EV001041,WCP,WCP_OR_BILLING,WCP-R00570,SUBMITTED,2023-08-10T11:23:00-05:00,2023-08-10T18:09:41-05:00,30505,USD,,false,TRI/SRC/events/01041
EV001042,WCP,WCP_OR_BILLING,,PAYMENT_POSTED,2023-10-11T16:38:00-05:00,2023-10-11T23:30:31-05:00,30505,USD,,false,TRI/SRC/events/01042
EV001043,WCP,WCP_OR_BILLING,WCP-R00571,SUBMITTED,2023-06-01T15:51:00-05:00,2023-06-17T17:36:15-05:00,81513,USD,,false,TRI/SRC/events/01043
EV001044,WCP,WCP_OR_BILLING,,PAYMENT_POSTED,2023-06-14T14:41:00-05:00,2023-06-14T15:00:03-05:00,81513,USD,,false,TRI/SRC/events/01044
EV001045,WCP,WCP_OR_BILLING,WCP-R00572,SUBMITTED,2023-07-12T10:37:00-05:00,2023-07-27T13:27:42-05:00,40994,USD,,false,TRI/SRC/events/01045
EV001046,WCP,WCP_OR_BILLING,,PAYMENT_POSTED,2023-07-21T17:17:00-05:00,2023-07-24T02:36:28-05:00,40994,USD,,false,TRI/SRC/events/01046
EV001047,WCP,WCP_OR_BILLING,WCP-R00573,SUBMITTED,2023-06-16T13:38:00-05:00,2023-06-16T18:55:23-05:00,23251,USD,,false,TRI/SRC/events/01047
EV001048,WCP,WCP_OR_BILLING,,PAYMENT_POSTED,2023-06-26T10:05:00-05:00,2023-06-28T17:59:41-05:00,23251,USD,,false,TRI/SRC/events/01048
EV001049,WCP,WCP_OR_BILLING,WCP-R00574,SUBMITTED,2023-02-27T17:51:00-06:00,2023-02-27T23:49:53-06:00,101499,USD,,false,TRI/SRC/events/01049
EV001050,WCP,WCP_OR_BILLING,,PAYMENT_POSTED,2023-03-28T12:41:00-05:00,2023-03-28T18:45:28-05:00,101499,USD,,false,TRI/SRC/events/01050
EV001051,WCP,WCP_OR_BILLING,WCP-R00575,SUBMITTED,2023-06-29T09:47:00-05:00,2023-06-30T09:25:06-05:00,32018,USD,,false,TRI/SRC/events/01051
EV001052,WCP,WCP_OR_BILLING,,PAYMENT_POSTED,2023-07-17T17:11:00-05:00,2023-07-18T00:48:55-05:00,32018,USD,,false,TRI/SRC/events/01052
EV001053,WCP,WCP_OR_BILLING,WCP-R00576,SUBMITTED,2023-09-29T09:45:00-05:00,2023-10-04T20:16:46-05:00,2500,USD,,false,TRI/SRC/events/01053
EV001054,WCP,WCP_OR_BILLING,,PAYMENT_POSTED,2023-10-23T09:57:00-05:00,2023-10-23T15:32:40-05:00,2500,USD,,false,TRI/SRC/events/01054
EV001055,WCP,WCP_OR_BILLING,WCP-R00577,SUBMITTED,2022-07-28T11:49:00-05:00,2022-07-29T19:00:32-05:00,10929,USD,,false,TRI/SRC/events/01055
EV001056,WCP,WCP_OR_BILLING,WCP-R00577,CLOSED_NO_PAYMENT,2022-11-17T12:44:00-06:00,2022-11-18T13:51:22-06:00,,,,true,TRI/SRC/events/01056
EV001057,WCP,WCP_OR_BILLING,WCP-R00578,SUBMITTED,2023-04-24T17:39:00-05:00,2023-04-24T18:52:15-05:00,4715,USD,,false,TRI/SRC/events/01057
EV001058,WCP,WCP_OR_BILLING,,PAYMENT_POSTED,2023-05-15T15:11:00-05:00,2023-05-15T17:47:26-05:00,4715,USD,,false,TRI/SRC/events/01058
EV001059,WCP,WCP_OR_BILLING,WCP-R00579,SUBMITTED,2023-03-13T16:21:00-05:00,2023-03-13T19:27:44-05:00,11189,USD,,false,TRI/SRC/events/01059
EV001060,WCP,WCP_OR_BILLING,,PAYMENT_POSTED,2023-04-11T11:35:00-05:00,2023-04-18T22:22:06-05:00,11189,USD,,false,TRI/SRC/events/01060
EV001061,WCP,WCP_OR_BILLING,WCP-R00580,SUBMITTED,2022-07-18T11:50:00-05:00,2022-07-18T14:25:11-05:00,61479,USD,,false,TRI/SRC/events/01061
EV001062,WCP,WCP_OR_BILLING,,PAYMENT_POSTED,2022-09-22T12:50:00-05:00,2022-09-22T21:58:27-05:00,61479,USD,,false,TRI/SRC/events/01062
EV001063,WCP,WCP_OR_BILLING,WCP-R00581,SUBMITTED,2022-08-22T15:08:00-05:00,2022-09-08T03:53:48-05:00,14883,USD,,false,TRI/SRC/events/01063
EV001064,WCP,WCP_OR_BILLING,,PAYMENT_POSTED,2022-11-09T13:27:00-06:00,2022-11-09T14:40:54-06:00,14883,USD,,false,TRI/SRC/events/01064
EV001065,WCP,WCP_OR_BILLING,WCP-R00582,SUBMITTED,2022-08-18T17:26:00-05:00,2022-08-20T09:39:36-05:00,19648,USD,,false,TRI/SRC/events/01065
EV001066,WCP,WCP_OR_BILLING,WCP-R00583,SUBMITTED,2022-11-16T12:48:00-06:00,2022-11-16T19:52:42-06:00,6542,USD,,false,TRI/SRC/events/01066
EV001067,WCP,WCP_OR_BILLING,WCP-R00584,CORRECTED,2022-11-21T15:43:00-06:00,2022-12-03T20:41:13-06:00,6579,USD,,false,TRI/SRC/events/01067
EV001068,WCP,WCP_OR_BILLING,WCP-R00583,VOID_VERSION,2022-11-21T15:43:00-06:00,2022-11-22T02:51:16-06:00,6542,USD,,false,TRI/SRC/events/01068
EV001069,WCP,WCP_OR_BILLING,,PAYMENT_POSTED,2022-11-23T14:39:00-06:00,2022-11-28T23:22:48-06:00,6579,USD,,false,TRI/SRC/events/01069
EV001070,WCP,WCP_OR_BILLING,WCP-R00585,SUBMITTED,2023-01-30T16:45:00-06:00,2023-01-30T23:53:50-06:00,9732,USD,,false,TRI/SRC/events/01070
EV001071,WCP,WCP_OR_BILLING,,PAYMENT_POSTED,2023-03-06T12:16:00-06:00,2023-03-06T18:52:38-06:00,9732,USD,,false,TRI/SRC/events/01071
EV001072,WCP,WCP_OR_BILLING,WCP-R00586,SUBMITTED,2023-02-08T12:49:00-06:00,2023-02-08T19:34:36-06:00,2500,USD,,false,TRI/SRC/events/01072
EV001073,WCP,WCP_OR_BILLING,WCP-R00587,SUBMITTED,2023-03-27T14:51:00-05:00,2023-03-27T20:15:29-05:00,15105,USD,,false,TRI/SRC/events/01073
EV001074,WCP,WCP_OR_BILLING,,PAYMENT_POSTED,2023-04-07T13:18:00-05:00,2023-04-07T16:25:06-05:00,15105,USD,,false,TRI/SRC/events/01074
EV001075,WCP,WCP_OR_BILLING,WCP-R00588,SUBMITTED,2023-02-06T12:21:00-06:00,2023-02-06T16:36:22-06:00,35014,USD,,false,TRI/SRC/events/01075
EV001076,WCP,WCP_OR_BILLING,,PAYMENT_POSTED,2023-02-24T12:42:00-06:00,2023-03-17T12:42:00-05:00,35014,USD,,false,TRI/SRC/events/01076
EV001077,WCP,WCP_OR_BILLING,WCP-R00589,SUBMITTED,2023-07-19T15:54:00-05:00,2023-07-23T05:00:18-05:00,15825,USD,,false,TRI/SRC/events/01077
EV001078,WCP,WCP_OR_BILLING,,PAYMENT_POSTED,2023-07-31T15:41:00-05:00,2023-08-04T11:33:53-05:00,15825,USD,,false,TRI/SRC/events/01078
EV001079,WCP,WCP_OR_BILLING,WCP-R00590,SUBMITTED,2022-11-14T13:12:00-06:00,2022-11-14T16:04:54-06:00,19447,USD,,false,TRI/SRC/events/01079
EV001080,WCP,WCP_OR_BILLING,,PAYMENT_POSTED,2023-01-16T10:58:00-06:00,2023-04-12T04:08:15-05:00,19447,USD,,false,TRI/SRC/events/01080
EV001081,WCP,WCP_OR_BILLING,WCP-R00591,SUBMITTED,2023-07-11T15:06:00-05:00,2023-07-18T05:47:39-05:00,18091,USD,,false,TRI/SRC/events/01081
EV001082,WCP,WCP_OR_BILLING,,PAYMENT_POSTED,2023-08-08T09:55:00-05:00,2023-08-08T17:06:31-05:00,18091,USD,,false,TRI/SRC/events/01082
EV001083,WCP,WCP_OR_BILLING,WCP-R00592,SUBMITTED,2023-05-08T12:21:00-05:00,2023-05-08T12:32:46-05:00,30658,USD,,false,TRI/SRC/events/01083
EV001084,WCP,WCP_OR_BILLING,,PAYMENT_POSTED,2023-05-22T17:19:00-05:00,2023-05-22T18:50:09-05:00,30658,USD,,false,TRI/SRC/events/01084
EV001085,WCP,WCP_OR_BILLING,WCP-R00593,SUBMITTED,2023-05-04T10:09:00-05:00,2023-05-09T08:36:25-05:00,3627,USD,,false,TRI/SRC/events/01085
EV001086,WCP,WCP_OR_BILLING,,PAYMENT_POSTED,2023-06-05T09:12:00-05:00,2023-06-05T13:30:28-05:00,3627,USD,,false,TRI/SRC/events/01086
EV001087,WCP,WCP_OR_BILLING,WCP-R00594,SUBMITTED,2022-07-15T17:02:00-05:00,2022-07-15T21:15:06-05:00,3574,USD,,false,TRI/SRC/events/01087
EV001088,WCP,WCP_OR_BILLING,,PAYMENT_POSTED,2022-09-19T17:29:00-05:00,2022-09-26T11:18:26-05:00,3574,USD,,false,TRI/SRC/events/01088
EV001089,WCP,WCP_OR_BILLING,WCP-R00595,SUBMITTED,2023-03-29T12:16:00-05:00,2023-03-29T18:46:01-05:00,139060,USD,,false,TRI/SRC/events/01089
EV001090,WCP,WCP_OR_BILLING,,PAYMENT_POSTED,2023-04-24T14:24:00-05:00,2023-04-24T15:57:41-05:00,139060,USD,,false,TRI/SRC/events/01090
EV001091,WCP,WCP_OR_BILLING,WCP-R00596,SUBMITTED,2023-09-11T13:32:00-05:00,2023-09-11T17:00:12-05:00,24537,USD,,false,TRI/SRC/events/01091
EV001092,WCP,WCP_OR_BILLING,,PAYMENT_POSTED,2023-10-03T10:27:00-05:00,2023-10-04T01:52:05-05:00,24537,USD,,false,TRI/SRC/events/01092
EV001093,WCP,WCP_OR_BILLING,WCP-R00597,SUBMITTED,2023-01-25T16:16:00-06:00,2023-01-28T05:18:10-06:00,7490,USD,,false,TRI/SRC/events/01093
EV001094,WCP,WCP_OR_BILLING,WCP-R00598,CORRECTED,2023-02-06T15:45:00-06:00,2023-02-06T18:24:38-06:00,8791,USD,,false,TRI/SRC/events/01094
EV001095,WCP,WCP_OR_BILLING,,PAYMENT_POSTED,2023-02-16T15:28:00-06:00,2023-02-18T04:48:21-06:00,8791,USD,,false,TRI/SRC/events/01095
EV001096,WCP,WCP_OR_BILLING,WCP-R00599,SUBMITTED,2023-01-18T10:42:00-06:00,2023-01-18T13:37:02-06:00,3345,USD,,false,TRI/SRC/events/01096
EV001097,WCP,WCP_OR_BILLING,,PAYMENT_POSTED,2023-02-14T12:39:00-06:00,2023-02-15T17:50:50-06:00,3345,USD,,false,TRI/SRC/events/01097
EV001098,WCP,WCP_OR_BILLING,WCP-R00600,SUBMITTED,2022-10-12T12:39:00-05:00,2022-10-12T16:44:50-05:00,15613,USD,,false,TRI/SRC/events/01098
EV001099,WCP,WCP_OR_BILLING,,PAYMENT_POSTED,2022-11-03T13:53:00-05:00,2022-11-03T17:51:59-05:00,15613,USD,,false,TRI/SRC/events/01099
EV001100,WCP,WCP_OR_BILLING,WCP-R00601,SUBMITTED,2022-10-24T11:38:00-05:00,2022-10-25T22:21:26-05:00,6845,USD,,false,TRI/SRC/events/01100
EV001101,WCP,WCP_OR_BILLING,,PAYMENT_POSTED,2022-11-15T14:57:00-06:00,2022-11-17T14:37:59-06:00,6845,USD,,false,TRI/SRC/events/01101
EV001102,WCP,WCP_OR_BILLING,WCP-R00602,SUBMITTED,2022-11-28T12:31:00-06:00,2022-11-29T15:23:05-06:00,20966,USD,,false,TRI/SRC/events/01102
EV001103,WCP,WCP_OR_BILLING,,PAYMENT_POSTED,2022-12-05T09:08:00-06:00,2022-12-26T09:08:00-06:00,20966,USD,,false,TRI/SRC/events/01103
EV001104,WCP,WCP_OR_BILLING,WCP-R00603,SUBMITTED,2022-12-19T12:14:00-06:00,2022-12-23T01:53:10-06:00,14072,USD,,false,TRI/SRC/events/01104
EV001105,WCP,WCP_OR_BILLING,,PAYMENT_POSTED,2023-01-09T10:43:00-06:00,2023-01-17T23:48:25-06:00,14072,USD,,false,TRI/SRC/events/01105
EV001106,WCP,WCP_OR_BILLING,WCP-R00604,SUBMITTED,2023-09-13T15:32:00-05:00,2023-09-16T03:11:58-05:00,15628,USD,,false,TRI/SRC/events/01106
EV001107,WCP,WCP_OR_BILLING,,PAYMENT_POSTED,2023-10-09T12:07:00-05:00,2023-10-09T16:25:06-05:00,15628,USD,,false,TRI/SRC/events/01107
EV001108,WCP,WCP_OR_BILLING,WCP-R00605,SUBMITTED,2023-08-16T10:25:00-05:00,2023-08-17T17:58:23-05:00,9613,USD,,false,TRI/SRC/events/01108
EV001109,WCP,WCP_OR_BILLING,,PAYMENT_POSTED,2023-08-28T10:09:00-05:00,2023-08-28T12:48:49-05:00,9613,USD,,false,TRI/SRC/events/01109
EV001110,WCP,WCP_OR_BILLING,WCP-R00606,SUBMITTED,2023-07-24T16:28:00-05:00,2023-07-26T06:11:02-05:00,11110,USD,,false,TRI/SRC/events/01110
EV001111,WCP,WCP_OR_BILLING,,PAYMENT_POSTED,2023-08-03T16:40:00-05:00,2023-08-06T16:46:36-05:00,11110,USD,,false,TRI/SRC/events/01111
EV001112,WCP,WCP_OR_BILLING,WCP-R00607,SUBMITTED,2023-05-30T15:55:00-05:00,2023-05-30T17:58:01-05:00,2500,USD,,false,TRI/SRC/events/01112
EV001113,WCP,WCP_OR_BILLING,,PAYMENT_POSTED,2023-06-12T14:39:00-05:00,2023-06-12T21:28:37-05:00,2500,USD,,false,TRI/SRC/events/01113
EV001114,WCP,WCP_OR_BILLING,WCP-R00608,SUBMITTED,2022-11-21T10:16:00-06:00,2022-11-26T11:38:16-06:00,10252,USD,,false,TRI/SRC/events/01114
EV001115,WCP,WCP_OR_BILLING,,PAYMENT_POSTED,2022-12-09T09:26:00-06:00,2022-12-11T09:23:29-06:00,10252,USD,,false,TRI/SRC/events/01115
EV001116,WCP,WCP_OR_BILLING,WCP-R00609,SUBMITTED,2023-09-18T14:58:00-05:00,2023-09-18T17:50:26-05:00,30758,USD,,false,TRI/SRC/events/01116
EV001117,WCP,WCP_OR_BILLING,,PAYMENT_POSTED,2023-09-25T12:53:00-05:00,2023-09-25T16:57:39-05:00,30758,USD,,false,TRI/SRC/events/01117
EV001118,WCP,WCP_OR_BILLING,WCP-R00610,SUBMITTED,2023-03-08T15:19:00-06:00,2023-03-10T17:53:17-06:00,3956,USD,,false,TRI/SRC/events/01118
EV001119,WCP,WCP_OR_BILLING,,PAYMENT_POSTED,2023-03-31T13:19:00-05:00,2023-04-01T22:03:59-05:00,3956,USD,,false,TRI/SRC/events/01119
EV001120,WCP,WCP_OR_BILLING,WCP-R00611,SUBMITTED,2023-06-12T16:49:00-05:00,2023-06-12T21:37:33-05:00,20648,USD,,false,TRI/SRC/events/01120
EV001121,WCP,WCP_OR_BILLING,,PAYMENT_POSTED,2023-06-27T14:36:00-05:00,2023-06-27T15:36:50-05:00,20648,USD,,false,TRI/SRC/events/01121
EV001122,WCP,WCP_OR_BILLING,WCP-R00612,SUBMITTED,2023-01-25T16:06:00-06:00,2023-01-26T15:46:23-06:00,6481,USD,,false,TRI/SRC/events/01122
EV001123,WCP,WCP_OR_BILLING,,PAYMENT_POSTED,2023-02-16T09:11:00-06:00,2023-02-23T01:39:23-06:00,6481,USD,,false,TRI/SRC/events/01123
EV001124,WCP,WCP_OR_BILLING,WCP-R00613,SUBMITTED,2023-04-11T09:55:00-05:00,2023-04-17T05:38:53-05:00,17590,USD,,false,TRI/SRC/events/01124
EV001125,WCP,WCP_OR_BILLING,WCP-R00614,CORRECTED,2023-04-17T11:44:00-05:00,2023-04-18T14:02:53-05:00,15929,USD,,false,TRI/SRC/events/01125
EV001126,WCP,WCP_OR_BILLING,WCP-R00615,SUBMITTED,2023-04-26T15:24:00-05:00,2023-05-03T08:27:01-05:00,19933,USD,,false,TRI/SRC/events/01126
EV001127,WCP,WCP_OR_BILLING,,PAYMENT_POSTED,2023-06-01T09:31:00-05:00,2023-06-01T14:53:52-05:00,19933,USD,,false,TRI/SRC/events/01127
EV001128,WCP,WCP_OR_BILLING,WCP-R00616,SUBMITTED,2023-05-05T13:41:00-05:00,2023-05-07T16:18:17-05:00,79864,USD,,false,TRI/SRC/events/01128
EV001129,WCP,WCP_OR_BILLING,WCP-R00616,CLOSED_NO_PAYMENT,2023-08-14T13:34:00-05:00,2023-08-16T03:33:29-05:00,,,,true,TRI/SRC/events/01129
EV001130,WCP,WCP_OR_BILLING,WCP-R00617,SUBMITTED,2023-01-03T17:50:00-06:00,2023-01-03T18:49:21-06:00,43039,USD,,false,TRI/SRC/events/01130
EV001131,WCP,WCP_OR_BILLING,,PAYMENT_POSTED,2023-02-13T09:55:00-06:00,2023-02-13T11:49:34-06:00,43039,EUR,,false,TRI/SRC/events/01131
EV001132,WCP,WCP_OR_BILLING,WCP-R00618,SUBMITTED,2023-08-28T17:29:00-05:00,2023-08-29T09:01:29-05:00,18086,USD,,false,TRI/SRC/events/01132
EV001133,WCP,WCP_OR_BILLING,WCP-R00619,SUBMITTED,2023-05-05T10:04:00-05:00,2023-05-07T04:44:14-05:00,11842,USD,,false,TRI/SRC/events/01133
EV001134,WCP,WCP_OR_BILLING,WCP-R00620,SUBMITTED,2022-09-12T10:57:00-05:00,2022-09-27T14:24:52-05:00,15650,USD,,false,TRI/SRC/events/01134
EV001135,WCP,WCP_OR_BILLING,,PAYMENT_POSTED,2022-10-05T16:39:00-05:00,2022-10-07T18:25:08-05:00,15650,USD,,false,TRI/SRC/events/01135
EV001136,WCP,WCP_OR_BILLING,WCP-R00621,SUBMITTED,2022-09-12T14:24:00-05:00,2022-09-15T13:31:50-05:00,10143,USD,,false,TRI/SRC/events/01136
EV001137,WCP,WCP_OR_BILLING,WCP-R00622,SUBMITTED,2022-08-24T15:45:00-05:00,2022-08-24T19:54:13-05:00,69557,USD,,false,TRI/SRC/events/01137
EV001138,WCP,WCP_OR_BILLING,,PAYMENT_POSTED,2022-08-29T14:40:00-05:00,2022-08-29T15:37:05-05:00,69557,USD,,false,TRI/SRC/events/01138
EV001139,WCP,WCP_OR_BILLING,WCP-R00623,SUBMITTED,2023-03-10T11:09:00-06:00,2023-03-16T13:15:53-05:00,189320,USD,,false,TRI/SRC/events/01139
EV001140,WCP,WCP_OR_BILLING,,PAYMENT_POSTED,2023-03-27T11:59:00-05:00,2023-03-27T14:41:38-05:00,189320,USD,,false,TRI/SRC/events/01140
EV001141,WCP,WCP_OR_BILLING,WCP-R00624,SUBMITTED,2022-09-19T11:21:00-05:00,2022-09-20T03:12:35-05:00,17094,USD,,false,TRI/SRC/events/01141
EV001142,WCP,WCP_OR_BILLING,,PAYMENT_POSTED,2022-10-07T10:49:00-05:00,2022-10-07T12:12:42-05:00,17094,USD,,false,TRI/SRC/events/01142
EV001143,WCP,WCP_OR_BILLING,WCP-R00625,SUBMITTED,2023-06-01T14:38:00-05:00,2023-06-01T15:59:25-05:00,4196,USD,,false,TRI/SRC/events/01143
EV001144,WCP,WCP_OR_BILLING,,PAYMENT_POSTED,2023-06-05T09:13:00-05:00,2023-06-09T08:36:16-05:00,4196,USD,,false,TRI/SRC/events/01144
EV001145,WCP,WCP_OR_BILLING,WCP-R00626,SUBMITTED,2023-05-01T17:52:00-05:00,2023-05-01T19:27:53-05:00,8827,USD,,false,TRI/SRC/events/01145
EV001146,WCP,WCP_OR_BILLING,WCP-R00627,CORRECTED,2023-05-02T17:46:00-05:00,2023-05-11T18:51:51-05:00,9131,USD,,false,TRI/SRC/events/01146
EV001147,WCP,WCP_OR_BILLING,WCP-R00626,VOID_VERSION,2023-05-02T17:46:00-05:00,2023-05-03T00:14:12-05:00,8827,USD,,false,TRI/SRC/events/01147
EV001148,WCP,WCP_OR_BILLING,,PAYMENT_POSTED,2023-06-23T09:55:00-05:00,2023-06-23T15:27:57-05:00,9131,USD,,false,TRI/SRC/events/01148
EV001149,WCP,WCP_OR_BILLING,WCP-R00628,SUBMITTED,2022-10-25T15:17:00-05:00,2022-10-31T18:57:44-05:00,15822,USD,,false,TRI/SRC/events/01149
EV001150,WCP,WCP_OR_BILLING,,PAYMENT_POSTED,2022-11-10T09:48:00-06:00,2022-11-16T20:58:56-06:00,15822,USD,,false,TRI/SRC/events/01150
EV001151,WCP,WCP_OR_BILLING,WCP-R00629,SUBMITTED,2022-08-25T17:12:00-05:00,2022-08-25T21:39:15-05:00,10539,USD,,false,TRI/SRC/events/01151
EV001152,WCP,WCP_OR_BILLING,,PAYMENT_POSTED,2022-09-05T11:33:00-05:00,2022-09-08T13:25:15-05:00,10539,USD,,false,TRI/SRC/events/01152
EV001153,WCP,WCP_OR_BILLING,WCP-R00630,SUBMITTED,2023-05-18T16:04:00-05:00,2023-05-22T09:30:10-05:00,2500,USD,,false,TRI/SRC/events/01153
EV001154,WCP,WCP_OR_BILLING,,PAYMENT_POSTED,2023-05-23T11:07:00-05:00,2023-05-25T16:24:26-05:00,2500,USD,,false,TRI/SRC/events/01154
EV001155,WCP,WCP_OR_BILLING,WCP-R00631,SUBMITTED,2023-01-20T15:23:00-06:00,2023-01-20T22:39:18-06:00,10675,USD,,false,TRI/SRC/events/01155
EV001156,WCP,WCP_OR_BILLING,,PAYMENT_POSTED,2023-02-09T12:15:00-06:00,2023-02-12T05:02:01-06:00,10675,USD,,false,TRI/SRC/events/01156
EV001157,WCP,WCP_OR_BILLING,WCP-R00632,SUBMITTED,2023-01-18T14:07:00-06:00,2023-01-19T11:19:49-06:00,14485,USD,,false,TRI/SRC/events/01157
EV001158,WCP,WCP_OR_BILLING,WCP-R00633,SUBMITTED,2023-01-16T12:45:00-06:00,2023-01-19T21:09:46-06:00,54164,USD,,false,TRI/SRC/events/01158
EV001159,WCP,WCP_OR_BILLING,WCP-R00634,SUBMITTED,2022-09-08T14:31:00-05:00,2022-09-29T14:31:00-05:00,24404,USD,,false,TRI/SRC/events/01159
EV001160,WCP,WCP_OR_BILLING,WCP-R00635,CORRECTED,2022-09-15T13:31:00-05:00,2022-09-21T19:10:29-05:00,31711,USD,,false,TRI/SRC/events/01160
EV001161,WCP,WCP_OR_BILLING,WCP-R00634,VOID_VERSION,2022-09-15T13:31:00-05:00,2022-09-24T03:31:09-05:00,24404,USD,,false,TRI/SRC/events/01161
EV001162,WCP,WCP_OR_BILLING,,PAYMENT_POSTED,2022-09-26T10:08:00-05:00,2022-10-11T00:30:19-05:00,31711,USD,,false,TRI/SRC/events/01162
EV001163,WCP,WCP_OR_BILLING,WCP-R00636,SUBMITTED,2023-08-07T12:17:00-05:00,2023-08-08T01:57:10-05:00,5310,USD,,false,TRI/SRC/events/01163
EV001164,WCP,WCP_OR_BILLING,,PAYMENT_POSTED,2023-08-25T14:07:00-05:00,2023-08-29T18:18:47-05:00,5310,USD,,false,TRI/SRC/events/01164
EV001165,WCP,WCP_OR_BILLING,WCP-R00637,SUBMITTED,2023-02-28T11:46:00-06:00,2023-03-03T03:10:04-06:00,4331,USD,,false,TRI/SRC/events/01165
EV001166,WCP,WCP_OR_BILLING,WCP-R00637,CLOSED_NO_PAYMENT,2023-05-24T11:59:00-05:00,2023-05-24T19:29:28-05:00,,,,true,TRI/SRC/events/01166
EV001167,WCP,WCP_OR_BILLING,WCP-R00638,SUBMITTED,2022-07-22T11:51:00-05:00,2022-07-22T19:43:51-05:00,30387,USD,,false,TRI/SRC/events/01167
EV001168,WCP,WCP_OR_BILLING,,PAYMENT_POSTED,2022-08-08T16:57:00-05:00,2022-08-09T10:37:21-05:00,30387,USD,,false,TRI/SRC/events/01168
EV001169,WCP,WCP_OR_BILLING,WCP-R00639,SUBMITTED,2023-09-04T17:45:00-05:00,2023-09-04T22:11:32-05:00,10153,USD,,false,TRI/SRC/events/01169
EV001170,WCP,WCP_OR_BILLING,WCP-R00640,SUBMITTED,2023-09-26T16:45:00-05:00,2023-09-26T20:32:56-05:00,8853,USD,,false,TRI/SRC/events/01170
EV001171,WCP,WCP_OR_BILLING,,PAYMENT_POSTED,2023-10-10T16:06:00-05:00,2023-10-11T16:29:43-05:00,8853,USD,,false,TRI/SRC/events/01171
EV001172,WCP,WCP_OR_BILLING,WCP-R00641,SUBMITTED,2023-05-30T09:19:00-05:00,2023-06-02T10:05:37-05:00,11950,USD,,false,TRI/SRC/events/01172
EV001173,WCP,WCP_OR_BILLING,,PAYMENT_POSTED,2023-06-27T15:13:00-05:00,2023-06-28T05:14:14-05:00,11950,USD,,false,TRI/SRC/events/01173
EV001174,WCP,WCP_OR_BILLING,WCP-R00642,SUBMITTED,2022-10-03T13:14:00-05:00,2022-10-03T16:28:16-05:00,16804,USD,,false,TRI/SRC/events/01174
EV001175,WCP,WCP_OR_BILLING,,PAYMENT_POSTED,2022-10-21T12:49:00-05:00,2022-10-27T11:34:33-05:00,16804,USD,,false,TRI/SRC/events/01175
EV001176,WCP,WCP_OR_BILLING,WCP-R00643,SUBMITTED,2022-10-24T10:08:00-05:00,2022-10-24T14:08:44-05:00,174442,USD,,false,TRI/SRC/events/01176
EV001177,WCP,WCP_OR_BILLING,WCP-R00644,CORRECTED,2022-10-28T15:10:00-05:00,2022-10-28T20:45:53-05:00,168978,USD,,false,TRI/SRC/events/01177
EV001178,WCP,WCP_OR_BILLING,WCP-R00643,VOID_VERSION,2022-10-28T15:10:00-05:00,2022-11-03T23:33:11-05:00,174442,USD,,false,TRI/SRC/events/01178
EV001179,WCP,WCP_OR_BILLING,,PAYMENT_POSTED,2022-11-03T14:57:00-05:00,2022-11-07T00:50:00-06:00,168978,USD,,false,TRI/SRC/events/01179
EV001180,WCP,WCP_OR_BILLING,WCP-R00645,SUBMITTED,2023-08-03T16:14:00-05:00,2023-08-04T19:10:51-05:00,3719,USD,,false,TRI/SRC/events/01180
EV001181,WCP,WCP_OR_BILLING,,PAYMENT_POSTED,2023-08-29T13:48:00-05:00,2023-08-29T15:07:19-05:00,3719,USD,,false,TRI/SRC/events/01181
EV001182,WCP,WCP_OR_BILLING,WCP-R00646,SUBMITTED,2023-02-03T09:44:00-06:00,2023-02-06T07:16:51-06:00,15474,USD,,false,TRI/SRC/events/01182
EV001183,WCP,WCP_OR_BILLING,,PAYMENT_POSTED,2023-02-20T11:25:00-06:00,2023-02-21T22:11:05-06:00,15474,USD,,false,TRI/SRC/events/01183
EV001184,WCP,WCP_OR_BILLING,WCP-R00646,PAYMENT_REVERSED,2023-03-03T09:42:00-06:00,2023-03-03T22:42:55-06:00,15474,USD,EV001183,false,TRI/SRC/events/01184
EV001185,WCP,WCP_OR_BILLING,WCP-R00647,SUBMITTED,2022-07-25T10:19:00-05:00,2022-07-25T15:16:33-05:00,71865,USD,,false,TRI/SRC/events/01185
EV001186,WCP,WCP_OR_BILLING,,PAYMENT_POSTED,2022-08-11T15:06:00-05:00,2022-08-11T16:37:15-05:00,71865,USD,,false,TRI/SRC/events/01186
EV001187,WCP,WCP_OR_BILLING,WCP-R00648,SUBMITTED,2022-07-22T14:51:00-05:00,2022-07-23T18:12:48-05:00,5363,USD,,false,TRI/SRC/events/01187
EV001188,WCP,WCP_OR_BILLING,WCP-R00649,SUBMITTED,2023-07-27T17:49:00-05:00,2023-07-28T01:20:15-05:00,4708,USD,,false,TRI/SRC/events/01188
EV001189,WCP,WCP_OR_BILLING,WCP-R00650,SUBMITTED,2023-09-18T12:01:00-05:00,2023-09-21T00:35:16-05:00,38194,USD,,false,TRI/SRC/events/01189
EV001190,WCP,WCP_OR_BILLING,,PAYMENT_POSTED,2023-09-25T14:26:00-05:00,2023-09-25T20:07:12-05:00,38194,USD,,false,TRI/SRC/events/01190
EV001191,WCP,WCP_OR_BILLING,WCP-R00651,SUBMITTED,2023-03-17T12:24:00-05:00,2023-03-17T15:49:17-05:00,4230,USD,,false,TRI/SRC/events/01191
EV001192,WCP,WCP_OR_BILLING,,PAYMENT_POSTED,2023-04-27T17:15:00-05:00,2023-04-29T11:44:33-05:00,4230,USD,,false,TRI/SRC/events/01192
EV001193,WCP,WCP_OR_BILLING,WCP-R00652,SUBMITTED,2023-06-22T14:39:00-05:00,2023-06-23T07:21:51-05:00,10252,USD,,false,TRI/SRC/events/01193
EV001194,WCP,WCP_OR_BILLING,WCP-R00653,CORRECTED,2023-06-28T10:51:00-05:00,2023-06-28T15:26:01-05:00,13274,USD,,false,TRI/SRC/events/01194
EV001195,WCP,WCP_OR_BILLING,,PAYMENT_POSTED,2023-07-03T17:52:00-05:00,2023-07-04T00:53:40-05:00,13274,USD,,false,TRI/SRC/events/01195
EV001196,WCP,WCP_OR_BILLING,WCP-R00654,SUBMITTED,2023-07-06T09:02:00-05:00,2023-07-06T09:57:27-05:00,167047,USD,,false,TRI/SRC/events/01196
EV001197,WCP,WCP_OR_BILLING,,PAYMENT_POSTED,2023-07-11T15:39:00-05:00,2023-07-11T23:15:51-05:00,167047,USD,,false,TRI/SRC/events/01197
EV001198,WCP,WCP_OR_BILLING,WCP-R00655,SUBMITTED,2022-10-10T16:45:00-05:00,2022-10-10T18:51:18-05:00,19003,USD,,false,TRI/SRC/events/01198
EV001199,WCP,WCP_OR_BILLING,,PAYMENT_POSTED,2022-11-16T16:59:00-06:00,2022-11-17T04:39:46-06:00,19003,USD,,false,TRI/SRC/events/01199
EV001200,WCP,WCP_OR_BILLING,WCP-R00656,SUBMITTED,2022-11-21T10:40:00-06:00,2022-11-21T15:22:45-06:00,16210,USD,,false,TRI/SRC/events/01200
EV001201,WCP,WCP_OR_BILLING,,PAYMENT_POSTED,2022-12-12T13:11:00-06:00,2022-12-12T14:11:46-06:00,16210,USD,,false,TRI/SRC/events/01201
EV001202,WCP,WCP_OR_BILLING,WCP-R00657,SUBMITTED,2023-07-03T15:55:00-05:00,2023-07-06T17:48:39-05:00,7951,USD,,false,TRI/SRC/events/01202
EV001203,WCP,WCP_OR_BILLING,,PAYMENT_POSTED,2023-07-12T12:23:00-05:00,2023-07-12T16:17:16-05:00,7951,USD,,false,TRI/SRC/events/01203
EV001204,WCP,WCP_OR_BILLING,WCP-R00658,SUBMITTED,2022-10-11T12:20:00-05:00,2022-10-12T00:33:47-05:00,27343,USD,,false,TRI/SRC/events/01204
EV001205,WCP,WCP_OR_BILLING,,PAYMENT_POSTED,2022-10-31T16:36:00-05:00,2022-11-08T15:27:21-06:00,27343,USD,,false,TRI/SRC/events/01205
EV001206,WCP,WCP_OR_BILLING,WCP-R00659,SUBMITTED,2023-07-17T17:40:00-05:00,2023-07-18T01:17:25-05:00,12302,USD,,false,TRI/SRC/events/01206
EV001207,WCP,WCP_OR_BILLING,,PAYMENT_POSTED,2023-07-27T17:25:00-05:00,2023-08-01T08:43:46-05:00,12302,USD,,false,TRI/SRC/events/01207
EV001208,WCP,WCP_OR_BILLING,WCP-R00660,SUBMITTED,2022-09-02T14:02:00-05:00,2022-09-02T14:42:34-05:00,5902,USD,,false,TRI/SRC/events/01208
EV001209,WCP,WCP_OR_BILLING,WCP-R00660,CLOSED_NO_PAYMENT,2022-10-03T12:01:00-05:00,2022-10-03T20:59:56-05:00,,,,true,TRI/SRC/events/01209
EV001210,WCP,WCP_OR_BILLING,WCP-R00661,SUBMITTED,2023-06-19T17:32:00-05:00,2023-06-19T22:09:07-05:00,23741,USD,,false,TRI/SRC/events/01210
EV001211,WCP,WCP_OR_BILLING,,PAYMENT_POSTED,2023-07-17T17:16:00-05:00,2023-07-28T08:22:11-05:00,23741,USD,,false,TRI/SRC/events/01211
EV001212,WCP,WCP_OR_BILLING,WCP-R00662,SUBMITTED,2023-06-19T17:56:00-05:00,2023-06-21T14:29:18-05:00,8929,USD,,false,TRI/SRC/events/01212
EV001213,WCP,WCP_OR_BILLING,WCP-R00663,SUBMITTED,2023-09-11T14:48:00-05:00,2023-09-11T20:32:25-05:00,144618,USD,,false,TRI/SRC/events/01213
EV001214,WCP,WCP_OR_BILLING,WCP-R00664,CORRECTED,2023-09-14T14:00:00-05:00,2023-09-21T12:31:14-05:00,177612,USD,,false,TRI/SRC/events/01214
EV001215,WCP,WCP_OR_BILLING,,PAYMENT_POSTED,2023-10-03T11:16:00-05:00,2023-10-05T10:42:47-05:00,177612,USD,,false,TRI/SRC/events/01215
EV001216,WCP,WCP_OR_BILLING,WCP-R00665,SUBMITTED,2022-11-22T09:46:00-06:00,2022-12-02T07:20:52-06:00,7969,USD,,false,TRI/SRC/events/01216
EV001217,WCP,WCP_OR_BILLING,,PAYMENT_POSTED,2022-12-12T12:57:00-06:00,2022-12-15T11:15:17-06:00,7969,USD,,false,TRI/SRC/events/01217
EV001218,WCP,WCP_OR_BILLING,WCP-R00666,SUBMITTED,2022-07-04T13:13:00-05:00,2022-07-04T21:12:21-05:00,7062,USD,,false,TRI/SRC/events/01218
EV001219,WCP,WCP_OR_BILLING,,PAYMENT_POSTED,2022-07-13T11:04:00-05:00,2022-07-14T20:11:46-05:00,7062,USD,,false,TRI/SRC/events/01219
EV001220,WCP,WCP_OR_BILLING,WCP-R00667,SUBMITTED,2022-10-24T16:47:00-05:00,2022-10-24T22:43:10-05:00,3338,USD,,false,TRI/SRC/events/01220
EV001221,WCP,WCP_OR_BILLING,,PAYMENT_POSTED,2022-10-31T15:46:00-05:00,2022-11-04T15:52:23-05:00,3338,USD,,false,TRI/SRC/events/01221
EV001222,WCP,WCP_OR_BILLING,WCP-R00668,SUBMITTED,2022-09-27T13:32:00-05:00,2022-09-27T16:50:21-05:00,19592,USD,,false,TRI/SRC/events/01222
EV001223,WCP,WCP_OR_BILLING,WCP-R00668,CLOSED_NO_PAYMENT,2022-10-31T11:59:00-05:00,2022-11-01T20:48:36-05:00,,,,true,TRI/SRC/events/01223
EV001224,WCP,WCP_OR_BILLING,WCP-R00669,SUBMITTED,2023-06-07T13:42:00-05:00,2023-06-07T18:36:39-05:00,161341,USD,,false,TRI/SRC/events/01224
EV001225,WCP,WCP_OR_BILLING,WCP-R00670,SUBMITTED,2022-10-04T15:33:00-05:00,2022-10-11T12:58:41-05:00,4338,USD,,false,TRI/SRC/events/01225
EV001226,WCP,WCP_OR_BILLING,WCP-R00671,SUBMITTED,2022-07-05T13:54:00-05:00,2022-07-05T20:36:30-05:00,12528,USD,,false,TRI/SRC/events/01226
EV001227,WCP,WCP_OR_BILLING,,PAYMENT_POSTED,2022-07-28T15:09:00-05:00,2022-07-29T06:26:05-05:00,12528,USD,,false,TRI/SRC/events/01227
EV001228,WCP,WCP_OR_BILLING,WCP-R00672,SUBMITTED,2022-07-05T15:42:00-05:00,2022-07-11T14:32:34-05:00,9722,USD,,false,TRI/SRC/events/01228
EV001229,WCP,WCP_OR_BILLING,WCP-R00673,SUBMITTED,2022-09-05T17:42:00-05:00,2022-09-17T06:41:03-05:00,10598,USD,,false,TRI/SRC/events/01229
EV001230,WCP,WCP_OR_BILLING,,PAYMENT_POSTED,2022-09-15T11:10:00-05:00,2022-09-24T16:56:53-05:00,10598,USD,,false,TRI/SRC/events/01230
EV001231,WCP,WCP_OR_BILLING,WCP-R00674,SUBMITTED,2023-08-23T11:33:00-05:00,2023-08-23T13:29:31-05:00,58323,USD,,false,TRI/SRC/events/01231
EV001232,WCP,WCP_OR_BILLING,,PAYMENT_POSTED,2023-09-25T13:37:00-05:00,2023-09-27T05:36:55-05:00,58323,USD,,false,TRI/SRC/events/01232
EV001233,WCP,WCP_OR_BILLING,WCP-R00675,SUBMITTED,2023-08-23T13:28:00-05:00,2023-08-25T08:47:56-05:00,37060,USD,,false,TRI/SRC/events/01233
EV001234,WCP,WCP_OR_BILLING,WCP-R00676,SUBMITTED,2023-06-19T14:31:00-05:00,2023-06-19T21:21:54-05:00,24000,USD,,false,TRI/SRC/events/01234
EV001235,WCP,WCP_OR_BILLING,WCP-R00677,CORRECTED,2023-06-20T12:44:00-05:00,2023-06-24T02:16:31-05:00,22649,USD,,false,TRI/SRC/events/01235
EV001236,WCP,WCP_OR_BILLING,,PAYMENT_POSTED,2023-07-10T09:06:00-05:00,2023-07-13T14:38:49-05:00,22649,USD,,false,TRI/SRC/events/01236
EV001237,WCP,WCP_OR_BILLING,WCP-R00678,SUBMITTED,2022-10-17T12:17:00-05:00,2022-10-22T13:33:28-05:00,15283,USD,,false,TRI/SRC/events/01237
EV001238,WCP,WCP_OR_BILLING,WCP-R00679,CORRECTED,2022-10-24T16:17:00-05:00,2022-10-25T18:25:51-05:00,17432,USD,,false,TRI/SRC/events/01238
EV001239,WCP,WCP_OR_BILLING,WCP-R00679,CLOSED_NO_PAYMENT,2023-01-30T11:49:00-06:00,2023-02-05T10:16:53-06:00,,,,true,TRI/SRC/events/01239
EV001240,WCP,WCP_OR_BILLING,WCP-R00680,SUBMITTED,2023-06-05T12:17:00-05:00,2023-06-06T14:48:39-05:00,17789,USD,,false,TRI/SRC/events/01240
EV001241,WCP,WCP_OR_BILLING,WCP-R00681,CORRECTED,2023-06-16T15:21:00-05:00,2023-07-04T22:31:44-05:00,17329,USD,,false,TRI/SRC/events/01241
EV001242,WCP,WCP_OR_BILLING,,PAYMENT_POSTED,2023-07-14T17:23:00-05:00,2023-07-14T22:06:33-05:00,17329,USD,,false,TRI/SRC/events/01242
EV001243,WCP,WCP_OR_BILLING,WCP-R00682,SUBMITTED,2023-04-21T09:14:00-05:00,2023-04-27T20:45:50-05:00,15387,USD,,false,TRI/SRC/events/01243
EV001244,WCP,WCP_OR_BILLING,WCP-R00683,SUBMITTED,2023-03-27T12:40:00-05:00,2023-04-04T09:53:47-05:00,6405,USD,,false,TRI/SRC/events/01244
EV001245,WCP,WCP_OR_BILLING,,PAYMENT_POSTED,2023-04-05T16:47:00-05:00,2023-04-10T08:50:09-05:00,6405,USD,,false,TRI/SRC/events/01245
EV001246,WCP,WCP_OR_BILLING,WCP-R00684,SUBMITTED,2022-10-18T15:06:00-05:00,2022-10-18T20:28:13-05:00,12691,USD,,false,TRI/SRC/events/01246
EV001247,WCP,WCP_OR_BILLING,,PAYMENT_POSTED,2022-10-25T10:43:00-05:00,2022-10-25T11:34:30-05:00,12691,USD,,false,TRI/SRC/events/01247
EV001248,WCP,WCP_OR_BILLING,WCP-R00685,SUBMITTED,2023-06-05T09:38:00-05:00,2023-06-06T12:09:29-05:00,4345,USD,,false,TRI/SRC/events/01248
EV001249,WCP,WCP_OR_BILLING,,PAYMENT_POSTED,2023-06-16T12:47:00-05:00,2023-06-25T03:08:32-05:00,4345,USD,,false,TRI/SRC/events/01249
EV001250,WCP,WCP_OR_BILLING,WCP-R00686,SUBMITTED,2023-01-16T09:33:00-06:00,2023-01-24T22:11:31-06:00,12105,USD,,false,TRI/SRC/events/01250
EV001251,WCP,WCP_OR_BILLING,,PAYMENT_POSTED,2023-01-30T15:38:00-06:00,2023-02-01T07:14:49-06:00,12105,USD,,false,TRI/SRC/events/01251
EV001252,WCP,WCP_OR_BILLING,WCP-R00687,SUBMITTED,2023-01-12T12:48:00-06:00,2023-01-12T19:32:57-06:00,11343,USD,,false,TRI/SRC/events/01252
EV001253,WCP,WCP_OR_BILLING,WCP-R00688,SUBMITTED,2023-07-24T15:15:00-05:00,2023-07-31T01:04:11-05:00,3244,USD,,false,TRI/SRC/events/01253
EV001254,WCP,WCP_OR_BILLING,,PAYMENT_POSTED,2023-08-09T15:33:00-05:00,2023-08-09T18:57:21-05:00,3244,USD,,false,TRI/SRC/events/01254
EV001255,WCP,WCP_OR_BILLING,WCP-R00689,SUBMITTED,2022-12-13T14:18:00-06:00,2022-12-13T16:59:20-06:00,15098,USD,,false,TRI/SRC/events/01255
EV001256,WCP,WCP_OR_BILLING,,PAYMENT_POSTED,2023-01-27T15:08:00-06:00,2023-01-27T20:19:55-06:00,15098,USD,,false,TRI/SRC/events/01256
EV001257,WCP,WCP_OR_BILLING,WCP-R00690,SUBMITTED,2023-03-03T10:54:00-06:00,2023-03-05T16:15:25-06:00,21557,USD,,false,TRI/SRC/events/01257
EV001258,WCP,WCP_OR_BILLING,WCP-R00691,SUBMITTED,2023-01-16T11:28:00-06:00,2023-01-21T18:12:49-06:00,13022,USD,,false,TRI/SRC/events/01258
EV001259,WCP,WCP_OR_BILLING,,PAYMENT_POSTED,2023-02-09T17:37:00-06:00,2023-02-09T20:03:51-06:00,13022,USD,,false,TRI/SRC/events/01259
EV001260,WCP,WCP_OR_BILLING,WCP-R00692,SUBMITTED,2023-07-12T15:40:00-05:00,2023-07-12T17:10:01-05:00,35563,USD,,false,TRI/SRC/events/01260
EV001261,WCP,WCP_OR_BILLING,,PAYMENT_POSTED,2023-07-31T11:48:00-05:00,2023-08-05T06:08:00-05:00,35563,USD,,false,TRI/SRC/events/01261
EV001262,WCP,WCP_OR_BILLING,WCP-R00693,SUBMITTED,2022-12-07T13:49:00-06:00,2022-12-10T10:32:21-06:00,6599,USD,,false,TRI/SRC/events/01262
EV001263,WCP,WCP_OR_BILLING,,PAYMENT_POSTED,2023-01-09T10:48:00-06:00,2023-01-13T23:10:57-06:00,6599,USD,,false,TRI/SRC/events/01263
EV001264,WCP,WCP_OR_BILLING,WCP-R00694,SUBMITTED,2022-07-28T12:07:00-05:00,2022-07-29T19:51:17-05:00,80394,USD,,false,TRI/SRC/events/01264
EV001265,WCP,WCP_OR_BILLING,,PAYMENT_POSTED,2022-08-01T11:25:00-05:00,2022-08-03T03:34:44-05:00,80394,USD,,false,TRI/SRC/events/01265
EV001266,WCP,WCP_OR_BILLING,WCP-R00695,SUBMITTED,2023-07-31T10:44:00-05:00,2023-08-14T21:04:43-05:00,8107,USD,,false,TRI/SRC/events/01266
EV001267,WCP,WCP_OR_BILLING,,PAYMENT_POSTED,2023-09-18T12:11:00-05:00,2023-09-18T20:00:44-05:00,8107,USD,,false,TRI/SRC/events/01267
EV001268,WCP,WCP_OR_BILLING,WCP-R00696,SUBMITTED,2022-10-24T17:20:00-05:00,2022-10-24T19:37:13-05:00,7208,USD,,false,TRI/SRC/events/01268
EV001269,WCP,WCP_OR_BILLING,,PAYMENT_POSTED,2022-12-07T11:19:00-06:00,2022-12-10T20:02:16-06:00,7208,USD,,false,TRI/SRC/events/01269
EV001270,WCP,WCP_OR_BILLING,WCP-R00697,SUBMITTED,2023-02-15T11:41:00-06:00,2023-02-19T05:18:37-06:00,42733,USD,,false,TRI/SRC/events/01270
EV001271,WCP,WCP_OR_BILLING,,PAYMENT_POSTED,2023-03-13T10:39:00-05:00,2023-03-15T22:20:39-05:00,42733,USD,,false,TRI/SRC/events/01271
EV001272,WCP,WCP_OR_BILLING,WCP-R00698,SUBMITTED,2023-08-24T16:26:00-05:00,2023-08-26T05:03:48-05:00,35810,USD,,false,TRI/SRC/events/01272
EV001273,WCP,WCP_OR_BILLING,,PAYMENT_POSTED,2023-10-16T16:54:00-05:00,2023-10-16T18:44:18-05:00,35810,USD,,false,TRI/SRC/events/01273
EV001274,WCP,WCP_OR_BILLING,WCP-R00699,SUBMITTED,2023-02-08T11:06:00-06:00,2023-02-13T20:20:58-06:00,40723,USD,,false,TRI/SRC/events/01274
EV001275,WCP,WCP_OR_BILLING,WCP-R00700,SUBMITTED,2023-04-04T17:39:00-05:00,2023-04-07T14:56:00-05:00,51302,USD,,false,TRI/SRC/events/01275
EV001276,WCP,WCP_OR_BILLING,,PAYMENT_POSTED,2023-04-14T17:35:00-05:00,2023-04-15T01:12:44-05:00,51302,USD,,false,TRI/SRC/events/01276
EV001277,WCP,WCP_OR_BILLING,WCP-R00701,SUBMITTED,2023-05-22T15:42:00-05:00,2023-06-03T00:56:18-05:00,2500,USD,,false,TRI/SRC/events/01277
EV001278,WCP,WCP_OR_BILLING,,PAYMENT_POSTED,2023-07-06T15:22:00-05:00,2023-07-09T12:00:38-05:00,2500,USD,,false,TRI/SRC/events/01278
EV001279,WCP,WCP_OR_BILLING,WCP-R00702,SUBMITTED,2023-07-24T14:51:00-05:00,2023-07-24T21:25:39-05:00,18959,USD,,false,TRI/SRC/events/01279
EV001280,WCP,WCP_OR_BILLING,WCP-R00702,CLOSED_NO_PAYMENT,2023-09-29T10:16:00-05:00,2023-09-30T18:06:55-05:00,,,,true,TRI/SRC/events/01280
EV001281,WCP,WCP_OR_BILLING,WCP-R00703,SUBMITTED,2023-07-25T13:47:00-05:00,2023-07-25T16:13:04-05:00,22472,USD,,false,TRI/SRC/events/01281
EV001282,WCP,WCP_OR_BILLING,,PAYMENT_POSTED,2023-08-21T12:31:00-05:00,2023-08-26T00:12:57-05:00,22472,USD,,false,TRI/SRC/events/01282
EV001283,WCP,WCP_OR_BILLING,WCP-R00704,SUBMITTED,2023-07-25T11:07:00-05:00,2023-07-25T14:27:38-05:00,20999,USD,,false,TRI/SRC/events/01283
EV001284,WCP,WCP_OR_BILLING,WCP-R00705,SUBMITTED,2022-08-02T11:41:00-05:00,2022-08-02T17:48:14-05:00,16128,USD,,false,TRI/SRC/events/01284
EV001285,WCP,WCP_OR_BILLING,,PAYMENT_POSTED,2022-08-25T14:58:00-05:00,2022-08-25T15:30:58-05:00,16128,USD,,false,TRI/SRC/events/01285
EV001286,WCP,WCP_OR_BILLING,WCP-R00706,SUBMITTED,2023-04-11T09:31:00-05:00,2023-04-11T17:27:07-05:00,7288,USD,,false,TRI/SRC/events/01286
EV001287,WCP,WCP_OR_BILLING,,PAYMENT_POSTED,2023-05-05T12:28:00-05:00,2023-05-05T18:25:33-05:00,7288,USD,,false,TRI/SRC/events/01287
EV001288,WCP,WCP_OR_BILLING,WCP-R00707,SUBMITTED,2023-09-04T12:40:00-05:00,2023-09-04T19:58:21-05:00,111188,USD,,false,TRI/SRC/events/01288
EV001289,WCP,WCP_OR_BILLING,,PAYMENT_POSTED,2023-09-14T17:10:00-05:00,2023-09-16T00:56:20-05:00,111188,USD,,false,TRI/SRC/events/01289
EV001290,WCP,WCP_OR_BILLING,WCP-R00708,SUBMITTED,2023-08-04T15:16:00-05:00,2023-08-04T15:39:40-05:00,19504,USD,,false,TRI/SRC/events/01290
EV001291,WCP,WCP_OR_BILLING,,PAYMENT_POSTED,2023-08-31T13:03:00-05:00,2023-08-31T14:00:11-05:00,19504,USD,,false,TRI/SRC/events/01291
EV001292,WCP,WCP_OR_BILLING,WCP-R00709,SUBMITTED,2023-05-25T17:21:00-05:00,2023-05-27T07:01:07-05:00,39614,USD,,false,TRI/SRC/events/01292
EV001293,WCP,WCP_OR_BILLING,,PAYMENT_POSTED,2023-06-23T12:00:00-05:00,2023-07-14T12:00:00-05:00,39614,USD,,false,TRI/SRC/events/01293
EV001294,WCP,WCP_OR_BILLING,WCP-R00710,SUBMITTED,2023-03-20T11:20:00-05:00,2023-03-20T15:28:25-05:00,13984,USD,,false,TRI/SRC/events/01294
EV001295,WCP,WCP_OR_BILLING,,PAYMENT_POSTED,2023-04-07T10:44:00-05:00,2023-04-07T12:01:42-05:00,13984,USD,,false,TRI/SRC/events/01295
EV001296,WCP,WCP_OR_BILLING,WCP-R00711,SUBMITTED,2023-06-16T13:56:00-05:00,2023-06-16T16:16:30-05:00,2878,USD,,false,TRI/SRC/events/01296
EV001297,WCP,WCP_OR_BILLING,WCP-R00712,CORRECTED,2023-06-23T14:18:00-05:00,2023-06-23T20:21:39-05:00,3322,USD,,false,TRI/SRC/events/01297
EV001298,WCP,WCP_OR_BILLING,WCP-R00711,VOID_VERSION,2023-06-23T14:18:00-05:00,2023-06-25T14:23:07-05:00,2878,USD,,false,TRI/SRC/events/01298
EV001299,WCP,WCP_OR_BILLING,,PAYMENT_POSTED,2023-07-11T13:18:00-05:00,2023-07-11T15:45:24-05:00,3322,USD,,false,TRI/SRC/events/01299
EV001300,WCP,WCP_OR_BILLING,WCP-R00713,SUBMITTED,2023-04-17T14:03:00-05:00,2023-04-18T12:54:52-05:00,23109,USD,,false,TRI/SRC/events/01300
EV001301,WCP,WCP_OR_BILLING,,PAYMENT_POSTED,2023-04-26T09:31:00-05:00,2023-04-27T00:01:10-05:00,23109,USD,,false,TRI/SRC/events/01301
EV001302,WCP,WCP_OR_BILLING,WCP-R00714,SUBMITTED,2022-08-22T15:54:00-05:00,2022-09-03T07:17:33-05:00,38897,USD,,false,TRI/SRC/events/01302
EV001303,WCP,WCP_OR_BILLING,,PAYMENT_POSTED,2022-09-26T13:24:00-05:00,2022-10-17T13:24:00-05:00,38897,USD,,false,TRI/SRC/events/01303
EV001304,WCP,WCP_OR_BILLING,WCP-R00715,SUBMITTED,2023-04-14T12:27:00-05:00,2023-04-15T19:18:31-05:00,13141,USD,,false,TRI/SRC/events/01304
EV001305,WCP,WCP_OR_BILLING,WCP-R00715,CLOSED_NO_PAYMENT,2023-07-19T16:33:00-05:00,2023-07-24T09:37:12-05:00,,,,true,TRI/SRC/events/01305
EV001306,WCP,WCP_OR_BILLING,WCP-R00716,SUBMITTED,2023-03-24T15:59:00-05:00,2023-03-24T22:07:52-05:00,3207,USD,,false,TRI/SRC/events/01306
EV001307,WCP,WCP_OR_BILLING,,PAYMENT_POSTED,2023-05-01T10:17:00-05:00,2023-05-01T17:09:24-05:00,3207,USD,,false,TRI/SRC/events/01307
EV001308,WCP,WCP_OR_BILLING,WCP-R00717,SUBMITTED,2023-04-10T12:47:00-05:00,2023-04-11T18:33:10-05:00,75409,USD,,false,TRI/SRC/events/01308
EV001309,WCP,WCP_OR_BILLING,,PAYMENT_POSTED,2023-05-01T11:12:00-05:00,2023-06-07T15:35:32-05:00,75409,USD,,false,TRI/SRC/events/01309
EV001310,WCP,WCP_OR_BILLING,WCP-R00718,SUBMITTED,2023-06-05T15:19:00-05:00,2023-06-05T22:54:04-05:00,4392,USD,,false,TRI/SRC/events/01310
EV001311,WCP,WCP_OR_BILLING,,PAYMENT_POSTED,2023-06-21T11:17:00-05:00,2023-06-24T15:27:39-05:00,4392,USD,,false,TRI/SRC/events/01311
EV001312,WCP,WCP_OR_BILLING,WCP-R00719,SUBMITTED,2023-09-25T11:51:00-05:00,2023-09-25T16:07:18-05:00,33473,USD,,false,TRI/SRC/events/01312
EV001313,WCP,WCP_OR_BILLING,,PAYMENT_POSTED,2023-10-11T09:51:00-05:00,2023-10-11T11:51:02-05:00,33473,USD,,false,TRI/SRC/events/01313
EV001314,WCP,WCP_OR_BILLING,WCP-R00720,SUBMITTED,2023-01-12T15:21:00-06:00,2023-01-12T19:02:34-06:00,9761,USD,,false,TRI/SRC/events/01314
EV001315,WCP,WCP_OR_BILLING,,PAYMENT_POSTED,2023-03-21T14:40:00-05:00,2023-03-25T03:51:35-05:00,9761,USD,,false,TRI/SRC/events/01315
EV001316,WCP,WCP_OR_BILLING,WCP-R00721,SUBMITTED,2023-06-19T12:17:00-05:00,2023-06-23T07:07:22-05:00,5308,USD,,false,TRI/SRC/events/01316
EV001317,WCP,WCP_OR_BILLING,,PAYMENT_POSTED,2023-07-24T15:15:00-05:00,2023-07-26T17:23:49-05:00,5308,USD,,false,TRI/SRC/events/01317
EV001318,WCP,WCP_OR_BILLING,WCP-R00722,SUBMITTED,2023-08-07T15:44:00-05:00,2023-08-10T13:29:14-05:00,7809,USD,,false,TRI/SRC/events/01318
EV001319,WCP,WCP_OR_BILLING,WCP-R00723,SUBMITTED,2023-07-19T15:36:00-05:00,2023-07-25T00:11:04-05:00,15277,USD,,false,TRI/SRC/events/01319
EV001320,WCP,WCP_OR_BILLING,,PAYMENT_POSTED,2023-08-11T17:12:00-05:00,2023-08-12T21:48:48-05:00,15277,USD,,false,TRI/SRC/events/01320
EV001321,WCP,WCP_OR_BILLING,WCP-R00724,SUBMITTED,2023-06-09T09:08:00-05:00,2023-06-09T13:12:51-05:00,2500,USD,,false,TRI/SRC/events/01321
EV001322,WCP,WCP_OR_BILLING,,PAYMENT_POSTED,2023-06-29T10:47:00-05:00,2023-06-29T12:07:28-05:00,2500,USD,,false,TRI/SRC/events/01322
EV001323,WCP,WCP_OR_BILLING,WCP-R00725,SUBMITTED,2023-09-11T17:08:00-05:00,2023-09-12T00:24:35-05:00,92735,USD,,false,TRI/SRC/events/01323
EV001324,WCP,WCP_OR_BILLING,,PAYMENT_POSTED,2023-10-12T16:07:00-05:00,2023-10-15T19:00:30-05:00,92735,USD,,false,TRI/SRC/events/01324
EV001325,WCP,WCP_OR_BILLING,WCP-R00726,SUBMITTED,2022-12-09T16:10:00-06:00,2022-12-09T23:56:14-06:00,6148,USD,,false,TRI/SRC/events/01325
EV001326,WCP,WCP_OR_BILLING,,PAYMENT_POSTED,2022-12-23T17:43:00-06:00,2022-12-23T20:37:02-06:00,6148,USD,,false,TRI/SRC/events/01326
EV001327,WCP,WCP_OR_BILLING,WCP-R00727,SUBMITTED,2023-05-23T13:13:00-05:00,2023-05-23T18:42:53-05:00,17555,USD,,false,TRI/SRC/events/01327
EV001328,WCP,WCP_OR_BILLING,,PAYMENT_POSTED,2023-06-22T11:52:00-05:00,2023-06-22T16:02:45-05:00,17555,USD,,false,TRI/SRC/events/01328
EV001329,WCP,WCP_OR_BILLING,WCP-R00728,SUBMITTED,2023-01-02T12:02:00-06:00,2023-01-04T01:06:57-06:00,30541,USD,,false,TRI/SRC/events/01329
EV001330,WCP,WCP_OR_BILLING,,PAYMENT_POSTED,2023-01-06T17:41:00-06:00,2023-01-06T20:27:10-06:00,30541,USD,,false,TRI/SRC/events/01330
EV001331,WCP,WCP_OR_BILLING,WCP-R00729,SUBMITTED,2023-02-28T12:21:00-06:00,2023-03-08T09:55:10-06:00,10515,USD,,false,TRI/SRC/events/01331
EV001332,WCP,WCP_OR_BILLING,,PAYMENT_POSTED,2023-03-13T17:17:00-05:00,2023-03-15T05:56:49-05:00,10515,USD,,false,TRI/SRC/events/01332
EV001333,WCP,WCP_OR_BILLING,WCP-R00729,PAYMENT_REVERSED,2023-03-24T09:07:00-05:00,2023-03-27T12:21:28-05:00,5643,USD,,false,TRI/SRC/events/01333
EV001334,WCP,WCP_OR_BILLING,WCP-R00730,SUBMITTED,2022-07-18T14:02:00-05:00,2022-07-18T19:35:45-05:00,602298,USD,,false,TRI/SRC/events/01334
EV001335,WCP,WCP_OR_BILLING,,PAYMENT_POSTED,2022-08-02T11:16:00-05:00,2022-08-02T19:11:34-05:00,602298,USD,,false,TRI/SRC/events/01335
EV001336,WCP,WCP_OR_BILLING,WCP-R00731,SUBMITTED,2023-03-13T13:32:00-05:00,2023-03-15T10:39:00-05:00,5600,USD,,false,TRI/SRC/events/01336
EV001337,WCP,WCP_OR_BILLING,,PAYMENT_POSTED,2023-04-05T12:33:00-05:00,2023-04-05T15:48:11-05:00,5600,USD,,false,TRI/SRC/events/01337
EV001338,WCP,WCP_OR_BILLING,WCP-R00732,SUBMITTED,2023-09-05T10:15:00-05:00,2023-09-05T12:39:14-05:00,272325,USD,,false,TRI/SRC/events/01338
EV001339,WCP,WCP_OR_BILLING,WCP-R00733,SUBMITTED,2023-08-17T15:51:00-05:00,2023-08-26T10:31:51-05:00,34425,USD,,false,TRI/SRC/events/01339
EV001340,WCP,WCP_OR_BILLING,WCP-R00734,SUBMITTED,2023-07-17T17:36:00-05:00,2023-07-21T05:28:44-05:00,30518,USD,,false,TRI/SRC/events/01340
EV001341,WCP,WCP_OR_BILLING,WCP-R00735,CORRECTED,2023-07-20T10:09:00-05:00,2023-07-20T10:21:06-05:00,39118,USD,,false,TRI/SRC/events/01341
EV001342,WCP,WCP_OR_BILLING,WCP-R00736,SUBMITTED,2023-09-27T15:40:00-05:00,2023-09-30T04:24:05-05:00,12511,USD,,false,TRI/SRC/events/01342
EV001343,WCP,WCP_OR_BILLING,,PAYMENT_POSTED,2023-10-11T09:42:00-05:00,2023-10-16T03:33:17-05:00,12511,USD,,false,TRI/SRC/events/01343
EV001344,WCP,WCP_OR_BILLING,WCP-R00737,SUBMITTED,2022-09-15T15:31:00-05:00,2022-09-16T11:22:18-05:00,18249,USD,,false,TRI/SRC/events/01344
EV001345,WCP,WCP_OR_BILLING,,PAYMENT_POSTED,2022-10-10T12:52:00-05:00,2022-10-10T16:37:16-05:00,18249,USD,,false,TRI/SRC/events/01345
EV001346,WCP,WCP_OR_BILLING,WCP-R00738,SUBMITTED,2023-02-03T10:21:00-06:00,2023-02-04T20:15:06-06:00,16505,USD,,false,TRI/SRC/events/01346
EV001347,WCP,WCP_OR_BILLING,,PAYMENT_POSTED,2023-02-10T09:32:00-06:00,2023-02-16T23:29:39-06:00,16505,USD,,false,TRI/SRC/events/01347
EV001348,WCP,WCP_OR_BILLING,WCP-R00739,SUBMITTED,2023-02-09T11:29:00-06:00,2023-02-11T12:43:33-06:00,3386,USD,,false,TRI/SRC/events/01348
EV001349,WCP,WCP_OR_BILLING,,PAYMENT_POSTED,2023-02-22T13:10:00-06:00,2023-02-22T13:34:07-06:00,3386,USD,,false,TRI/SRC/events/01349
EV001350,WCP,WCP_OR_BILLING,WCP-R00740,SUBMITTED,2022-08-23T14:41:00-05:00,2022-08-24T04:20:36-05:00,19191,USD,,false,TRI/SRC/events/01350
EV001351,WCP,WCP_OR_BILLING,,PAYMENT_POSTED,2022-09-07T12:52:00-05:00,2022-09-11T14:02:12-05:00,19191,USD,,false,TRI/SRC/events/01351
EV001352,WCP,WCP_OR_BILLING,WCP-R00741,SUBMITTED,2023-08-28T17:17:00-05:00,2023-08-29T00:12:21-05:00,6086,USD,,false,TRI/SRC/events/01352
EV001353,WCP,WCP_OR_BILLING,WCP-R00742,SUBMITTED,2023-08-04T12:57:00-05:00,2023-08-08T17:28:08-05:00,54928,USD,,false,TRI/SRC/events/01353
EV001354,WCP,WCP_OR_BILLING,,PAYMENT_POSTED,2023-08-23T15:48:00-05:00,2023-08-26T05:37:59-05:00,54928,USD,,false,TRI/SRC/events/01354
EV001355,WCP,WCP_OR_BILLING,WCP-R00743,SUBMITTED,2023-01-09T12:56:00-06:00,2023-01-09T20:55:53-06:00,43317,USD,,false,TRI/SRC/events/01355
EV001356,WCP,WCP_OR_BILLING,,PAYMENT_POSTED,2023-01-30T14:21:00-06:00,2023-02-02T02:36:16-06:00,43317,USD,,false,TRI/SRC/events/01356
EV001357,WCP,WCP_OR_BILLING,WCP-R00744,SUBMITTED,2023-01-09T17:45:00-06:00,2023-01-18T16:56:06-06:00,9896,USD,,false,TRI/SRC/events/01357
EV001358,WCP,WCP_OR_BILLING,WCP-R00745,SUBMITTED,2023-07-31T11:30:00-05:00,2023-07-31T17:05:40-05:00,12933,USD,,false,TRI/SRC/events/01358
EV001359,WCP,WCP_OR_BILLING,WCP-R00746,CORRECTED,2023-08-02T10:54:00-05:00,2023-08-03T19:54:23-05:00,13914,USD,,false,TRI/SRC/events/01359
EV001360,WCP,WCP_OR_BILLING,WCP-R00745,VOID_VERSION,2023-08-02T10:54:00-05:00,2023-08-06T23:30:33-05:00,12933,USD,,false,TRI/SRC/events/01360
EV001361,WCP,WCP_OR_BILLING,,PAYMENT_POSTED,2023-08-14T12:11:00-05:00,2023-08-14T19:44:22-05:00,13914,USD,,false,TRI/SRC/events/01361
EV001362,WCP,WCP_OR_BILLING,WCP-R00747,SUBMITTED,2022-10-06T15:34:00-05:00,2022-10-06T22:14:44-05:00,21488,USD,,false,TRI/SRC/events/01362
EV001363,WCP,WCP_OR_BILLING,,PAYMENT_POSTED,2022-10-26T10:04:00-05:00,2022-10-26T12:28:47-05:00,21488,USD,,false,TRI/SRC/events/01363
EV001364,WCP,WCP_OR_BILLING,WCP-R00748,SUBMITTED,2023-06-26T09:18:00-05:00,2023-06-26T16:53:46-05:00,12325,USD,,false,TRI/SRC/events/01364
EV001365,WCP,WCP_OR_BILLING,,PAYMENT_POSTED,2023-07-10T12:53:00-05:00,2023-07-16T17:52:16-05:00,12325,USD,,false,TRI/SRC/events/01365
EV001366,WCP,WCP_OR_BILLING,WCP-R00749,SUBMITTED,2023-05-12T09:02:00-05:00,2023-05-12T13:29:15-05:00,96037,USD,,false,TRI/SRC/events/01366
EV001367,WCP,WCP_OR_BILLING,,PAYMENT_POSTED,2023-05-15T09:25:00-05:00,2023-05-15T15:15:06-05:00,96037,USD,,false,TRI/SRC/events/01367
EV001368,WCP,WCP_OR_BILLING,WCP-R00750,SUBMITTED,2023-04-06T14:28:00-05:00,2023-04-06T21:30:59-05:00,102203,USD,,false,TRI/SRC/events/01368
EV001369,WCP,WCP_OR_BILLING,,PAYMENT_POSTED,2023-05-08T12:13:00-05:00,2023-05-11T06:26:52-05:00,102203,USD,,false,TRI/SRC/events/01369
EV001370,WCP,WCP_OR_BILLING,WCP-R00751,SUBMITTED,2022-12-22T12:30:00-06:00,2022-12-25T17:56:14-06:00,13259,USD,,false,TRI/SRC/events/01370
EV001371,WCP,WCP_OR_BILLING,,PAYMENT_POSTED,2023-01-13T16:22:00-06:00,2023-01-16T02:24:30-06:00,13259,USD,,false,TRI/SRC/events/01371
EV001372,WCP,WCP_OR_BILLING,WCP-R00752,SUBMITTED,2023-03-14T17:54:00-05:00,2023-03-14T22:16:17-05:00,11407,USD,,false,TRI/SRC/events/01372
EV001373,WCP,WCP_OR_BILLING,,PAYMENT_POSTED,2023-04-03T11:51:00-05:00,2023-04-03T11:59:39-05:00,11407,USD,,false,TRI/SRC/events/01373
EV001374,WCP,WCP_OR_BILLING,WCP-R00753,SUBMITTED,2023-04-17T13:18:00-05:00,2023-04-17T18:05:47-05:00,14474,USD,,false,TRI/SRC/events/01374
EV001375,WCP,WCP_OR_BILLING,,PAYMENT_POSTED,2023-05-08T14:08:00-05:00,2023-05-11T00:49:24-05:00,14474,USD,,false,TRI/SRC/events/01375
EV001376,WCP,WCP_OR_BILLING,WCP-R00754,SUBMITTED,2022-10-03T13:34:00-05:00,2022-10-05T16:20:45-05:00,11760,USD,,false,TRI/SRC/events/01376
EV001377,WCP,WCP_OR_BILLING,WCP-R00754,CLOSED_NO_PAYMENT,2022-11-23T16:52:00-06:00,2022-11-28T09:52:37-06:00,,,,true,TRI/SRC/events/01377
EV001378,WCP,WCP_OR_BILLING,WCP-R00755,SUBMITTED,2023-06-23T14:48:00-05:00,2023-06-30T20:25:28-05:00,22660,USD,,false,TRI/SRC/events/01378
EV001379,WCP,WCP_OR_BILLING,,PAYMENT_POSTED,2023-07-28T17:02:00-05:00,2023-07-28T17:54:07-05:00,22660,USD,,false,TRI/SRC/events/01379
EV001380,WCP,WCP_OR_BILLING,WCP-R00756,SUBMITTED,2022-08-26T12:31:00-05:00,2022-09-09T00:50:17-05:00,49349,USD,,false,TRI/SRC/events/01380
EV001381,WCP,WCP_OR_BILLING,,PAYMENT_POSTED,2022-10-04T12:50:00-05:00,2022-10-08T08:38:34-05:00,49349,USD,,false,TRI/SRC/events/01381
EV001382,WCP,WCP_OR_BILLING,WCP-R00757,SUBMITTED,2022-09-22T14:14:00-05:00,2022-09-25T00:54:44-05:00,29755,USD,,false,TRI/SRC/events/01382
EV001383,WCP,WCP_OR_BILLING,,PAYMENT_POSTED,2022-10-17T14:54:00-05:00,2022-10-17T18:05:07-05:00,29755,USD,,false,TRI/SRC/events/01383
EV001384,WCP,WCP_OR_BILLING,WCP-R00758,SUBMITTED,2022-09-19T15:30:00-05:00,2022-09-24T11:54:15-05:00,7047,USD,,false,TRI/SRC/events/01384
EV001385,WCP,WCP_OR_BILLING,WCP-R00759,SUBMITTED,2022-09-02T11:47:00-05:00,2022-09-02T12:09:23-05:00,6059,USD,,false,TRI/SRC/events/01385
EV001386,WCP,WCP_OR_BILLING,,PAYMENT_POSTED,2022-09-09T14:06:00-05:00,2022-09-09T15:49:29-05:00,6059,USD,,false,TRI/SRC/events/01386
EV001387,WCP,WCP_OR_BILLING,WCP-R00760,SUBMITTED,2023-06-23T10:02:00-05:00,2023-06-23T17:44:42-05:00,28659,USD,,false,TRI/SRC/events/01387
EV001388,WCP,WCP_OR_BILLING,,PAYMENT_POSTED,2023-07-04T16:15:00-05:00,2023-07-04T21:12:41-05:00,28659,USD,,false,TRI/SRC/events/01388
EV001389,WCP,WCP_OR_BILLING,WCP-R00761,SUBMITTED,2023-06-20T10:31:00-05:00,2023-06-26T22:13:50-05:00,12216,USD,,false,TRI/SRC/events/01389
EV001390,WCP,WCP_OR_BILLING,WCP-R00762,SUBMITTED,2023-08-08T12:51:00-05:00,2023-08-11T03:42:17-05:00,13073,USD,,false,TRI/SRC/events/01390
EV001391,WCP,WCP_OR_BILLING,,PAYMENT_POSTED,2023-09-18T09:49:00-05:00,2023-09-18T10:05:42-05:00,13073,USD,,false,TRI/SRC/events/01391
EV001392,WCP,WCP_OR_BILLING,WCP-R00763,SUBMITTED,2023-03-06T09:11:00-06:00,2023-03-07T04:51:49-06:00,53668,USD,,false,TRI/SRC/events/01392
EV001393,WCP,WCP_OR_BILLING,,PAYMENT_POSTED,2023-03-14T17:39:00-05:00,2023-03-15T19:59:07-05:00,53668,USD,,false,TRI/SRC/events/01393
EV001394,WCP,WCP_OR_BILLING,WCP-R00764,SUBMITTED,2023-08-28T15:37:00-05:00,2023-08-28T17:16:46-05:00,123822,USD,,false,TRI/SRC/events/01394
EV001395,WCP,WCP_OR_BILLING,,PAYMENT_POSTED,2023-09-20T15:20:00-05:00,2023-09-26T12:28:39-05:00,123822,USD,,false,TRI/SRC/events/01395
EV001396,WCP,WCP_OR_BILLING,WCP-R00765,SUBMITTED,2022-10-31T13:15:00-05:00,2022-11-03T23:26:13-05:00,7926,USD,,false,TRI/SRC/events/01396
EV001397,WCP,WCP_OR_BILLING,,PAYMENT_POSTED,2022-11-18T17:48:00-06:00,2022-11-19T01:33:07-06:00,7926,USD,,false,TRI/SRC/events/01397
EV001398,WCP,WCP_OR_BILLING,WCP-R00766,SUBMITTED,2022-12-19T16:17:00-06:00,2022-12-24T11:52:04-06:00,6796,USD,,false,TRI/SRC/events/01398
EV001399,WCP,WCP_OR_BILLING,,PAYMENT_POSTED,2022-12-28T12:13:00-06:00,2022-12-29T03:09:45-06:00,6796,USD,,false,TRI/SRC/events/01399
EV001400,WCP,WCP_OR_BILLING,WCP-R00767,SUBMITTED,2022-12-09T13:49:00-06:00,2022-12-11T18:10:40-06:00,9331,USD,,false,TRI/SRC/events/01400
EV001401,WCP,WCP_OR_BILLING,,PAYMENT_POSTED,2022-12-13T09:41:00-06:00,2022-12-15T12:46:07-06:00,9331,USD,,false,TRI/SRC/events/01401
EV001402,WCP,WCP_OR_BILLING,WCP-R00768,SUBMITTED,2022-09-06T10:09:00-05:00,2022-09-09T08:50:32-05:00,7409,USD,,false,TRI/SRC/events/01402
EV001403,WCP,WCP_OR_BILLING,,PAYMENT_POSTED,2022-11-09T10:11:00-06:00,2022-11-09T14:05:02-06:00,7409,USD,,false,TRI/SRC/events/01403
EV001404,WCP,WCP_OR_BILLING,WCP-R00769,SUBMITTED,2022-07-28T14:24:00-05:00,2022-07-28T22:09:14-05:00,137185,USD,,false,TRI/SRC/events/01404
EV001405,WCP,WCP_OR_BILLING,,PAYMENT_POSTED,2022-08-29T09:56:00-05:00,2022-08-30T22:15:41-05:00,137185,USD,,false,TRI/SRC/events/01405
EV001406,WCP,WCP_OR_BILLING,WCP-R00770,SUBMITTED,2022-10-03T10:08:00-05:00,2022-10-11T10:40:47-05:00,30724,USD,,false,TRI/SRC/events/01406
EV001407,WCP,WCP_OR_BILLING,,PAYMENT_POSTED,2022-11-04T13:35:00-05:00,2022-11-13T13:39:16-06:00,30724,USD,,false,TRI/SRC/events/01407
EV001408,WCP,WCP_OR_BILLING,WCP-R00771,SUBMITTED,2022-10-17T10:22:00-05:00,2022-10-17T10:58:03-05:00,106646,USD,,false,TRI/SRC/events/01408
EV001409,WCP,WCP_OR_BILLING,,PAYMENT_POSTED,2022-12-08T12:18:00-06:00,2022-12-08T15:30:28-06:00,106646,USD,,false,TRI/SRC/events/01409
EV001410,WCP,WCP_OR_BILLING,WCP-R00772,SUBMITTED,2022-12-05T11:33:00-06:00,2022-12-05T19:24:04-06:00,3290,USD,,false,TRI/SRC/events/01410
EV001411,WCP,WCP_OR_BILLING,,PAYMENT_POSTED,2023-01-18T12:10:00-06:00,2023-01-18T19:41:40-06:00,3290,USD,,false,TRI/SRC/events/01411
EV001412,WCP,WCP_OR_BILLING,WCP-R00773,SUBMITTED,2022-11-24T17:48:00-06:00,2022-11-28T00:48:36-06:00,32695,USD,,false,TRI/SRC/events/01412
EV001413,WCP,WCP_OR_BILLING,,PAYMENT_POSTED,2023-01-09T11:23:00-06:00,2023-01-10T14:27:09-06:00,32695,USD,,false,TRI/SRC/events/01413
EV001414,WCP,WCP_OR_BILLING,WCP-R00774,SUBMITTED,2022-11-14T11:35:00-06:00,2022-11-14T14:57:29-06:00,5434,USD,,false,TRI/SRC/events/01414
EV001415,WCP,WCP_OR_BILLING,,PAYMENT_POSTED,2022-11-24T17:53:00-06:00,2022-11-24T20:58:01-06:00,5434,USD,,false,TRI/SRC/events/01415
EV001416,WCP,WCP_OR_BILLING,WCP-R00775,SUBMITTED,2022-12-02T13:53:00-06:00,2022-12-05T05:04:41-06:00,7171,USD,,false,TRI/SRC/events/01416
EV001417,WCP,WCP_OR_BILLING,,PAYMENT_POSTED,2022-12-26T13:32:00-06:00,2022-12-27T17:30:34-06:00,7171,USD,,false,TRI/SRC/events/01417
EV001418,WCP,WCP_OR_BILLING,WCP-R00776,SUBMITTED,2022-09-22T11:59:00-05:00,2022-09-22T12:21:14-05:00,8911,USD,,false,TRI/SRC/events/01418
EV001419,WCP,WCP_OR_BILLING,,PAYMENT_POSTED,2022-10-03T09:15:00-05:00,2022-10-03T17:06:16-05:00,8911,USD,,false,TRI/SRC/events/01419
EV001420,WCP,WCP_OR_BILLING,WCP-R00777,SUBMITTED,2022-10-21T10:26:00-05:00,2022-10-24T18:07:14-05:00,2500,USD,,false,TRI/SRC/events/01420
EV001421,WCP,WCP_OR_BILLING,,PAYMENT_POSTED,2022-11-10T17:01:00-06:00,2022-11-10T21:31:55-06:00,2500,USD,,false,TRI/SRC/events/01421
EV001422,WCP,WCP_OR_BILLING,WCP-R00778,SUBMITTED,2022-12-05T15:40:00-06:00,2022-12-09T10:02:23-06:00,57415,USD,,false,TRI/SRC/events/01422
EV001423,WCP,WCP_OR_BILLING,,PAYMENT_POSTED,2022-12-09T11:39:00-06:00,2022-12-09T16:24:04-06:00,57415,USD,,false,TRI/SRC/events/01423
EV001424,WCP,WCP_OR_BILLING,WCP-R00779,SUBMITTED,2023-01-16T12:24:00-06:00,2023-01-25T16:22:25-06:00,16935,USD,,false,TRI/SRC/events/01424
EV001425,WCP,WCP_OR_BILLING,,PAYMENT_POSTED,2023-01-30T16:44:00-06:00,2023-02-03T04:03:33-06:00,16935,USD,,false,TRI/SRC/events/01425
EV001426,WCP,WCP_OR_BILLING,WCP-R00780,SUBMITTED,2023-05-30T09:08:00-05:00,2023-06-02T08:15:59-05:00,42581,USD,,false,TRI/SRC/events/01426
EV001427,WCP,WCP_OR_BILLING,,PAYMENT_POSTED,2023-06-13T10:55:00-05:00,2023-06-13T11:27:31-05:00,42581,USD,,false,TRI/SRC/events/01427
EV001428,WCP,WCP_OR_BILLING,WCP-R00781,SUBMITTED,2022-11-30T10:59:00-06:00,2022-12-06T15:41:51-06:00,8711,USD,,false,TRI/SRC/events/01428
EV001429,WCP,WCP_OR_BILLING,,PAYMENT_POSTED,2022-12-12T13:15:00-06:00,2022-12-12T19:51:38-06:00,8711,USD,,false,TRI/SRC/events/01429
EV001430,WCP,WCP_OR_BILLING,WCP-R00782,SUBMITTED,2022-07-25T11:10:00-05:00,2022-07-25T15:56:47-05:00,9249,USD,,false,TRI/SRC/events/01430
EV001431,WCP,WCP_OR_BILLING,,PAYMENT_POSTED,2022-08-11T10:27:00-05:00,2022-08-13T07:52:26-05:00,9249,USD,,false,TRI/SRC/events/01431
EV001432,WCP,WCP_OR_BILLING,WCP-R00783,SUBMITTED,2023-03-20T14:42:00-05:00,2023-03-20T16:09:37-05:00,10966,USD,,false,TRI/SRC/events/01432
EV001433,WCP,WCP_OR_BILLING,,PAYMENT_POSTED,2023-03-27T10:00:00-05:00,2023-04-01T09:29:32-05:00,10966,USD,,false,TRI/SRC/events/01433
EV001434,WCP,WCP_OR_BILLING,WCP-R00784,SUBMITTED,2022-07-18T10:10:00-05:00,2022-07-21T04:15:31-05:00,8524,USD,,false,TRI/SRC/events/01434
EV001435,WCP,WCP_OR_BILLING,,PAYMENT_POSTED,2022-08-15T17:42:00-05:00,2022-08-15T18:59:30-05:00,8524,USD,,false,TRI/SRC/events/01435
EV001436,WCP,WCP_OR_BILLING,WCP-R00785,SUBMITTED,2023-06-01T14:38:00-05:00,2023-06-01T15:33:53-05:00,13819,USD,,false,TRI/SRC/events/01436
EV001437,WCP,WCP_OR_BILLING,,PAYMENT_POSTED,2023-06-30T11:46:00-05:00,2023-06-30T18:07:23-05:00,13819,USD,,false,TRI/SRC/events/01437
EV001438,WCP,WCP_OR_BILLING,WCP-R00786,SUBMITTED,2023-04-28T17:01:00-05:00,2023-04-28T18:03:20-05:00,32149,USD,,false,TRI/SRC/events/01438
EV001439,WCP,WCP_OR_BILLING,,PAYMENT_POSTED,2023-06-12T13:38:00-05:00,2023-06-12T16:01:17-05:00,32149,USD,,false,TRI/SRC/events/01439
EV001440,WCP,WCP_OR_BILLING,WCP-R00787,SUBMITTED,2022-07-06T14:38:00-05:00,2022-07-06T21:40:07-05:00,23998,USD,,false,TRI/SRC/events/01440
EV001441,WCP,WCP_OR_BILLING,,PAYMENT_POSTED,2022-07-12T15:37:00-05:00,2022-07-13T21:54:33-05:00,23998,USD,,false,TRI/SRC/events/01441
EV001442,WCP,WCP_OR_BILLING,WCP-R00788,SUBMITTED,2023-01-02T15:17:00-06:00,2023-01-05T13:35:11-06:00,3813,USD,,false,TRI/SRC/events/01442
EV001443,WCP,WCP_OR_BILLING,,PAYMENT_POSTED,2023-01-16T11:19:00-06:00,2023-01-17T23:55:09-06:00,3813,USD,,false,TRI/SRC/events/01443
EV001444,WCP,WCP_OR_BILLING,WCP-R00789,SUBMITTED,2023-07-20T16:02:00-05:00,2023-07-20T20:52:20-05:00,4851,USD,,false,TRI/SRC/events/01444
EV001445,WCP,WCP_OR_BILLING,,PAYMENT_POSTED,2023-08-07T09:22:00-05:00,2023-08-07T16:48:23-05:00,4851,USD,,false,TRI/SRC/events/01445
EV001446,WCP,WCP_OR_BILLING,WCP-R00790,SUBMITTED,2023-07-19T14:05:00-05:00,2023-07-23T18:13:42-05:00,9630,USD,,false,TRI/SRC/events/01446
EV001447,WCP,WCP_OR_BILLING,WCP-R00791,SUBMITTED,2023-05-24T17:12:00-05:00,2023-05-26T04:58:09-05:00,64373,USD,,false,TRI/SRC/events/01447
EV001448,WCP,WCP_OR_BILLING,,PAYMENT_POSTED,2023-06-02T14:57:00-05:00,2023-06-02T18:33:35-05:00,64373,USD,,false,TRI/SRC/events/01448
EV001449,WCP,WCP_OR_BILLING,WCP-R00792,SUBMITTED,2023-02-10T09:16:00-06:00,2023-02-11T22:11:07-06:00,6164,USD,,false,TRI/SRC/events/01449
EV001450,WCP,WCP_OR_BILLING,WCP-R00793,CORRECTED,2023-02-17T10:08:00-06:00,2023-02-19T16:08:51-06:00,6903,USD,,false,TRI/SRC/events/01450
EV001451,WCP,WCP_OR_BILLING,,PAYMENT_POSTED,2023-02-24T15:53:00-06:00,2023-02-25T11:00:20-06:00,6903,USD,,false,TRI/SRC/events/01451
EV001452,WCP,WCP_OR_BILLING,WCP-R00794,SUBMITTED,2022-08-29T16:21:00-05:00,2022-08-31T02:39:28-05:00,81412,USD,,false,TRI/SRC/events/01452
EV001453,WCP,WCP_OR_BILLING,WCP-R00795,SUBMITTED,2022-12-26T11:49:00-06:00,2022-12-29T06:10:03-06:00,5888,USD,,false,TRI/SRC/events/01453
EV001454,WCP,WCP_OR_BILLING,,PAYMENT_POSTED,2023-01-20T14:55:00-06:00,2023-01-20T21:10:46-06:00,5888,USD,,false,TRI/SRC/events/01454
EV001455,WCP,WCP_OR_BILLING,WCP-R00796,SUBMITTED,2022-09-22T14:26:00-05:00,2022-09-22T19:53:57-05:00,7891,USD,,false,TRI/SRC/events/01455
EV001456,WCP,WCP_OR_BILLING,,PAYMENT_POSTED,2022-10-24T10:07:00-05:00,2022-10-25T07:38:31-05:00,7891,USD,,false,TRI/SRC/events/01456
EV001457,WCP,WCP_OR_BILLING,WCP-R00797,SUBMITTED,2022-09-19T15:56:00-05:00,2022-09-19T17:48:02-05:00,15114,USD,,false,TRI/SRC/events/01457
EV001458,WCP,WCP_OR_BILLING,WCP-R00798,SUBMITTED,2023-04-06T17:56:00-05:00,2023-04-08T03:55:56-05:00,12760,USD,,false,TRI/SRC/events/01458
EV001459,WCP,WCP_OR_BILLING,WCP-R00799,CORRECTED,2023-04-10T09:16:00-05:00,2023-04-10T10:42:05-05:00,15159,USD,,false,TRI/SRC/events/01459
EV001460,WCP,WCP_OR_BILLING,,PAYMENT_POSTED,2023-04-24T09:10:00-05:00,2023-04-28T22:38:35-05:00,15159,USD,,false,TRI/SRC/events/01460
EV001461,WCP,WCP_OR_BILLING,WCP-R00800,SUBMITTED,2022-12-12T15:18:00-06:00,2022-12-17T07:24:45-06:00,9360,USD,,false,TRI/SRC/events/01461
EV001462,WCP,WCP_OR_BILLING,,PAYMENT_POSTED,2022-12-19T14:52:00-06:00,2022-12-19T22:41:34-06:00,9360,USD,,false,TRI/SRC/events/01462
EV001463,WCP,WCP_OR_BILLING,WCP-R00801,SUBMITTED,2023-05-10T13:48:00-05:00,2023-05-24T23:14:03-05:00,10762,USD,,false,TRI/SRC/events/01463
EV001464,WCP,WCP_OR_BILLING,,PAYMENT_POSTED,2023-06-27T16:29:00-05:00,2023-06-27T20:23:50-05:00,10762,USD,,false,TRI/SRC/events/01464
EV001465,WCP,WCP_OR_BILLING,WCP-R00802,SUBMITTED,2023-01-30T15:16:00-06:00,2023-02-03T19:52:03-06:00,13266,USD,,false,TRI/SRC/events/01465
EV001466,WCP,WCP_OR_BILLING,WCP-R00803,SUBMITTED,2023-06-05T15:54:00-05:00,2023-06-06T22:28:11-05:00,9220,USD,,false,TRI/SRC/events/01466
EV001467,WCP,WCP_OR_BILLING,,PAYMENT_POSTED,2023-07-10T10:35:00-05:00,2023-07-10T15:41:28-05:00,9220,USD,,false,TRI/SRC/events/01467
EV001468,WCP,WCP_OR_BILLING,WCP-R00804,SUBMITTED,2023-07-17T17:59:00-05:00,2023-07-19T04:47:42-05:00,85044,USD,,false,TRI/SRC/events/01468
EV001469,WCP,WCP_OR_BILLING,,PAYMENT_POSTED,2023-08-09T16:54:00-05:00,2023-09-20T17:27:03-05:00,85044,USD,,false,TRI/SRC/events/01469
EV001470,WCP,WCP_OR_BILLING,WCP-R00805,SUBMITTED,2023-05-03T17:26:00-05:00,2023-05-03T18:57:18-05:00,4330,USD,,false,TRI/SRC/events/01470
EV001471,WCP,WCP_OR_BILLING,,PAYMENT_POSTED,2023-06-12T10:17:00-05:00,2023-06-12T13:03:44-05:00,4330,USD,,false,TRI/SRC/events/01471
EV001472,WCP,WCP_OR_BILLING,WCP-R00806,SUBMITTED,2022-10-03T15:19:00-05:00,2022-10-03T18:12:38-05:00,16701,USD,,false,TRI/SRC/events/01472
EV001473,WCP,WCP_OR_BILLING,,PAYMENT_POSTED,2022-10-21T12:29:00-05:00,2022-10-21T17:15:52-05:00,16701,USD,,false,TRI/SRC/events/01473
EV001474,WCP,WCP_OR_BILLING,WCP-R00807,SUBMITTED,2023-04-04T14:23:00-05:00,2023-04-04T22:11:06-05:00,3182,USD,,false,TRI/SRC/events/01474
EV001475,WCP,WCP_OR_BILLING,,PAYMENT_POSTED,2023-05-02T09:45:00-05:00,2023-05-07T09:42:34-05:00,3182,USD,,false,TRI/SRC/events/01475
EV001476,WCP,WCP_OR_BILLING,WCP-R00808,SUBMITTED,2023-05-18T17:13:00-05:00,2023-05-18T22:59:54-05:00,28060,USD,,false,TRI/SRC/events/01476
EV001477,WCP,WCP_OR_BILLING,,PAYMENT_POSTED,2023-06-26T17:45:00-05:00,2023-07-17T17:45:00-05:00,28060,USD,,false,TRI/SRC/events/01477
EV001478,WCP,WCP_OR_BILLING,WCP-R00809,SUBMITTED,2023-03-06T14:09:00-06:00,2023-03-06T20:26:58-06:00,7483,USD,,false,TRI/SRC/events/01478
EV001479,WCP,WCP_OR_BILLING,WCP-R00810,SUBMITTED,2022-10-10T12:51:00-05:00,2022-10-11T19:44:32-05:00,40387,USD,,false,TRI/SRC/events/01479
EV001480,WCP,WCP_OR_BILLING,,PAYMENT_POSTED,2022-10-31T09:53:00-05:00,2022-11-02T04:03:50-05:00,40387,USD,,false,TRI/SRC/events/01480
EV001481,WCP,WCP_OR_BILLING,WCP-R00810,PAYMENT_REVERSED,2022-11-11T13:28:00-06:00,2022-11-11T16:35:08-06:00,40387,USD,,false,TRI/SRC/events/01481
EV001482,WCP,WCP_OR_BILLING,WCP-R00811,SUBMITTED,2022-10-14T13:39:00-05:00,2022-10-14T21:15:55-05:00,14663,USD,,false,TRI/SRC/events/01482
EV001483,WCP,WCP_OR_BILLING,,PAYMENT_POSTED,2022-10-25T16:10:00-05:00,2022-10-26T14:11:21-05:00,14663,USD,,false,TRI/SRC/events/01483
EV001484,WCP,WCP_OR_BILLING,WCP-R00812,SUBMITTED,2023-07-25T16:20:00-05:00,2023-07-25T20:58:37-05:00,4642,USD,,false,TRI/SRC/events/01484
EV001485,WCP,WCP_OR_BILLING,,PAYMENT_POSTED,2023-07-31T09:50:00-05:00,2023-08-09T03:54:43-05:00,4642,USD,,false,TRI/SRC/events/01485
EV001486,WCP,WCP_OR_BILLING,WCP-R00813,SUBMITTED,2023-08-14T14:04:00-05:00,2023-08-15T13:29:21-05:00,8824,USD,,false,TRI/SRC/events/01486
EV001487,WCP,WCP_OR_BILLING,,PAYMENT_POSTED,2023-09-05T15:38:00-05:00,2023-09-26T15:38:00-05:00,8824,USD,,false,TRI/SRC/events/01487
EV001488,WCP,WCP_OR_BILLING,WCP-R00814,SUBMITTED,2022-07-18T13:32:00-05:00,2022-07-18T20:08:50-05:00,4615,USD,,false,TRI/SRC/events/01488
EV001489,WCP,WCP_OR_BILLING,WCP-R00814,CLOSED_NO_PAYMENT,2022-08-12T14:07:00-05:00,2022-08-15T04:16:30-05:00,,,,true,TRI/SRC/events/01489
EV001490,WCP,WCP_OR_BILLING,WCP-R00815,SUBMITTED,2022-12-26T11:46:00-06:00,2022-12-26T18:19:12-06:00,5229,USD,,false,TRI/SRC/events/01490
EV001491,WCP,WCP_OR_BILLING,WCP-R00816,CORRECTED,2022-12-28T14:26:00-06:00,2022-12-28T14:43:58-06:00,6465,USD,,false,TRI/SRC/events/01491
EV001492,WCP,WCP_OR_BILLING,WCP-R00817,SUBMITTED,2022-07-25T16:30:00-05:00,2022-07-25T23:48:31-05:00,3009,USD,,false,TRI/SRC/events/01492
EV001493,WCP,WCP_OR_BILLING,,PAYMENT_POSTED,2022-08-22T14:36:00-05:00,2022-08-22T15:29:56-05:00,3009,USD,,false,TRI/SRC/events/01493
EV001494,WCP,WCP_OR_BILLING,WCP-R00818,SUBMITTED,2022-12-06T13:24:00-06:00,2022-12-06T20:58:15-06:00,6142,USD,,false,TRI/SRC/events/01494
EV001495,WCP,WCP_OR_BILLING,,PAYMENT_POSTED,2022-12-21T17:25:00-06:00,2022-12-21T23:13:37-06:00,6142,USD,,false,TRI/SRC/events/01495
EV001496,WCP,WCP_OR_BILLING,WCP-R00819,SUBMITTED,2022-09-28T09:48:00-05:00,2022-09-28T12:37:39-05:00,86248,USD,,false,TRI/SRC/events/01496
EV001497,WCP,WCP_OR_BILLING,,PAYMENT_POSTED,2022-10-24T15:00:00-05:00,2022-10-25T16:00:32-05:00,86248,USD,,false,TRI/SRC/events/01497
EV001498,WCP,WCP_OR_BILLING,WCP-R00820,SUBMITTED,2023-08-22T15:54:00-05:00,2023-08-26T22:58:05-05:00,16056,USD,,false,TRI/SRC/events/01498
EV001499,WCP,WCP_OR_BILLING,,PAYMENT_POSTED,2023-09-11T10:06:00-05:00,2023-09-15T13:25:27-05:00,16056,USD,,false,TRI/SRC/events/01499
EV001500,WCP,WCP_OR_BILLING,WCP-R00821,SUBMITTED,2023-08-22T15:14:00-05:00,2023-08-25T05:24:40-05:00,12824,USD,,false,TRI/SRC/events/01500
EV001501,WCP,WCP_OR_BILLING,WCP-R00822,SUBMITTED,2022-09-23T14:05:00-05:00,2022-09-25T10:33:54-05:00,8019,USD,,false,TRI/SRC/events/01501
EV001502,WCP,WCP_OR_BILLING,,PAYMENT_POSTED,2022-10-20T09:23:00-05:00,2022-10-25T06:24:44-05:00,8019,USD,,false,TRI/SRC/events/01502
EV001503,WCP,WCP_OR_BILLING,WCP-R00823,SUBMITTED,2023-04-13T15:32:00-05:00,2023-04-13T23:14:55-05:00,25023,USD,,false,TRI/SRC/events/01503
EV001504,WCP,WCP_OR_BILLING,,PAYMENT_POSTED,2023-05-08T11:43:00-05:00,2023-05-25T16:46:47-05:00,25023,USD,,false,TRI/SRC/events/01504
EV001505,WCP,WCP_OR_BILLING,WCP-R00824,SUBMITTED,2022-08-15T17:49:00-05:00,2022-08-15T23:20:21-05:00,9184,USD,,false,TRI/SRC/events/01505
EV001506,WCP,WCP_OR_BILLING,,PAYMENT_POSTED,2022-08-18T16:29:00-05:00,2022-08-18T22:06:17-05:00,9184,USD,,false,TRI/SRC/events/01506
EV001507,WCP,WCP_OR_BILLING,WCP-R00825,SUBMITTED,2023-05-31T13:04:00-05:00,2023-06-07T12:26:08-05:00,8665,USD,,false,TRI/SRC/events/01507
EV001508,WCP,WCP_OR_BILLING,,PAYMENT_POSTED,2023-06-05T17:45:00-05:00,2023-06-05T20:11:13-05:00,8665,USD,,false,TRI/SRC/events/01508
EV001509,WCP,WCP_OR_BILLING,WCP-R00826,SUBMITTED,2023-05-26T10:42:00-05:00,2023-05-26T17:57:26-05:00,8134,USD,,false,TRI/SRC/events/01509
EV001510,WCP,WCP_OR_BILLING,WCP-R00827,SUBMITTED,2022-08-30T11:19:00-05:00,2022-09-12T05:38:51-05:00,42667,USD,,false,TRI/SRC/events/01510
EV001511,WCP,WCP_OR_BILLING,,PAYMENT_POSTED,2022-09-08T11:56:00-05:00,2022-09-13T04:01:22-05:00,42667,USD,,false,TRI/SRC/events/01511
EV001512,WCP,WCP_OR_BILLING,WCP-R00828,SUBMITTED,2022-11-30T12:39:00-06:00,2022-12-06T04:48:37-06:00,50423,USD,,false,TRI/SRC/events/01512
EV001513,WCP,WCP_OR_BILLING,,PAYMENT_POSTED,2023-01-30T17:40:00-06:00,2023-02-01T09:10:48-06:00,50423,USD,,false,TRI/SRC/events/01513
EV001514,WCP,WCP_OR_BILLING,WCP-R00829,SUBMITTED,2022-09-07T11:00:00-05:00,2022-09-07T14:28:52-05:00,40389,USD,,false,TRI/SRC/events/01514
EV001515,WCP,WCP_OR_BILLING,,PAYMENT_POSTED,2022-10-21T16:24:00-05:00,2022-10-26T04:23:55-05:00,40389,USD,,false,TRI/SRC/events/01515
EV001516,WCP,WCP_OR_BILLING,WCP-R00830,SUBMITTED,2023-06-19T14:17:00-05:00,2023-06-19T20:14:56-05:00,38381,USD,,false,TRI/SRC/events/01516
EV001517,WCP,WCP_OR_BILLING,,PAYMENT_POSTED,2023-07-05T10:06:00-05:00,2023-07-05T15:40:10-05:00,38381,USD,,false,TRI/SRC/events/01517
EV001518,WCP,WCP_OR_BILLING,WCP-R00831,SUBMITTED,2023-09-05T17:10:00-05:00,2023-09-05T18:59:58-05:00,10644,USD,,false,TRI/SRC/events/01518
EV001519,WCP,WCP_OR_BILLING,,PAYMENT_POSTED,2023-09-11T13:46:00-05:00,2023-09-11T21:32:02-05:00,10644,USD,,false,TRI/SRC/events/01519
EV001520,WCP,WCP_OR_BILLING,WCP-R00831,PAYMENT_REVERSED,2023-09-14T13:42:00-05:00,2023-09-22T08:06:27-05:00,10644,USD,EV001519,false,TRI/SRC/events/01520
EV001521,WCP,WCP_OR_BILLING,WCP-R00832,SUBMITTED,2023-08-25T14:13:00-05:00,2023-08-27T00:34:49-05:00,3307,USD,,false,TRI/SRC/events/01521
EV001522,WCP,WCP_OR_BILLING,WCP-R00832,CLOSED_NO_PAYMENT,2023-10-13T14:10:00-05:00,2023-10-13T15:58:54-05:00,,,,true,TRI/SRC/events/01522
EV001523,WCP,WCP_OR_BILLING,WCP-R00833,SUBMITTED,2023-05-25T15:07:00-05:00,2023-06-02T21:29:11-05:00,7096,USD,,false,TRI/SRC/events/01523
EV001524,WCP,WCP_OR_BILLING,WCP-R00834,SUBMITTED,2023-07-24T10:09:00-05:00,2023-07-25T00:09:57-05:00,22625,USD,,false,TRI/SRC/events/01524
EV001525,WCP,WCP_OR_BILLING,,PAYMENT_POSTED,2023-08-11T13:28:00-05:00,2023-08-21T07:17:53-05:00,22625,USD,,false,TRI/SRC/events/01525
EV001526,WCP,WCP_OR_BILLING,WCP-R00834,PAYMENT_REVERSED,2023-08-23T16:11:00-05:00,2023-08-27T15:57:45-05:00,22625,USD,EV001525,false,TRI/SRC/events/01526
EV001527,WCP,WCP_OR_BILLING,WCP-R00835,SUBMITTED,2023-01-27T15:07:00-06:00,2023-01-28T20:25:05-06:00,3876,USD,,false,TRI/SRC/events/01527
EV001528,WCP,WCP_OR_BILLING,,PAYMENT_POSTED,2023-03-14T15:59:00-05:00,2023-03-14T21:11:32-05:00,3876,USD,,false,TRI/SRC/events/01528
EV001529,WCP,WCP_OR_BILLING,WCP-R00836,SUBMITTED,2022-08-01T15:39:00-05:00,2022-08-04T01:45:25-05:00,3365,USD,,false,TRI/SRC/events/01529
EV001530,WCP,WCP_OR_BILLING,,PAYMENT_POSTED,2022-08-26T16:38:00-05:00,2022-08-29T13:32:04-05:00,3365,USD,,false,TRI/SRC/events/01530
EV001531,WCP,WCP_OR_BILLING,WCP-R00837,SUBMITTED,2023-09-04T10:58:00-05:00,2023-09-04T13:57:52-05:00,6840,USD,,false,TRI/SRC/events/01531
EV001532,WCP,WCP_OR_BILLING,,PAYMENT_POSTED,2023-09-15T16:13:00-05:00,2023-09-22T10:36:30-05:00,6840,USD,,false,TRI/SRC/events/01532
EV001533,WCP,WCP_OR_BILLING,WCP-R00838,SUBMITTED,2023-06-22T17:23:00-05:00,2023-06-23T06:52:15-05:00,2878,USD,,false,TRI/SRC/events/01533
EV001534,WCP,WCP_OR_BILLING,WCP-R00838,CLOSED_NO_PAYMENT,2023-10-11T09:11:00-05:00,2023-10-12T07:20:08-05:00,,,,true,TRI/SRC/events/01534
EV001535,WCP,WCP_OR_BILLING,WCP-R00839,SUBMITTED,2023-07-28T11:14:00-05:00,2023-07-28T15:10:33-05:00,16429,USD,,false,TRI/SRC/events/01535
EV001536,WCP,WCP_OR_BILLING,,PAYMENT_POSTED,2023-08-03T14:08:00-05:00,2023-08-06T23:06:58-05:00,16429,USD,,false,TRI/SRC/events/01536
EV001537,WCP,WCP_OR_BILLING,WCP-R00840,SUBMITTED,2023-02-17T15:07:00-06:00,2023-03-01T04:49:46-06:00,5929,USD,,false,TRI/SRC/events/01537
EV001538,WCP,WCP_OR_BILLING,WCP-R00840,CLOSED_NO_PAYMENT,2023-06-02T09:09:00-05:00,2023-06-02T13:44:01-05:00,,,,true,TRI/SRC/events/01538
EV001539,WCP,WCP_OR_BILLING,WCP-R00841,SUBMITTED,2023-03-06T13:12:00-06:00,2023-03-10T21:11:55-06:00,5175,USD,,false,TRI/SRC/events/01539
EV001540,WCP,WCP_OR_BILLING,,PAYMENT_POSTED,2023-04-12T15:05:00-05:00,2023-04-12T22:30:15-05:00,5175,USD,,false,TRI/SRC/events/01540
EV001541,WCP,WCP_OR_BILLING,WCP-R00842,SUBMITTED,2023-05-17T13:29:00-05:00,2023-05-28T08:03:06-05:00,26928,USD,,false,TRI/SRC/events/01541
EV001542,WCP,WCP_OR_BILLING,,PAYMENT_POSTED,2023-05-25T15:24:00-05:00,2023-05-25T18:20:17-05:00,26928,USD,,false,TRI/SRC/events/01542
EV001543,WCP,WCP_OR_BILLING,WCP-R00843,SUBMITTED,2023-09-18T17:27:00-05:00,2023-09-18T19:11:22-05:00,194850,USD,,false,TRI/SRC/events/01543
EV001544,WCP,WCP_OR_BILLING,,PAYMENT_POSTED,2023-10-13T11:41:00-05:00,2023-10-17T14:50:47-05:00,194850,USD,,false,TRI/SRC/events/01544
EV001545,WCP,WCP_OR_BILLING,WCP-R00844,SUBMITTED,2023-01-26T13:09:00-06:00,2023-02-01T18:12:24-06:00,14569,USD,,false,TRI/SRC/events/01545
EV001546,WCP,WCP_OR_BILLING,WCP-R00844,CLOSED_NO_PAYMENT,2023-03-24T15:35:00-05:00,2023-03-24T19:07:54-05:00,,,,true,TRI/SRC/events/01546
EV001547,WCP,WCP_OR_BILLING,WCP-R00845,SUBMITTED,2022-08-08T09:45:00-05:00,2022-08-09T17:43:56-05:00,2500,USD,,false,TRI/SRC/events/01547
EV001548,WCP,WCP_OR_BILLING,WCP-R00846,SUBMITTED,2023-02-23T10:54:00-06:00,2023-02-26T10:32:23-06:00,11945,USD,,false,TRI/SRC/events/01548
EV001549,WCP,WCP_OR_BILLING,WCP-R00846,CLOSED_NO_PAYMENT,2023-05-11T13:51:00-05:00,2023-05-14T07:05:24-05:00,,,,true,TRI/SRC/events/01549
EV001550,WCP,WCP_OR_BILLING,WCP-R00847,SUBMITTED,2023-06-28T14:33:00-05:00,2023-07-09T14:06:13-05:00,12741,USD,,false,TRI/SRC/events/01550
EV001551,WCP,WCP_OR_BILLING,,PAYMENT_POSTED,2023-07-20T11:39:00-05:00,2023-07-24T01:58:45-05:00,12741,USD,,false,TRI/SRC/events/01551
EV001552,WCP,WCP_OR_BILLING,WCP-R00848,SUBMITTED,2023-05-25T16:41:00-05:00,2023-05-25T21:49:59-05:00,6975,USD,,false,TRI/SRC/events/01552
EV001553,WCP,WCP_OR_BILLING,WCP-R00848,CLOSED_NO_PAYMENT,2023-08-04T16:48:00-05:00,2023-08-05T19:52:55-05:00,,,,true,TRI/SRC/events/01553
EV001554,WCP,WCP_OR_BILLING,WCP-R00849,SUBMITTED,2022-09-28T11:08:00-05:00,2022-09-28T17:37:20-05:00,200345,USD,,false,TRI/SRC/events/01554
EV001555,WCP,WCP_OR_BILLING,,PAYMENT_POSTED,2022-10-18T16:53:00-05:00,2022-10-27T05:17:39-05:00,200345,USD,,false,TRI/SRC/events/01555
EV001556,WCP,WCP_OR_BILLING,WCP-R00850,SUBMITTED,2022-11-04T12:09:00-05:00,2022-11-25T12:09:00-06:00,9059,USD,,false,TRI/SRC/events/01556
EV001557,WCP,WCP_OR_BILLING,WCP-R00851,SUBMITTED,2022-11-21T09:11:00-06:00,2022-11-21T09:44:30-06:00,3029,USD,,false,TRI/SRC/events/01557
EV001558,WCP,WCP_OR_BILLING,,PAYMENT_POSTED,2022-12-08T09:37:00-06:00,2022-12-10T05:36:13-06:00,3029,USD,,false,TRI/SRC/events/01558
EV001559,WCP,WCP_OR_BILLING,WCP-R00852,SUBMITTED,2023-07-03T09:47:00-05:00,2023-07-03T14:31:44-05:00,41284,USD,,false,TRI/SRC/events/01559
EV001560,WCP,WCP_OR_BILLING,,PAYMENT_POSTED,2023-07-17T13:27:00-05:00,2023-07-22T03:15:58-05:00,41284,USD,,false,TRI/SRC/events/01560
EV001561,WCP,WCP_OR_BILLING,WCP-R00853,SUBMITTED,2023-02-07T13:28:00-06:00,2023-02-22T00:58:21-06:00,13190,USD,,false,TRI/SRC/events/01561
EV001562,WCP,WCP_OR_BILLING,,PAYMENT_POSTED,2023-03-01T17:20:00-06:00,2023-03-04T19:42:36-06:00,13190,USD,,false,TRI/SRC/events/01562
EV001563,WCP,WCP_OR_BILLING,WCP-R00854,SUBMITTED,2022-12-06T15:20:00-06:00,2022-12-06T21:48:19-06:00,6556,USD,,false,TRI/SRC/events/01563
EV001564,WCP,WCP_OR_BILLING,WCP-R00855,CORRECTED,2022-12-15T09:57:00-06:00,2022-12-22T01:12:32-06:00,6242,USD,,false,TRI/SRC/events/01564
EV001565,WCP,WCP_OR_BILLING,,PAYMENT_POSTED,2022-12-13T13:36:00-06:00,2022-12-17T04:30:51-06:00,6242,USD,,false,TRI/SRC/events/01565
EV001566,WCP,WCP_OR_BILLING,WCP-R00856,SUBMITTED,2023-02-27T12:55:00-06:00,2023-03-01T19:53:04-06:00,5527,USD,,false,TRI/SRC/events/01566
EV001567,WCP,WCP_OR_BILLING,,PAYMENT_POSTED,2023-04-03T13:15:00-05:00,2023-04-03T13:26:26-05:00,5527,USD,,false,TRI/SRC/events/01567
EV001568,WCP,WCP_OR_BILLING,WCP-R00857,SUBMITTED,2022-10-17T10:12:00-05:00,2022-11-06T21:53:45-06:00,19872,USD,,false,TRI/SRC/events/01568
EV001569,WCP,WCP_OR_BILLING,WCP-R00857,CLOSED_NO_PAYMENT,2023-01-09T10:59:00-06:00,2023-01-09T18:57:08-06:00,,,,true,TRI/SRC/events/01569
EV001570,WCP,WCP_OR_BILLING,WCP-R00858,SUBMITTED,2022-07-04T11:29:00-05:00,2022-07-04T17:04:49-05:00,26111,USD,,false,TRI/SRC/events/01570
EV001571,WCP,WCP_OR_BILLING,,PAYMENT_POSTED,2022-07-28T09:57:00-05:00,2022-07-30T16:08:50-05:00,26111,USD,,false,TRI/SRC/events/01571
EV001572,WCP,WCP_OR_BILLING,WCP-R00859,SUBMITTED,2022-10-21T14:49:00-05:00,2022-10-23T20:37:44-05:00,8880,USD,,false,TRI/SRC/events/01572
EV001573,WCP,WCP_OR_BILLING,WCP-R00859,CLOSED_NO_PAYMENT,2023-01-02T15:13:00-06:00,2023-01-02T20:46:28-06:00,,,,true,TRI/SRC/events/01573
EV001574,WCP,WCP_OR_BILLING,WCP-R00860,SUBMITTED,2022-12-05T16:59:00-06:00,2022-12-05T22:49:24-06:00,21954,USD,,false,TRI/SRC/events/01574
EV001575,WCP,WCP_OR_BILLING,WCP-R00861,SUBMITTED,2022-11-07T11:57:00-06:00,2022-11-09T00:03:40-06:00,3280,USD,,false,TRI/SRC/events/01575
EV001576,WCP,WCP_OR_BILLING,,PAYMENT_POSTED,2022-12-01T13:44:00-06:00,2022-12-04T07:48:10-06:00,3280,USD,,false,TRI/SRC/events/01576
EV001577,WCP,WCP_OR_BILLING,WCP-R00862,SUBMITTED,2022-08-05T12:28:00-05:00,2022-08-07T08:39:45-05:00,41164,USD,,false,TRI/SRC/events/01577
EV001578,WCP,WCP_OR_BILLING,,PAYMENT_POSTED,2022-09-09T10:47:00-05:00,2022-09-10T19:02:34-05:00,41164,USD,,false,TRI/SRC/events/01578
EV001579,WCP,WCP_OR_BILLING,WCP-R00863,SUBMITTED,2022-08-01T13:43:00-05:00,2022-08-03T22:44:16-05:00,8628,USD,,false,TRI/SRC/events/01579
EV001580,WCP,WCP_OR_BILLING,WCP-R00864,SUBMITTED,2022-10-03T10:11:00-05:00,2022-10-04T01:09:14-05:00,8318,USD,,false,TRI/SRC/events/01580
EV001581,WCP,WCP_OR_BILLING,,PAYMENT_POSTED,2022-11-17T17:08:00-06:00,2022-11-17T21:23:44-06:00,8318,USD,,false,TRI/SRC/events/01581
EV001582,WCP,WCP_OR_BILLING,WCP-R00865,SUBMITTED,2023-04-18T16:27:00-05:00,2023-04-22T01:56:40-05:00,22352,USD,,false,TRI/SRC/events/01582
EV001583,WCP,WCP_OR_BILLING,,PAYMENT_POSTED,2023-05-29T12:46:00-05:00,2023-05-29T17:03:56-05:00,22352,USD,,false,TRI/SRC/events/01583
EV001584,WCP,WCP_OR_BILLING,WCP-R00866,SUBMITTED,2023-01-02T14:08:00-06:00,2023-01-02T18:02:04-06:00,5722,USD,,false,TRI/SRC/events/01584
EV001585,WCP,WCP_OR_BILLING,WCP-R00867,SUBMITTED,2023-05-29T17:56:00-05:00,2023-06-02T23:30:04-05:00,4633,USD,,false,TRI/SRC/events/01585
EV001586,WCP,WCP_OR_BILLING,,PAYMENT_POSTED,2023-06-22T12:19:00-05:00,2023-06-27T22:24:16-05:00,4633,USD,,false,TRI/SRC/events/01586
EV001587,WCP,WCP_OR_BILLING,WCP-R00868,SUBMITTED,2022-08-12T09:31:00-05:00,2022-08-16T07:00:30-05:00,19817,USD,,false,TRI/SRC/events/01587
EV001588,WCP,WCP_OR_BILLING,,PAYMENT_POSTED,2022-09-26T13:43:00-05:00,2022-09-26T20:01:18-05:00,19817,USD,,false,TRI/SRC/events/01588
EV001589,WCP,WCP_OR_BILLING,WCP-R00869,SUBMITTED,2023-08-14T12:00:00-05:00,2023-08-14T12:52:49-05:00,4150,USD,,false,TRI/SRC/events/01589
EV001590,WCP,WCP_OR_BILLING,,PAYMENT_POSTED,2023-09-04T15:49:00-05:00,2023-09-04T23:05:00-05:00,4150,USD,,false,TRI/SRC/events/01590
EV001591,WCP,WCP_OR_BILLING,WCP-R00869,PAYMENT_REVERSED,2023-09-11T14:03:00-05:00,2023-09-12T15:49:34-05:00,1719,USD,EV001590,false,TRI/SRC/events/01591
EV001592,WCP,WCP_OR_BILLING,WCP-R00870,SUBMITTED,2023-02-07T15:45:00-06:00,2023-02-07T17:53:18-06:00,9460,USD,,false,TRI/SRC/events/01592
EV001593,WCP,WCP_OR_BILLING,,PAYMENT_POSTED,2023-02-20T15:08:00-06:00,2023-02-25T01:45:45-06:00,9460,USD,,false,TRI/SRC/events/01593
EV001594,WCP,WCP_OR_BILLING,WCP-R00871,SUBMITTED,2023-09-13T17:07:00-05:00,2023-09-13T20:40:37-05:00,25633,USD,,false,TRI/SRC/events/01594
EV001595,WCP,WCP_OR_BILLING,,PAYMENT_POSTED,2023-09-26T11:44:00-05:00,2023-09-28T02:12:35-05:00,25633,USD,,false,TRI/SRC/events/01595
EV001596,WCP,WCP_OR_BILLING,WCP-R00872,SUBMITTED,2023-01-30T09:08:00-06:00,2023-01-30T14:48:15-06:00,5105,USD,,false,TRI/SRC/events/01596
EV001597,WCP,WCP_OR_BILLING,,PAYMENT_POSTED,2023-03-09T09:55:00-06:00,2023-03-09T12:18:20-06:00,5105,USD,,false,TRI/SRC/events/01597
EV001598,WCP,WCP_OR_BILLING,WCP-R00873,SUBMITTED,2023-09-06T13:10:00-05:00,2023-09-12T22:18:12-05:00,7245,USD,,false,TRI/SRC/events/01598
EV001599,WCP,WCP_OR_BILLING,,PAYMENT_POSTED,2023-09-12T13:49:00-05:00,2023-09-14T10:09:21-05:00,7245,USD,,false,TRI/SRC/events/01599
EV001600,WCP,WCP_OR_BILLING,WCP-R00874,SUBMITTED,2023-05-15T09:52:00-05:00,2023-05-17T00:33:44-05:00,6184,USD,,false,TRI/SRC/events/01600
EV001601,WCP,WCP_OR_BILLING,WCP-R00875,CORRECTED,2023-05-24T13:48:00-05:00,2023-05-24T16:56:41-05:00,5911,USD,,false,TRI/SRC/events/01601
EV001602,WCP,WCP_OR_BILLING,WCP-R00874,VOID_VERSION,2023-05-24T13:48:00-05:00,2023-06-04T23:11:27-05:00,6184,USD,,false,TRI/SRC/events/01602
EV001603,WCP,WCP_OR_BILLING,,PAYMENT_POSTED,2023-06-15T10:37:00-05:00,2023-06-16T18:18:11-05:00,5911,USD,,false,TRI/SRC/events/01603
EV001604,WCP,WCP_OR_BILLING,WCP-R00876,SUBMITTED,2023-06-16T15:35:00-05:00,2023-06-16T21:57:04-05:00,13925,USD,,false,TRI/SRC/events/01604
EV001605,WCP,WCP_OR_BILLING,,PAYMENT_POSTED,2023-07-03T15:25:00-05:00,2023-07-08T03:53:12-05:00,13925,USD,,false,TRI/SRC/events/01605
EV001606,WCP,WCP_OR_BILLING,WCP-R00877,SUBMITTED,2023-05-11T16:24:00-05:00,2023-05-15T02:39:35-05:00,85676,USD,,false,TRI/SRC/events/01606
EV001607,WCP,WCP_OR_BILLING,WCP-R00878,CORRECTED,2023-05-15T15:42:00-05:00,2023-05-16T22:33:28-05:00,83553,USD,,false,TRI/SRC/events/01607
EV001608,WCP,WCP_OR_BILLING,,PAYMENT_POSTED,2023-05-16T11:40:00-05:00,2023-05-16T12:14:45-05:00,83553,USD,,false,TRI/SRC/events/01608
EV001609,WCP,WCP_OR_BILLING,WCP-R00879,SUBMITTED,2023-05-22T14:58:00-05:00,2023-05-22T15:26:10-05:00,10416,USD,,false,TRI/SRC/events/01609
EV001610,WCP,WCP_OR_BILLING,,PAYMENT_POSTED,2023-05-26T16:40:00-05:00,2023-05-27T12:42:43-05:00,10416,USD,,false,TRI/SRC/events/01610
EV001611,WCP,WCP_OR_BILLING,WCP-R00880,SUBMITTED,2022-08-29T12:39:00-05:00,2022-09-19T12:39:00-05:00,24287,USD,,false,TRI/SRC/events/01611
EV001612,WCP,WCP_OR_BILLING,,PAYMENT_POSTED,2022-09-19T16:40:00-05:00,2022-09-25T10:00:56-05:00,24287,USD,,false,TRI/SRC/events/01612
EV001613,WCP,WCP_OR_BILLING,WCP-R00881,SUBMITTED,2023-09-27T17:03:00-05:00,2023-09-30T03:33:33-05:00,7129,USD,,false,TRI/SRC/events/01613
EV001614,WCP,WCP_OR_BILLING,,PAYMENT_POSTED,2023-11-13T16:29:00-06:00,2023-11-15T14:05:35-06:00,7129,USD,,false,TRI/SRC/events/01614
EV001615,WCP,WCP_OR_BILLING,WCP-R00882,SUBMITTED,2022-09-20T09:20:00-05:00,2022-09-23T15:41:04-05:00,15992,USD,,false,TRI/SRC/events/01615
EV001616,WCP,WCP_OR_BILLING,,PAYMENT_POSTED,2022-11-14T16:31:00-06:00,2022-11-19T15:22:27-06:00,15992,USD,,false,TRI/SRC/events/01616
EV001617,WCP,WCP_OR_BILLING,WCP-R00883,SUBMITTED,2023-08-22T15:00:00-05:00,2023-08-24T02:17:03-05:00,33617,USD,,false,TRI/SRC/events/01617
EV001618,WCP,WCP_OR_BILLING,WCP-R00884,CORRECTED,2023-08-28T17:47:00-05:00,2023-09-03T07:43:45-05:00,43288,USD,,false,TRI/SRC/events/01618
EV001619,WCP,WCP_OR_BILLING,WCP-R00883,VOID_VERSION,2023-08-28T17:47:00-05:00,2023-09-02T08:42:15-05:00,33617,USD,,false,TRI/SRC/events/01619
EV001620,WCP,WCP_OR_BILLING,,PAYMENT_POSTED,2023-09-29T10:08:00-05:00,2023-10-20T10:08:00-05:00,43288,USD,,false,TRI/SRC/events/01620
EV001621,WCP,WCP_OR_BILLING,WCP-R00885,SUBMITTED,2023-03-06T11:25:00-06:00,2023-03-22T03:17:29-05:00,4091,USD,,false,TRI/SRC/events/01621
EV001622,WCP,WCP_OR_BILLING,,PAYMENT_POSTED,2023-04-03T13:48:00-05:00,2023-04-09T08:00:28-05:00,4091,USD,,false,TRI/SRC/events/01622
EV001623,WCP,WCP_OR_BILLING,WCP-R00886,SUBMITTED,2023-05-22T15:06:00-05:00,2023-05-22T19:46:45-05:00,6897,USD,,false,TRI/SRC/events/01623
EV001624,WCP,WCP_OR_BILLING,,PAYMENT_POSTED,2023-07-10T15:51:00-05:00,2023-07-10T17:43:08-05:00,6897,USD,,false,TRI/SRC/events/01624
EV001625,WCP,WCP_OR_BILLING,WCP-R00887,SUBMITTED,2023-05-17T09:10:00-05:00,2023-05-19T02:11:34-05:00,11085,USD,,false,TRI/SRC/events/01625
EV001626,WCP,WCP_OR_BILLING,WCP-R00888,SUBMITTED,2023-09-06T10:32:00-05:00,2023-09-17T10:15:10-05:00,12012,USD,,false,TRI/SRC/events/01626
EV001627,WCP,WCP_OR_BILLING,,PAYMENT_POSTED,2023-09-28T14:05:00-05:00,2023-09-29T11:57:45-05:00,12012,USD,,false,TRI/SRC/events/01627
EV001628,WCP,WCP_OR_BILLING,WCP-R00889,SUBMITTED,2023-01-09T11:43:00-06:00,2023-01-10T23:25:11-06:00,157573,USD,,false,TRI/SRC/events/01628
EV001629,WCP,WCP_OR_BILLING,WCP-R00890,SUBMITTED,2023-04-17T11:56:00-05:00,2023-04-22T00:24:04-05:00,28272,EUR,,false,TRI/SRC/events/01629
EV001630,WCP,WCP_OR_BILLING,WCP-R00891,SUBMITTED,2023-01-19T13:15:00-06:00,2023-01-22T07:42:57-06:00,6497,USD,,false,TRI/SRC/events/01630
EV001631,WCP,WCP_OR_BILLING,,PAYMENT_POSTED,2023-02-02T10:50:00-06:00,2023-02-10T07:10:05-06:00,6497,USD,,false,TRI/SRC/events/01631
EV001632,WCP,WCP_OR_BILLING,WCP-R00892,SUBMITTED,2022-07-22T17:03:00-05:00,2022-07-24T14:15:55-05:00,25680,USD,,false,TRI/SRC/events/01632
EV001633,WCP,WCP_OR_BILLING,WCP-R00893,SUBMITTED,2023-02-14T09:34:00-06:00,2023-02-17T11:58:22-06:00,2500,USD,,false,TRI/SRC/events/01633
EV001634,WCP,WCP_OR_BILLING,WCP-R00894,CORRECTED,2023-02-20T14:45:00-06:00,2023-03-01T22:40:42-06:00,2247,USD,,false,TRI/SRC/events/01634
EV001635,WCP,WCP_OR_BILLING,WCP-R00895,SUBMITTED,2023-03-15T13:46:00-05:00,2023-03-22T06:05:29-05:00,56512,USD,,false,TRI/SRC/events/01635
EV001636,WCP,WCP_OR_BILLING,,PAYMENT_POSTED,2023-04-03T13:37:00-05:00,2023-04-03T17:00:54-05:00,56512,USD,,false,TRI/SRC/events/01636
EV001637,WCP,WCP_OR_BILLING,WCP-R00896,SUBMITTED,2022-12-09T14:11:00-06:00,2022-12-14T07:01:23-06:00,82197,USD,,false,TRI/SRC/events/01637
EV001638,WCP,WCP_OR_BILLING,WCP-R00896,CLOSED_NO_PAYMENT,2023-03-02T11:33:00-06:00,2023-03-02T18:10:30-06:00,,,,true,TRI/SRC/events/01638
EV001639,WCP,WCP_OR_BILLING,WCP-R00897,SUBMITTED,2023-01-17T10:09:00-06:00,2023-01-31T04:45:26-06:00,41829,USD,,false,TRI/SRC/events/01639
EV001640,WCP,WCP_OR_BILLING,,PAYMENT_POSTED,2023-01-23T14:49:00-06:00,2023-01-23T15:53:09-06:00,41829,USD,,false,TRI/SRC/events/01640
EV001641,WCP,WCP_OR_BILLING,WCP-R00898,SUBMITTED,2023-08-21T13:26:00-05:00,2023-08-21T18:11:18-05:00,4130,USD,,false,TRI/SRC/events/01641
EV001642,WCP,WCP_OR_BILLING,,PAYMENT_POSTED,2023-08-29T13:44:00-05:00,2023-08-31T15:02:14-05:00,4130,USD,,false,TRI/SRC/events/01642
EV001643,WCP,WCP_OR_BILLING,WCP-R00899,SUBMITTED,2023-06-01T14:14:00-05:00,2023-06-07T08:53:13-05:00,114914,USD,,false,TRI/SRC/events/01643
EV001644,WCP,WCP_OR_BILLING,,PAYMENT_POSTED,2023-06-19T17:06:00-05:00,2023-07-03T19:21:30-05:00,114914,USD,,false,TRI/SRC/events/01644
EV001645,WCP,WCP_OR_BILLING,WCP-R00900,SUBMITTED,2023-08-15T14:31:00-05:00,2023-08-22T15:55:11-05:00,12306,USD,,false,TRI/SRC/events/01645
EV001646,WCP,WCP_OR_BILLING,,PAYMENT_POSTED,2023-10-10T13:04:00-05:00,2023-10-11T22:25:57-05:00,12306,USD,,false,TRI/SRC/events/01646
EV001647,WCP,WCP_OR_BILLING,WCP-R00901,SUBMITTED,2023-08-11T10:14:00-05:00,2023-08-14T01:07:08-05:00,6666,USD,,false,TRI/SRC/events/01647
EV001648,WCP,WCP_OR_BILLING,,PAYMENT_POSTED,2023-10-06T12:20:00-05:00,2023-10-06T19:51:15-05:00,6666,USD,,false,TRI/SRC/events/01648
EV001649,WCP,WCP_OR_BILLING,WCP-R00902,SUBMITTED,2023-09-08T14:19:00-05:00,2023-09-13T14:39:56-05:00,7285,USD,,false,TRI/SRC/events/01649
EV001650,WCP,WCP_OR_BILLING,,PAYMENT_POSTED,2023-09-25T10:16:00-05:00,2023-09-25T17:40:45-05:00,7285,USD,,false,TRI/SRC/events/01650
EV001651,WCP,WCP_OR_BILLING,WCP-R00903,SUBMITTED,2023-03-16T15:57:00-05:00,2023-03-20T07:34:47-05:00,13439,USD,,false,TRI/SRC/events/01651
EV001652,WCP,WCP_OR_BILLING,,PAYMENT_POSTED,2023-04-03T14:23:00-05:00,2023-04-07T06:49:55-05:00,13439,USD,,false,TRI/SRC/events/01652
EV001653,WCP,WCP_OR_BILLING,WCP-R00904,SUBMITTED,2023-05-03T09:22:00-05:00,2023-05-07T19:18:54-05:00,6947,USD,,false,TRI/SRC/events/01653
EV001654,WCP,WCP_OR_BILLING,,PAYMENT_POSTED,2023-05-08T15:12:00-05:00,2023-05-08T16:55:54-05:00,6947,USD,,false,TRI/SRC/events/01654
EV001655,WCP,WCP_OR_BILLING,WCP-R00905,SUBMITTED,2022-09-21T10:01:00-05:00,2022-09-21T11:08:23-05:00,4042,USD,,false,TRI/SRC/events/01655
EV001656,WCP,WCP_OR_BILLING,WCP-R00905,CLOSED_NO_PAYMENT,2022-12-09T16:03:00-06:00,2022-12-12T06:11:21-06:00,,,,true,TRI/SRC/events/01656
EV001657,WCP,WCP_OR_BILLING,WCP-R00906,SUBMITTED,2023-03-13T16:24:00-05:00,2023-03-13T21:54:09-05:00,25294,USD,,false,TRI/SRC/events/01657
EV001658,WCP,WCP_OR_BILLING,,PAYMENT_POSTED,2023-03-22T13:32:00-05:00,2023-03-25T01:20:02-05:00,25294,USD,,false,TRI/SRC/events/01658
EV001659,WCP,WCP_OR_BILLING,WCP-R00907,SUBMITTED,2022-11-24T12:15:00-06:00,2022-12-03T12:23:16-06:00,12067,USD,,false,TRI/SRC/events/01659
EV001660,WCP,WCP_OR_BILLING,WCP-R00908,CORRECTED,2022-12-01T17:22:00-06:00,2022-12-01T22:00:26-06:00,12612,USD,,false,TRI/SRC/events/01660
EV001661,WCP,WCP_OR_BILLING,WCP-R00907,VOID_VERSION,2022-12-01T17:22:00-06:00,2022-12-01T21:21:14-06:00,12067,USD,,false,TRI/SRC/events/01661
EV001662,WCP,WCP_OR_BILLING,,PAYMENT_POSTED,2023-01-30T10:55:00-06:00,2023-01-30T11:40:58-06:00,12612,USD,,false,TRI/SRC/events/01662
EV001663,WCP,WCP_OR_BILLING,WCP-R00909,SUBMITTED,2022-10-13T09:48:00-05:00,2022-10-13T12:30:50-05:00,62019,USD,,false,TRI/SRC/events/01663
EV001664,WCP,WCP_OR_BILLING,,PAYMENT_POSTED,2022-11-16T13:24:00-06:00,2022-11-17T13:02:37-06:00,62019,USD,,false,TRI/SRC/events/01664
EV001665,WCP,WCP_OR_BILLING,WCP-R00910,SUBMITTED,2022-08-31T12:17:00-05:00,2022-08-31T13:19:02-05:00,6415,USD,,false,TRI/SRC/events/01665
EV001666,WCP,WCP_OR_BILLING,,PAYMENT_POSTED,2022-09-09T12:08:00-05:00,2022-09-18T08:52:52-05:00,6415,USD,,false,TRI/SRC/events/01666
EV001667,WCP,WCP_OR_BILLING,WCP-R00911,SUBMITTED,2023-01-05T15:19:00-06:00,2023-01-05T16:06:07-06:00,63581,USD,,false,TRI/SRC/events/01667
EV001668,WCP,WCP_OR_BILLING,,PAYMENT_POSTED,2023-02-17T17:57:00-06:00,2023-03-06T21:24:36-06:00,63581,USD,,false,TRI/SRC/events/01668
EV001669,WCP,WCP_OR_BILLING,WCP-R00912,SUBMITTED,2023-01-02T16:58:00-06:00,2023-01-02T23:07:04-06:00,5719,USD,,false,TRI/SRC/events/01669
EV001670,WCP,WCP_OR_BILLING,WCP-R00913,SUBMITTED,2023-09-04T11:48:00-05:00,2023-09-04T13:03:56-05:00,5395,USD,,false,TRI/SRC/events/01670
EV001671,WCP,WCP_OR_BILLING,,PAYMENT_POSTED,2023-09-21T17:39:00-05:00,2023-09-24T10:30:21-05:00,5395,USD,,false,TRI/SRC/events/01671
EV001672,WCP,WCP_OR_BILLING,WCP-R00914,SUBMITTED,2022-11-14T15:52:00-06:00,2022-11-14T21:27:57-06:00,30635,USD,,false,TRI/SRC/events/01672
EV001673,WCP,WCP_OR_BILLING,,PAYMENT_POSTED,2022-11-22T09:27:00-06:00,2022-11-22T16:16:34-06:00,30635,USD,,false,TRI/SRC/events/01673
EV001674,WCP,WCP_OR_BILLING,WCP-R00915,SUBMITTED,2023-04-26T17:25:00-05:00,2023-04-27T00:50:30-05:00,19414,USD,,false,TRI/SRC/events/01674
EV001675,WCP,WCP_OR_BILLING,,PAYMENT_POSTED,2023-05-22T09:16:00-05:00,2023-05-22T11:39:18-05:00,19414,USD,,false,TRI/SRC/events/01675
EV001676,WCP,WCP_OR_BILLING,WCP-R00916,SUBMITTED,2022-08-31T14:11:00-05:00,2022-08-31T19:32:08-05:00,29309,USD,,false,TRI/SRC/events/01676
EV001677,WCP,WCP_OR_BILLING,WCP-R00917,SUBMITTED,2022-12-22T10:06:00-06:00,2022-12-22T16:50:33-06:00,72156,USD,,false,TRI/SRC/events/01677
EV001678,WCP,WCP_OR_BILLING,,PAYMENT_POSTED,2023-01-19T10:07:00-06:00,2023-01-19T15:25:06-06:00,72156,USD,,false,TRI/SRC/events/01678
EV001679,WCP,WCP_OR_BILLING,WCP-R00918,SUBMITTED,2023-06-13T11:39:00-05:00,2023-06-13T17:07:10-05:00,21791,USD,,false,TRI/SRC/events/01679
EV001680,WCP,WCP_OR_BILLING,,PAYMENT_POSTED,2023-06-27T16:06:00-05:00,2023-06-27T22:59:28-05:00,21791,USD,,false,TRI/SRC/events/01680
EV001681,WCP,WCP_OR_BILLING,WCP-R00919,SUBMITTED,2022-08-05T17:27:00-05:00,2022-08-06T13:29:26-05:00,5435,USD,,false,TRI/SRC/events/01681
EV001682,WCP,WCP_OR_BILLING,,PAYMENT_POSTED,2022-09-12T15:40:00-05:00,2022-09-18T00:54:11-05:00,5435,USD,,false,TRI/SRC/events/01682
EV001683,WCP,WCP_OR_BILLING,WCP-R00920,SUBMITTED,2023-08-14T09:36:00-05:00,2023-08-23T21:28:02-05:00,9495,USD,,false,TRI/SRC/events/01683
EV001684,WCP,WCP_OR_BILLING,,PAYMENT_POSTED,2023-08-29T15:20:00-05:00,2023-09-01T15:28:51-05:00,9495,USD,,false,TRI/SRC/events/01684
EV001685,WCP,WCP_OR_BILLING,WCP-R00921,SUBMITTED,2023-06-21T09:53:00-05:00,2023-06-21T14:41:34-05:00,3137,USD,,false,TRI/SRC/events/01685
EV001686,WCP,WCP_OR_BILLING,,PAYMENT_POSTED,2023-07-07T09:59:00-05:00,2023-07-07T15:57:15-05:00,3137,USD,,false,TRI/SRC/events/01686
EV001687,WCP,WCP_OR_BILLING,WCP-R00922,SUBMITTED,2023-08-14T09:24:00-05:00,2023-08-17T04:46:15-05:00,3306,USD,,false,TRI/SRC/events/01687
EV001688,WCP,WCP_OR_BILLING,,PAYMENT_POSTED,2023-08-24T16:43:00-05:00,2023-09-04T15:22:10-05:00,3306,USD,,false,TRI/SRC/events/01688
EV001689,WCP,WCP_OR_BILLING,WCP-R00923,SUBMITTED,2022-11-28T11:34:00-06:00,2022-12-02T15:27:49-06:00,11929,USD,,false,TRI/SRC/events/01689
EV001690,WCP,WCP_OR_BILLING,,PAYMENT_POSTED,2022-12-13T15:12:00-06:00,2022-12-20T12:06:32-06:00,11929,USD,,false,TRI/SRC/events/01690
EV001691,WCP,WCP_OR_BILLING,WCP-R00924,SUBMITTED,2023-01-09T16:43:00-06:00,2023-01-10T18:11:01-06:00,35232,USD,,false,TRI/SRC/events/01691
EV001692,WCP,WCP_OR_BILLING,,PAYMENT_POSTED,2023-01-25T17:50:00-06:00,2023-01-27T09:51:18-06:00,35232,USD,,false,TRI/SRC/events/01692
EV001693,WCP,WCP_OR_BILLING,WCP-R00925,SUBMITTED,2023-07-31T10:43:00-05:00,2023-08-12T08:58:02-05:00,9841,USD,,false,TRI/SRC/events/01693
EV001694,WCP,WCP_OR_BILLING,,PAYMENT_POSTED,2023-09-25T14:21:00-05:00,2023-09-25T18:55:36-05:00,9841,USD,,false,TRI/SRC/events/01694
EV001695,WCP,WCP_OR_BILLING,WCP-R00925,PAYMENT_REVERSED,2023-10-03T14:52:00-05:00,2023-10-03T15:11:55-05:00,2326,USD,,false,TRI/SRC/events/01695
EV001696,WCP,WCP_OR_BILLING,WCP-R00926,SUBMITTED,2023-06-19T10:58:00-05:00,2023-06-22T18:45:46-05:00,10704,USD,,false,TRI/SRC/events/01696
EV001697,WCP,WCP_OR_BILLING,WCP-R00926,CLOSED_NO_PAYMENT,2023-08-07T13:15:00-05:00,2023-08-07T13:28:11-05:00,,,,true,TRI/SRC/events/01697
EV001698,WCP,WCP_OR_BILLING,WCP-R00927,SUBMITTED,2023-06-19T11:01:00-05:00,2023-08-15T02:03:24-05:00,21067,USD,,false,TRI/SRC/events/01698
EV001699,WCP,WCP_OR_BILLING,,PAYMENT_POSTED,2023-07-17T13:05:00-05:00,2023-07-17T18:18:32-05:00,21067,USD,,false,TRI/SRC/events/01699
EV001700,WCP,WCP_OR_BILLING,WCP-R00928,SUBMITTED,2023-06-28T09:01:00-05:00,2023-06-28T14:46:23-05:00,115664,USD,,false,TRI/SRC/events/01700
EV001701,WCP,WCP_OR_BILLING,,PAYMENT_POSTED,2023-07-24T15:06:00-05:00,2023-07-24T19:57:06-05:00,115664,USD,,false,TRI/SRC/events/01701
EV001702,WCP,WCP_OR_BILLING,WCP-R00929,SUBMITTED,2023-01-30T16:33:00-06:00,2023-02-08T00:52:33-06:00,10861,USD,,false,TRI/SRC/events/01702
EV001703,WCP,WCP_OR_BILLING,WCP-R00930,CORRECTED,2023-02-07T16:13:00-06:00,2023-02-09T20:45:37-06:00,13054,USD,,false,TRI/SRC/events/01703
EV001704,WCP,WCP_OR_BILLING,WCP-R00931,SUBMITTED,2022-08-30T11:47:00-05:00,2022-09-04T13:07:39-05:00,3027,USD,,false,TRI/SRC/events/01704
EV001705,WCP,WCP_OR_BILLING,WCP-R00932,SUBMITTED,2022-12-15T11:49:00-06:00,2022-12-21T02:07:10-06:00,9927,USD,,false,TRI/SRC/events/01705
EV001706,WCP,WCP_OR_BILLING,,PAYMENT_POSTED,2023-02-14T15:42:00-06:00,2023-02-15T05:24:01-06:00,9927,USD,,false,TRI/SRC/events/01706
EV001707,WCP,WCP_OR_BILLING,WCP-R00933,SUBMITTED,2023-03-02T15:16:00-06:00,2023-03-02T15:55:35-06:00,10466,USD,,false,TRI/SRC/events/01707
EV001708,WCP,WCP_OR_BILLING,,PAYMENT_POSTED,2023-03-13T16:43:00-05:00,2023-03-24T13:44:45-05:00,10466,USD,,false,TRI/SRC/events/01708
EV001709,WCP,WCP_OR_BILLING,WCP-R00934,SUBMITTED,2023-01-16T17:51:00-06:00,2023-01-25T22:53:56-06:00,6536,USD,,false,TRI/SRC/events/01709
EV001710,WCP,WCP_OR_BILLING,,PAYMENT_POSTED,2023-02-23T16:59:00-06:00,2023-02-26T02:53:56-06:00,6536,USD,,false,TRI/SRC/events/01710
EV001711,WCP,WCP_OR_BILLING,WCP-R00935,SUBMITTED,2022-09-21T11:22:00-05:00,2022-10-02T04:38:28-05:00,52454,USD,,false,TRI/SRC/events/01711
EV001712,WCP,WCP_OR_BILLING,,PAYMENT_POSTED,2022-09-26T15:05:00-05:00,2022-09-26T21:59:16-05:00,52454,USD,,false,TRI/SRC/events/01712
EV001713,WCP,WCP_OR_BILLING,WCP-R00936,SUBMITTED,2022-09-26T12:45:00-05:00,2022-10-01T01:49:55-05:00,12393,USD,,false,TRI/SRC/events/01713
EV001714,WCP,WCP_OR_BILLING,,PAYMENT_POSTED,2022-10-19T10:48:00-05:00,2022-10-19T10:54:54-05:00,12393,USD,,false,TRI/SRC/events/01714
EV001715,WCP,WCP_OR_BILLING,WCP-R00937,SUBMITTED,2023-03-03T16:54:00-06:00,2023-03-11T08:11:12-06:00,11349,USD,,false,TRI/SRC/events/01715
EV001716,WCP,WCP_OR_BILLING,,PAYMENT_POSTED,2023-03-27T14:58:00-05:00,2023-03-27T21:35:20-05:00,11349,USD,,false,TRI/SRC/events/01716
EV001717,WCP,WCP_OR_BILLING,WCP-R00938,SUBMITTED,2022-07-04T12:42:00-05:00,2022-07-06T16:11:52-05:00,23356,USD,,false,TRI/SRC/events/01717
EV001718,WCP,WCP_OR_BILLING,,PAYMENT_POSTED,2022-07-20T10:11:00-05:00,2022-07-20T11:31:04-05:00,23356,USD,,false,TRI/SRC/events/01718
EV001719,WCP,WCP_OR_BILLING,WCP-R00939,SUBMITTED,2023-05-11T17:59:00-05:00,2023-05-13T01:41:15-05:00,14154,USD,,false,TRI/SRC/events/01719
EV001720,WCP,WCP_OR_BILLING,,PAYMENT_POSTED,2023-06-02T13:42:00-05:00,2023-06-02T19:42:49-05:00,14154,USD,,false,TRI/SRC/events/01720
EV001721,WCP,WCP_OR_BILLING,WCP-R00940,SUBMITTED,2022-09-13T11:19:00-05:00,2022-09-13T15:41:13-05:00,13845,USD,,false,TRI/SRC/events/01721
EV001722,WCP,WCP_OR_BILLING,,PAYMENT_POSTED,2022-09-30T17:17:00-05:00,2022-10-06T12:24:46-05:00,13845,USD,,false,TRI/SRC/events/01722
EV001723,WCP,WCP_OR_BILLING,WCP-R00941,SUBMITTED,2022-09-12T11:54:00-05:00,2022-09-12T18:21:09-05:00,10867,USD,,false,TRI/SRC/events/01723
EV001724,WCP,WCP_OR_BILLING,WCP-R00942,SUBMITTED,2023-09-15T12:17:00-05:00,2023-09-24T01:50:00-05:00,4208,USD,,false,TRI/SRC/events/01724
EV001725,WCP,WCP_OR_BILLING,,PAYMENT_POSTED,2023-09-25T15:51:00-05:00,2023-09-27T04:10:25-05:00,4208,USD,,false,TRI/SRC/events/01725
EV001726,WCP,WCP_OR_BILLING,WCP-R00943,SUBMITTED,2022-07-04T12:06:00-05:00,2022-07-04T16:38:38-05:00,13441,USD,,false,TRI/SRC/events/01726
EV001727,WCP,WCP_OR_BILLING,,PAYMENT_POSTED,2022-07-26T12:42:00-05:00,2022-08-02T00:14:35-05:00,13441,USD,,false,TRI/SRC/events/01727
EV001728,WCP,WCP_OR_BILLING,WCP-R00944,SUBMITTED,2022-08-18T11:17:00-05:00,2022-08-18T18:33:43-05:00,18320,USD,,false,TRI/SRC/events/01728
EV001729,WCP,WCP_OR_BILLING,,PAYMENT_POSTED,2022-08-29T16:58:00-05:00,2022-08-29T21:06:07-05:00,18320,USD,,false,TRI/SRC/events/01729
EV001730,WCP,WCP_OR_BILLING,WCP-R00945,SUBMITTED,2022-10-05T11:08:00-05:00,2022-10-17T11:12:35-05:00,13042,USD,,false,TRI/SRC/events/01730
EV001731,WCP,WCP_OR_BILLING,WCP-R00945,CLOSED_NO_PAYMENT,2022-12-27T14:42:00-06:00,2022-12-27T20:31:26-06:00,,,,true,TRI/SRC/events/01731
EV001732,WCP,WCP_OR_BILLING,WCP-R00946,SUBMITTED,2023-03-24T14:50:00-05:00,2023-03-24T21:03:16-05:00,8852,USD,,false,TRI/SRC/events/01732
EV001733,WCP,WCP_OR_BILLING,WCP-R00946,CLOSED_NO_PAYMENT,2023-05-22T11:35:00-05:00,2023-05-24T03:11:44-05:00,,,,true,TRI/SRC/events/01733
EV001734,WCP,WCP_OR_BILLING,WCP-R00947,SUBMITTED,2023-06-21T11:15:00-05:00,2023-06-25T14:21:15-05:00,3881,USD,,false,TRI/SRC/events/01734
EV001735,WCP,WCP_OR_BILLING,WCP-R00947,CLOSED_NO_PAYMENT,2023-08-03T15:40:00-05:00,2023-08-08T16:49:32-05:00,,,,true,TRI/SRC/events/01735
EV001736,WCP,WCP_OR_BILLING,WCP-R00948,SUBMITTED,2023-07-07T12:40:00-05:00,2023-07-11T12:29:25-05:00,8056,USD,,false,TRI/SRC/events/01736
EV001737,WCP,WCP_OR_BILLING,WCP-R00948,CLOSED_NO_PAYMENT,2023-08-24T13:55:00-05:00,2023-08-24T19:47:55-05:00,,,,true,TRI/SRC/events/01737
EV001738,WCP,WCP_OR_BILLING,WCP-R00949,SUBMITTED,2023-06-05T15:23:00-05:00,2023-06-07T18:57:26-05:00,3101,USD,,false,TRI/SRC/events/01738
EV001739,WCP,WCP_OR_BILLING,,PAYMENT_POSTED,2023-07-11T09:29:00-05:00,2023-07-11T11:37:31-05:00,3101,USD,,false,TRI/SRC/events/01739
EV001740,WCP,WCP_OR_BILLING,WCP-R00950,SUBMITTED,2022-09-05T11:32:00-05:00,2022-09-17T23:51:21-05:00,7884,USD,,false,TRI/SRC/events/01740
EV001741,WCP,WCP_OR_BILLING,,PAYMENT_POSTED,2022-10-03T16:59:00-05:00,2022-10-08T15:25:12-05:00,7884,USD,,false,TRI/SRC/events/01741
EV001742,WCP,WCP_OR_BILLING,WCP-R00951,SUBMITTED,2022-11-01T10:24:00-05:00,2022-11-01T16:38:44-05:00,84671,USD,,false,TRI/SRC/events/01742
EV001743,WCP,WCP_OR_BILLING,,PAYMENT_POSTED,2022-11-25T12:27:00-06:00,2022-11-29T14:19:41-06:00,84671,USD,,false,TRI/SRC/events/01743
EV001744,WCP,WCP_OR_BILLING,WCP-R00952,SUBMITTED,2023-05-08T16:37:00-05:00,2023-05-10T22:26:24-05:00,22183,USD,,false,TRI/SRC/events/01744
EV001745,WCP,WCP_OR_BILLING,,PAYMENT_POSTED,2023-06-06T16:35:00-05:00,2023-06-06T22:55:15-05:00,22183,USD,,false,TRI/SRC/events/01745
EV001746,WCP,WCP_OR_BILLING,WCP-R00953,SUBMITTED,2022-12-05T13:17:00-06:00,2022-12-05T20:47:34-06:00,21366,USD,,false,TRI/SRC/events/01746
EV001747,WCP,WCP_OR_BILLING,,PAYMENT_POSTED,2022-12-12T13:54:00-06:00,2022-12-14T15:54:01-06:00,21366,USD,,false,TRI/SRC/events/01747
EV001748,WCP,WCP_OR_BILLING,WCP-R00954,SUBMITTED,2022-07-11T10:22:00-05:00,2022-07-17T14:02:54-05:00,7504,USD,,false,TRI/SRC/events/01748
EV001749,WCP,WCP_OR_BILLING,,PAYMENT_POSTED,2022-07-29T13:46:00-05:00,2022-07-29T17:26:34-05:00,7504,USD,,false,TRI/SRC/events/01749
EV001750,WCP,WCP_OR_BILLING,WCP-R00955,SUBMITTED,2023-05-31T16:12:00-05:00,2023-05-31T21:32:55-05:00,4052,USD,,false,TRI/SRC/events/01750
EV001751,WCP,WCP_OR_BILLING,,PAYMENT_POSTED,2023-06-09T15:05:00-05:00,2023-06-09T15:39:34-05:00,4052,USD,,false,TRI/SRC/events/01751
EV001752,WCP,WCP_OR_BILLING,WCP-R00956,SUBMITTED,2023-05-30T09:39:00-05:00,2023-06-13T14:28:05-05:00,7430,USD,,false,TRI/SRC/events/01752
EV001753,WCP,WCP_OR_BILLING,WCP-R00957,SUBMITTED,2022-11-01T12:18:00-05:00,2022-11-01T17:07:37-05:00,2500,USD,,false,TRI/SRC/events/01753
EV001754,WCP,WCP_OR_BILLING,WCP-R00958,CORRECTED,2022-11-11T11:45:00-06:00,2022-11-11T13:50:40-06:00,2508,USD,,false,TRI/SRC/events/01754
EV001755,WCP,WCP_OR_BILLING,WCP-R00959,SUBMITTED,2022-08-31T16:30:00-05:00,2022-08-31T18:27:05-05:00,76619,USD,,false,TRI/SRC/events/01755
EV001756,WCP,WCP_OR_BILLING,,PAYMENT_POSTED,2022-09-23T10:31:00-05:00,2022-09-24T13:02:29-05:00,76619,USD,,false,TRI/SRC/events/01756
EV001757,WCP,WCP_OR_BILLING,WCP-R00960,SUBMITTED,2023-06-27T16:21:00-05:00,2023-06-27T21:59:16-05:00,28336,USD,,false,TRI/SRC/events/01757
EV001758,WCP,WCP_OR_BILLING,,PAYMENT_POSTED,2023-07-17T13:06:00-05:00,2023-07-21T16:00:01-05:00,28336,USD,,false,TRI/SRC/events/01758
EV001759,WCP,WCP_OR_BILLING,WCP-R00961,SUBMITTED,2023-06-13T11:21:00-05:00,2023-06-14T06:01:01-05:00,13853,USD,,false,TRI/SRC/events/01759
EV001760,WCP,WCP_OR_BILLING,,PAYMENT_POSTED,2023-07-26T12:34:00-05:00,2023-07-26T14:54:45-05:00,13853,USD,,false,TRI/SRC/events/01760
EV001761,WCP,WCP_OR_BILLING,WCP-R00962,SUBMITTED,2023-06-07T10:27:00-05:00,2023-06-10T08:16:17-05:00,7335,USD,,false,TRI/SRC/events/01761
EV001762,WCP,WCP_OR_BILLING,,PAYMENT_POSTED,2023-07-10T15:52:00-05:00,2023-07-13T20:23:24-05:00,7335,USD,,false,TRI/SRC/events/01762
EV001763,WCP,WCP_OR_BILLING,WCP-R00963,SUBMITTED,2023-04-13T13:36:00-05:00,2023-04-13T19:54:40-05:00,78465,USD,,false,TRI/SRC/events/01763
EV001764,WCP,WCP_OR_BILLING,,PAYMENT_POSTED,2023-05-01T16:39:00-05:00,2023-05-01T17:18:03-05:00,78465,USD,,false,TRI/SRC/events/01764
EV001765,WCP,WCP_OR_BILLING,WCP-R00964,SUBMITTED,2023-02-21T17:25:00-06:00,2023-02-21T21:16:21-06:00,5389,USD,,false,TRI/SRC/events/01765
EV001766,WCP,WCP_OR_BILLING,,PAYMENT_POSTED,2023-03-15T13:56:00-05:00,2023-05-10T21:54:03-05:00,5389,USD,,false,TRI/SRC/events/01766
EV001767,WCP,WCP_OR_BILLING,WCP-R00965,SUBMITTED,2023-08-28T10:13:00-05:00,2023-08-28T11:17:20-05:00,8520,USD,,false,TRI/SRC/events/01767
EV001768,WCP,WCP_OR_BILLING,,PAYMENT_POSTED,2023-09-12T10:16:00-05:00,2023-09-13T10:25:30-05:00,8520,USD,,false,TRI/SRC/events/01768
EV001769,WCP,WCP_OR_BILLING,WCP-R00966,SUBMITTED,2023-05-15T09:36:00-05:00,2023-05-17T02:09:25-05:00,6090,USD,,false,TRI/SRC/events/01769
EV001770,WCP,WCP_OR_BILLING,,PAYMENT_POSTED,2023-06-06T12:17:00-05:00,2023-06-07T18:03:05-05:00,6090,USD,,false,TRI/SRC/events/01770
EV001771,WCP,WCP_OR_BILLING,WCP-R00967,SUBMITTED,2023-05-15T12:41:00-05:00,2023-05-15T13:55:19-05:00,10312,USD,,false,TRI/SRC/events/01771
EV001772,WCP,WCP_OR_BILLING,WCP-R00968,SUBMITTED,2023-01-17T13:31:00-06:00,2023-01-17T15:55:57-06:00,12755,USD,,false,TRI/SRC/events/01772
EV001773,WCP,WCP_OR_BILLING,WCP-R00969,CORRECTED,2023-01-25T10:28:00-06:00,2023-01-28T19:56:11-06:00,15592,USD,,false,TRI/SRC/events/01773
EV001774,WCP,WCP_OR_BILLING,,PAYMENT_POSTED,2023-01-27T17:12:00-06:00,2023-02-03T23:06:34-06:00,15592,USD,,false,TRI/SRC/events/01774
EV001775,WCP,WCP_OR_BILLING,WCP-R00970,SUBMITTED,2023-03-09T15:17:00-06:00,2023-03-09T16:12:33-06:00,10564,USD,,false,TRI/SRC/events/01775
EV001776,WCP,WCP_OR_BILLING,,PAYMENT_POSTED,2023-04-04T16:41:00-05:00,2023-04-04T20:06:51-05:00,10564,USD,,false,TRI/SRC/events/01776
EV001777,WCP,WCP_OR_BILLING,WCP-R00971,SUBMITTED,2022-09-14T09:59:00-05:00,2022-09-14T17:47:16-05:00,7525,USD,,false,TRI/SRC/events/01777
EV001778,WCP,WCP_OR_BILLING,,PAYMENT_POSTED,2022-10-12T16:31:00-05:00,2022-10-23T14:45:04-05:00,7525,USD,,false,TRI/SRC/events/01778
EV001779,WCP,WCP_OR_BILLING,WCP-R00972,SUBMITTED,2023-07-11T13:12:00-05:00,2023-07-15T23:45:46-05:00,5857,USD,,false,TRI/SRC/events/01779
EV001780,WCP,WCP_OR_BILLING,,PAYMENT_POSTED,2023-07-21T12:26:00-05:00,2023-07-21T18:03:46-05:00,5857,USD,,false,TRI/SRC/events/01780
EV001781,WCP,WCP_OR_BILLING,WCP-R00973,SUBMITTED,2023-07-31T14:05:00-05:00,2023-07-31T20:33:12-05:00,3922,USD,,false,TRI/SRC/events/01781
EV001782,WCP,WCP_OR_BILLING,,PAYMENT_POSTED,2023-09-11T15:42:00-05:00,2023-09-11T22:03:50-05:00,3922,USD,,false,TRI/SRC/events/01782
EV001783,WCP,WCP_OR_BILLING,WCP-R00974,SUBMITTED,2022-11-07T09:32:00-06:00,2022-11-07T17:23:53-06:00,6683,USD,,false,TRI/SRC/events/01783
EV001784,WCP,WCP_OR_BILLING,,PAYMENT_POSTED,2022-11-18T09:49:00-06:00,2022-11-19T00:40:59-06:00,6683,USD,,false,TRI/SRC/events/01784
EV001785,WCP,WCP_OR_BILLING,WCP-R00975,SUBMITTED,2022-08-22T11:06:00-05:00,2022-08-24T12:42:41-05:00,22707,USD,,false,TRI/SRC/events/01785
EV001786,WCP,WCP_OR_BILLING,,PAYMENT_POSTED,2022-09-16T12:35:00-05:00,2022-09-16T19:05:05-05:00,22707,USD,,false,TRI/SRC/events/01786
EV001787,WCP,WCP_OR_BILLING,WCP-R00976,SUBMITTED,2023-06-27T09:10:00-05:00,2023-06-30T20:39:57-05:00,104917,USD,,false,TRI/SRC/events/01787
EV001788,WCP,WCP_OR_BILLING,,PAYMENT_POSTED,2023-07-21T09:52:00-05:00,2023-07-22T13:08:37-05:00,104917,USD,,false,TRI/SRC/events/01788
EV001789,WCP,WCP_OR_BILLING,WCP-R00977,SUBMITTED,2023-08-03T17:04:00-05:00,2023-08-03T21:09:42-05:00,4677,USD,,false,TRI/SRC/events/01789
EV001790,WCP,WCP_OR_BILLING,,PAYMENT_POSTED,2023-08-24T11:01:00-05:00,2023-08-26T08:59:49-05:00,4677,USD,,false,TRI/SRC/events/01790
EV001791,WCP,WCP_OR_BILLING,WCP-R00978,SUBMITTED,2023-02-03T09:44:00-06:00,2023-02-08T01:29:06-06:00,17112,USD,,false,TRI/SRC/events/01791
EV001792,WCP,WCP_OR_BILLING,,PAYMENT_POSTED,2023-02-22T09:46:00-06:00,2023-02-22T12:02:46-06:00,17112,USD,,false,TRI/SRC/events/01792
EV001793,WCP,WCP_OR_BILLING,WCP-R00979,SUBMITTED,2023-07-21T16:15:00-05:00,2023-07-24T15:15:04-05:00,4637,USD,,false,TRI/SRC/events/01793
EV001794,WCP,WCP_OR_BILLING,WCP-R00980,SUBMITTED,2022-09-08T17:51:00-05:00,2022-09-08T23:25:42-05:00,99618,USD,,false,TRI/SRC/events/01794
EV001795,WCP,WCP_OR_BILLING,,PAYMENT_POSTED,2022-09-19T16:17:00-05:00,2022-09-26T14:20:53-05:00,99618,USD,,false,TRI/SRC/events/01795
EV001796,WCP,WCP_OR_BILLING,WCP-R00981,SUBMITTED,2023-04-10T13:30:00-05:00,2023-04-10T14:59:39-05:00,6720,USD,,false,TRI/SRC/events/01796
EV001797,WCP,WCP_OR_BILLING,WCP-R00982,CORRECTED,2023-04-21T10:17:00-05:00,2023-04-21T14:17:52-05:00,6374,USD,,false,TRI/SRC/events/01797
EV001798,WCP,WCP_OR_BILLING,,PAYMENT_POSTED,2023-04-24T17:53:00-05:00,2023-04-28T12:17:03-05:00,6374,USD,,false,TRI/SRC/events/01798
EV001799,WCP,WCP_OR_BILLING,WCP-R00983,SUBMITTED,2022-12-05T10:04:00-06:00,2022-12-05T15:55:03-06:00,14320,USD,,false,TRI/SRC/events/01799
EV001800,WCP,WCP_OR_BILLING,,PAYMENT_POSTED,2023-03-17T15:38:00-05:00,2023-03-19T09:34:44-05:00,14320,USD,,false,TRI/SRC/events/01800
EV001801,WCP,WCP_OR_BILLING,WCP-R00984,SUBMITTED,2022-07-18T17:24:00-05:00,2022-07-18T20:27:54-05:00,141220,USD,,false,TRI/SRC/events/01801
EV001802,WCP,WCP_OR_BILLING,,PAYMENT_POSTED,2022-08-03T10:52:00-05:00,2022-08-03T18:16:33-05:00,141220,USD,,false,TRI/SRC/events/01802
EV001803,WCP,WCP_OR_BILLING,WCP-R00985,SUBMITTED,2023-06-22T15:04:00-05:00,2023-06-28T14:50:30-05:00,35221,USD,,false,TRI/SRC/events/01803
EV001804,WCP,WCP_OR_BILLING,WCP-R00986,SUBMITTED,2022-07-04T16:46:00-05:00,2022-07-04T23:44:15-05:00,7910,USD,,false,TRI/SRC/events/01804
EV001805,WCP,WCP_OR_BILLING,,PAYMENT_POSTED,2022-08-12T15:06:00-05:00,2022-08-13T04:03:02-05:00,7910,USD,,false,TRI/SRC/events/01805
EV001806,WCP,WCP_OR_BILLING,WCP-R00987,SUBMITTED,2022-07-04T11:10:00-05:00,2022-07-05T09:51:57-05:00,7428,USD,,false,TRI/SRC/events/01806
EV001807,WCP,WCP_OR_BILLING,WCP-R00988,SUBMITTED,2022-09-26T07:52:00-05:00,2022-09-26T13:17:09-05:00,17989,USD,,false,TRI/SRC/events/01807
EV001808,WCP,WCP_OR_BILLING,,PAYMENT_POSTED,2022-10-28T05:28:00-05:00,2022-10-29T21:04:36-05:00,17989,USD,,false,TRI/SRC/events/01808
EV001809,WCP,WCP_OR_BILLING,WCP-R00989,SUBMITTED,2022-12-26T10:04:00-06:00,2023-01-09T04:39:33-06:00,8113,USD,,false,TRI/SRC/events/01809
EV001810,WCP,WCP_OR_BILLING,,PAYMENT_POSTED,2023-01-09T14:18:00-06:00,2023-01-10T17:42:42-06:00,8113,USD,,false,TRI/SRC/events/01810
EV001811,WCP,WCP_OR_BILLING,WCP-R00990,SUBMITTED,2023-01-19T09:32:00-06:00,2023-01-19T17:21:40-06:00,19217,USD,,false,TRI/SRC/events/01811
EV001812,WCP,WCP_OR_BILLING,WCP-R00991,CORRECTED,2023-01-23T10:02:00-06:00,2023-01-23T16:54:53-06:00,23838,USD,,false,TRI/SRC/events/01812
EV001813,WCP,WCP_OR_BILLING,,PAYMENT_POSTED,2023-03-08T10:10:00-06:00,2023-03-12T16:05:39-05:00,23838,USD,,false,TRI/SRC/events/01813
EV001814,WCP,WCP_OR_BILLING,WCP-R00992,SUBMITTED,2023-05-31T13:56:00-05:00,2023-06-02T06:50:34-05:00,119415,USD,,false,TRI/SRC/events/01814
EV001815,WCP,WCP_OR_BILLING,,PAYMENT_POSTED,2023-06-12T17:21:00-05:00,2023-06-13T21:54:42-05:00,119415,USD,,false,TRI/SRC/events/01815
EV001816,WCP,WCP_OR_BILLING,WCP-R00993,SUBMITTED,2023-01-02T15:15:00-06:00,2023-01-10T07:00:37-06:00,12587,USD,,false,TRI/SRC/events/01816
EV001817,WCP,WCP_OR_BILLING,,PAYMENT_POSTED,2023-01-13T17:15:00-06:00,2023-01-13T19:32:36-06:00,12587,USD,,false,TRI/SRC/events/01817
EV001818,WCP,WCP_OR_BILLING,WCP-R00994,SUBMITTED,2023-05-19T11:36:00-05:00,2023-05-19T11:49:03-05:00,4760,USD,,false,TRI/SRC/events/01818
EV001819,WCP,WCP_OR_BILLING,,PAYMENT_POSTED,2023-06-05T12:06:00-05:00,2023-06-06T21:03:56-05:00,4760,USD,,false,TRI/SRC/events/01819
EV001820,WCP,WCP_OR_BILLING,WCP-R00995,SUBMITTED,2023-05-08T10:37:00-05:00,2023-05-10T14:34:40-05:00,33166,USD,,false,TRI/SRC/events/01820
EV001821,WCP,WCP_OR_BILLING,,PAYMENT_POSTED,2023-05-22T14:37:00-05:00,2023-05-22T17:54:31-05:00,33166,USD,,false,TRI/SRC/events/01821
EV001822,WCP,WCP_OR_BILLING,WCP-R00996,SUBMITTED,2022-12-29T16:45:00-06:00,2022-12-29T21:17:13-06:00,198799,USD,,false,TRI/SRC/events/01822
EV001823,WCP,WCP_OR_BILLING,,PAYMENT_POSTED,2023-01-26T09:05:00-06:00,2023-01-26T20:49:04-06:00,198799,USD,,false,TRI/SRC/events/01823
EV001824,WCP,WCP_OR_BILLING,WCP-R00997,SUBMITTED,2023-06-13T16:39:00-05:00,2023-06-13T21:57:43-05:00,49347,USD,,false,TRI/SRC/events/01824
EV001825,WCP,WCP_OR_BILLING,,PAYMENT_POSTED,2023-07-24T10:58:00-05:00,2023-07-24T14:00:44-05:00,49347,USD,,false,TRI/SRC/events/01825
EV001826,WCP,WCP_OR_BILLING,WCP-R00998,SUBMITTED,2023-06-12T12:33:00-05:00,2023-06-16T07:14:25-05:00,16152,USD,,false,TRI/SRC/events/01826
EV001827,WCP,WCP_OR_BILLING,WCP-R00999,SUBMITTED,2022-08-15T09:32:00-05:00,2022-08-18T02:57:22-05:00,85634,USD,,false,TRI/SRC/events/01827
EV001828,WCP,WCP_OR_BILLING,,PAYMENT_POSTED,2022-09-01T14:17:00-05:00,2022-09-05T04:09:46-05:00,85634,USD,,false,TRI/SRC/events/01828
EV001829,WCP,WCP_OR_BILLING,WCP-R01000,SUBMITTED,2022-08-15T10:01:00-05:00,2022-08-15T14:55:58-05:00,27656,USD,,false,TRI/SRC/events/01829
EV001830,WCP,WCP_OR_BILLING,WCP-R01001,SUBMITTED,2022-12-13T10:14:00-06:00,2022-12-19T09:58:10-06:00,6451,USD,,false,TRI/SRC/events/01830
EV001831,WCP,WCP_OR_BILLING,,PAYMENT_POSTED,2022-12-28T12:20:00-06:00,2022-12-28T13:02:10-06:00,6451,USD,,false,TRI/SRC/events/01831
EV001832,WCP,WCP_OR_BILLING,WCP-R01002,SUBMITTED,2023-08-08T13:51:00-05:00,2023-08-08T17:46:48-05:00,68749,USD,,false,TRI/SRC/events/01832
EV001833,WCP,WCP_OR_BILLING,,PAYMENT_POSTED,2023-08-25T09:40:00-05:00,2023-08-25T16:35:22-05:00,68749,USD,,false,TRI/SRC/events/01833
EV001834,WCP,WCP_OR_BILLING,WCP-R01003,SUBMITTED,2023-07-10T16:48:00-05:00,2023-07-12T04:57:06-05:00,130059,USD,,false,TRI/SRC/events/01834
EV001835,WCP,WCP_OR_BILLING,,PAYMENT_POSTED,2023-08-02T13:55:00-05:00,2023-08-02T14:43:52-05:00,130059,USD,,false,TRI/SRC/events/01835
EV001836,WCP,WCP_OR_BILLING,WCP-R01004,SUBMITTED,2022-07-04T14:12:00-05:00,2022-07-04T20:46:36-05:00,44860,USD,,false,TRI/SRC/events/01836
EV001837,WCP,WCP_OR_BILLING,,PAYMENT_POSTED,2022-08-05T13:41:00-05:00,2022-08-05T17:14:25-05:00,44860,USD,,false,TRI/SRC/events/01837
EV001838,WCP,WCP_OR_BILLING,WCP-R01005,SUBMITTED,2023-09-04T10:24:00-05:00,2023-09-04T17:52:02-05:00,4482,USD,,false,TRI/SRC/events/01838
EV001839,WCP,WCP_OR_BILLING,,PAYMENT_POSTED,2023-09-15T10:20:00-05:00,2023-09-15T16:51:41-05:00,4482,USD,,false,TRI/SRC/events/01839
EV001840,WCP,WCP_OR_BILLING,WCP-R01006,SUBMITTED,2023-06-30T09:03:00-05:00,2023-07-03T17:18:38-05:00,18513,USD,,false,TRI/SRC/events/01840
EV001841,WCP,WCP_OR_BILLING,,PAYMENT_POSTED,2023-07-31T10:04:00-05:00,2023-07-31T13:33:14-05:00,18513,USD,,false,TRI/SRC/events/01841
EV001842,WCP,WCP_OR_BILLING,WCP-R01007,SUBMITTED,2022-07-29T12:19:00-05:00,2022-08-03T09:57:26-05:00,15482,USD,,false,TRI/SRC/events/01842
EV001843,WCP,WCP_OR_BILLING,,PAYMENT_POSTED,2022-11-16T10:00:00-06:00,2023-01-01T13:02:28-06:00,15482,USD,,false,TRI/SRC/events/01843
EV001844,WCP,WCP_OR_BILLING,WCP-R01008,SUBMITTED,2023-06-26T15:38:00-05:00,2023-06-26T16:21:20-05:00,7885,USD,,false,TRI/SRC/events/01844
EV001845,WCP,WCP_OR_BILLING,,PAYMENT_POSTED,2023-07-07T11:16:00-05:00,2023-07-07T17:07:23-05:00,7885,USD,,false,TRI/SRC/events/01845
EV001846,WCP,WCP_OR_BILLING,WCP-R01009,SUBMITTED,2022-10-13T15:59:00-05:00,2022-10-14T13:16:28-05:00,6317,USD,,false,TRI/SRC/events/01846
EV001847,WCP,WCP_OR_BILLING,,PAYMENT_POSTED,2022-10-24T12:13:00-05:00,2022-10-27T02:34:02-05:00,6317,USD,,false,TRI/SRC/events/01847
EV001848,WCP,WCP_OR_BILLING,WCP-R01010,SUBMITTED,2022-10-13T12:29:00-05:00,2022-10-15T22:49:26-05:00,7657,USD,,false,TRI/SRC/events/01848
EV001849,WCP,WCP_OR_BILLING,WCP-R01011,SUBMITTED,2022-07-11T13:17:00-05:00,2022-07-17T20:33:38-05:00,4584,USD,,false,TRI/SRC/events/01849
EV001850,WCP,WCP_OR_BILLING,,PAYMENT_POSTED,2022-09-12T16:16:00-05:00,2022-09-17T07:47:04-05:00,4584,USD,,false,TRI/SRC/events/01850
EV001851,WCP,WCP_OR_BILLING,WCP-R01012,SUBMITTED,2023-07-13T14:56:00-05:00,2023-07-18T08:20:29-05:00,16146,USD,,false,TRI/SRC/events/01851
EV001852,WCP,WCP_OR_BILLING,,PAYMENT_POSTED,2023-07-24T11:21:00-05:00,2023-07-29T15:53:39-05:00,16146,USD,,false,TRI/SRC/events/01852
EV001853,WCP,WCP_OR_BILLING,WCP-R01013,SUBMITTED,2023-05-19T17:37:00-05:00,2023-05-19T22:29:12-05:00,27122,USD,,false,TRI/SRC/events/01853
EV001854,WCP,WCP_OR_BILLING,WCP-R01014,SUBMITTED,2023-06-12T10:07:00-05:00,2023-06-12T11:24:31-05:00,15262,USD,,false,TRI/SRC/events/01854
EV001855,WCP,WCP_OR_BILLING,,PAYMENT_POSTED,2023-07-06T15:39:00-05:00,2023-07-06T19:37:00-05:00,15262,USD,,false,TRI/SRC/events/01855
EV001856,WCP,WCP_OR_BILLING,WCP-R01015,SUBMITTED,2023-06-12T12:55:00-05:00,2023-06-12T15:27:38-05:00,8244,USD,,false,TRI/SRC/events/01856
EV001857,WCP,WCP_OR_BILLING,WCP-R01016,SUBMITTED,2022-10-18T14:31:00-05:00,2022-10-18T18:03:11-05:00,17210,USD,,false,TRI/SRC/events/01857
EV001858,WCP,WCP_OR_BILLING,,PAYMENT_POSTED,2022-11-07T15:58:00-06:00,2022-11-08T18:16:53-06:00,17210,USD,,false,TRI/SRC/events/01858
EV001859,WCP,WCP_OR_BILLING,WCP-R01017,SUBMITTED,2022-07-11T09:42:00-05:00,2022-07-11T11:35:29-05:00,46411,USD,,false,TRI/SRC/events/01859
EV001860,WCP,WCP_OR_BILLING,,PAYMENT_POSTED,2022-09-26T14:36:00-05:00,2022-09-26T16:46:12-05:00,46411,USD,,false,TRI/SRC/events/01860
EV001861,WCP,WCP_OR_BILLING,WCP-R01018,SUBMITTED,2023-04-06T10:11:00-05:00,2023-04-07T02:10:52-05:00,11240,USD,,false,TRI/SRC/events/01861
EV001862,WCP,WCP_OR_BILLING,,PAYMENT_POSTED,2023-04-20T09:07:00-05:00,2023-04-24T17:30:37-05:00,11240,USD,,false,TRI/SRC/events/01862
EV001863,WCP,WCP_OR_BILLING,WCP-R01019,SUBMITTED,2023-07-28T15:55:00-05:00,2023-07-30T14:21:47-05:00,17577,USD,,false,TRI/SRC/events/01863
EV001864,WCP,WCP_OR_BILLING,WCP-R01020,CORRECTED,2023-08-04T13:33:00-05:00,2023-08-05T01:11:49-05:00,17885,USD,,false,TRI/SRC/events/01864
EV001865,WCP,WCP_OR_BILLING,WCP-R01019,VOID_VERSION,2023-08-04T13:33:00-05:00,2023-08-06T07:30:45-05:00,17577,USD,,false,TRI/SRC/events/01865
EV001866,WCP,WCP_OR_BILLING,,PAYMENT_POSTED,2023-08-16T14:16:00-05:00,2023-08-16T15:03:48-05:00,17885,USD,,false,TRI/SRC/events/01866
EV001867,WCP,WCP_OR_BILLING,WCP-R01021,SUBMITTED,2022-07-29T11:11:00-05:00,2022-08-05T14:31:20-05:00,4940,USD,,false,TRI/SRC/events/01867
EV001868,WCP,WCP_OR_BILLING,,PAYMENT_POSTED,2022-08-23T12:46:00-05:00,2022-08-23T18:13:38-05:00,4940,USD,,false,TRI/SRC/events/01868
EV001869,WCP,WCP_OR_BILLING,WCP-R01022,SUBMITTED,2022-08-22T10:33:00-05:00,2022-08-24T14:44:27-05:00,75753,USD,,false,TRI/SRC/events/01869
EV001870,WCP,WCP_OR_BILLING,,PAYMENT_POSTED,2022-09-26T09:51:00-05:00,2022-09-29T13:58:42-05:00,75753,USD,,false,TRI/SRC/events/01870
EV001871,WCP,WCP_OR_BILLING,WCP-R01023,SUBMITTED,2022-07-26T16:31:00-05:00,2022-07-27T00:28:42-05:00,9882,USD,,false,TRI/SRC/events/01871
EV001872,WCP,WCP_OR_BILLING,WCP-R01024,SUBMITTED,2022-12-29T09:00:00-06:00,2022-12-29T13:52:22-06:00,23013,USD,,false,TRI/SRC/events/01872
EV001873,WCP,WCP_OR_BILLING,,PAYMENT_POSTED,2023-01-30T13:54:00-06:00,2023-01-30T14:06:51-06:00,23013,USD,,false,TRI/SRC/events/01873
EV001874,WCP,WCP_OR_BILLING,WCP-R01025,SUBMITTED,2023-06-19T16:27:00-05:00,2023-06-21T11:29:28-05:00,16126,USD,,false,TRI/SRC/events/01874
EV001875,WCP,WCP_OR_BILLING,,PAYMENT_POSTED,2023-06-29T11:06:00-05:00,2023-06-29T15:53:55-05:00,16126,USD,,false,TRI/SRC/events/01875
EV001876,WCP,WCP_OR_BILLING,WCP-R01026,SUBMITTED,2022-10-31T15:11:00-05:00,2022-10-31T16:12:18-05:00,71469,USD,,false,TRI/SRC/events/01876
EV001877,WCP,WCP_OR_BILLING,,PAYMENT_POSTED,2022-12-08T12:54:00-06:00,2022-12-08T15:38:49-06:00,71469,USD,,false,TRI/SRC/events/01877
EV001878,WCP,WCP_OR_BILLING,WCP-R01027,SUBMITTED,2022-12-22T12:30:00-06:00,2022-12-30T13:41:00-06:00,2694,USD,,false,TRI/SRC/events/01878
EV001879,WCP,WCP_OR_BILLING,,PAYMENT_POSTED,2023-01-24T11:51:00-06:00,2023-01-30T09:46:08-06:00,2694,USD,,false,TRI/SRC/events/01879
EV001880,WCP,WCP_OR_BILLING,WCP-R01028,SUBMITTED,2022-07-11T12:29:00-05:00,2022-07-15T18:55:40-05:00,5795,USD,,false,TRI/SRC/events/01880
EV001881,WCP,WCP_OR_BILLING,,PAYMENT_POSTED,2022-08-01T16:23:00-05:00,2022-08-01T23:26:28-05:00,5795,USD,,false,TRI/SRC/events/01881
EV001882,WCP,WCP_OR_BILLING,WCP-R01029,SUBMITTED,2022-12-26T10:23:00-06:00,2022-12-28T00:12:14-06:00,34819,USD,,false,TRI/SRC/events/01882
EV001883,WCP,WCP_OR_BILLING,,PAYMENT_POSTED,2023-01-16T09:10:00-06:00,2023-01-19T01:02:46-06:00,34819,USD,,false,TRI/SRC/events/01883
EV001884,WCP,WCP_OR_BILLING,WCP-R01030,SUBMITTED,2022-08-05T17:29:00-05:00,2022-08-06T00:13:12-05:00,18060,USD,,false,TRI/SRC/events/01884
EV001885,WCP,WCP_OR_BILLING,,PAYMENT_POSTED,2022-08-15T14:12:00-05:00,2022-08-15T19:05:15-05:00,18060,USD,,false,TRI/SRC/events/01885
EV001886,WCP,WCP_OR_BILLING,WCP-R01031,SUBMITTED,2023-06-19T16:24:00-05:00,2023-06-19T20:00:56-05:00,2846,USD,,false,TRI/SRC/events/01886
EV001887,WCP,WCP_OR_BILLING,WCP-R01032,CORRECTED,2023-06-26T15:07:00-05:00,2023-06-26T22:04:57-05:00,2830,USD,,false,TRI/SRC/events/01887
EV001888,WCP,WCP_OR_BILLING,WCP-R01033,SUBMITTED,2023-02-07T11:43:00-06:00,2023-02-08T06:47:18-06:00,29213,USD,,false,TRI/SRC/events/01888
EV001889,WCP,WCP_OR_BILLING,,PAYMENT_POSTED,2023-05-01T11:27:00-05:00,2023-05-03T04:51:15-05:00,29213,USD,,false,TRI/SRC/events/01889
EV001890,WCP,WCP_OR_BILLING,WCP-R01034,SUBMITTED,2023-01-16T11:33:00-06:00,2023-01-20T10:36:00-06:00,5544,USD,,false,TRI/SRC/events/01890
EV001891,WCP,WCP_OR_BILLING,,PAYMENT_POSTED,2023-01-24T09:57:00-06:00,2023-01-24T11:07:49-06:00,5544,USD,,false,TRI/SRC/events/01891
EV001892,WCP,WCP_OR_BILLING,WCP-R01035,SUBMITTED,2023-04-12T14:03:00-05:00,2023-04-12T20:32:23-05:00,5653,USD,,false,TRI/SRC/events/01892
EV001893,WCP,WCP_OR_BILLING,WCP-R01035,CLOSED_NO_PAYMENT,2023-08-09T12:48:00-05:00,2023-08-09T18:01:16-05:00,,,,true,TRI/SRC/events/01893
EV001894,WCP,WCP_LIS,WCP-R01036,SUBMITTED,2023-09-11T13:14:00-05:00,2023-09-13T00:07:12-05:00,15013,USD,,false,NDX/SRC/events/01894
EV001895,WCP,WCP_LIS,WCP-R01037,SUBMITTED,2023-03-14T10:16:00-05:00,2023-03-14T18:04:38-05:00,8257,USD,,false,NDX/SRC/events/01895
EV001896,WCP,WCP_LIS,,PAYMENT_POSTED,2023-03-20T12:45:00-05:00,2023-03-23T17:03:22-05:00,8257,USD,,false,NDX/SRC/events/01896
EV001897,WCP,WCP_LIS,WCP-R01038,SUBMITTED,2022-11-18T13:45:00-06:00,2022-11-18T18:22:00-06:00,63602,USD,,false,NDX/SRC/events/01897
EV001898,WCP,WCP_LIS,WCP-R01039,SUBMITTED,2023-01-25T07:32:00-06:00,2023-01-25T13:45:04-06:00,42933,USD,,false,NDX/SRC/events/01898
EV001899,WCP,WCP_LIS,WCP-R01040,SUBMITTED,2022-12-26T10:47:00-06:00,2022-12-26T15:36:16-06:00,8458,USD,,false,NDX/SRC/events/01899
EV001900,WCP,WCP_LIS,,PAYMENT_POSTED,2023-01-09T08:48:00-06:00,2023-01-09T14:29:03-06:00,8458,USD,,false,NDX/SRC/events/01900
EV001901,WCP,WCP_LIS,WCP-R01041,SUBMITTED,2022-12-26T07:50:00-06:00,2022-12-28T12:06:34-06:00,9515,USD,,false,NDX/SRC/events/01901
EV001902,WCP,WCP_LIS,WCP-R01042,SUBMITTED,2023-01-20T13:17:00-06:00,2023-01-20T14:24:55-06:00,7037,USD,,false,NDX/SRC/events/01902
EV001903,WCP,WCP_LIS,WCP-R01043,CORRECTED,2023-01-30T13:37:00-06:00,2023-01-31T19:25:51-06:00,6769,USD,,false,NDX/SRC/events/01903
EV001904,WCP,WCP_LIS,,PAYMENT_POSTED,2023-01-30T08:51:00-06:00,2023-01-30T13:58:54-06:00,6769,USD,,false,NDX/SRC/events/01904
EV001905,WCP,WCP_LIS,WCP-R01044,SUBMITTED,2023-04-28T07:04:00-05:00,2023-04-28T14:24:12-05:00,3738,USD,,false,NDX/SRC/events/01905
EV001906,WCP,WCP_LIS,,PAYMENT_POSTED,2023-05-29T12:43:00-05:00,2023-06-07T03:33:54-05:00,3738,USD,,false,NDX/SRC/events/01906
EV001907,WCP,WCP_LIS,WCP-R01045,SUBMITTED,2022-08-01T11:15:00-05:00,2022-08-01T17:36:04-05:00,18537,USD,,false,NDX/SRC/events/01907
EV001908,WCP,WCP_LIS,,PAYMENT_POSTED,2022-08-10T08:52:00-05:00,2022-08-15T15:16:17-05:00,18537,USD,,false,NDX/SRC/events/01908
EV001909,WCP,WCP_LIS,WCP-R01046,SUBMITTED,2022-08-01T12:23:00-05:00,2022-08-01T19:41:18-05:00,21385,USD,,false,NDX/SRC/events/01909
EV001910,WCP,WCP_LIS,WCP-R01047,SUBMITTED,2022-07-22T13:43:00-05:00,2022-08-06T04:14:30-05:00,14841,USD,,false,NDX/SRC/events/01910
EV001911,WCP,WCP_LIS,,PAYMENT_POSTED,2022-08-23T10:30:00-05:00,2022-08-28T06:12:32-05:00,14841,USD,,false,NDX/SRC/events/01911
EV001912,WCP,WCP_LIS,WCP-R01048,SUBMITTED,2023-06-05T15:03:00-05:00,2023-06-15T23:30:23-05:00,11555,USD,,false,NDX/SRC/events/01912
EV001913,WCP,WCP_LIS,,PAYMENT_POSTED,2023-06-19T08:26:00-05:00,2023-06-23T10:13:12-05:00,11555,USD,,false,NDX/SRC/events/01913
EV001914,WCP,WCP_LIS,WCP-R01049,SUBMITTED,2023-03-30T12:40:00-05:00,2023-04-04T23:17:00-05:00,3823,USD,,false,NDX/SRC/events/01914
EV001915,WCP,WCP_LIS,,PAYMENT_POSTED,2023-04-14T07:54:00-05:00,2023-04-17T12:32:40-05:00,3823,USD,,false,NDX/SRC/events/01915
EV001916,WCP,WCP_LIS,WCP-R01050,SUBMITTED,2022-08-10T08:07:00-05:00,2022-08-25T20:32:53-05:00,55652,USD,,false,NDX/SRC/events/01916
EV001917,WCP,WCP_LIS,WCP-R01050,CLOSED_NO_PAYMENT,2022-11-28T11:54:00-06:00,2022-12-02T05:37:54-06:00,,,,true,NDX/SRC/events/01917
EV001918,WCP,WCP_LIS,WCP-R01051,SUBMITTED,2022-10-03T14:30:00-05:00,2022-10-19T20:47:25-05:00,11010,USD,,false,NDX/SRC/events/01918
EV001919,WCP,WCP_LIS,,PAYMENT_POSTED,2022-10-31T13:36:00-05:00,2022-11-02T03:45:05-05:00,11010,USD,,false,NDX/SRC/events/01919
EV001920,WCP,WCP_LIS,WCP-R01052,SUBMITTED,2023-03-16T09:32:00-05:00,2023-03-17T07:40:33-05:00,2550,USD,,false,NDX/SRC/events/01920
EV001921,WCP,WCP_LIS,,PAYMENT_POSTED,2023-03-29T07:34:00-05:00,2023-03-29T13:47:45-05:00,2550,USD,,false,NDX/SRC/events/01921
EV001922,WCP,WCP_LIS,WCP-R01053,SUBMITTED,2023-03-15T10:33:00-05:00,2023-03-17T12:52:37-05:00,11779,USD,,false,NDX/SRC/events/01922
EV001923,WCP,WCP_LIS,WCP-R01054,SUBMITTED,2022-12-06T07:09:00-06:00,2022-12-07T06:57:43-06:00,8597,USD,,false,NDX/SRC/events/01923
EV001924,WCP,WCP_LIS,,PAYMENT_POSTED,2022-12-12T15:02:00-06:00,2022-12-12T20:31:08-06:00,8597,USD,,false,NDX/SRC/events/01924
EV001925,WCP,WCP_LIS,WCP-R01055,SUBMITTED,2023-03-29T09:45:00-05:00,2023-03-29T16:10:28-05:00,4685,USD,,false,NDX/SRC/events/01925
EV001926,WCP,WCP_LIS,,PAYMENT_POSTED,2023-05-12T13:30:00-05:00,2023-05-16T11:57:45-05:00,4685,USD,,false,NDX/SRC/events/01926
EV001927,WCP,WCP_LIS,WCP-R01056,SUBMITTED,2023-06-08T11:02:00-05:00,2023-06-15T17:51:22-05:00,40277,USD,,false,NDX/SRC/events/01927
EV001928,WCP,WCP_LIS,,PAYMENT_POSTED,2023-06-19T11:33:00-05:00,2023-06-19T14:27:28-05:00,40277,USD,,false,NDX/SRC/events/01928
EV001929,WCP,WCP_LIS,WCP-R01057,SUBMITTED,2023-02-07T11:32:00-06:00,2023-02-09T15:20:48-06:00,19067,USD,,false,NDX/SRC/events/01929
EV001930,WCP,WCP_LIS,WCP-R01057,CLOSED_NO_PAYMENT,2023-06-06T13:49:00-05:00,2023-06-11T03:59:29-05:00,,,,true,NDX/SRC/events/01930
EV001931,WCP,WCP_LIS,WCP-R01058,SUBMITTED,2023-06-19T15:50:00-05:00,2023-06-23T05:48:24-05:00,5457,USD,,false,NDX/SRC/events/01931
EV001932,WCP,WCP_LIS,WCP-R01059,SUBMITTED,2023-09-13T14:25:00-05:00,2023-09-14T16:50:41-05:00,13064,USD,,false,NDX/SRC/events/01932
EV001933,WCP,WCP_LIS,,PAYMENT_POSTED,2023-09-28T07:48:00-05:00,2023-09-28T23:48:22-05:00,13064,USD,,false,NDX/SRC/events/01933
EV001934,WCP,WCP_LIS,WCP-R01060,SUBMITTED,2023-09-11T10:12:00-05:00,2023-09-16T14:53:43-05:00,19804,USD,,false,NDX/SRC/events/01934
EV001935,WCP,WCP_LIS,WCP-R01061,SUBMITTED,2023-08-18T15:13:00-05:00,2023-08-19T16:29:46-05:00,56578,USD,,false,NDX/SRC/events/01935
EV001936,WCP,WCP_LIS,,PAYMENT_POSTED,2023-09-12T12:37:00-05:00,2023-09-16T22:49:07-05:00,56578,USD,,false,NDX/SRC/events/01936
EV001937,WCP,WCP_LIS,WCP-R01062,SUBMITTED,2023-07-25T08:47:00-05:00,2023-07-25T12:10:37-05:00,9266,USD,,false,NDX/SRC/events/01937
EV001938,WCP,WCP_LIS,,PAYMENT_POSTED,2023-08-09T12:18:00-05:00,2023-08-10T16:27:14-05:00,9266,USD,,false,NDX/SRC/events/01938
EV001939,WCP,WCP_LIS,WCP-R01063,SUBMITTED,2022-10-06T08:20:00-05:00,2022-10-07T11:08:00-05:00,4773,USD,,false,NDX/SRC/events/01939
EV001940,WCP,WCP_LIS,WCP-R01063,CLOSED_NO_PAYMENT,2023-02-02T10:02:00-06:00,2023-02-02T16:49:51-06:00,,,,true,NDX/SRC/events/01940
EV001941,WCP,WCP_LIS,WCP-R01064,SUBMITTED,2022-10-20T09:59:00-05:00,2022-10-22T02:13:52-05:00,6359,USD,,false,NDX/SRC/events/01941
EV001942,WCP,WCP_LIS,WCP-R01065,CORRECTED,2022-10-28T12:37:00-05:00,2022-10-28T13:06:40-05:00,6855,USD,,false,NDX/SRC/events/01942
EV001943,WCP,WCP_LIS,WCP-R01064,VOID_VERSION,2022-10-28T12:37:00-05:00,2022-10-30T08:42:48-05:00,6359,USD,,false,NDX/SRC/events/01943
EV001944,WCP,WCP_LIS,,PAYMENT_POSTED,2022-11-14T09:09:00-06:00,2022-11-14T15:31:27-06:00,6855,USD,,false,NDX/SRC/events/01944
EV001945,WCP,WCP_LIS,WCP-R01066,SUBMITTED,2022-09-26T10:24:00-05:00,2022-09-27T10:11:16-05:00,200844,USD,,false,NDX/SRC/events/01945
EV001946,WCP,WCP_LIS,WCP-R01067,SUBMITTED,2022-08-26T11:03:00-05:00,2022-09-04T16:37:39-05:00,5272,USD,,false,NDX/SRC/events/01946
EV001947,WCP,WCP_LIS,WCP-R01068,CORRECTED,2022-08-29T09:27:00-05:00,2022-09-01T18:36:16-05:00,5191,USD,,false,NDX/SRC/events/01947
EV001948,WCP,WCP_LIS,WCP-R01067,VOID_VERSION,2022-08-29T09:27:00-05:00,2022-08-29T17:08:20-05:00,5272,USD,,false,NDX/SRC/events/01948
EV001949,WCP,WCP_LIS,,PAYMENT_POSTED,2022-09-19T12:07:00-05:00,2022-09-21T05:47:17-05:00,5191,USD,,false,NDX/SRC/events/01949
EV001950,WCP,WCP_LIS,WCP-R01069,SUBMITTED,2022-08-24T14:54:00-05:00,2022-08-27T04:26:19-05:00,15455,USD,,false,NDX/SRC/events/01950
EV001951,WCP,WCP_LIS,WCP-R01070,SUBMITTED,2023-06-05T13:45:00-05:00,2023-06-10T08:30:29-05:00,5832,USD,,false,NDX/SRC/events/01951
EV001952,WCP,WCP_LIS,,PAYMENT_POSTED,2023-06-23T15:25:00-05:00,2023-06-27T04:02:59-05:00,5832,USD,,false,NDX/SRC/events/01952
EV001953,WCP,WCP_LIS,WCP-R01071,SUBMITTED,2023-09-28T10:12:00-05:00,2023-09-30T04:12:47-05:00,8661,USD,,false,NDX/SRC/events/01953
EV001954,WCP,WCP_LIS,,PAYMENT_POSTED,2023-10-10T12:05:00-05:00,2023-10-10T12:49:23-05:00,8661,USD,,false,NDX/SRC/events/01954
EV001955,WCP,WCP_LIS,WCP-R01072,SUBMITTED,2023-09-25T09:35:00-05:00,2023-09-25T14:34:10-05:00,12329,USD,,false,NDX/SRC/events/01955
EV001956,WCP,WCP_LIS,WCP-R01073,SUBMITTED,2023-04-17T15:38:00-05:00,2023-04-17T19:05:23-05:00,19467,USD,,false,NDX/SRC/events/01956
EV001957,WCP,WCP_LIS,WCP-R01074,SUBMITTED,2023-02-06T08:01:00-06:00,2023-02-10T23:43:01-06:00,25184,USD,,false,NDX/SRC/events/01957
EV001958,WCP,WCP_LIS,WCP-R01075,SUBMITTED,2023-03-09T07:56:00-06:00,2023-03-13T15:58:10-05:00,10705,USD,,false,NDX/SRC/events/01958
EV001959,WCP,WCP_LIS,,PAYMENT_POSTED,2023-04-03T15:29:00-05:00,2023-04-03T19:43:43-05:00,10705,USD,,false,NDX/SRC/events/01959
EV001960,WCP,WCP_LIS,WCP-R01076,SUBMITTED,2022-10-25T09:45:00-05:00,2022-10-29T10:02:39-05:00,238327,USD,,false,NDX/SRC/events/01960
EV001961,WCP,WCP_LIS,,PAYMENT_POSTED,2022-11-21T15:52:00-06:00,2022-11-24T11:26:01-06:00,238327,USD,,false,NDX/SRC/events/01961
EV001962,WCP,WCP_LIS,WCP-R01077,SUBMITTED,2022-10-21T14:08:00-05:00,2022-10-21T22:04:38-05:00,33794,USD,,false,NDX/SRC/events/01962
EV001963,WCP,WCP_LIS,,PAYMENT_POSTED,2022-11-04T14:46:00-05:00,2022-11-20T18:09:38-06:00,33794,USD,,false,NDX/SRC/events/01963
EV001964,WCP,WCP_LIS,WCP-R01078,SUBMITTED,2023-07-03T14:24:00-05:00,2023-07-03T16:02:46-05:00,43516,USD,,false,NDX/SRC/events/01964
EV001965,WCP,WCP_LIS,WCP-R01079,CORRECTED,2023-07-12T13:25:00-05:00,2023-07-16T10:39:21-05:00,53025,USD,,false,NDX/SRC/events/01965
EV001966,WCP,WCP_LIS,,PAYMENT_POSTED,2023-07-24T12:17:00-05:00,2023-07-24T12:51:26-05:00,53025,USD,,false,NDX/SRC/events/01966
EV001967,WCP,WCP_LIS,WCP-R01080,SUBMITTED,2022-08-22T07:49:00-05:00,2022-08-22T15:45:09-05:00,42893,USD,,false,NDX/SRC/events/01967
EV001968,WCP,WCP_LIS,,PAYMENT_POSTED,2022-09-05T07:45:00-05:00,2022-09-08T17:14:08-05:00,42893,USD,,false,NDX/SRC/events/01968
EV001969,WCP,WCP_LIS,WCP-R01081,SUBMITTED,2022-12-19T14:11:00-06:00,2022-12-19T22:01:57-06:00,13382,USD,,false,NDX/SRC/events/01969
EV001970,WCP,WCP_LIS,,PAYMENT_POSTED,2022-12-26T08:24:00-06:00,2022-12-27T03:46:59-06:00,13382,USD,,false,NDX/SRC/events/01970
EV001971,WCP,WCP_LIS,WCP-R01082,SUBMITTED,2022-12-15T07:03:00-06:00,2022-12-15T09:00:30-06:00,8238,USD,,false,NDX/SRC/events/01971
EV001972,WCP,WCP_LIS,WCP-R01083,SUBMITTED,2023-04-05T10:12:00-05:00,2023-04-05T17:01:06-05:00,3187,USD,,false,NDX/SRC/events/01972
EV001973,WCP,WCP_LIS,WCP-R01084,SUBMITTED,2023-08-08T13:40:00-05:00,2023-08-08T16:33:03-05:00,14677,USD,,false,NDX/SRC/events/01973
EV001974,WCP,WCP_LIS,WCP-R01085,CORRECTED,2023-08-17T14:42:00-05:00,2023-08-17T22:24:39-05:00,17566,USD,,false,NDX/SRC/events/01974
EV001975,WCP,WCP_LIS,WCP-R01084,VOID_VERSION,2023-08-17T14:42:00-05:00,2023-08-25T00:05:58-05:00,14677,USD,,false,NDX/SRC/events/01975
EV001976,WCP,WCP_LIS,,PAYMENT_POSTED,2023-09-13T07:30:00-05:00,2023-09-15T09:06:10-05:00,17566,USD,,false,NDX/SRC/events/01976
EV001977,WCP,WCP_LIS,WCP-R01086,SUBMITTED,2023-03-08T14:10:00-06:00,2023-03-09T20:22:22-06:00,2500,USD,,false,NDX/SRC/events/01977
EV001978,WCP,WCP_LIS,WCP-R01087,CORRECTED,2023-03-13T07:09:00-05:00,2023-03-13T07:24:50-05:00,2289,USD,,false,NDX/SRC/events/01978
EV001979,WCP,WCP_LIS,,PAYMENT_POSTED,2023-03-23T10:12:00-05:00,2023-03-26T17:33:53-05:00,2289,USD,,false,NDX/SRC/events/01979
EV001980,WCP,WCP_LIS,WCP-R01088,SUBMITTED,2023-08-07T13:50:00-05:00,2023-08-07T21:22:50-05:00,21721,USD,,false,NDX/SRC/events/01980
EV001981,WCP,WCP_LIS,WCP-R01089,CORRECTED,2023-08-18T10:38:00-05:00,2023-08-18T13:07:05-05:00,26918,USD,,false,NDX/SRC/events/01981
EV001982,WCP,WCP_LIS,WCP-R01090,SUBMITTED,2022-11-02T13:52:00-05:00,2022-11-02T17:30:47-05:00,74361,USD,,false,NDX/SRC/events/01982
EV001983,WCP,WCP_LIS,,PAYMENT_POSTED,2022-11-16T10:34:00-06:00,2022-11-16T16:48:33-06:00,74361,USD,,false,NDX/SRC/events/01983
EV001984,WCP,WCP_LIS,WCP-R01091,SUBMITTED,2023-06-28T10:02:00-05:00,2023-06-28T14:18:53-05:00,15588,USD,,false,NDX/SRC/events/01984
EV001985,WCP,WCP_LIS,,PAYMENT_POSTED,2023-07-14T12:31:00-05:00,2023-07-16T06:34:35-05:00,15588,USD,,false,NDX/SRC/events/01985
EV001986,WCP,WCP_LIS,WCP-R01092,SUBMITTED,2022-08-22T15:07:00-05:00,2022-08-23T12:58:04-05:00,12414,USD,,false,NDX/SRC/events/01986
EV001987,WCP,WCP_LIS,,PAYMENT_POSTED,2022-09-05T13:47:00-05:00,2022-09-08T14:17:25-05:00,12414,USD,,false,NDX/SRC/events/01987
EV001988,WCP,WCP_LIS,WCP-R01093,SUBMITTED,2022-11-11T10:05:00-06:00,2022-11-11T11:50:23-06:00,19025,USD,,false,NDX/SRC/events/01988
EV001989,WCP,WCP_LIS,WCP-R01094,SUBMITTED,2022-10-24T12:15:00-05:00,2022-10-30T07:00:03-05:00,20504,USD,,false,NDX/SRC/events/01989
EV001990,WCP,WCP_LIS,,PAYMENT_POSTED,2022-11-25T10:32:00-06:00,2022-11-27T17:37:17-06:00,20504,USD,,false,NDX/SRC/events/01990
EV001991,WCP,WCP_LIS,WCP-R01095,SUBMITTED,2022-10-24T10:21:00-05:00,2022-10-26T20:40:56-05:00,9350,USD,,false,NDX/SRC/events/01991
EV001992,WCP,WCP_LIS,WCP-R01096,SUBMITTED,2022-07-15T10:51:00-05:00,2022-07-15T11:48:28-05:00,37324,USD,,false,NDX/SRC/events/01992
EV001993,WCP,WCP_LIS,,PAYMENT_POSTED,2022-09-12T13:52:00-05:00,2022-09-20T04:20:43-05:00,37324,USD,,false,NDX/SRC/events/01993
EV001994,WCP,WCP_LIS,WCP-R01097,SUBMITTED,2022-09-13T14:42:00-05:00,2022-09-17T14:08:59-05:00,9570,USD,,false,NDX/SRC/events/01994
EV001995,WCP,WCP_LIS,,PAYMENT_POSTED,2022-09-27T08:48:00-05:00,2022-10-01T01:02:14-05:00,9570,USD,,false,NDX/SRC/events/01995
EV001996,WCP,WCP_LIS,WCP-R01098,SUBMITTED,2023-01-20T07:28:00-06:00,2023-01-20T08:00:45-06:00,28601,USD,,false,NDX/SRC/events/01996
EV001997,WCP,WCP_LIS,,PAYMENT_POSTED,2023-02-14T15:06:00-06:00,2023-02-14T19:15:40-06:00,28601,USD,,false,NDX/SRC/events/01997
EV001998,WCP,WCP_LIS,WCP-R01099,SUBMITTED,2023-09-07T07:18:00-05:00,2023-09-11T01:25:38-05:00,6854,USD,,false,NDX/SRC/events/01998
EV001999,WCP,WCP_LIS,,PAYMENT_POSTED,2023-11-01T11:11:00-05:00,2023-11-01T12:20:29-05:00,6854,USD,,false,NDX/SRC/events/01999
EV002000,WCP,WCP_LIS,WCP-R01100,SUBMITTED,2023-04-07T08:52:00-05:00,2023-04-09T09:01:37-05:00,9938,USD,,false,NDX/SRC/events/02000
EV002001,WCP,WCP_LIS,,PAYMENT_POSTED,2023-04-26T08:38:00-05:00,2023-04-28T17:20:21-05:00,9938,USD,,false,NDX/SRC/events/02001
EV002002,WCP,WCP_LIS,WCP-R01101,SUBMITTED,2023-04-05T13:22:00-05:00,2023-04-14T12:41:07-05:00,14263,USD,,false,NDX/SRC/events/02002
EV002003,WCP,WCP_LIS,WCP-R01102,SUBMITTED,2022-08-08T14:36:00-05:00,2022-08-08T21:22:37-05:00,9715,USD,,false,NDX/SRC/events/02003
EV002004,WCP,WCP_LIS,,PAYMENT_POSTED,2022-08-18T12:02:00-05:00,2022-08-27T15:27:03-05:00,9715,USD,,false,NDX/SRC/events/02004
EV002005,WCP,WCP_LIS,WCP-R01103,SUBMITTED,2022-08-08T11:01:00-05:00,2022-08-08T14:15:32-05:00,13468,USD,,false,NDX/SRC/events/02005
EV002006,WCP,WCP_LIS,WCP-R01104,SUBMITTED,2023-07-24T10:11:00-05:00,2023-07-26T03:22:56-05:00,13714,USD,,false,NDX/SRC/events/02006
EV002007,WCP,WCP_LIS,WCP-R01104,CLOSED_NO_PAYMENT,2023-11-06T08:26:00-06:00,2023-11-06T15:32:35-06:00,,,,true,NDX/SRC/events/02007
EV002008,WCP,WCP_LIS,WCP-R01105,SUBMITTED,2022-12-20T13:03:00-06:00,2022-12-20T19:32:45-06:00,13901,USD,,false,NDX/SRC/events/02008
EV002009,WCP,WCP_LIS,WCP-R01106,SUBMITTED,2022-09-01T08:46:00-05:00,2022-09-02T14:22:52-05:00,6064,USD,,false,NDX/SRC/events/02009
EV002010,WCP,WCP_LIS,,PAYMENT_POSTED,2022-09-09T15:23:00-05:00,2022-09-12T22:53:25-05:00,6064,USD,,false,NDX/SRC/events/02010
EV002011,WCP,WCP_LIS,WCP-R01107,SUBMITTED,2022-11-14T08:11:00-06:00,2022-12-05T08:11:00-06:00,7873,USD,,false,NDX/SRC/events/02011
EV002012,WCP,WCP_LIS,,PAYMENT_POSTED,2022-11-28T11:56:00-06:00,2022-11-29T10:32:51-06:00,7873,USD,,false,NDX/SRC/events/02012
EV002013,WCP,WCP_LIS,WCP-R01108,SUBMITTED,2023-07-03T14:16:00-05:00,2023-07-08T07:58:24-05:00,38449,USD,,false,NDX/SRC/events/02013
EV002014,WCP,WCP_LIS,,PAYMENT_POSTED,2023-07-10T07:08:00-05:00,2023-07-10T22:44:35-05:00,38449,USD,,false,NDX/SRC/events/02014
EV002015,WCP,WCP_LIS,WCP-R01109,SUBMITTED,2023-07-03T13:28:00-05:00,2023-07-06T08:41:08-05:00,9302,USD,,false,NDX/SRC/events/02015
EV002016,WCP,WCP_LIS,WCP-R01108,PAYMENT_REVERSED,2023-07-24T13:18:00-05:00,2023-07-31T01:15:02-05:00,23768,USD,EV002014,false,NDX/SRC/events/02016
EV002017,WCP,WCP_LIS,WCP-R01110,SUBMITTED,2022-09-26T13:37:00-05:00,2022-10-01T20:56:32-05:00,28448,USD,,false,NDX/SRC/events/02017
EV002018,WCP,WCP_LIS,,PAYMENT_POSTED,2022-11-07T10:57:00-06:00,2022-11-07T18:42:15-06:00,28448,USD,,false,NDX/SRC/events/02018
EV002019,WCP,WCP_LIS,WCP-R01111,SUBMITTED,2023-09-26T13:13:00-05:00,2023-09-26T13:40:28-05:00,4059,USD,,false,NDX/SRC/events/02019
EV002020,WCP,WCP_LIS,WCP-R01112,CORRECTED,2023-10-04T11:11:00-05:00,2023-10-04T18:24:21-05:00,5018,USD,,false,NDX/SRC/events/02020
EV002021,WCP,WCP_LIS,WCP-R01111,VOID_VERSION,2023-10-04T11:11:00-05:00,2023-11-13T02:34:16-06:00,4059,USD,,false,NDX/SRC/events/02021
EV002022,WCP,WCP_LIS,,PAYMENT_POSTED,2023-10-04T07:51:00-05:00,2023-10-04T11:26:17-05:00,5018,USD,,false,NDX/SRC/events/02022
EV002023,WCP,WCP_LIS,WCP-R01113,SUBMITTED,2023-05-17T07:16:00-05:00,2023-05-17T13:24:41-05:00,53303,USD,,false,NDX/SRC/events/02023
EV002024,WCP,WCP_LIS,,PAYMENT_POSTED,2023-06-05T11:31:00-05:00,2023-06-17T02:21:40-05:00,53303,USD,,false,NDX/SRC/events/02024
EV002025,WCP,WCP_LIS,WCP-R01114,SUBMITTED,2023-08-16T11:03:00-05:00,2023-08-16T14:22:30-05:00,9173,USD,,false,NDX/SRC/events/02025
EV002026,WCP,WCP_LIS,,PAYMENT_POSTED,2023-08-25T09:47:00-05:00,2023-08-30T23:05:24-05:00,9173,USD,,false,NDX/SRC/events/02026
EV002027,WCP,WCP_LIS,WCP-R01115,SUBMITTED,2023-05-08T07:18:00-05:00,2023-05-13T19:26:09-05:00,12689,USD,,false,NDX/SRC/events/02027
EV002028,WCP,WCP_LIS,WCP-R01115,CLOSED_NO_PAYMENT,2023-07-03T15:20:00-05:00,2023-07-13T13:52:15-05:00,,,,true,NDX/SRC/events/02028
EV002029,WCP,WCP_LIS,WCP-R01116,SUBMITTED,2022-09-30T13:41:00-05:00,2022-09-30T18:17:51-05:00,20061,USD,,false,NDX/SRC/events/02029
EV002030,WCP,WCP_LIS,WCP-R01117,SUBMITTED,2022-07-07T08:14:00-05:00,2022-07-13T06:11:31-05:00,4356,USD,,false,NDX/SRC/events/02030
EV002031,WCP,WCP_LIS,,PAYMENT_POSTED,2022-07-19T13:51:00-05:00,2022-07-26T19:40:18-05:00,4356,USD,,false,NDX/SRC/events/02031
EV002032,WCP,WCP_LIS,WCP-R01117,PAYMENT_REVERSED,2022-07-22T07:22:00-05:00,2022-07-26T22:24:47-05:00,4356,USD,EV002031,false,NDX/SRC/events/02032
EV002033,WCP,WCP_LIS,WCP-R01118,SUBMITTED,2023-01-10T11:03:00-06:00,2023-01-15T12:00:49-06:00,57365,USD,,false,NDX/SRC/events/02033
EV002034,WCP,WCP_LIS,,PAYMENT_POSTED,2023-02-08T08:43:00-06:00,2023-02-10T13:29:18-06:00,57365,USD,,false,NDX/SRC/events/02034
EV002035,WCP,WCP_LIS,WCP-R01119,SUBMITTED,2022-11-23T13:29:00-06:00,2022-11-24T17:15:06-06:00,6513,USD,,false,NDX/SRC/events/02035
EV002036,WCP,WCP_LIS,,PAYMENT_POSTED,2022-12-12T14:52:00-06:00,2022-12-12T21:59:13-06:00,6513,USD,,false,NDX/SRC/events/02036
EV002037,WCP,WCP_LIS,WCP-R01120,SUBMITTED,2023-02-08T10:23:00-06:00,2023-05-01T13:45:40-05:00,6044,USD,,false,NDX/SRC/events/02037
EV002038,WCP,WCP_LIS,,PAYMENT_POSTED,2023-02-24T07:03:00-06:00,2023-02-24T08:30:04-06:00,6044,USD,,false,NDX/SRC/events/02038
EV002039,WCP,WCP_LIS,WCP-R01121,SUBMITTED,2023-02-07T09:55:00-06:00,2023-02-08T16:00:04-06:00,12720,USD,,false,NDX/SRC/events/02039
EV002040,WCP,WCP_LIS,WCP-R01122,SUBMITTED,2023-01-09T09:38:00-06:00,2023-01-09T09:48:12-06:00,5376,USD,,false,NDX/SRC/events/02040
EV002041,WCP,WCP_LIS,,PAYMENT_POSTED,2023-02-13T13:03:00-06:00,2023-02-14T00:18:42-06:00,5376,USD,,false,NDX/SRC/events/02041
EV002042,WCP,WCP_LIS,WCP-R01123,SUBMITTED,2023-09-26T14:30:00-05:00,2023-09-26T19:09:26-05:00,25094,USD,,false,NDX/SRC/events/02042
EV002043,WCP,WCP_LIS,WCP-R01124,CORRECTED,2023-10-03T15:38:00-05:00,2023-10-05T20:22:18-05:00,30312,USD,,false,NDX/SRC/events/02043
EV002044,WCP,WCP_LIS,WCP-R01123,VOID_VERSION,2023-10-03T15:38:00-05:00,2023-10-03T21:04:51-05:00,25094,USD,,false,NDX/SRC/events/02044
EV002045,WCP,WCP_LIS,WCP-R01125,SUBMITTED,2023-03-28T07:40:00-05:00,2023-03-29T05:23:18-05:00,16982,USD,,false,NDX/SRC/events/02045
EV002046,WCP,WCP_LIS,,PAYMENT_POSTED,2023-04-17T13:17:00-05:00,2023-04-17T15:13:10-05:00,16982,USD,,false,NDX/SRC/events/02046
EV002047,WCP,WCP_LIS,WCP-R01126,SUBMITTED,2023-06-26T15:51:00-05:00,2023-06-29T18:20:10-05:00,5554,USD,,false,NDX/SRC/events/02047
EV002048,WCP,WCP_LIS,WCP-R01126,CLOSED_NO_PAYMENT,2023-08-10T10:08:00-05:00,2023-08-12T05:33:33-05:00,,,,true,NDX/SRC/events/02048
EV002049,WCP,WCP_LIS,WCP-R01127,SUBMITTED,2023-07-06T07:54:00-05:00,2023-07-06T15:13:44-05:00,10892,USD,,false,NDX/SRC/events/02049
EV002050,WCP,WCP_LIS,,PAYMENT_POSTED,2023-07-18T15:04:00-05:00,2023-07-18T21:45:46-05:00,10892,USD,,false,NDX/SRC/events/02050
EV002051,WCP,WCP_LIS,WCP-R01128,SUBMITTED,2022-10-17T10:58:00-05:00,2022-10-20T15:05:45-05:00,10130,USD,,false,NDX/SRC/events/02051
EV002052,WCP,WCP_LIS,,PAYMENT_POSTED,2022-11-21T15:22:00-06:00,2022-11-22T23:25:24-06:00,10130,USD,,false,NDX/SRC/events/02052
EV002053,WCP,WCP_LIS,WCP-R01129,SUBMITTED,2023-02-06T07:21:00-06:00,2023-02-09T03:11:06-06:00,22479,USD,,false,NDX/SRC/events/02053
EV002054,WCP,WCP_LIS,WCP-R01130,SUBMITTED,2022-07-11T13:54:00-05:00,2022-07-11T15:02:19-05:00,152337,USD,,false,NDX/SRC/events/02054
EV002055,WCP,WCP_LIS,,PAYMENT_POSTED,2022-07-25T14:58:00-05:00,2022-07-25T18:38:30-05:00,152337,USD,,false,NDX/SRC/events/02055
EV002056,WCP,WCP_LIS,WCP-R01131,SUBMITTED,2023-03-20T09:42:00-05:00,2023-03-21T17:16:58-05:00,14336,USD,,false,NDX/SRC/events/02056
EV002057,WCP,WCP_LIS,,PAYMENT_POSTED,2023-04-11T07:50:00-05:00,2023-04-12T23:51:51-05:00,14336,USD,,false,NDX/SRC/events/02057
EV002058,WCP,WCP_LIS,WCP-R01132,SUBMITTED,2023-03-22T10:03:00-05:00,2023-03-26T10:10:37-05:00,8643,USD,,false,NDX/SRC/events/02058
EV002059,WCP,WCP_LIS,,PAYMENT_POSTED,2023-04-20T07:22:00-05:00,2023-04-20T10:33:01-05:00,8643,USD,,false,NDX/SRC/events/02059
EV002060,WCP,WCP_LIS,WCP-R01133,SUBMITTED,2023-07-07T12:54:00-05:00,2023-07-07T17:59:58-05:00,3792,USD,,false,NDX/SRC/events/02060
EV002061,WCP,WCP_LIS,WCP-R01133,CLOSED_NO_PAYMENT,2023-09-15T10:50:00-05:00,2023-09-15T18:43:54-05:00,,,,true,NDX/SRC/events/02061
EV002062,WCP,WCP_LIS,WCP-R01134,SUBMITTED,2023-02-09T14:22:00-06:00,2023-02-09T21:03:36-06:00,3593,USD,,false,NDX/SRC/events/02062
EV002063,WCP,WCP_LIS,,PAYMENT_POSTED,2023-03-06T12:01:00-06:00,2023-03-06T15:45:15-06:00,3593,USD,,false,NDX/SRC/events/02063
EV002064,WCP,WCP_LIS,WCP-R01134,PAYMENT_REVERSED,2023-03-20T08:01:00-05:00,2023-03-20T12:45:10-05:00,3593,USD,EV002063,false,NDX/SRC/events/02064
EV002065,WCP,WCP_LIS,WCP-R01135,SUBMITTED,2022-10-06T13:20:00-05:00,2022-10-06T13:31:05-05:00,59871,USD,,false,NDX/SRC/events/02065
EV002066,WCP,WCP_LIS,,PAYMENT_POSTED,2022-10-17T11:47:00-05:00,2022-10-25T11:39:13-05:00,59871,USD,,false,NDX/SRC/events/02066
EV002067,WCP,WCP_LIS,WCP-R01136,SUBMITTED,2023-07-07T14:42:00-05:00,2023-07-07T20:54:57-05:00,4775,USD,,false,NDX/SRC/events/02067
EV002068,WCP,WCP_LIS,,PAYMENT_POSTED,2023-08-22T08:25:00-05:00,2023-08-22T10:09:43-05:00,4775,USD,,false,NDX/SRC/events/02068
EV002069,WCP,WCP_LIS,WCP-R01137,SUBMITTED,2023-09-12T07:50:00-05:00,2023-09-24T09:57:58-05:00,13508,USD,,false,NDX/SRC/events/02069
EV002070,WCP,WCP_LIS,,PAYMENT_POSTED,2023-10-10T07:01:00-05:00,2023-10-10T08:40:49-05:00,13508,USD,,false,NDX/SRC/events/02070
EV002071,WCP,WCP_LIS,WCP-R01138,SUBMITTED,2022-09-21T12:14:00-05:00,2022-09-24T10:55:19-05:00,19520,USD,,false,NDX/SRC/events/02071
EV002072,WCP,WCP_LIS,,PAYMENT_POSTED,2022-10-10T15:51:00-05:00,2022-10-10T23:41:42-05:00,19520,USD,,false,NDX/SRC/events/02072
EV002073,WCP,WCP_LIS,WCP-R01139,SUBMITTED,2023-08-02T15:19:00-05:00,2023-08-02T22:44:19-05:00,15127,USD,,false,NDX/SRC/events/02073
EV002074,WCP,WCP_LIS,,PAYMENT_POSTED,2023-08-24T07:44:00-05:00,2023-08-24T22:52:34-05:00,15127,USD,,false,NDX/SRC/events/02074
EV002075,WCP,WCP_LIS,WCP-R01140,SUBMITTED,2022-08-22T11:20:00-05:00,2022-08-23T21:48:05-05:00,41277,USD,,false,NDX/SRC/events/02075
EV002076,WCP,WCP_LIS,,PAYMENT_POSTED,2022-09-20T12:33:00-05:00,2022-09-22T19:20:30-05:00,41277,USD,,false,NDX/SRC/events/02076
EV002077,WCP,WCP_LIS,WCP-R01141,SUBMITTED,2023-03-20T15:57:00-05:00,2023-03-20T20:34:17-05:00,8683,USD,,false,NDX/SRC/events/02077
EV002078,WCP,WCP_LIS,,PAYMENT_POSTED,2023-04-17T08:00:00-05:00,2023-04-17T13:57:22-05:00,8683,USD,,false,NDX/SRC/events/02078
EV002079,WCP,WCP_LIS,WCP-R01142,SUBMITTED,2022-10-19T11:06:00-05:00,2022-10-25T19:01:09-05:00,34803,USD,,false,NDX/SRC/events/02079
EV002080,WCP,WCP_LIS,,PAYMENT_POSTED,2022-12-01T08:47:00-06:00,2022-12-17T13:48:42-06:00,34803,USD,,false,NDX/SRC/events/02080
EV002081,WCP,WCP_LIS,WCP-R01143,SUBMITTED,2023-03-06T11:40:00-06:00,2023-03-06T13:10:56-06:00,4825,USD,,false,NDX/SRC/events/02081
EV002082,WCP,WCP_LIS,WCP-R01144,SUBMITTED,2023-06-13T08:42:00-05:00,2023-08-05T02:42:41-05:00,9975,USD,,false,NDX/SRC/events/02082
EV002083,WCP,WCP_LIS,,PAYMENT_POSTED,2023-08-29T08:01:00-05:00,2023-08-30T01:24:52-05:00,9975,USD,,false,NDX/SRC/events/02083
EV002084,WCP,WCP_LIS,WCP-R01145,SUBMITTED,2022-09-01T08:54:00-05:00,2022-09-04T17:03:50-05:00,22155,USD,,false,NDX/SRC/events/02084
EV002085,WCP,WCP_LIS,,PAYMENT_POSTED,2022-09-13T07:49:00-05:00,2022-09-18T03:29:03-05:00,22155,USD,,false,NDX/SRC/events/02085
EV002086,WCP,WCP_LIS,WCP-R01146,SUBMITTED,2022-12-12T09:23:00-06:00,2022-12-13T06:55:23-06:00,24431,USD,,false,NDX/SRC/events/02086
EV002087,WCP,WCP_LIS,,PAYMENT_POSTED,2023-01-05T07:18:00-06:00,2023-01-15T06:17:21-06:00,24431,USD,,false,NDX/SRC/events/02087
EV002088,WCP,WCP_LIS,WCP-R01147,SUBMITTED,2023-05-08T12:53:00-05:00,2023-05-18T20:03:18-05:00,12079,USD,,false,NDX/SRC/events/02088
EV002089,WCP,WCP_LIS,WCP-R01148,SUBMITTED,2023-01-24T15:04:00-06:00,2023-01-28T00:03:54-06:00,7994,USD,,false,NDX/SRC/events/02089
EV002090,WCP,WCP_LIS,,PAYMENT_POSTED,2023-02-06T08:59:00-06:00,2023-02-09T15:44:23-06:00,7994,USD,,false,NDX/SRC/events/02090
EV002091,WCP,WCP_LIS,WCP-R01149,SUBMITTED,2023-01-25T13:29:00-06:00,2023-01-28T08:41:25-06:00,9390,USD,,false,NDX/SRC/events/02091
EV002092,WCP,WCP_LIS,WCP-R01150,CORRECTED,2023-02-03T08:55:00-06:00,2023-02-06T00:41:15-06:00,10333,USD,,false,NDX/SRC/events/02092
EV002093,WCP,WCP_LIS,WCP-R01149,VOID_VERSION,2023-02-03T08:55:00-06:00,2023-03-31T23:53:56-05:00,9390,USD,,false,NDX/SRC/events/02093
EV002094,WCP,WCP_LIS,,PAYMENT_POSTED,2023-02-02T11:30:00-06:00,2023-02-02T11:47:42-06:00,10333,USD,,false,NDX/SRC/events/02094
EV002095,WCP,WCP_LIS,WCP-R01151,SUBMITTED,2023-02-03T12:28:00-06:00,2023-02-03T16:54:30-06:00,73905,USD,,false,NDX/SRC/events/02095
EV002096,WCP,WCP_LIS,,PAYMENT_POSTED,2023-02-08T08:19:00-06:00,2023-02-14T11:57:02-06:00,73905,USD,,false,NDX/SRC/events/02096
EV002097,WCP,WCP_LIS,WCP-R01152,SUBMITTED,2023-06-20T11:51:00-05:00,2023-06-23T06:54:18-05:00,9844,USD,,false,NDX/SRC/events/02097
EV002098,WCP,WCP_LIS,WCP-R01153,SUBMITTED,2022-10-28T13:18:00-05:00,2022-10-29T01:14:50-05:00,87094,USD,,false,NDX/SRC/events/02098
EV002099,WCP,WCP_LIS,,PAYMENT_POSTED,2022-11-07T10:58:00-06:00,2022-11-10T10:11:30-06:00,87094,USD,,false,NDX/SRC/events/02099
EV002100,WCP,WCP_LIS,WCP-R01154,SUBMITTED,2023-07-17T07:22:00-05:00,2023-07-17T13:17:24-05:00,5881,USD,,false,NDX/SRC/events/02100
EV002101,WCP,WCP_LIS,,PAYMENT_POSTED,2023-08-17T10:45:00-05:00,2023-08-26T11:49:03-05:00,5881,USD,,false,NDX/SRC/events/02101
EV002102,WCP,WCP_LIS,WCP-R01155,SUBMITTED,2022-12-27T09:13:00-06:00,2022-12-29T20:00:18-06:00,11931,USD,,false,NDX/SRC/events/02102
EV002103,WCP,WCP_LIS,,PAYMENT_POSTED,2023-01-20T15:39:00-06:00,2023-01-20T22:23:53-06:00,11931,USD,,false,NDX/SRC/events/02103
EV002104,WCP,WCP_LIS,WCP-R01156,SUBMITTED,2023-01-17T10:23:00-06:00,2023-01-17T15:09:53-06:00,26334,USD,,false,NDX/SRC/events/02104
EV002105,WCP,WCP_LIS,WCP-R01156,CLOSED_NO_PAYMENT,2023-03-20T14:02:00-05:00,2023-03-25T21:00:59-05:00,,,,true,NDX/SRC/events/02105
EV002106,WCP,WCP_LIS,WCP-R01157,SUBMITTED,2022-10-31T15:19:00-05:00,2022-11-04T16:46:10-05:00,65883,USD,,false,NDX/SRC/events/02106
EV002107,WCP,WCP_LIS,,PAYMENT_POSTED,2022-11-10T13:29:00-06:00,2022-11-10T15:00:10-06:00,65883,USD,,false,NDX/SRC/events/02107
EV002108,WCP,WCP_LIS,WCP-R01158,SUBMITTED,2022-10-31T12:48:00-05:00,2022-11-02T05:37:54-05:00,9870,USD,,false,NDX/SRC/events/02108
EV002109,WCP,WCP_LIS,WCP-R01159,SUBMITTED,2023-05-09T07:52:00-05:00,2023-05-09T08:15:54-05:00,7019,USD,,false,NDX/SRC/events/02109
EV002110,WCP,WCP_LIS,,PAYMENT_POSTED,2023-06-12T11:40:00-05:00,2023-06-14T01:38:08-05:00,7019,USD,,false,NDX/SRC/events/02110
EV002111,WCP,WCP_LIS,WCP-R01160,SUBMITTED,2022-11-07T08:26:00-06:00,2022-11-23T01:02:42-06:00,140801,USD,,false,NDX/SRC/events/02111
EV002112,WCP,WCP_LIS,,PAYMENT_POSTED,2022-12-05T12:26:00-06:00,2022-12-05T15:53:30-06:00,140801,USD,,false,NDX/SRC/events/02112
EV002113,WCP,WCP_LIS,WCP-R01161,SUBMITTED,2022-07-11T09:19:00-05:00,2022-07-16T03:48:08-05:00,14460,USD,,false,NDX/SRC/events/02113
EV002114,WCP,WCP_LIS,WCP-R01162,SUBMITTED,2023-06-28T09:31:00-05:00,2023-07-02T04:17:41-05:00,8236,USD,,false,NDX/SRC/events/02114
EV002115,WCP,WCP_LIS,,PAYMENT_POSTED,2023-07-19T09:51:00-05:00,2023-07-22T18:39:26-05:00,8236,USD,,false,NDX/SRC/events/02115
EV002116,WCP,WCP_LIS,WCP-R01163,SUBMITTED,2023-01-02T07:33:00-06:00,2023-01-02T22:26:20-06:00,6633,USD,,false,NDX/SRC/events/02116
EV002117,WCP,WCP_LIS,WCP-R01164,SUBMITTED,2023-08-14T14:44:00-05:00,2023-08-16T08:06:06-05:00,2616,USD,,false,NDX/SRC/events/02117
EV002118,WCP,WCP_LIS,WCP-R01165,SUBMITTED,2023-05-29T09:45:00-05:00,2023-05-31T02:38:01-05:00,9058,USD,,false,NDX/SRC/events/02118
EV002119,WCP,WCP_LIS,WCP-R01166,CORRECTED,2023-05-30T12:28:00-05:00,2023-06-04T20:47:19-05:00,8897,USD,,false,NDX/SRC/events/02119
EV002120,WCP,WCP_LIS,WCP-R01165,VOID_VERSION,2023-05-30T12:28:00-05:00,2023-05-31T23:27:29-05:00,9058,USD,,false,NDX/SRC/events/02120
EV002121,WCP,WCP_LIS,,PAYMENT_POSTED,2023-06-19T11:21:00-05:00,2023-06-23T23:22:23-05:00,8897,USD,,false,NDX/SRC/events/02121
EV002122,WCP,WCP_LIS,WCP-R01167,SUBMITTED,2023-07-19T15:28:00-05:00,2023-07-22T10:22:33-05:00,101617,USD,,false,NDX/SRC/events/02122
EV002123,WCP,WCP_LIS,,PAYMENT_POSTED,2023-08-21T10:16:00-05:00,2023-08-21T11:01:27-05:00,101617,USD,,false,NDX/SRC/events/02123
EV002124,WCP,WCP_LIS,WCP-R01168,SUBMITTED,2023-07-14T10:00:00-05:00,2023-07-24T21:29:57-05:00,13220,USD,,false,NDX/SRC/events/02124
EV002125,WCP,WCP_LIS,WCP-R01169,SUBMITTED,2022-11-08T07:42:00-06:00,2022-11-08T14:10:32-06:00,110960,USD,,false,NDX/SRC/events/02125
EV002126,WCP,WCP_LIS,,PAYMENT_POSTED,2022-12-26T09:47:00-06:00,2022-12-28T19:11:31-06:00,110960,USD,,false,NDX/SRC/events/02126
EV002127,WCP,WCP_LIS,WCP-R01169,PAYMENT_REVERSED,2023-01-06T14:39:00-06:00,2023-01-11T06:49:03-06:00,110960,USD,EV002126,false,NDX/SRC/events/02127
EV002128,WCP,WCP_LIS,WCP-R01170,SUBMITTED,2023-08-04T12:36:00-05:00,2023-08-04T13:37:59-05:00,3293,USD,,false,NDX/SRC/events/02128
EV002129,WCP,WCP_LIS,,PAYMENT_POSTED,2023-09-04T15:11:00-05:00,2023-09-11T06:37:32-05:00,3293,USD,,false,NDX/SRC/events/02129
EV002130,WCP,WCP_LIS,WCP-R01171,SUBMITTED,2022-10-17T07:04:00-05:00,2022-10-20T00:19:57-05:00,15009,USD,,false,NDX/SRC/events/02130
EV002131,WCP,WCP_LIS,WCP-R01172,CORRECTED,2022-10-25T14:31:00-05:00,2022-11-04T10:10:04-05:00,17409,USD,,false,NDX/SRC/events/02131
EV002132,WCP,WCP_LIS,WCP-R01173,SUBMITTED,2023-06-06T15:12:00-05:00,2023-06-07T15:36:18-05:00,65458,USD,,false,NDX/SRC/events/02132
EV002133,WCP,WCP_LIS,,PAYMENT_POSTED,2023-06-19T12:43:00-05:00,2023-06-22T06:44:26-05:00,65458,USD,,false,NDX/SRC/events/02133
EV002134,WCP,WCP_LIS,WCP-R01174,SUBMITTED,2023-06-05T09:10:00-05:00,2023-06-05T13:35:44-05:00,13074,USD,,false,NDX/SRC/events/02134
EV002135,WCP,WCP_LIS,WCP-R01175,SUBMITTED,2022-11-21T15:31:00-06:00,2022-11-28T06:59:35-06:00,17408,USD,,false,NDX/SRC/events/02135
EV002136,WCP,WCP_LIS,,PAYMENT_POSTED,2022-12-19T12:35:00-06:00,2022-12-23T14:27:12-06:00,17408,USD,,false,NDX/SRC/events/02136
EV002137,WCP,WCP_LIS,WCP-R01176,SUBMITTED,2022-08-11T13:04:00-05:00,2022-10-10T17:21:08-05:00,6472,USD,,false,NDX/SRC/events/02137
EV002138,WCP,WCP_LIS,WCP-R01177,SUBMITTED,2023-04-10T09:54:00-05:00,2023-04-16T05:02:23-05:00,38808,USD,,false,NDX/SRC/events/02138
EV002139,WCP,WCP_LIS,,PAYMENT_POSTED,2023-04-17T11:29:00-05:00,2023-04-17T11:48:03-05:00,38808,USD,,false,NDX/SRC/events/02139
EV002140,WCP,WCP_LIS,WCP-R01178,SUBMITTED,2023-07-25T07:43:00-05:00,2023-07-25T13:57:29-05:00,7135,USD,,false,NDX/SRC/events/02140
EV002141,WCP,WCP_LIS,,PAYMENT_POSTED,2023-07-31T08:56:00-05:00,2023-07-31T15:28:30-05:00,7135,USD,,false,NDX/SRC/events/02141
EV002142,WCP,WCP_LIS,WCP-R01179,SUBMITTED,2023-07-10T15:56:00-05:00,2023-07-10T20:57:08-05:00,11759,USD,,false,NDX/SRC/events/02142
EV002143,WCP,WCP_LIS,,PAYMENT_POSTED,2023-07-28T11:35:00-05:00,2023-07-28T19:32:29-05:00,11759,USD,,false,NDX/SRC/events/02143
EV002144,WCP,WCP_LIS,WCP-R01180,SUBMITTED,2022-10-10T11:50:00-05:00,2022-10-31T11:50:00-05:00,3516,USD,,false,NDX/SRC/events/02144
EV002145,WCP,WCP_LIS,,PAYMENT_POSTED,2023-01-30T12:58:00-06:00,2023-02-03T09:15:59-06:00,3516,USD,,false,NDX/SRC/events/02145
EV002146,WCP,WCP_LIS,WCP-R01181,SUBMITTED,2023-09-15T11:18:00-05:00,2023-09-17T08:36:45-05:00,102227,USD,,false,NDX/SRC/events/02146
EV002147,WCP,WCP_LIS,WCP-R01182,SUBMITTED,2022-10-31T10:19:00-05:00,2022-10-31T17:16:39-05:00,9723,USD,,false,NDX/SRC/events/02147
EV002148,WCP,WCP_LIS,,PAYMENT_POSTED,2022-11-07T10:48:00-06:00,2022-11-07T15:13:25-06:00,9723,USD,,false,NDX/SRC/events/02148
EV002149,WCP,WCP_LIS,WCP-R01183,SUBMITTED,2023-03-28T07:01:00-05:00,2023-04-02T15:09:21-05:00,6365,USD,,false,NDX/SRC/events/02149
EV002150,WCP,WCP_LIS,,PAYMENT_POSTED,2023-04-18T10:14:00-05:00,2023-04-18T15:27:30-05:00,6365,USD,,false,NDX/SRC/events/02150
EV002151,WCP,WCP_LIS,WCP-R01184,SUBMITTED,2023-02-27T13:21:00-06:00,2023-03-05T06:00:10-06:00,48212,USD,,false,NDX/SRC/events/02151
EV002152,WCP,WCP_LIS,WCP-R01185,SUBMITTED,2023-01-23T07:17:00-06:00,2023-01-23T10:14:10-06:00,10533,USD,,false,NDX/SRC/events/02152
EV002153,WCP,WCP_LIS,,PAYMENT_POSTED,2023-02-13T10:26:00-06:00,2023-02-18T19:59:37-06:00,10533,USD,,false,NDX/SRC/events/02153
EV002154,WCP,WCP_LIS,WCP-R01186,SUBMITTED,2023-08-03T13:04:00-05:00,2023-08-04T18:56:10-05:00,6701,USD,,false,NDX/SRC/events/02154
EV002155,WCP,WCP_LIS,,PAYMENT_POSTED,2023-08-14T15:00:00-05:00,2023-08-19T00:00:54-05:00,6701,USD,,false,NDX/SRC/events/02155
EV002156,WCP,WCP_LIS,WCP-R01187,SUBMITTED,2023-07-17T08:32:00-05:00,2023-07-17T09:58:54-05:00,28752,USD,,false,NDX/SRC/events/02156
EV002157,WCP,WCP_LIS,,PAYMENT_POSTED,2023-08-01T14:49:00-05:00,2023-08-02T16:35:07-05:00,28752,USD,,false,NDX/SRC/events/02157
EV002158,WCP,WCP_LIS,WCP-R01188,SUBMITTED,2023-09-29T09:33:00-05:00,2023-09-29T12:39:37-05:00,3937,USD,,false,NDX/SRC/events/02158
EV002159,WCP,WCP_LIS,,PAYMENT_POSTED,2023-10-11T12:33:00-05:00,2023-10-11T16:08:21-05:00,3937,USD,,false,NDX/SRC/events/02159
EV002160,WCP,WCP_LIS,WCP-R01189,SUBMITTED,2023-02-20T10:38:00-06:00,2023-02-25T18:12:25-06:00,16315,USD,,false,NDX/SRC/events/02160
EV002161,WCP,WCP_LIS,,PAYMENT_POSTED,2023-03-06T09:38:00-06:00,2023-03-08T08:03:09-06:00,16315,USD,,false,NDX/SRC/events/02161
EV002162,WCP,WCP_LIS,WCP-R01190,SUBMITTED,2023-05-22T10:53:00-05:00,2023-05-28T15:27:16-05:00,32922,USD,,false,NDX/SRC/events/02162
EV002163,WCP,WCP_LIS,,PAYMENT_POSTED,2023-06-12T12:44:00-05:00,2023-06-12T14:01:12-05:00,32922,USD,,false,NDX/SRC/events/02163
EV002164,WCP,WCP_LIS,WCP-R01191,SUBMITTED,2023-03-02T13:32:00-06:00,2023-03-02T21:29:28-06:00,13571,USD,,false,NDX/SRC/events/02164
EV002165,WCP,WCP_LIS,,PAYMENT_POSTED,2023-03-13T13:10:00-05:00,2023-03-16T16:06:05-05:00,13571,USD,,false,NDX/SRC/events/02165
EV002166,WCP,WCP_LIS,WCP-R01192,SUBMITTED,2023-07-13T14:54:00-05:00,2023-07-18T03:06:26-05:00,93602,USD,,false,NDX/SRC/events/02166
EV002167,WCP,WCP_LIS,,PAYMENT_POSTED,2023-08-08T08:48:00-05:00,2023-08-08T13:47:29-05:00,93602,USD,,false,NDX/SRC/events/02167
EV002168,WCP,WCP_LIS,WCP-R01193,SUBMITTED,2023-02-20T15:37:00-06:00,2023-02-27T22:18:02-06:00,11960,USD,,false,NDX/SRC/events/02168
EV002169,WCP,WCP_LIS,WCP-R01193,CLOSED_NO_PAYMENT,2023-05-04T15:59:00-05:00,2023-05-04T17:56:45-05:00,,,,true,NDX/SRC/events/02169
EV002170,WCP,WCP_LIS,WCP-R01194,SUBMITTED,2023-01-23T10:02:00-06:00,2023-01-23T11:15:35-06:00,27935,USD,,false,NDX/SRC/events/02170
EV002171,WCP,WCP_LIS,,PAYMENT_POSTED,2023-02-20T07:58:00-06:00,2023-02-22T17:39:16-06:00,27935,USD,,false,NDX/SRC/events/02171
EV002172,WCP,WCP_LIS,WCP-R01195,SUBMITTED,2022-08-17T12:23:00-05:00,2022-08-17T15:09:32-05:00,5763,USD,,false,NDX/SRC/events/02172
EV002173,WCP,WCP_LIS,,PAYMENT_POSTED,2022-09-28T14:23:00-05:00,2022-09-29T05:14:34-05:00,5763,USD,,false,NDX/SRC/events/02173
EV002174,WCP,WCP_LIS,WCP-R01196,SUBMITTED,2022-09-19T07:14:00-05:00,2022-09-21T04:19:59-05:00,6652,USD,,false,NDX/SRC/events/02174
EV002175,WCP,WCP_LIS,WCP-R01197,CORRECTED,2022-09-30T13:55:00-05:00,2022-10-02T16:33:27-05:00,7315,USD,,false,NDX/SRC/events/02175
EV002176,WCP,WCP_LIS,WCP-R01196,VOID_VERSION,2022-09-30T13:55:00-05:00,2022-10-02T00:08:43-05:00,6652,USD,,false,NDX/SRC/events/02176
EV002177,WCP,WCP_LIS,,PAYMENT_POSTED,2022-10-07T07:41:00-05:00,2022-10-08T22:08:22-05:00,7315,USD,,false,NDX/SRC/events/02177
EV002178,WCP,WCP_LIS,WCP-R01198,SUBMITTED,2023-08-03T14:49:00-05:00,2023-08-04T21:57:31-05:00,6607,USD,,false,NDX/SRC/events/02178
EV002179,WCP,WCP_LIS,,PAYMENT_POSTED,2023-08-08T11:21:00-05:00,2023-08-08T11:40:23-05:00,6607,USD,,false,NDX/SRC/events/02179
EV002180,WCP,WCP_LIS,WCP-R01199,SUBMITTED,2023-03-13T13:16:00-05:00,2023-03-13T17:25:06-05:00,6308,USD,,false,NDX/SRC/events/02180
EV002181,WCP,WCP_LIS,WCP-R01199,CLOSED_NO_PAYMENT,2023-06-19T11:07:00-05:00,2023-06-22T07:30:11-05:00,,,,true,NDX/SRC/events/02181
EV002182,WCP,WCP_LIS,WCP-R01200,SUBMITTED,2023-05-30T13:50:00-05:00,2023-05-30T16:43:40-05:00,4253,USD,,false,NDX/SRC/events/02182
EV002183,WCP,WCP_LIS,,PAYMENT_POSTED,2023-06-19T10:30:00-05:00,2023-06-30T16:55:49-05:00,4253,USD,,false,NDX/SRC/events/02183
EV002184,WCP,WCP_LIS,WCP-R01201,SUBMITTED,2023-05-29T10:26:00-05:00,2023-05-29T14:50:25-05:00,12338,USD,,false,NDX/SRC/events/02184
EV002185,WCP,WCP_LIS,WCP-R01202,SUBMITTED,2023-05-09T08:00:00-05:00,2023-05-09T08:48:40-05:00,8982,USD,,false,NDX/SRC/events/02185
EV002186,WCP,WCP_LIS,,PAYMENT_POSTED,2023-06-06T10:56:00-05:00,2023-06-06T15:34:35-05:00,8982,USD,,false,NDX/SRC/events/02186
EV002187,WCP,WCP_LIS,WCP-R01203,SUBMITTED,2023-03-06T11:57:00-06:00,2023-03-06T16:34:36-06:00,11503,USD,,false,NDX/SRC/events/02187
EV002188,WCP,WCP_LIS,WCP-R01204,SUBMITTED,2022-07-25T11:33:00-05:00,2022-07-25T12:12:12-05:00,17360,USD,,false,NDX/SRC/events/02188
EV002189,WCP,WCP_LIS,WCP-R01205,CORRECTED,2022-08-05T11:16:00-05:00,2022-08-08T01:51:25-05:00,19979,USD,,false,NDX/SRC/events/02189
EV002190,WCP,WCP_LIS,,PAYMENT_POSTED,2022-08-04T11:44:00-05:00,2022-08-04T17:20:22-05:00,19979,USD,,false,NDX/SRC/events/02190
EV002191,WCP,WCP_LIS,WCP-R01206,SUBMITTED,2022-09-19T14:51:00-05:00,2022-09-19T21:57:56-05:00,6856,USD,,false,NDX/SRC/events/02191
EV002192,WCP,WCP_LIS,,PAYMENT_POSTED,2022-09-30T08:11:00-05:00,2022-09-30T09:35:53-05:00,6856,USD,,false,NDX/SRC/events/02192
EV002193,WCP,WCP_LIS,WCP-R01207,SUBMITTED,2022-08-17T11:30:00-05:00,2022-08-19T11:33:38-05:00,4675,USD,,false,NDX/SRC/events/02193
EV002194,WCP,WCP_LIS,,PAYMENT_POSTED,2022-10-03T12:45:00-05:00,2022-11-09T10:36:53-06:00,4675,USD,,false,NDX/SRC/events/02194
EV002195,WCP,WCP_LIS,WCP-R01208,SUBMITTED,2022-07-07T12:00:00-05:00,2022-07-07T18:58:56-05:00,3422,USD,,false,NDX/SRC/events/02195
EV002196,WCP,WCP_LIS,WCP-R01209,CORRECTED,2022-07-15T09:11:00-05:00,2022-07-19T09:57:21-05:00,4160,USD,,false,NDX/SRC/events/02196
EV002197,WCP,WCP_LIS,,PAYMENT_POSTED,2022-08-18T09:58:00-05:00,2022-08-23T03:21:04-05:00,4160,USD,,false,NDX/SRC/events/02197
EV002198,WCP,WCP_LIS,WCP-R01210,SUBMITTED,2022-10-17T15:43:00-05:00,2022-10-17T17:54:12-05:00,9011,USD,,false,NDX/SRC/events/02198
EV002199,WCP,WCP_LIS,,PAYMENT_POSTED,2022-10-28T10:01:00-05:00,2022-10-31T03:50:02-05:00,9011,USD,,false,NDX/SRC/events/02199
EV002200,WCP,WCP_LIS,WCP-R01211,SUBMITTED,2023-08-17T09:55:00-05:00,2023-08-17T12:24:40-05:00,7618,USD,,false,NDX/SRC/events/02200
EV002201,WCP,WCP_LIS,,PAYMENT_POSTED,2023-08-30T12:54:00-05:00,2023-08-31T23:08:15-05:00,7618,USD,,false,NDX/SRC/events/02201
EV002202,WCP,WCP_LIS,WCP-R01212,SUBMITTED,2023-06-22T08:40:00-05:00,2023-06-23T12:59:42-05:00,72974,USD,,false,NDX/SRC/events/02202
EV002203,WCP,WCP_LIS,WCP-R01213,CORRECTED,2023-06-23T10:39:00-05:00,2023-06-25T05:40:24-05:00,65939,USD,,false,NDX/SRC/events/02203
EV002204,WCP,WCP_LIS,,PAYMENT_POSTED,2023-07-13T12:33:00-05:00,2023-07-18T22:17:21-05:00,65939,USD,,false,NDX/SRC/events/02204
EV002205,WCP,WCP_LIS,WCP-R01214,SUBMITTED,2022-12-26T09:21:00-06:00,2022-12-28T04:26:38-06:00,11331,USD,,false,NDX/SRC/events/02205
EV002206,WCP,WCP_LIS,WCP-R01215,CORRECTED,2023-01-02T10:48:00-06:00,2023-01-02T17:07:55-06:00,13410,USD,,false,NDX/SRC/events/02206
EV002207,WCP,WCP_LIS,WCP-R01214,VOID_VERSION,2023-01-02T10:48:00-06:00,2023-01-03T10:02:17-06:00,11331,USD,,false,NDX/SRC/events/02207
EV002208,WCP,WCP_LIS,WCP-R01215,CLOSED_NO_PAYMENT,2023-02-08T11:27:00-06:00,2023-02-09T12:27:11-06:00,,,,true,NDX/SRC/events/02208
EV002209,WCP,WCP_LIS,WCP-R01216,SUBMITTED,2022-09-06T08:33:00-05:00,2022-09-17T22:05:07-05:00,2500,USD,,false,NDX/SRC/events/02209
EV002210,WCP,WCP_LIS,,PAYMENT_POSTED,2022-11-21T10:47:00-06:00,2022-11-21T15:19:35-06:00,2500,USD,,false,NDX/SRC/events/02210
EV002211,WCP,WCP_LIS,WCP-R01217,SUBMITTED,2023-05-02T09:20:00-05:00,2023-05-02T11:00:04-05:00,19981,USD,,false,NDX/SRC/events/02211
EV002212,WCP,WCP_LIS,WCP-R01218,SUBMITTED,2023-07-24T13:14:00-05:00,2023-07-24T18:26:28-05:00,21040,USD,,false,NDX/SRC/events/02212
EV002213,WCP,WCP_LIS,,PAYMENT_POSTED,2023-10-11T14:29:00-05:00,2023-10-13T00:25:03-05:00,21040,USD,,false,NDX/SRC/events/02213
EV002214,WCP,WCP_LIS,WCP-R01219,SUBMITTED,2022-12-28T11:27:00-06:00,2022-12-31T07:52:51-06:00,20937,USD,,false,NDX/SRC/events/02214
EV002215,WCP,WCP_LIS,,PAYMENT_POSTED,2023-02-03T07:12:00-06:00,2023-02-12T21:13:12-06:00,20937,USD,,false,NDX/SRC/events/02215
EV002216,WCP,WCP_LIS,WCP-R01220,SUBMITTED,2023-01-17T08:05:00-06:00,2023-01-17T13:15:33-06:00,7772,USD,,false,NDX/SRC/events/02216
EV002217,WCP,WCP_LIS,,PAYMENT_POSTED,2023-01-30T12:13:00-06:00,2023-01-31T09:53:43-06:00,7772,USD,,false,NDX/SRC/events/02217
EV002218,WCP,WCP_LIS,WCP-R01221,SUBMITTED,2023-01-16T13:15:00-06:00,2023-01-22T01:23:07-06:00,22764,USD,,false,NDX/SRC/events/02218
EV002219,WCP,WCP_LIS,WCP-R01222,SUBMITTED,2023-01-18T10:47:00-06:00,2023-01-18T12:51:38-06:00,13542,USD,,false,NDX/SRC/events/02219
EV002220,WCP,WCP_LIS,WCP-R01223,SUBMITTED,2022-08-04T07:36:00-05:00,2022-08-06T01:28:18-05:00,21549,USD,,false,NDX/SRC/events/02220
EV002221,WCP,WCP_LIS,,PAYMENT_POSTED,2022-08-18T15:16:00-05:00,2022-08-26T19:13:03-05:00,21549,USD,,false,NDX/SRC/events/02221
EV002222,WCP,WCP_LIS,WCP-R01224,SUBMITTED,2022-10-24T12:19:00-05:00,2022-10-24T16:05:48-05:00,7644,USD,,false,NDX/SRC/events/02222
EV002223,WCP,WCP_LIS,,PAYMENT_POSTED,2022-11-14T13:54:00-06:00,2022-11-15T09:24:51-06:00,7644,USD,,false,NDX/SRC/events/02223
EV002224,WCP,WCP_LIS,WCP-R01225,SUBMITTED,2022-08-22T12:45:00-05:00,2022-08-23T09:14:38-05:00,13700,USD,,false,NDX/SRC/events/02224
EV002225,WCP,WCP_LIS,,PAYMENT_POSTED,2022-09-26T10:18:00-05:00,2022-09-26T13:51:50-05:00,13700,USD,,false,NDX/SRC/events/02225
EV002226,WCP,WCP_LIS,WCP-R01226,SUBMITTED,2023-04-03T07:35:00-05:00,2023-04-03T13:13:47-05:00,10483,USD,,false,NDX/SRC/events/02226
EV002227,WCP,WCP_LIS,,PAYMENT_POSTED,2023-05-01T08:28:00-05:00,2023-05-12T18:59:26-05:00,10483,USD,,false,NDX/SRC/events/02227
EV002228,WCP,WCP_LIS,WCP-R01227,SUBMITTED,2023-07-11T07:59:00-05:00,2023-07-12T17:41:51-05:00,6556,USD,,false,NDX/SRC/events/02228
EV002229,WCP,WCP_LIS,WCP-R01227,CLOSED_NO_PAYMENT,2023-09-27T13:24:00-05:00,2023-09-27T20:48:08-05:00,,,,true,NDX/SRC/events/02229
EV002230,WCP,WCP_LIS,WCP-R01228,SUBMITTED,2023-02-06T15:32:00-06:00,2023-02-09T00:53:47-06:00,5532,USD,,false,NDX/SRC/events/02230
EV002231,WCP,WCP_LIS,WCP-R01229,CORRECTED,2023-02-13T10:09:00-06:00,2023-02-25T22:35:15-06:00,5665,USD,,false,NDX/SRC/events/02231
EV002232,WCP,WCP_LIS,WCP-R01228,VOID_VERSION,2023-02-13T10:09:00-06:00,2023-02-15T15:56:08-06:00,5532,USD,,false,NDX/SRC/events/02232
EV002233,WCP,WCP_LIS,,PAYMENT_POSTED,2023-02-28T14:34:00-06:00,2023-03-07T09:50:12-06:00,5665,USD,,false,NDX/SRC/events/02233
EV002234,WCP,WCP_LIS,WCP-R01230,SUBMITTED,2023-03-02T07:08:00-06:00,2023-03-02T21:23:47-06:00,54052,USD,,false,NDX/SRC/events/02234
EV002235,WCP,WCP_LIS,,PAYMENT_POSTED,2023-03-10T07:39:00-06:00,2023-03-13T05:07:24-05:00,54052,USD,,false,NDX/SRC/events/02235
EV002236,WCP,WCP_LIS,WCP-R01231,SUBMITTED,2023-06-20T13:20:00-05:00,2023-06-21T09:51:24-05:00,11680,USD,,false,NDX/SRC/events/02236
EV002237,WCP,WCP_LIS,,PAYMENT_POSTED,2023-08-15T14:16:00-05:00,2023-08-18T12:09:21-05:00,11680,USD,,false,NDX/SRC/events/02237
EV002238,WCP,WCP_LIS,WCP-R01232,SUBMITTED,2023-07-24T15:13:00-05:00,2023-07-26T13:08:27-05:00,5756,USD,,false,NDX/SRC/events/02238
EV002239,WCP,WCP_LIS,,PAYMENT_POSTED,2023-09-08T14:27:00-05:00,2023-09-12T06:14:58-05:00,5756,USD,,false,NDX/SRC/events/02239
EV002240,WCP,WCP_LIS,WCP-R01233,SUBMITTED,2022-12-08T08:37:00-06:00,2022-12-08T08:54:41-06:00,31828,USD,,false,NDX/SRC/events/02240
EV002241,WCP,WCP_LIS,,PAYMENT_POSTED,2023-03-23T09:11:00-05:00,2023-03-24T10:19:05-05:00,31828,USD,,false,NDX/SRC/events/02241
EV002242,WCP,WCP_LIS,WCP-R01234,SUBMITTED,2023-03-22T10:23:00-05:00,2023-03-22T13:59:18-05:00,12054,USD,,false,NDX/SRC/events/02242
EV002243,WCP,WCP_LIS,WCP-R01234,CLOSED_NO_PAYMENT,2023-07-10T14:57:00-05:00,2023-07-10T15:58:15-05:00,,,,true,NDX/SRC/events/02243
EV002244,WCP,WCP_LIS,WCP-R01235,SUBMITTED,2023-01-19T13:36:00-06:00,2023-01-19T21:08:47-06:00,18199,USD,,false,NDX/SRC/events/02244
EV002245,WCP,WCP_LIS,,PAYMENT_POSTED,2023-03-06T14:52:00-06:00,2023-03-10T10:22:35-06:00,18199,USD,,false,NDX/SRC/events/02245
EV002246,WCP,WCP_LIS,WCP-R01236,SUBMITTED,2023-08-03T13:48:00-05:00,2023-08-08T01:53:45-05:00,87929,USD,,false,NDX/SRC/events/02246
EV002247,WCP,WCP_LIS,WCP-R01237,SUBMITTED,2023-03-09T10:02:00-06:00,2023-03-09T14:19:47-06:00,22457,USD,,false,NDX/SRC/events/02247
EV002248,WCP,WCP_LIS,,PAYMENT_POSTED,2023-03-20T15:22:00-05:00,2023-03-22T17:25:55-05:00,22457,USD,,false,NDX/SRC/events/02248
EV002249,WCP,WCP_LIS,WCP-R01238,SUBMITTED,2023-03-06T08:10:00-06:00,2023-03-08T19:49:00-06:00,14167,USD,,false,NDX/SRC/events/02249
EV002250,WCP,WCP_LIS,WCP-R01239,SUBMITTED,2023-02-14T14:18:00-06:00,2023-02-14T14:50:17-06:00,34466,USD,,false,NDX/SRC/events/02250
EV002251,WCP,WCP_LIS,,PAYMENT_POSTED,2023-02-28T11:14:00-06:00,2023-02-28T11:34:32-06:00,34466,USD,,false,NDX/SRC/events/02251
EV002252,WCP,WCP_LIS,WCP-R01240,SUBMITTED,2022-10-31T07:53:00-05:00,2022-11-03T19:12:13-05:00,15091,USD,,false,NDX/SRC/events/02252
EV002253,WCP,WCP_LIS,,PAYMENT_POSTED,2022-11-08T11:27:00-06:00,2022-11-08T17:40:24-06:00,15091,USD,,false,NDX/SRC/events/02253
EV002254,WCP,WCP_LIS,WCP-R01241,SUBMITTED,2023-07-20T08:08:00-05:00,2023-07-22T05:55:06-05:00,101097,USD,,false,NDX/SRC/events/02254
EV002255,WCP,WCP_LIS,WCP-R01242,SUBMITTED,2023-03-13T09:11:00-05:00,2023-03-13T13:13:29-05:00,11518,USD,,false,NDX/SRC/events/02255
EV002256,WCP,WCP_LIS,,PAYMENT_POSTED,2023-04-27T08:35:00-05:00,2023-04-30T11:52:14-05:00,11518,USD,,false,NDX/SRC/events/02256
EV002257,WCP,WCP_LIS,WCP-R01243,SUBMITTED,2022-12-06T14:45:00-06:00,2022-12-06T21:47:51-06:00,16547,USD,,false,NDX/SRC/events/02257
EV002258,WCP,WCP_LIS,WCP-R01244,SUBMITTED,2023-08-21T09:34:00-05:00,2023-08-29T00:42:14-05:00,4948,USD,,false,NDX/SRC/events/02258
EV002259,WCP,WCP_LIS,,PAYMENT_POSTED,2023-09-20T14:40:00-05:00,2023-09-20T22:30:11-05:00,4948,USD,,false,NDX/SRC/events/02259
EV002260,WCP,WCP_LIS,WCP-R01245,SUBMITTED,2022-11-21T10:03:00-06:00,2022-11-24T11:42:40-06:00,21959,USD,,false,NDX/SRC/events/02260
EV002261,WCP,WCP_LIS,,PAYMENT_POSTED,2022-12-05T08:08:00-06:00,2022-12-05T10:31:57-06:00,21959,USD,,false,NDX/SRC/events/02261
EV002262,WCP,WCP_LIS,WCP-R01246,SUBMITTED,2023-01-04T08:21:00-06:00,2023-01-04T13:49:38-06:00,33006,USD,,false,NDX/SRC/events/02262
EV002263,WCP,WCP_LIS,,PAYMENT_POSTED,2023-02-13T14:01:00-06:00,2023-02-14T17:57:06-06:00,33006,USD,,false,NDX/SRC/events/02263
EV002264,WCP,WCP_LIS,WCP-R01247,SUBMITTED,2023-02-01T07:47:00-06:00,2023-02-01T11:46:48-06:00,7403,USD,,false,NDX/SRC/events/02264
EV002265,WCP,WCP_LIS,,PAYMENT_POSTED,2023-02-20T12:21:00-06:00,2023-02-23T22:03:50-06:00,7403,USD,,false,NDX/SRC/events/02265
EV002266,WCP,WCP_LIS,WCP-R01248,SUBMITTED,2023-01-30T11:05:00-06:00,2023-01-31T14:49:11-06:00,4445,USD,,false,NDX/SRC/events/02266
EV002267,WCP,WCP_LIS,WCP-R01249,SUBMITTED,2023-05-29T10:12:00-05:00,2023-05-30T07:16:33-05:00,31532,USD,,false,NDX/SRC/events/02267
EV002268,WCP,WCP_LIS,,PAYMENT_POSTED,2023-06-19T07:33:00-05:00,2023-06-20T01:30:34-05:00,31532,USD,,false,NDX/SRC/events/02268
EV002269,WCP,WCP_LIS,WCP-R01250,SUBMITTED,2022-12-28T07:44:00-06:00,2022-12-30T02:09:08-06:00,23273,USD,,false,NDX/SRC/events/02269
EV002270,WCP,WCP_LIS,,PAYMENT_POSTED,2023-02-07T14:24:00-06:00,2023-02-07T18:13:57-06:00,23273,USD,,false,NDX/SRC/events/02270
EV002271,WCP,WCP_LIS,WCP-R01251,SUBMITTED,2023-06-23T08:06:00-05:00,2023-06-23T09:50:08-05:00,4418,USD,,false,NDX/SRC/events/02271
EV002272,WCP,WCP_LIS,,PAYMENT_POSTED,2023-10-02T10:56:00-05:00,2023-10-02T12:17:17-05:00,4418,USD,,false,NDX/SRC/events/02272
EV002273,WCP,WCP_LIS,WCP-R01252,SUBMITTED,2022-10-12T13:15:00-05:00,2022-10-17T09:15:25-05:00,4318,USD,,false,NDX/SRC/events/02273
EV002274,WCP,WCP_LIS,,PAYMENT_POSTED,2022-10-25T07:55:00-05:00,2022-10-25T13:14:27-05:00,4318,USD,,false,NDX/SRC/events/02274
EV002275,WCP,WCP_LIS,WCP-R01253,SUBMITTED,2023-04-11T15:37:00-05:00,2023-04-11T17:22:34-05:00,65298,USD,,false,NDX/SRC/events/02275
EV002276,WCP,WCP_LIS,,PAYMENT_POSTED,2023-05-04T14:03:00-05:00,2023-05-04T18:27:30-05:00,65298,USD,,false,NDX/SRC/events/02276
EV002277,WCP,WCP_LIS,WCP-R01254,SUBMITTED,2023-04-06T14:17:00-05:00,2023-04-10T16:07:36-05:00,13636,USD,,false,NDX/SRC/events/02277
EV002278,WCP,WCP_LIS,WCP-R01255,SUBMITTED,2022-09-23T07:40:00-05:00,2022-09-24T04:34:14-05:00,9210,USD,,false,NDX/SRC/events/02278
EV002279,WCP,WCP_LIS,,PAYMENT_POSTED,2022-10-12T11:06:00-05:00,2022-10-12T12:06:12-05:00,9210,USD,,false,NDX/SRC/events/02279
EV002280,WCP,WCP_LIS,WCP-R01256,SUBMITTED,2022-07-18T12:33:00-05:00,2022-07-18T16:31:39-05:00,7795,USD,,false,NDX/SRC/events/02280
EV002281,WCP,WCP_LIS,,PAYMENT_POSTED,2022-07-29T12:50:00-05:00,2022-07-29T16:08:29-05:00,7795,USD,,false,NDX/SRC/events/02281
EV002282,WCP,WCP_LIS,WCP-R01257,SUBMITTED,2023-05-02T15:43:00-05:00,2023-05-02T18:54:49-05:00,6968,USD,,false,NDX/SRC/events/02282
EV002283,WCP,WCP_LIS,,PAYMENT_POSTED,2023-05-19T10:39:00-05:00,2023-05-21T19:23:56-05:00,6968,USD,,false,NDX/SRC/events/02283
EV002284,WCP,WCP_LIS,WCP-R01258,SUBMITTED,2023-09-18T08:44:00-05:00,2023-09-18T16:33:20-05:00,21670,USD,,false,NDX/SRC/events/02284
EV002285,WCP,WCP_LIS,,PAYMENT_POSTED,2023-09-22T08:46:00-05:00,2023-09-24T00:57:51-05:00,21670,USD,,false,NDX/SRC/events/02285
EV002286,WCP,WCP_LIS,WCP-R01259,SUBMITTED,2023-07-21T13:15:00-05:00,2023-07-21T15:55:35-05:00,4019,USD,,false,NDX/SRC/events/02286
EV002287,WCP,WCP_LIS,,PAYMENT_POSTED,2023-08-07T14:16:00-05:00,2023-08-07T19:18:15-05:00,4019,USD,,false,NDX/SRC/events/02287
EV002288,WCP,WCP_LIS,WCP-R01260,SUBMITTED,2022-12-05T14:42:00-06:00,2022-12-05T18:49:01-06:00,4349,USD,,false,NDX/SRC/events/02288
EV002289,WCP,WCP_LIS,,PAYMENT_POSTED,2023-02-27T09:53:00-06:00,2023-03-02T20:53:14-06:00,4349,USD,,false,NDX/SRC/events/02289
EV002290,WCP,WCP_LIS,WCP-R01261,SUBMITTED,2023-04-10T12:34:00-05:00,2023-04-14T10:35:07-05:00,45559,USD,,false,NDX/SRC/events/02290
EV002291,WCP,WCP_LIS,WCP-R01261,CLOSED_NO_PAYMENT,2023-05-29T11:58:00-05:00,2023-05-29T15:31:19-05:00,,,,true,NDX/SRC/events/02291
EV002292,WCP,WCP_LIS,WCP-R01262,SUBMITTED,2023-03-06T13:30:00-06:00,2023-03-06T19:11:48-06:00,8678,USD,,false,NDX/SRC/events/02292
EV002293,WCP,WCP_LIS,WCP-R01263,SUBMITTED,2023-02-20T15:33:00-06:00,2023-02-20T16:07:05-06:00,55574,USD,,false,NDX/SRC/events/02293
EV002294,WCP,WCP_LIS,WCP-R01264,SUBMITTED,2022-11-08T12:21:00-06:00,2022-11-16T16:46:06-06:00,6364,USD,,false,NDX/SRC/events/02294
EV002295,WCP,WCP_LIS,,PAYMENT_POSTED,2022-12-09T11:49:00-06:00,2022-12-15T20:57:40-06:00,6364,USD,,false,NDX/SRC/events/02295
EV002296,WCP,WCP_LIS,WCP-R01265,SUBMITTED,2022-12-21T11:52:00-06:00,2022-12-21T17:58:20-06:00,5352,USD,,false,NDX/SRC/events/02296
EV002297,WCP,WCP_LIS,,PAYMENT_POSTED,2023-01-06T09:50:00-06:00,2023-01-06T12:33:23-06:00,5352,USD,,false,NDX/SRC/events/02297
EV002298,WCP,WCP_LIS,WCP-R01266,SUBMITTED,2023-09-11T13:47:00-05:00,2023-09-11T19:54:54-05:00,28135,USD,,false,NDX/SRC/events/02298
EV002299,WCP,WCP_LIS,,PAYMENT_POSTED,2023-10-11T14:46:00-05:00,2023-10-11T22:28:18-05:00,28135,USD,,false,NDX/SRC/events/02299
EV002300,WCP,WCP_LIS,WCP-R01267,SUBMITTED,2023-01-09T11:11:00-06:00,2023-01-14T09:17:04-06:00,13805,USD,,false,NDX/SRC/events/02300
EV002301,WCP,WCP_LIS,,PAYMENT_POSTED,2023-01-30T07:15:00-06:00,2023-01-30T10:18:12-06:00,13805,USD,,false,NDX/SRC/events/02301
EV002302,WCP,WCP_LIS,WCP-R01268,SUBMITTED,2022-12-21T15:59:00-06:00,2022-12-21T20:11:05-06:00,46513,USD,,false,NDX/SRC/events/02302
EV002303,WCP,WCP_LIS,,PAYMENT_POSTED,2023-01-02T07:25:00-06:00,2023-01-02T14:12:59-06:00,46513,USD,,false,NDX/SRC/events/02303
EV002304,WCP,WCP_LIS,WCP-R01269,SUBMITTED,2023-04-10T12:13:00-05:00,2023-04-10T15:25:55-05:00,6385,USD,,false,NDX/SRC/events/02304
EV002305,WCP,WCP_LIS,,PAYMENT_POSTED,2023-05-16T11:36:00-05:00,2023-05-28T17:14:18-05:00,6385,USD,,false,NDX/SRC/events/02305
EV002306,WCP,WCP_LIS,WCP-R01270,SUBMITTED,2023-04-10T15:45:00-05:00,2023-04-12T12:10:57-05:00,11600,USD,,false,NDX/SRC/events/02306
EV002307,WCP,WCP_LIS,WCP-R01271,SUBMITTED,2022-10-03T14:38:00-05:00,2022-10-04T13:49:15-05:00,100614,USD,,false,NDX/SRC/events/02307
EV002308,WCP,WCP_LIS,,PAYMENT_POSTED,2022-11-10T12:36:00-06:00,2022-11-10T14:53:25-06:00,100614,USD,,false,NDX/SRC/events/02308
EV002309,WCP,WCP_LIS,WCP-R01272,SUBMITTED,2022-09-13T08:13:00-05:00,2022-09-17T08:20:48-05:00,9427,USD,,false,NDX/SRC/events/02309
EV002310,WCP,WCP_LIS,,PAYMENT_POSTED,2022-09-30T08:32:00-05:00,2022-09-30T13:25:43-05:00,9427,USD,,false,NDX/SRC/events/02310
EV002311,WCP,WCP_LIS,WCP-R01273,SUBMITTED,2023-06-06T14:29:00-05:00,2023-06-06T17:06:08-05:00,61831,USD,,false,NDX/SRC/events/02311
EV002312,WCP,WCP_LIS,,PAYMENT_POSTED,2023-06-09T14:32:00-05:00,2023-06-10T18:24:51-05:00,61831,USD,,false,NDX/SRC/events/02312
EV002313,WCP,WCP_LIS,WCP-R01274,SUBMITTED,2023-06-23T14:20:00-05:00,2023-06-23T19:08:00-05:00,12851,USD,,false,NDX/SRC/events/02313
EV002314,WCP,WCP_LIS,WCP-R01275,SUBMITTED,2022-08-01T11:08:00-05:00,2022-08-05T07:05:31-05:00,13324,USD,,false,NDX/SRC/events/02314
EV002315,WCP,WCP_LIS,,PAYMENT_POSTED,2022-09-20T14:10:00-05:00,2022-09-20T19:36:04-05:00,13324,USD,,false,NDX/SRC/events/02315
EV002316,WCP,WCP_LIS,WCP-R01276,SUBMITTED,2022-08-15T13:59:00-05:00,2022-08-20T20:35:36-05:00,13281,USD,,false,NDX/SRC/events/02316
EV002317,WCP,WCP_LIS,WCP-R01277,SUBMITTED,2023-07-06T08:02:00-05:00,2023-07-11T02:28:06-05:00,5894,USD,,false,NDX/SRC/events/02317
EV002318,WCP,WCP_LIS,WCP-R01278,CORRECTED,2023-07-10T15:16:00-05:00,2023-07-10T18:39:11-05:00,6854,USD,,false,NDX/SRC/events/02318
EV002319,WCP,WCP_LIS,WCP-R01277,VOID_VERSION,2023-07-10T15:16:00-05:00,2023-07-10T19:26:39-05:00,5894,USD,,false,NDX/SRC/events/02319
EV002320,WCP,WCP_LIS,,PAYMENT_POSTED,2023-07-20T14:58:00-05:00,2023-07-20T16:25:30-05:00,6854,USD,,false,NDX/SRC/events/02320
EV002321,WCP,WCP_LIS,WCP-R01279,SUBMITTED,2022-09-20T13:46:00-05:00,2022-09-20T14:18:13-05:00,5001,USD,,false,NDX/SRC/events/02321
EV002322,WCP,WCP_LIS,,PAYMENT_POSTED,2022-10-24T09:32:00-05:00,2022-10-25T03:41:07-05:00,5001,USD,,false,NDX/SRC/events/02322
EV002323,WCP,WCP_LIS,WCP-R01280,SUBMITTED,2022-10-24T07:43:00-05:00,2022-10-28T11:13:35-05:00,33798,USD,,false,NDX/SRC/events/02323
EV002324,WCP,WCP_LIS,,PAYMENT_POSTED,2022-11-14T09:08:00-06:00,2022-11-17T18:01:00-06:00,33798,USD,,false,NDX/SRC/events/02324
EV002325,WCP,WCP_LIS,WCP-R01281,SUBMITTED,2023-06-07T13:26:00-05:00,2023-06-07T16:53:37-05:00,36131,USD,,false,NDX/SRC/events/02325
EV002326,WCP,WCP_LIS,,PAYMENT_POSTED,2023-07-10T11:08:00-05:00,2023-07-10T13:00:52-05:00,36131,USD,,false,NDX/SRC/events/02326
EV002327,WCP,WCP_LIS,WCP-R01282,SUBMITTED,2023-06-12T13:38:00-05:00,2023-06-14T16:58:06-05:00,12931,USD,,false,NDX/SRC/events/02327
EV002328,WCP,WCP_LIS,,PAYMENT_POSTED,2023-06-26T14:10:00-05:00,2023-06-26T15:55:56-05:00,12931,USD,,false,NDX/SRC/events/02328
EV002329,WCP,WCP_LIS,WCP-R01283,SUBMITTED,2023-02-28T07:14:00-06:00,2023-03-01T16:18:45-06:00,243006,USD,,false,NDX/SRC/events/02329
EV002330,WCP,WCP_LIS,,PAYMENT_POSTED,2023-03-14T13:17:00-05:00,2023-03-14T14:32:42-05:00,243006,USD,,false,NDX/SRC/events/02330
EV002331,WCP,WCP_LIS,WCP-R01284,SUBMITTED,2023-08-24T12:59:00-05:00,2023-08-31T08:26:33-05:00,60460,USD,,false,NDX/SRC/events/02331
EV002332,WCP,WCP_LIS,,PAYMENT_POSTED,2023-09-01T12:51:00-05:00,2023-09-01T16:27:38-05:00,60460,USD,,false,NDX/SRC/events/02332
EV002333,WCP,WCP_LIS,WCP-R01285,SUBMITTED,2022-07-18T14:31:00-05:00,2022-07-18T17:17:03-05:00,47533,USD,,false,NDX/SRC/events/02333
EV002334,WCP,WCP_LIS,,PAYMENT_POSTED,2022-08-03T10:20:00-05:00,2022-08-06T06:57:16-05:00,47533,USD,,false,NDX/SRC/events/02334
EV002335,WCP,WCP_LIS,WCP-R01286,SUBMITTED,2023-01-31T10:53:00-06:00,2023-01-31T22:07:14-06:00,33700,USD,,false,NDX/SRC/events/02335
EV002336,WCP,WCP_LIS,,PAYMENT_POSTED,2023-02-14T12:25:00-06:00,2023-02-14T16:32:24-06:00,33700,USD,,false,NDX/SRC/events/02336
EV002337,WCP,WCP_LIS,WCP-R01287,SUBMITTED,2023-01-30T15:49:00-06:00,2023-01-31T15:03:01-06:00,12904,USD,,false,NDX/SRC/events/02337
EV002338,WCP,WCP_LIS,WCP-R01288,SUBMITTED,2023-07-05T11:08:00-05:00,2023-07-14T21:45:42-05:00,22272,USD,,false,NDX/SRC/events/02338
EV002339,WCP,WCP_LIS,,PAYMENT_POSTED,2023-07-20T08:28:00-05:00,2023-07-20T09:20:44-05:00,22272,USD,,false,NDX/SRC/events/02339
EV002340,WCP,WCP_LIS,WCP-R01289,SUBMITTED,2022-09-12T14:29:00-05:00,2022-09-12T19:49:05-05:00,23011,USD,,false,NDX/SRC/events/02340
EV002341,WCP,WCP_LIS,,PAYMENT_POSTED,2022-09-27T12:31:00-05:00,2022-09-28T22:15:44-05:00,23011,USD,,false,NDX/SRC/events/02341
EV002342,WCP,WCP_LIS,WCP-R01290,SUBMITTED,2022-11-03T11:53:00-05:00,2022-11-03T13:57:45-05:00,5965,USD,,false,NDX/SRC/events/02342
EV002343,WCP,WCP_LIS,,PAYMENT_POSTED,2022-11-30T13:40:00-06:00,2022-12-02T05:31:34-06:00,5965,USD,,false,NDX/SRC/events/02343
EV002344,WCP,WCP_LIS,WCP-R01291,SUBMITTED,2022-11-29T14:12:00-06:00,2022-11-29T21:49:02-06:00,11046,USD,,false,NDX/SRC/events/02344
EV002345,WCP,WCP_LIS,,PAYMENT_POSTED,2022-12-05T11:28:00-06:00,2022-12-05T18:00:51-06:00,11046,USD,,false,NDX/SRC/events/02345
EV002346,WCP,WCP_LIS,WCP-R01292,SUBMITTED,2022-11-01T11:41:00-05:00,2022-11-01T16:31:35-05:00,6288,USD,,false,NDX/SRC/events/02346
EV002347,WCP,WCP_LIS,WCP-R01292,CLOSED_NO_PAYMENT,2022-12-16T08:20:00-06:00,2022-12-16T09:09:47-06:00,,,,true,NDX/SRC/events/02347
EV002348,WCP,WCP_LIS,WCP-R01293,SUBMITTED,2022-11-02T09:24:00-05:00,2022-11-02T15:48:39-05:00,10159,USD,,false,NDX/SRC/events/02348
EV002349,WCP,WCP_LIS,,PAYMENT_POSTED,2022-11-09T10:29:00-06:00,2022-11-17T02:46:02-06:00,10159,USD,,false,NDX/SRC/events/02349
EV002350,WCP,WCP_LIS,WCP-R01294,SUBMITTED,2023-03-07T14:19:00-06:00,2023-03-07T16:32:02-06:00,22741,USD,,false,NDX/SRC/events/02350
EV002351,WCP,WCP_LIS,,PAYMENT_POSTED,2023-03-20T15:36:00-05:00,2023-03-28T16:26:51-05:00,22741,USD,,false,NDX/SRC/events/02351
EV002352,WCP,WCP_LIS,WCP-R01295,SUBMITTED,2022-09-09T10:01:00-05:00,2022-09-11T16:23:26-05:00,48336,USD,,false,NDX/SRC/events/02352
EV002353,WCP,WCP_LIS,WCP-R01296,CORRECTED,2022-09-16T15:30:00-05:00,2022-09-16T18:37:48-05:00,46294,USD,,false,NDX/SRC/events/02353
EV002354,WCP,WCP_LIS,,PAYMENT_POSTED,2022-09-26T09:22:00-05:00,2022-09-27T20:24:46-05:00,46294,USD,,false,NDX/SRC/events/02354
EV002355,WCP,WCP_LIS,WCP-R01297,SUBMITTED,2022-11-14T08:57:00-06:00,2022-11-15T00:27:40-06:00,76536,USD,,false,NDX/SRC/events/02355
EV002356,WCP,WCP_LIS,WCP-R01298,CORRECTED,2022-11-22T10:25:00-06:00,2022-12-03T02:07:02-06:00,95448,USD,,false,NDX/SRC/events/02356
EV002357,WCP,WCP_LIS,WCP-R01297,VOID_VERSION,2022-11-22T10:25:00-06:00,2022-11-26T08:21:54-06:00,76536,USD,,false,NDX/SRC/events/02357
EV002358,WCP,WCP_LIS,,PAYMENT_POSTED,2022-11-29T09:03:00-06:00,2022-11-30T19:24:19-06:00,95448,USD,,false,NDX/SRC/events/02358
EV002359,WCP,WCP_LIS,WCP-R01299,SUBMITTED,2022-09-26T12:13:00-05:00,2022-09-26T14:51:46-05:00,27545,USD,,false,NDX/SRC/events/02359
EV002360,WCP,WCP_LIS,,PAYMENT_POSTED,2022-10-04T12:30:00-05:00,2022-10-06T22:57:14-05:00,27545,USD,,false,NDX/SRC/events/02360
EV002361,WCP,WCP_LIS,WCP-R01300,SUBMITTED,2022-12-30T15:36:00-06:00,2022-12-30T22:19:22-06:00,53586,USD,,false,NDX/SRC/events/02361
EV002362,WCP,WCP_LIS,,PAYMENT_POSTED,2023-01-03T14:53:00-06:00,2023-01-04T20:14:25-06:00,53586,USD,,false,NDX/SRC/events/02362
EV002363,WCP,WCP_LIS,WCP-R01301,SUBMITTED,2023-01-10T09:57:00-06:00,2023-01-10T14:58:06-06:00,34590,USD,,false,NDX/SRC/events/02363
EV002364,WCP,WCP_LIS,,PAYMENT_POSTED,2023-02-01T15:05:00-06:00,2023-02-02T16:45:38-06:00,34590,USD,,false,NDX/SRC/events/02364
EV002365,WCP,WCP_LIS,WCP-R01302,SUBMITTED,2022-12-05T09:52:00-06:00,2022-12-14T11:24:57-06:00,15928,USD,,false,NDX/SRC/events/02365
EV002366,WCP,WCP_LIS,WCP-R01303,CORRECTED,2022-12-08T12:27:00-06:00,2022-12-18T23:54:21-06:00,18164,USD,,false,NDX/SRC/events/02366
EV002367,WCP,WCP_LIS,WCP-R01303,CLOSED_NO_PAYMENT,2023-01-16T09:02:00-06:00,2023-01-16T10:57:56-06:00,,,,true,NDX/SRC/events/02367
EV002368,WCP,WCP_LIS,WCP-R01304,SUBMITTED,2022-07-11T15:12:00-05:00,2022-07-13T08:01:16-05:00,5426,USD,,false,NDX/SRC/events/02368
EV002369,WCP,WCP_LIS,WCP-R01305,CORRECTED,2022-07-20T15:45:00-05:00,2022-07-24T14:13:21-05:00,4928,USD,,false,NDX/SRC/events/02369
EV002370,WCP,WCP_LIS,WCP-R01304,VOID_VERSION,2022-07-20T15:45:00-05:00,2022-07-25T03:14:19-05:00,5426,USD,,false,NDX/SRC/events/02370
EV002371,WCP,WCP_LIS,,PAYMENT_POSTED,2022-08-19T07:22:00-05:00,2022-08-20T23:11:34-05:00,4928,USD,,false,NDX/SRC/events/02371
EV002372,WCP,WCP_LIS,WCP-R01306,SUBMITTED,2022-07-07T14:34:00-05:00,2022-07-07T18:22:35-05:00,11671,USD,,false,NDX/SRC/events/02372
EV002373,WCP,WCP_LIS,WCP-R01307,SUBMITTED,2023-03-06T14:05:00-06:00,2023-03-13T02:35:02-05:00,125798,USD,,false,NDX/SRC/events/02373
EV002374,WCP,WCP_LIS,WCP-R01308,SUBMITTED,2023-07-07T14:24:00-05:00,2023-07-07T19:24:04-05:00,29922,USD,,false,NDX/SRC/events/02374
EV002375,WCP,WCP_LIS,,PAYMENT_POSTED,2023-08-03T14:38:00-05:00,2023-08-03T20:24:49-05:00,29922,USD,,false,NDX/SRC/events/02375
EV002376,WCP,WCP_LIS,WCP-R01309,SUBMITTED,2023-01-24T08:57:00-06:00,2023-01-30T16:12:08-06:00,14543,USD,,false,NDX/SRC/events/02376
EV002377,WCP,WCP_LIS,,PAYMENT_POSTED,2023-03-27T12:15:00-05:00,2023-03-27T13:53:56-05:00,14543,USD,,false,NDX/SRC/events/02377
EV002378,WCP,WCP_LIS,WCP-R01310,SUBMITTED,2022-12-01T08:44:00-06:00,2022-12-01T10:55:47-06:00,11515,USD,,false,NDX/SRC/events/02378
EV002379,WCP,WCP_LIS,,PAYMENT_POSTED,2023-01-02T08:46:00-06:00,2023-01-02T15:54:51-06:00,11515,USD,,false,NDX/SRC/events/02379
EV002380,WCP,WCP_LIS,WCP-R01311,SUBMITTED,2023-08-28T09:21:00-05:00,2023-09-02T10:21:56-05:00,16559,USD,,false,NDX/SRC/events/02380
EV002381,WCP,WCP_LIS,,PAYMENT_POSTED,2023-09-19T11:10:00-05:00,2023-10-05T08:45:04-05:00,16559,USD,,false,NDX/SRC/events/02381
EV002382,WCP,WCP_LIS,WCP-R01311,PAYMENT_REVERSED,2023-10-02T14:17:00-05:00,2023-10-02T14:30:15-05:00,16559,USD,EV002381,false,NDX/SRC/events/02382
EV002383,WCP,WCP_LIS,WCP-R01312,SUBMITTED,2023-05-08T13:54:00-05:00,2023-05-08T16:04:48-05:00,7092,USD,,false,NDX/SRC/events/02383
EV002384,WCP,WCP_LIS,,PAYMENT_POSTED,2023-07-17T07:25:00-05:00,2023-07-22T00:21:46-05:00,7092,USD,,false,NDX/SRC/events/02384
EV002385,WCP,WCP_LIS,WCP-R01313,SUBMITTED,2022-08-15T14:53:00-05:00,2022-08-15T19:16:56-05:00,4679,USD,,false,NDX/SRC/events/02385
EV002386,WCP,WCP_LIS,,PAYMENT_POSTED,2022-09-05T07:53:00-05:00,2022-09-26T07:53:00-05:00,4679,USD,,false,NDX/SRC/events/02386
EV002387,WCP,WCP_LIS,WCP-R01314,SUBMITTED,2022-10-17T09:53:00-05:00,2022-10-17T16:10:12-05:00,7921,USD,,false,NDX/SRC/events/02387
EV002388,WCP,WCP_LIS,,PAYMENT_POSTED,2022-11-29T11:10:00-06:00,2022-11-29T18:25:56-06:00,7921,USD,,false,NDX/SRC/events/02388
EV002389,WCP,WCP_LIS,WCP-R01315,SUBMITTED,2022-12-05T14:28:00-06:00,2022-12-07T21:32:37-06:00,243550,USD,,false,NDX/SRC/events/02389
EV002390,WCP,WCP_LIS,WCP-R01316,SUBMITTED,2023-03-30T07:44:00-05:00,2023-03-30T14:22:31-05:00,105246,USD,,false,NDX/SRC/events/02390
EV002391,WCP,WCP_LIS,,PAYMENT_POSTED,2023-04-05T13:49:00-05:00,2023-04-09T09:39:59-05:00,105246,USD,,false,NDX/SRC/events/02391
EV002392,WCP,WCP_LIS,WCP-R01316,PAYMENT_REVERSED,2023-04-11T13:21:00-05:00,2023-04-12T15:52:54-05:00,105246,USD,EV002391,false,NDX/SRC/events/02392
EV002393,WCP,WCP_LIS,WCP-R01317,SUBMITTED,2023-08-28T13:27:00-05:00,2023-08-28T18:35:44-05:00,96906,USD,,false,NDX/SRC/events/02393
EV002394,WCP,WCP_LIS,,PAYMENT_POSTED,2023-09-11T11:33:00-05:00,2023-09-15T22:11:46-05:00,96906,USD,,false,NDX/SRC/events/02394
EV002395,WCP,WCP_LIS,WCP-R01318,SUBMITTED,2023-07-03T09:28:00-05:00,2023-07-03T10:04:57-05:00,16737,USD,,false,NDX/SRC/events/02395
EV002396,WCP,WCP_LIS,,PAYMENT_POSTED,2023-07-18T15:10:00-05:00,2023-07-18T15:19:34-05:00,16737,USD,,false,NDX/SRC/events/02396
EV002397,WCP,WCP_LIS,WCP-R01319,SUBMITTED,2023-06-28T12:59:00-05:00,2023-06-28T17:31:19-05:00,23646,USD,,false,NDX/SRC/events/02397
EV002398,WCP,WCP_LIS,WCP-R01320,SUBMITTED,2023-08-03T08:56:00-05:00,2023-08-03T13:50:36-05:00,4903,USD,,false,NDX/SRC/events/02398
EV002399,WCP,WCP_LIS,,PAYMENT_POSTED,2023-08-28T08:27:00-05:00,2023-08-28T14:16:57-05:00,4903,USD,,false,NDX/SRC/events/02399
EV002400,WCP,WCP_LIS,WCP-R01321,SUBMITTED,2023-05-23T09:28:00-05:00,2023-05-23T16:13:15-05:00,12977,USD,,false,NDX/SRC/events/02400
EV002401,WCP,WCP_LIS,,PAYMENT_POSTED,2023-06-16T13:57:00-05:00,2023-06-23T09:42:43-05:00,12977,USD,,false,NDX/SRC/events/02401
EV002402,WCP,WCP_LIS,WCP-R01322,SUBMITTED,2022-09-12T12:03:00-05:00,2022-09-12T13:47:49-05:00,9918,USD,,false,NDX/SRC/events/02402
EV002403,WCP,WCP_LIS,,PAYMENT_POSTED,2022-09-27T13:59:00-05:00,2022-10-02T05:33:25-05:00,9918,USD,,false,NDX/SRC/events/02403
EV002404,WCP,WCP_LIS,WCP-R01323,SUBMITTED,2023-04-05T13:49:00-05:00,2023-04-07T00:25:51-05:00,3340,USD,,false,NDX/SRC/events/02404
EV002405,WCP,WCP_LIS,,PAYMENT_POSTED,2023-04-17T12:04:00-05:00,2023-04-19T04:02:40-05:00,3340,USD,,false,NDX/SRC/events/02405
EV002406,WCP,WCP_LIS,WCP-R01324,SUBMITTED,2022-09-02T13:42:00-05:00,2022-09-02T16:06:52-05:00,233126,USD,,false,NDX/SRC/events/02406
EV002407,WCP,WCP_LIS,,PAYMENT_POSTED,2022-09-26T07:41:00-05:00,2022-10-03T02:07:36-05:00,233126,USD,,false,NDX/SRC/events/02407
EV002408,WCP,WCP_LIS,WCP-R01325,SUBMITTED,2023-08-28T09:24:00-05:00,2023-08-29T11:07:43-05:00,10583,USD,,false,NDX/SRC/events/02408
EV002409,WCP,WCP_LIS,,PAYMENT_POSTED,2023-09-05T07:08:00-05:00,2023-09-06T08:35:10-05:00,10583,USD,,false,NDX/SRC/events/02409
EV002410,WCP,WCP_LIS,WCP-R01326,SUBMITTED,2023-02-28T08:12:00-06:00,2023-03-13T06:10:08-05:00,6671,USD,,false,NDX/SRC/events/02410
EV002411,WCP,WCP_LIS,,PAYMENT_POSTED,2023-05-01T09:44:00-05:00,2023-05-01T14:00:54-05:00,6671,USD,,false,NDX/SRC/events/02411
EV002412,WCP,WCP_LIS,WCP-R01327,SUBMITTED,2022-07-01T10:34:00-05:00,2022-07-02T13:28:47-05:00,6410,USD,,false,NDX/SRC/events/02412
EV002413,WCP,WCP_LIS,,PAYMENT_POSTED,2022-07-18T09:13:00-05:00,2022-07-18T15:16:00-05:00,6410,USD,,false,NDX/SRC/events/02413
EV002414,WCP,WCP_LIS,WCP-R01328,SUBMITTED,2022-08-08T11:46:00-05:00,2022-08-11T06:44:56-05:00,12553,USD,,false,NDX/SRC/events/02414
EV002415,WCP,WCP_LIS,,PAYMENT_POSTED,2022-08-30T15:43:00-05:00,2022-09-02T05:55:52-05:00,12553,USD,,false,NDX/SRC/events/02415
EV002416,WCP,WCP_LIS,WCP-R01329,SUBMITTED,2022-11-03T15:45:00-05:00,2022-11-03T15:59:42-05:00,4190,USD,,false,NDX/SRC/events/02416
EV002417,WCP,WCP_LIS,WCP-R01330,SUBMITTED,2023-07-24T09:35:00-05:00,2023-07-24T11:58:37-05:00,5569,USD,,false,NDX/SRC/events/02417
EV002418,WCP,WCP_LIS,,PAYMENT_POSTED,2023-09-12T10:01:00-05:00,2023-09-12T16:05:05-05:00,5569,USD,,false,NDX/SRC/events/02418
EV002419,WCP,WCP_LIS,WCP-R01331,SUBMITTED,2023-03-06T12:59:00-06:00,2023-03-14T12:19:56-05:00,25322,USD,,false,NDX/SRC/events/02419
EV002420,WCP,WCP_LIS,,PAYMENT_POSTED,2023-03-20T10:04:00-05:00,2023-03-22T01:21:09-05:00,25322,USD,,false,NDX/SRC/events/02420
EV002421,WCP,WCP_LIS,WCP-R01332,SUBMITTED,2022-10-17T07:58:00-05:00,2022-10-17T15:36:24-05:00,16328,USD,,false,NDX/SRC/events/02421
EV002422,WCP,WCP_LIS,,PAYMENT_POSTED,2022-10-28T08:46:00-05:00,2022-10-28T14:16:06-05:00,16328,USD,,false,NDX/SRC/events/02422
EV002423,WCP,WCP_LIS,WCP-R01333,SUBMITTED,2023-03-23T12:50:00-05:00,2023-03-23T17:25:00-05:00,10769,USD,,false,NDX/SRC/events/02423
EV002424,WCP,WCP_LIS,,PAYMENT_POSTED,2023-04-11T07:45:00-05:00,2023-04-16T03:44:46-05:00,10769,USD,,false,NDX/SRC/events/02424
EV002425,WCP,WCP_LIS,WCP-R01334,SUBMITTED,2023-03-27T08:17:00-05:00,2023-03-27T10:16:16-05:00,2577,USD,,false,NDX/SRC/events/02425
EV002426,WCP,WCP_LIS,,PAYMENT_POSTED,2023-04-25T09:45:00-05:00,2023-05-01T22:39:59-05:00,2577,USD,,false,NDX/SRC/events/02426
EV002427,WCP,WCP_LIS,WCP-R01335,SUBMITTED,2023-03-24T15:50:00-05:00,2023-03-25T03:58:36-05:00,5237,USD,,false,NDX/SRC/events/02427
EV002428,WCP,WCP_LIS,WCP-R01336,SUBMITTED,2022-07-25T11:51:00-05:00,2022-07-25T15:47:59-05:00,3104,USD,,false,NDX/SRC/events/02428
EV002429,WCP,WCP_LIS,,PAYMENT_POSTED,2022-08-29T14:43:00-05:00,2022-08-29T15:51:03-05:00,3104,USD,,false,NDX/SRC/events/02429
EV002430,WCP,WCP_LIS,WCP-R01337,SUBMITTED,2022-07-25T10:50:00-05:00,2022-07-25T17:50:57-05:00,5095,USD,,false,NDX/SRC/events/02430
EV002431,WCP,WCP_LIS,,PAYMENT_POSTED,2022-08-15T12:23:00-05:00,2022-08-16T03:14:51-05:00,5095,USD,,false,NDX/SRC/events/02431
EV002432,WCP,WCP_LIS,WCP-R01338,SUBMITTED,2022-07-21T08:16:00-05:00,2022-07-21T22:40:07-05:00,24003,USD,,false,NDX/SRC/events/02432
EV002433,WCP,WCP_LIS,WCP-R01339,SUBMITTED,2023-01-09T07:07:00-06:00,2023-01-09T11:52:29-06:00,35846,USD,,false,NDX/SRC/events/02433
EV002434,WCP,WCP_LIS,,PAYMENT_POSTED,2023-01-19T11:06:00-06:00,2023-04-08T20:12:35-05:00,35846,USD,,false,NDX/SRC/events/02434
EV002435,WCP,WCP_LIS,WCP-R01340,SUBMITTED,2022-08-16T08:04:00-05:00,2022-09-03T19:52:25-05:00,9623,USD,,false,NDX/SRC/events/02435
EV002436,WCP,WCP_LIS,,PAYMENT_POSTED,2022-09-06T11:00:00-05:00,2022-09-06T15:39:57-05:00,9623,USD,,false,NDX/SRC/events/02436
EV002437,WCP,WCP_LIS,WCP-R01341,SUBMITTED,2022-08-12T09:33:00-05:00,2022-08-20T23:12:18-05:00,22508,USD,,false,NDX/SRC/events/02437
EV002438,WCP,WCP_LIS,WCP-R01342,SUBMITTED,2022-10-12T12:51:00-05:00,2022-10-12T20:11:42-05:00,12203,USD,,false,NDX/SRC/events/02438
EV002439,WCP,WCP_LIS,,PAYMENT_POSTED,2022-11-07T13:10:00-06:00,2022-11-11T12:57:57-06:00,12203,USD,,false,NDX/SRC/events/02439
EV002440,WCP,WCP_LIS,WCP-R01343,SUBMITTED,2023-05-29T13:52:00-05:00,2023-05-29T20:49:14-05:00,25548,USD,,false,NDX/SRC/events/02440
EV002441,WCP,WCP_LIS,WCP-R01344,CORRECTED,2023-06-08T12:42:00-05:00,2023-06-08T16:03:29-05:00,24488,USD,,false,NDX/SRC/events/02441
EV002442,WCP,WCP_LIS,,PAYMENT_POSTED,2023-06-05T08:54:00-05:00,2023-06-05T09:31:12-05:00,24488,USD,,false,NDX/SRC/events/02442
EV002443,WCP,WCP_LIS,WCP-R01345,SUBMITTED,2022-09-19T15:02:00-05:00,2022-09-19T16:30:56-05:00,16164,USD,,false,NDX/SRC/events/02443
EV002444,WCP,WCP_LIS,,PAYMENT_POSTED,2022-10-10T15:55:00-05:00,2022-10-10T22:40:37-05:00,16164,USD,,false,NDX/SRC/events/02444
EV002445,WCP,WCP_LIS,WCP-R01346,SUBMITTED,2023-05-11T12:52:00-05:00,2023-05-12T18:55:37-05:00,11093,USD,,false,NDX/SRC/events/02445
EV002446,WCP,WCP_LIS,,PAYMENT_POSTED,2023-05-17T12:16:00-05:00,2023-05-17T17:36:27-05:00,11093,USD,,false,NDX/SRC/events/02446
EV002447,WCP,WCP_LIS,WCP-R01347,SUBMITTED,2023-06-19T10:09:00-05:00,2023-06-19T17:40:20-05:00,17557,USD,,false,NDX/SRC/events/02447
EV002448,WCP,WCP_LIS,,PAYMENT_POSTED,2023-06-26T13:01:00-05:00,2023-06-28T05:34:16-05:00,17557,USD,,false,NDX/SRC/events/02448
EV002449,WCP,WCP_LIS,WCP-R01348,SUBMITTED,2022-08-15T08:25:00-05:00,2022-08-18T00:10:20-05:00,2975,USD,,false,NDX/SRC/events/02449
EV002450,WCP,WCP_LIS,WCP-R01349,SUBMITTED,2023-05-10T09:22:00-05:00,2023-05-10T13:56:50-05:00,20756,USD,,false,NDX/SRC/events/02450
EV002451,WCP,WCP_LIS,WCP-R01349,CLOSED_NO_PAYMENT,2023-08-18T12:22:00-05:00,2023-08-22T05:20:37-05:00,,,,true,NDX/SRC/events/02451
EV002452,WCP,WCP_LIS,WCP-R01350,SUBMITTED,2023-05-31T13:25:00-05:00,2023-05-31T13:39:33-05:00,35172,USD,,false,NDX/SRC/events/02452
EV002453,WCP,WCP_LIS,,PAYMENT_POSTED,2023-08-21T13:33:00-05:00,2023-08-21T19:57:15-05:00,35172,USD,,false,NDX/SRC/events/02453
EV002454,WCP,WCP_LIS,WCP-R01351,SUBMITTED,2023-01-02T11:21:00-06:00,2023-01-02T16:51:12-06:00,12676,USD,,false,NDX/SRC/events/02454
EV002455,WCP,WCP_LIS,,PAYMENT_POSTED,2023-04-26T07:43:00-05:00,2023-05-16T09:06:35-05:00,12676,USD,,false,NDX/SRC/events/02455
EV002456,WCP,WCP_LIS,WCP-R01352,SUBMITTED,2022-08-22T13:49:00-05:00,2022-09-05T12:28:28-05:00,12062,USD,,false,NDX/SRC/events/02456
EV002457,WCP,WCP_LIS,,PAYMENT_POSTED,2022-08-29T09:51:00-05:00,2022-09-01T01:25:26-05:00,12062,USD,,false,NDX/SRC/events/02457
EV002458,WCP,WCP_LIS,WCP-R01353,SUBMITTED,2023-07-10T12:09:00-05:00,2023-07-10T15:58:43-05:00,46284,USD,,false,NDX/SRC/events/02458
EV002459,WCP,WCP_LIS,,PAYMENT_POSTED,2023-07-31T09:38:00-05:00,2023-07-31T15:15:56-05:00,46284,USD,,false,NDX/SRC/events/02459
EV002460,WCP,WCP_LIS,WCP-R01354,SUBMITTED,2023-04-17T15:49:00-05:00,2023-04-17T18:06:57-05:00,13869,USD,,false,NDX/SRC/events/02460
EV002461,WCP,WCP_LIS,,PAYMENT_POSTED,2023-04-24T11:49:00-05:00,2023-04-24T18:08:35-05:00,13869,USD,,false,NDX/SRC/events/02461
EV002462,WCP,WCP_LIS,WCP-R01355,SUBMITTED,2022-08-22T13:12:00-05:00,2022-08-22T14:07:16-05:00,40803,USD,,false,NDX/SRC/events/02462
EV002463,WCP,WCP_LIS,,PAYMENT_POSTED,2022-09-02T14:19:00-05:00,2022-09-02T17:05:58-05:00,40803,USD,,false,NDX/SRC/events/02463
EV002464,WCP,WCP_LIS,WCP-R01356,SUBMITTED,2023-06-06T12:20:00-05:00,2023-06-06T20:12:21-05:00,25114,USD,,false,NDX/SRC/events/02464
EV002465,WCP,WCP_LIS,,PAYMENT_POSTED,2023-06-09T10:57:00-05:00,2023-06-10T05:59:42-05:00,25114,USD,,false,NDX/SRC/events/02465
EV002466,WCP,WCP_LIS,WCP-R01357,SUBMITTED,2023-03-01T15:19:00-06:00,2023-03-02T14:29:05-06:00,19763,USD,,false,NDX/SRC/events/02466
EV002467,WCP,WCP_LIS,WCP-R01358,CORRECTED,2023-03-06T14:56:00-06:00,2023-03-08T05:04:43-06:00,25595,USD,,false,NDX/SRC/events/02467
EV002468,WCP,WCP_LIS,,PAYMENT_POSTED,2023-04-06T08:54:00-05:00,2023-04-12T00:17:28-05:00,25595,USD,,false,NDX/SRC/events/02468
EV002469,WCP,WCP_LIS,WCP-R01359,SUBMITTED,2022-08-15T13:22:00-05:00,2022-08-15T19:34:02-05:00,52654,USD,,false,NDX/SRC/events/02469
EV002470,WCP,WCP_LIS,,PAYMENT_POSTED,2022-08-29T12:01:00-05:00,2022-08-29T17:14:26-05:00,52654,USD,,false,NDX/SRC/events/02470
EV002471,WCP,WCP_LIS,WCP-R01360,SUBMITTED,2022-12-05T13:23:00-06:00,2022-12-05T14:01:17-06:00,8502,USD,,false,NDX/SRC/events/02471
EV002472,WCP,WCP_LIS,,PAYMENT_POSTED,2023-01-09T11:17:00-06:00,2023-01-14T03:43:23-06:00,8502,USD,,false,NDX/SRC/events/02472
EV002473,WCP,WCP_LIS,WCP-R01361,SUBMITTED,2023-05-03T15:17:00-05:00,2023-05-05T20:06:27-05:00,12521,USD,,false,NDX/SRC/events/02473
EV002474,WCP,WCP_LIS,WCP-R01361,CLOSED_NO_PAYMENT,2023-07-20T13:03:00-05:00,2023-07-20T15:47:13-05:00,,,,true,NDX/SRC/events/02474
EV002475,WCP,WCP_LIS,WCP-R01362,SUBMITTED,2022-12-14T08:10:00-06:00,2022-12-22T18:41:18-06:00,19431,USD,,false,NDX/SRC/events/02475
EV002476,WCP,WCP_LIS,,PAYMENT_POSTED,2023-03-03T14:20:00-06:00,2023-03-03T19:10:05-06:00,19431,USD,,false,NDX/SRC/events/02476
EV002477,WCP,WCP_LIS,WCP-R01363,SUBMITTED,2023-08-21T14:40:00-05:00,2023-08-21T18:39:10-05:00,12482,USD,,false,NDX/SRC/events/02477
EV002478,WCP,WCP_LIS,,PAYMENT_POSTED,2023-09-04T11:13:00-05:00,2023-09-09T15:01:36-05:00,12482,USD,,false,NDX/SRC/events/02478
EV002479,WCP,WCP_LIS,WCP-R01364,SUBMITTED,2023-03-29T12:09:00-05:00,2023-04-03T15:27:42-05:00,12053,USD,,false,NDX/SRC/events/02479
EV002480,WCP,WCP_LIS,WCP-R01364,CLOSED_NO_PAYMENT,2023-07-24T11:48:00-05:00,2023-07-25T05:37:13-05:00,,,,true,NDX/SRC/events/02480
EV002481,WCP,WCP_LIS,WCP-R01365,SUBMITTED,2022-12-23T09:59:00-06:00,2023-01-02T19:12:55-06:00,17864,USD,,false,NDX/SRC/events/02481
EV002482,WCP,WCP_LIS,WCP-R01366,SUBMITTED,2022-07-11T11:14:00-05:00,2022-07-13T00:25:07-05:00,16644,USD,,false,NDX/SRC/events/02482
EV002483,WCP,WCP_LIS,,PAYMENT_POSTED,2022-08-02T07:30:00-05:00,2022-08-02T09:40:49-05:00,16644,USD,,false,NDX/SRC/events/02483
EV002484,WCP,WCP_LIS,WCP-R01367,SUBMITTED,2022-10-04T10:44:00-05:00,2022-10-18T10:08:46-05:00,20298,USD,,false,NDX/SRC/events/02484
EV002485,WCP,WCP_LIS,WCP-R01367,CLOSED_NO_PAYMENT,2023-01-30T15:12:00-06:00,2023-02-02T01:19:25-06:00,,,,true,NDX/SRC/events/02485
EV002486,WCP,WCP_LIS,WCP-R01368,SUBMITTED,2022-07-05T11:41:00-05:00,2022-07-07T01:31:46-05:00,13649,USD,,false,NDX/SRC/events/02486
EV002487,WCP,WCP_LIS,,PAYMENT_POSTED,2022-07-27T07:24:00-05:00,2022-07-31T02:57:44-05:00,13649,USD,,false,NDX/SRC/events/02487
EV002488,WCP,WCP_LIS,WCP-R01369,SUBMITTED,2023-06-29T12:33:00-05:00,2023-06-29T15:52:34-05:00,4627,USD,,false,NDX/SRC/events/02488
EV002489,WCP,WCP_LIS,WCP-R01370,CORRECTED,2023-07-05T14:30:00-05:00,2023-07-09T13:36:58-05:00,4348,USD,,false,NDX/SRC/events/02489
EV002490,WCP,WCP_LIS,,PAYMENT_POSTED,2023-07-06T14:41:00-05:00,2023-07-06T17:57:15-05:00,4348,USD,,false,NDX/SRC/events/02490
EV002491,WCP,WCP_LIS,WCP-R01371,SUBMITTED,2022-07-13T10:45:00-05:00,2022-07-13T15:06:36-05:00,4047,USD,,false,NDX/SRC/events/02491
EV002492,WCP,WCP_LIS,,PAYMENT_POSTED,2022-07-22T12:09:00-05:00,2022-07-30T19:34:52-05:00,4047,USD,,false,NDX/SRC/events/02492
EV002493,WCP,WCP_LIS,WCP-R01372,SUBMITTED,2022-07-14T08:39:00-05:00,2022-07-16T04:41:52-05:00,19989,USD,,false,NDX/SRC/events/02493
EV002494,WCP,WCP_LIS,WCP-R01372,CLOSED_NO_PAYMENT,2022-08-22T15:05:00-05:00,2022-08-22T17:21:59-05:00,,,,true,NDX/SRC/events/02494
EV002495,WCP,WCP_LIS,WCP-R01373,SUBMITTED,2023-02-27T10:52:00-06:00,2023-03-02T13:20:00-06:00,8989,USD,,false,NDX/SRC/events/02495
EV002496,WCP,WCP_LIS,,PAYMENT_POSTED,2023-03-09T13:21:00-06:00,2023-03-15T23:41:33-05:00,8989,USD,,false,NDX/SRC/events/02496
EV002497,WCP,WCP_LIS,WCP-R01374,SUBMITTED,2022-12-30T08:41:00-06:00,2022-12-30T13:48:19-06:00,9157,USD,,false,NDX/SRC/events/02497
EV002498,WCP,WCP_LIS,,PAYMENT_POSTED,2023-03-13T11:46:00-05:00,2023-03-13T15:01:12-05:00,9157,USD,,false,NDX/SRC/events/02498
EV002499,WCP,WCP_LIS,WCP-R01375,SUBMITTED,2022-08-29T07:10:00-05:00,2022-09-01T08:29:00-05:00,17628,USD,,false,NDX/SRC/events/02499
EV002500,WCP,WCP_LIS,WCP-R01375,CLOSED_NO_PAYMENT,2022-12-20T13:20:00-06:00,2022-12-20T20:35:55-06:00,,,,true,NDX/SRC/events/02500
EV002501,WCP,WCP_LIS,WCP-R01376,SUBMITTED,2022-12-26T10:43:00-06:00,2022-12-28T04:19:12-06:00,15560,USD,,false,NDX/SRC/events/02501
EV002502,WCP,WCP_LIS,,PAYMENT_POSTED,2023-01-03T10:22:00-06:00,2023-01-05T17:23:04-06:00,15560,USD,,false,NDX/SRC/events/02502
EV002503,WCP,WCP_LIS,WCP-R01377,SUBMITTED,2023-07-11T12:16:00-05:00,2023-07-14T07:03:55-05:00,14020,USD,,false,NDX/SRC/events/02503
EV002504,WCP,WCP_LIS,,PAYMENT_POSTED,2023-07-24T10:12:00-05:00,2023-08-11T21:09:42-05:00,14020,USD,,false,NDX/SRC/events/02504
EV002505,WCP,WCP_LIS,WCP-R01378,SUBMITTED,2023-04-10T09:45:00-05:00,2023-04-10T17:11:07-05:00,3814,USD,,false,NDX/SRC/events/02505
EV002506,WCP,WCP_LIS,,PAYMENT_POSTED,2023-04-17T11:32:00-05:00,2023-04-17T11:53:34-05:00,3814,USD,,false,NDX/SRC/events/02506
EV002507,WCP,WCP_LIS,WCP-R01379,SUBMITTED,2023-03-23T10:14:00-05:00,2023-03-23T16:05:12-05:00,9322,USD,,false,NDX/SRC/events/02507
EV002508,WCP,WCP_LIS,,PAYMENT_POSTED,2023-04-03T14:00:00-05:00,2023-04-04T01:55:27-05:00,9322,USD,,false,NDX/SRC/events/02508
EV002509,WCP,WCP_LIS,WCP-R01380,SUBMITTED,2023-08-01T14:27:00-05:00,2023-08-01T20:59:08-05:00,2904,USD,,false,NDX/SRC/events/02509
EV002510,WCP,WCP_LIS,,PAYMENT_POSTED,2023-08-28T10:16:00-05:00,2023-08-28T13:52:51-05:00,2904,USD,,false,NDX/SRC/events/02510
EV002511,WCP,WCP_LIS,WCP-R01381,SUBMITTED,2022-09-12T13:11:00-05:00,2022-09-15T05:18:32-05:00,43084,USD,,false,NDX/SRC/events/02511
EV002512,WCP,WCP_LIS,,PAYMENT_POSTED,2022-09-29T12:11:00-05:00,2022-10-02T17:47:43-05:00,43084,USD,,false,NDX/SRC/events/02512
EV002513,WCP,WCP_LIS,WCP-R01382,SUBMITTED,2023-06-06T14:50:00-05:00,2023-06-10T09:01:23-05:00,17277,USD,,false,NDX/SRC/events/02513
EV002514,WCP,WCP_LIS,,PAYMENT_POSTED,2023-06-26T12:36:00-05:00,2023-06-27T04:44:24-05:00,17277,USD,,false,NDX/SRC/events/02514
EV002515,WCP,WCP_LIS,WCP-R01383,SUBMITTED,2023-07-11T12:47:00-05:00,2023-07-20T20:52:24-05:00,12773,USD,,false,NDX/SRC/events/02515
EV002516,WCP,WCP_LIS,,PAYMENT_POSTED,2023-08-10T08:32:00-05:00,2023-08-10T09:39:33-05:00,12773,USD,,false,NDX/SRC/events/02516
EV002517,WCP,WCP_LIS,WCP-R01384,SUBMITTED,2022-09-21T15:09:00-05:00,2022-09-21T22:30:23-05:00,5455,USD,,false,NDX/SRC/events/02517
EV002518,WCP,WCP_LIS,,PAYMENT_POSTED,2022-10-17T12:43:00-05:00,2022-11-01T16:37:25-05:00,5455,USD,,false,NDX/SRC/events/02518
EV002519,WCP,WCP_LIS,WCP-R01385,SUBMITTED,2022-11-15T15:15:00-06:00,2022-11-15T19:25:47-06:00,14946,USD,,false,NDX/SRC/events/02519
EV002520,WCP,WCP_LIS,,PAYMENT_POSTED,2022-12-05T15:39:00-06:00,2022-12-06T23:06:19-06:00,14946,USD,,false,NDX/SRC/events/02520
EV002521,WCP,WCP_LIS,WCP-R01386,SUBMITTED,2023-02-03T08:53:00-06:00,2023-02-03T10:34:57-06:00,5479,USD,,false,NDX/SRC/events/02521
EV002522,WCP,WCP_LIS,,PAYMENT_POSTED,2023-02-16T07:43:00-06:00,2023-02-16T13:24:18-06:00,5479,USD,,false,NDX/SRC/events/02522
EV002523,WCP,WCP_LIS,WCP-R01387,SUBMITTED,2023-08-28T12:52:00-05:00,2023-08-28T17:11:05-05:00,202971,USD,,false,NDX/SRC/events/02523
EV002524,WCP,WCP_LIS,,PAYMENT_POSTED,2023-09-11T07:16:00-05:00,2023-09-13T01:57:07-05:00,202971,USD,,false,NDX/SRC/events/02524
EV002525,WCP,WCP_LIS,WCP-R01388,SUBMITTED,2023-04-28T14:32:00-05:00,2023-05-03T23:35:04-05:00,10143,USD,,false,NDX/SRC/events/02525
EV002526,WCP,WCP_LIS,,PAYMENT_POSTED,2023-05-08T12:58:00-05:00,2023-05-13T23:50:54-05:00,10143,USD,,false,NDX/SRC/events/02526
EV002527,WCP,WCP_CLAIMS,WCP-R00322,CORRECTED,2022-11-03T14:26:00-05:00,2022-11-03T17:22:34-05:00,20225,USD,,false,CPL/SRC/events/00590-DUP
EV002528,WCP,WCP_CLAIMS,WCP-R00372,SUBMITTED,2022-12-12T16:04:00-06:00,2022-12-12T20:39:39-06:00,13713,USD,,false,CPL/SRC/events/00683-DUP
EV002529,WCP,WCP_LIS,WCP-R01060,SUBMITTED,2023-09-11T10:12:00-05:00,2023-09-16T14:53:43-05:00,19804,USD,,false,NDX/SRC/events/01934-DUP
EV002530,WCP,WCP_OR_BILLING,WCP-R01030,SUBMITTED,2022-08-05T17:29:00-05:00,2022-08-06T00:13:12-05:00,18060,USD,,false,TRI/SRC/events/01884-DUP
EV002531,WCP,WCP_CLAIMS,WCP-R00261,SUBMITTED,2022-07-18T13:00:00-05:00,2022-07-18T18:48:55-05:00,8838,USD,,false,CPL/SRC/events/00479-DUP
EV002532,WCP,WCP_CLAIMS,WCP-R00309,CORRECTED,2022-09-15T08:50:00-05:00,2022-09-17T10:13:45-05:00,19721,USD,,false,CPL/SRC/events/00566-DUP
EV002533,WCP,WCP_CLAIMS,WCP-R00231,SUBMITTED,2022-07-19T09:43:00-05:00,2022-07-21T03:28:26-05:00,13312,USD,,false,CPL/SRC/events/00427-DUP
EV002534,WCP,WCP_OR_BILLING,,PAYMENT_POSTED,2023-10-10T13:04:00-05:00,2023-10-11T22:25:57-05:00,12306,USD,,false,TRI/SRC/events/01646-DUP
EV002535,WCP,WCP_CLAIMS,WCP-R00094,SUBMITTED,2023-09-04T10:03:00-05:00,2023-09-05T11:31:08-05:00,7182,USD,,false,CPL/SRC/events/00169-DUP
EV002536,WCP,WCP_OR_BILLING,,PAYMENT_POSTED,2023-09-18T12:11:00-05:00,2023-09-18T20:00:44-05:00,8107,USD,,false,TRI/SRC/events/01267-DUP
EV002537,WCP,WCP_LIS,WCP-R01190,SUBMITTED,2023-05-22T10:53:00-05:00,2023-05-28T15:27:16-05:00,32922,USD,,false,NDX/SRC/events/02162-DUP
EV002538,WCP,WCP_OR_BILLING,WCP-R00577,SUBMITTED,2022-07-28T11:49:00-05:00,2022-07-29T19:00:32-05:00,10929,USD,,false,TRI/SRC/events/01055-DUP
EV002539,WCP,WCP_OR_BILLING,WCP-R00956,SUBMITTED,2023-05-30T09:39:00-05:00,2023-06-13T14:28:05-05:00,7430,USD,,false,TRI/SRC/events/01752-DUP
EV002540,WCP,WCP_LIS,WCP-R01307,SUBMITTED,2023-03-06T14:05:00-06:00,2023-03-13T02:35:02-05:00,125798,USD,,false,NDX/SRC/events/02373-DUP
EV002541,WCP,WCP_CLAIMS,,PAYMENT_POSTED,2022-09-26T10:46:00-05:00,2022-09-26T12:03:20-05:00,10866,USD,,false,CPL/SRC/events/00273-DUP
EV002542,WCP,WCP_LIS,,PAYMENT_POSTED,2023-08-03T14:38:00-05:00,2023-08-03T20:24:49-05:00,29922,USD,,false,NDX/SRC/events/02375-DUP
EV002543,WCP,WCP_CLAIMS,WCP-R00142,CORRECTED,2023-03-20T10:57:00-05:00,2023-03-20T13:09:18-05:00,9451,USD,,false,CPL/SRC/events/00259-DUP
EV002544,WCP,WCP_CLAIMS,WCP-R00232,SUBMITTED,2022-08-22T15:51:00-05:00,2022-08-22T19:21:18-05:00,2779,USD,,false,CPL/SRC/events/00429-DUP
EV002545,WCP,WCP_CLAIMS,WCP-R00147,SUBMITTED,2022-08-22T13:43:00-05:00,2022-09-04T11:09:19-05:00,11405,USD,,false,CPL/SRC/events/00271-DUP
EV002546,WCP,WCP_OR_BILLING,,PAYMENT_POSTED,2023-04-04T16:41:00-05:00,2023-04-04T20:06:51-05:00,10564,USD,,false,TRI/SRC/events/01776-DUP
EV002547,WCP,WCP_CLAIMS,WCP-R00549,CORRECTED,2023-07-27T15:31:00-05:00,2023-07-27T20:12:42-05:00,100588,USD,,false,CPL/SRC/events/01003-DUP
EV002548,WCP,WCP_CLAIMS,,PAYMENT_POSTED,2022-09-05T16:57:00-05:00,2022-09-08T10:58:34-05:00,13948,USD,,false,CPL/SRC/events/00637-DUP
EV002549,WCP,WCP_OR_BILLING,WCP-R00875,CORRECTED,2023-05-24T13:48:00-05:00,2023-05-24T16:56:41-05:00,5911,USD,,false,TRI/SRC/events/01601-DUP
EV002550,WCP,WCP_CLAIMS,WCP-R00121,CLOSED_NO_PAYMENT,2023-03-09T14:05:00-06:00,2023-03-10T14:21:15-06:00,,,,true,CPL/SRC/events/00223-DUP
EV002551,WCP,WCP_LIS,,PAYMENT_POSTED,2023-09-08T14:27:00-05:00,2023-09-12T06:14:58-05:00,5756,USD,,false,NDX/SRC/events/02239-DUP
EV002552,WCP,WCP_CLAIMS,,UNKNOWN,2023-02-06T09:25:00-06:00,2023-02-06T14:34:22-06:00,,,,false,CPL/SRC/events/02552
EV002553,WCP,WCP_CLAIMS,,UNKNOWN,2022-12-26T09:17:00-06:00,2022-12-30T08:20:07-06:00,,,,false,CPL/SRC/events/02553
EV002554,WCP,WCP_OR_BILLING,,UNKNOWN,2022-08-24T16:08:00-05:00,2022-08-26T14:19:07-05:00,,,,false,TRI/SRC/events/02554
EV002555,WCP,WCP_CLAIMS,,UNKNOWN,2022-12-28T13:16:00-06:00,2022-12-28T20:00:23-06:00,,,,false,CPL/SRC/events/02555
EV002556,WCP,WCP_CLAIMS,,UNKNOWN,2022-08-26T15:28:00-05:00,2022-08-26T20:37:49-05:00,,,,false,CPL/SRC/events/02556
EV002557,WCP,WCP_OR_BILLING,,UNKNOWN,2022-08-08T15:06:00-05:00,2022-08-08T17:56:07-05:00,,,,false,TRI/SRC/events/02557
EV002558,WCP,WCP_OR_BILLING,,UNKNOWN,2023-08-14T15:07:00-05:00,2023-08-16T06:31:07-05:00,,,,false,TRI/SRC/events/02558
EV002559,WCP,WCP_LIS,,UNKNOWN,2023-02-09T14:36:00-06:00,2023-02-09T20:00:42-06:00,,,,false,NDX/SRC/events/02559
EV002560,WCP,WCP_OR_BILLING,,UNKNOWN,2023-06-05T11:29:00-05:00,2023-06-16T17:38:23-05:00,,,,false,TRI/SRC/events/02560
EV002561,WCP,WCP_LIS,,UNKNOWN,2023-02-27T09:45:00-06:00,2023-02-27T12:43:19-06:00,,,,false,NDX/SRC/events/02561
EV002562,WCP,WCP_LIS,,UNKNOWN,2023-05-08T12:49:00-05:00,2023-05-08T17:04:11-05:00,,,,false,NDX/SRC/events/02562
EV002563,WCP,WCP_LIS,,UNKNOWN,2023-09-26T14:06:00-05:00,2023-09-26T18:27:41-05:00,,,,false,NDX/SRC/events/02563
