event_id,org_token,source_system,bill_record_id,event_type,event_at,available_at,amount_minor,currency,reverses_event_id,terminal_flag,source_ref
EV000001,PG,PG_CLAIMS,PG-R00001,SUBMITTED,2023-05-22T06:29:00-07:00,2023-05-22T20:09:24-07:00,21690,USD,,false,CPL/SRC/events/00001
EV000002,PG,PG_CLAIMS,,PAYMENT_POSTED,2023-06-12T07:51:00-07:00,2023-06-18T15:16:43-07:00,21690,USD,,false,CPL/SRC/events/00002
EV000003,PG,PG_CLAIMS,PG-R00002,SUBMITTED,2022-09-01T11:48:00-07:00,2022-09-01T12:33:23-07:00,10128,USD,,false,CPL/SRC/events/00003
EV000004,PG,PG_CLAIMS,,PAYMENT_POSTED,2022-09-19T13:40:00-07:00,2022-09-19T20:53:16-07:00,10128,USD,,false,CPL/SRC/events/00004
EV000005,PG,PG_CLAIMS,PG-R00003,SUBMITTED,2023-06-06T09:53:00-07:00,2023-06-12T16:57:35-07:00,24358,USD,,false,CPL/SRC/events/00005
EV000006,PG,PG_CLAIMS,PG-R00004,CORRECTED,2023-06-07T06:35:00-07:00,2023-06-07T06:52:39-07:00,29976,USD,,false,CPL/SRC/events/00006
EV000007,PG,PG_CLAIMS,,PAYMENT_POSTED,2023-06-20T11:44:00-07:00,2023-06-20T12:19:21-07:00,29976,USD,,false,CPL/SRC/events/00007
EV000008,PG,PG_CLAIMS,PG-R00005,SUBMITTED,2023-09-04T12:39:00-07:00,2023-09-04T20:28:42-07:00,9626,USD,,false,CPL/SRC/events/00008
EV000009,PG,PG_CLAIMS,,PAYMENT_POSTED,2023-10-04T10:46:00-07:00,2023-10-06T17:40:54-07:00,9626,USD,,false,CPL/SRC/events/00009
EV000010,PG,PG_CLAIMS,PG-R00006,SUBMITTED,2022-11-21T13:46:00-08:00,2022-11-21T17:22:02-08:00,222302,USD,,false,CPL/SRC/events/00010
EV000011,PG,PG_CLAIMS,,PAYMENT_POSTED,2022-12-05T10:02:00-08:00,2022-12-05T11:25:17-08:00,222302,USD,,false,CPL/SRC/events/00011
EV000012,PG,PG_CLAIMS,PG-R00007,SUBMITTED,2023-04-17T13:20:00-07:00,2023-04-17T18:15:36-07:00,9102,USD,,false,CPL/SRC/events/00012
EV000013,PG,PG_CLAIMS,PG-R00007,CLOSED_NO_PAYMENT,2023-05-29T11:50:00-07:00,2023-05-31T16:27:31-07:00,,,,true,CPL/SRC/events/00013
EV000014,PG,PG_CLAIMS,PG-R00008,SUBMITTED,2023-03-13T14:23:00-07:00,2023-03-15T08:46:25-07:00,11272,USD,,false,CPL/SRC/events/00014
EV000015,PG,PG_CLAIMS,PG-R00009,SUBMITTED,2023-06-16T10:48:00-07:00,2023-06-20T05:13:24-07:00,62536,USD,,false,CPL/SRC/events/00015
EV000016,PG,PG_CLAIMS,PG-R00010,SUBMITTED,2022-07-25T10:36:00-07:00,2022-07-25T16:30:14-07:00,16212,USD,,false,CPL/SRC/events/00016
EV000017,PG,PG_CLAIMS,,PAYMENT_POSTED,2022-08-15T12:33:00-07:00,2022-08-19T03:01:44-07:00,16212,USD,,false,CPL/SRC/events/00017
EV000018,PG,PG_CLAIMS,PG-R00011,SUBMITTED,2023-02-08T07:34:00-08:00,2023-02-10T07:45:03-08:00,13229,USD,,false,CPL/SRC/events/00018
EV000019,PG,PG_CLAIMS,,PAYMENT_POSTED,2023-02-28T13:11:00-08:00,2023-03-05T14:50:29-08:00,13229,USD,,false,CPL/SRC/events/00019
EV000020,PG,PG_CLAIMS,PG-R00012,SUBMITTED,2022-09-08T11:48:00-07:00,2022-09-09T05:34:24-07:00,12896,USD,,false,CPL/SRC/events/00020
EV000021,PG,PG_CLAIMS,,PAYMENT_POSTED,2022-09-28T08:51:00-07:00,2022-09-28T13:49:25-07:00,12896,USD,,false,CPL/SRC/events/00021
EV000022,PG,PG_CLAIMS,PG-R00013,SUBMITTED,2023-07-04T10:07:00-07:00,2023-07-18T04:58:58-07:00,9625,USD,,false,CPL/SRC/events/00022
EV000023,PG,PG_CLAIMS,,PAYMENT_POSTED,2023-07-20T14:07:00-07:00,2023-07-20T21:03:56-07:00,9625,USD,,false,CPL/SRC/events/00023
EV000024,PG,PG_CLAIMS,PG-R00014,SUBMITTED,2022-11-09T13:30:00-08:00,2022-11-09T16:38:56-08:00,17000,USD,,false,CPL/SRC/events/00024
EV000025,PG,PG_CLAIMS,,PAYMENT_POSTED,2022-12-05T11:02:00-08:00,2022-12-06T06:07:06-08:00,17000,USD,,false,CPL/SRC/events/00025
EV000026,PG,PG_CLAIMS,PG-R00015,SUBMITTED,2022-11-07T09:00:00-08:00,2022-11-09T11:47:30-08:00,19658,USD,,false,CPL/SRC/events/00026
EV000027,PG,PG_CLAIMS,PG-R00016,SUBMITTED,2022-09-08T06:43:00-07:00,2022-09-09T07:20:29-07:00,4988,USD,,false,CPL/SRC/events/00027
EV000028,PG,PG_CLAIMS,,PAYMENT_POSTED,2022-10-10T07:56:00-07:00,2022-10-11T22:43:06-07:00,4988,USD,,false,CPL/SRC/events/00028
EV000029,PG,PG_CLAIMS,PG-R00017,SUBMITTED,2023-03-31T14:31:00-07:00,2023-04-02T22:25:27-07:00,13364,USD,,false,CPL/SRC/events/00029
EV000030,PG,PG_CLAIMS,PG-R00018,CORRECTED,2023-04-11T13:14:00-07:00,2023-04-11T18:32:08-07:00,16163,USD,,false,CPL/SRC/events/00030
EV000031,PG,PG_CLAIMS,PG-R00017,VOID_VERSION,2023-04-11T13:14:00-07:00,2023-04-11T18:00:48-07:00,13364,USD,,false,CPL/SRC/events/00031
EV000032,PG,PG_CLAIMS,,PAYMENT_POSTED,2023-08-28T06:24:00-07:00,2023-08-30T12:54:40-07:00,16163,USD,,false,CPL/SRC/events/00032
EV000033,PG,PG_CLAIMS,PG-R00019,SUBMITTED,2023-03-06T13:12:00-08:00,2023-03-06T16:20:24-08:00,4614,USD,,false,CPL/SRC/events/00033
EV000034,PG,PG_CLAIMS,,PAYMENT_POSTED,2023-03-20T09:45:00-07:00,2023-03-20T15:38:41-07:00,4614,USD,,false,CPL/SRC/events/00034
EV000035,PG,PG_CLAIMS,PG-R00020,SUBMITTED,2023-03-13T12:07:00-07:00,2023-03-13T17:38:56-07:00,27401,USD,,false,CPL/SRC/events/00035
EV000036,PG,PG_CLAIMS,,PAYMENT_POSTED,2023-04-03T12:04:00-07:00,2023-04-05T04:44:29-07:00,27401,USD,,false,CPL/SRC/events/00036
EV000037,PG,PG_CLAIMS,PG-R00021,SUBMITTED,2023-01-30T06:14:00-08:00,2023-01-30T08:45:04-08:00,2500,USD,,false,CPL/SRC/events/00037
EV000038,PG,PG_CLAIMS,,PAYMENT_POSTED,2023-02-21T13:37:00-08:00,2023-02-21T13:54:57-08:00,2500,USD,,false,CPL/SRC/events/00038
EV000039,PG,PG_CLAIMS,PG-R00022,SUBMITTED,2022-08-17T13:42:00-07:00,2022-08-17T19:47:16-07:00,6749,USD,,false,CPL/SRC/events/00039
EV000040,PG,PG_CLAIMS,,PAYMENT_POSTED,2022-08-30T14:25:00-07:00,2022-08-30T21:33:05-07:00,6749,USD,,false,CPL/SRC/events/00040
EV000041,PG,PG_CLAIMS,PG-R00023,SUBMITTED,2023-08-14T13:36:00-07:00,2023-08-14T20:01:18-07:00,93976,USD,,false,CPL/SRC/events/00041
EV000042,PG,PG_CLAIMS,PG-R00024,CORRECTED,2023-08-21T06:30:00-07:00,2023-08-23T03:16:14-07:00,98956,USD,,false,CPL/SRC/events/00042
EV000043,PG,PG_CLAIMS,,PAYMENT_POSTED,2023-09-04T12:31:00-07:00,2023-09-04T17:41:31-07:00,98956,USD,,false,CPL/SRC/events/00043
EV000044,PG,PG_CLAIMS,PG-R00025,SUBMITTED,2023-09-18T08:55:00-07:00,2023-10-03T19:48:41-07:00,7077,USD,,false,CPL/SRC/events/00044
EV000045,PG,PG_CLAIMS,,PAYMENT_POSTED,2023-09-25T08:48:00-07:00,2023-09-26T21:27:43-07:00,7077,USD,,false,CPL/SRC/events/00045
EV000046,PG,PG_CLAIMS,PG-R00026,SUBMITTED,2023-05-22T13:59:00-07:00,2023-05-22T15:53:13-07:00,12103,USD,,false,CPL/SRC/events/00046
EV000047,PG,PG_CLAIMS,PG-R00027,SUBMITTED,2022-12-14T09:44:00-08:00,2022-12-14T14:03:44-08:00,9310,USD,,false,CPL/SRC/events/00047
EV000048,PG,PG_CLAIMS,PG-R00028,CORRECTED,2022-12-21T10:13:00-08:00,2022-12-21T12:53:55-08:00,9109,USD,,false,CPL/SRC/events/00048
EV000049,PG,PG_CLAIMS,PG-R00028,CLOSED_NO_PAYMENT,2023-01-13T11:03:00-08:00,2023-01-16T17:27:51-08:00,,,,true,CPL/SRC/events/00049
EV000050,PG,PG_CLAIMS,PG-R00029,SUBMITTED,2022-10-04T08:58:00-07:00,2022-10-05T22:02:51-07:00,5402,USD,,false,CPL/SRC/events/00050
EV000051,PG,PG_CLAIMS,,PAYMENT_POSTED,2022-11-29T10:31:00-08:00,2022-11-30T09:53:32-08:00,5402,USD,,false,CPL/SRC/events/00051
EV000052,PG,PG_CLAIMS,PG-R00030,SUBMITTED,2023-06-26T13:38:00-07:00,2023-07-04T05:12:16-07:00,88639,USD,,false,CPL/SRC/events/00052
EV000053,PG,PG_CLAIMS,,PAYMENT_POSTED,2023-07-31T10:19:00-07:00,2023-08-01T03:07:47-07:00,88639,USD,,false,CPL/SRC/events/00053
EV000054,PG,PG_CLAIMS,PG-R00031,SUBMITTED,2023-03-06T06:21:00-08:00,2023-03-06T13:24:18-08:00,127044,USD,,false,CPL/SRC/events/00054
EV000055,PG,PG_CLAIMS,PG-R00032,SUBMITTED,2023-01-23T12:16:00-08:00,2023-01-23T19:23:08-08:00,24239,USD,,false,CPL/SRC/events/00055
EV000056,PG,PG_CLAIMS,,PAYMENT_POSTED,2023-03-07T06:59:00-08:00,2023-03-10T09:55:46-08:00,24239,USD,,false,CPL/SRC/events/00056
EV000057,PG,PG_CLAIMS,PG-R00033,SUBMITTED,2023-04-17T08:01:00-07:00,2023-04-17T12:49:26-07:00,19651,USD,,false,CPL/SRC/events/00057
EV000058,PG,PG_CLAIMS,,PAYMENT_POSTED,2023-04-24T10:04:00-07:00,2023-04-25T17:19:26-07:00,19651,EUR,,false,CPL/SRC/events/00058
EV000059,PG,PG_CLAIMS,PG-R00034,SUBMITTED,2023-09-04T08:33:00-07:00,2023-09-04T11:04:20-07:00,11696,USD,,false,CPL/SRC/events/00059
EV000060,PG,PG_CLAIMS,,PAYMENT_POSTED,2023-10-31T07:26:00-07:00,2023-11-06T09:29:06-08:00,11696,USD,,false,CPL/SRC/events/00060
EV000061,PG,PG_CLAIMS,PG-R00035,SUBMITTED,2022-12-09T10:35:00-08:00,2022-12-09T12:45:41-08:00,2543,USD,,false,CPL/SRC/events/00061
EV000062,PG,PG_CLAIMS,,PAYMENT_POSTED,2023-02-08T11:24:00-08:00,2023-02-08T11:46:58-08:00,2543,USD,,false,CPL/SRC/events/00062
EV000063,PG,PG_CLAIMS,PG-R00036,SUBMITTED,2023-05-24T13:34:00-07:00,2023-05-24T18:08:04-07:00,6216,USD,,false,CPL/SRC/events/00063
EV000064,PG,PG_CLAIMS,,PAYMENT_POSTED,2023-07-07T06:35:00-07:00,2023-07-08T10:00:23-07:00,6216,USD,,false,CPL/SRC/events/00064
EV000065,PG,PG_CLAIMS,PG-R00036,PAYMENT_REVERSED,2023-07-12T12:45:00-07:00,2023-07-12T17:36:25-07:00,3917,USD,EV000064,false,CPL/SRC/events/00065
EV000066,PG,PG_CLAIMS,PG-R00037,SUBMITTED,2022-11-09T09:15:00-08:00,2022-11-09T13:37:07-08:00,32444,USD,,false,CPL/SRC/events/00066
EV000067,PG,PG_CLAIMS,,PAYMENT_POSTED,2022-11-15T08:42:00-08:00,2022-11-18T01:45:19-08:00,32444,USD,,false,CPL/SRC/events/00067
EV000068,PG,PG_CLAIMS,PG-R00038,SUBMITTED,2023-02-20T08:38:00-08:00,2023-02-21T11:13:44-08:00,3329,USD,,false,CPL/SRC/events/00068
EV000069,PG,PG_CLAIMS,PG-R00039,SUBMITTED,2023-09-11T14:16:00-07:00,2023-09-11T16:26:30-07:00,13039,USD,,false,CPL/SRC/events/00069
EV000070,PG,PG_CLAIMS,,PAYMENT_POSTED,2023-11-14T11:23:00-08:00,2023-11-24T22:24:04-08:00,13039,USD,,false,CPL/SRC/events/00070
EV000071,PG,PG_CLAIMS,PG-R00040,SUBMITTED,2023-04-28T14:52:00-07:00,2023-05-19T14:52:00-07:00,13345,USD,,false,CPL/SRC/events/00071
EV000072,PG,PG_CLAIMS,,PAYMENT_POSTED,2023-06-02T12:36:00-07:00,2023-06-03T20:40:45-07:00,13345,USD,,false,CPL/SRC/events/00072
EV000073,PG,PG_CLAIMS,PG-R00041,SUBMITTED,2022-08-04T11:44:00-07:00,2022-08-04T12:46:15-07:00,4963,USD,,false,CPL/SRC/events/00073
EV000074,PG,PG_CLAIMS,PG-R00041,CLOSED_NO_PAYMENT,2022-09-19T08:14:00-07:00,2022-09-28T05:25:02-07:00,,,,true,CPL/SRC/events/00074
EV000075,PG,PG_CLAIMS,PG-R00042,SUBMITTED,2023-07-21T06:11:00-07:00,2023-07-21T09:21:48-07:00,7485,USD,,false,CPL/SRC/events/00075
EV000076,PG,PG_CLAIMS,,PAYMENT_POSTED,2023-08-07T09:15:00-07:00,2023-08-07T13:04:27-07:00,7485,USD,,false,CPL/SRC/events/00076
EV000077,PG,PG_CLAIMS,PG-R00043,SUBMITTED,2022-10-17T10:34:00-07:00,2022-10-17T14:59:01-07:00,13898,USD,,false,CPL/SRC/events/00077
EV000078,PG,PG_CLAIMS,,PAYMENT_POSTED,2022-10-24T14:59:00-07:00,2022-10-24T20:18:52-07:00,13898,USD,,false,CPL/SRC/events/00078
EV000079,PG,PG_CLAIMS,PG-R00044,SUBMITTED,2023-06-26T10:39:00-07:00,2023-06-26T11:14:23-07:00,4145,USD,,false,CPL/SRC/events/00079
EV000080,PG,PG_CLAIMS,PG-R00045,SUBMITTED,2022-10-06T14:01:00-07:00,2022-10-06T18:49:23-07:00,6577,USD,,false,CPL/SRC/events/00080
EV000081,PG,PG_CLAIMS,,PAYMENT_POSTED,2022-10-17T06:35:00-07:00,2022-10-25T13:50:22-07:00,6577,USD,,false,CPL/SRC/events/00081
EV000082,PG,PG_CLAIMS,PG-R00046,SUBMITTED,2023-04-21T11:13:00-07:00,2023-04-21T14:07:43-07:00,22457,USD,,false,CPL/SRC/events/00082
EV000083,PG,PG_CLAIMS,PG-R00047,SUBMITTED,2022-08-22T13:23:00-07:00,2022-08-22T20:18:33-07:00,17133,USD,,false,CPL/SRC/events/00083
EV000084,PG,PG_CLAIMS,,PAYMENT_POSTED,2022-10-10T09:31:00-07:00,2022-10-14T23:28:46-07:00,17133,USD,,false,CPL/SRC/events/00084
EV000085,PG,PG_CLAIMS,PG-R00047,PAYMENT_REVERSED,2022-10-14T07:57:00-07:00,2022-10-14T10:10:34-07:00,7607,USD,EV000084,false,CPL/SRC/events/00085
EV000086,PG,PG_CLAIMS,PG-R00048,SUBMITTED,2023-04-17T07:56:00-07:00,2023-05-01T01:13:38-07:00,7844,USD,,false,CPL/SRC/events/00086
EV000087,PG,PG_CLAIMS,,PAYMENT_POSTED,2023-04-24T14:25:00-07:00,2023-04-24T20:17:59-07:00,7844,USD,,false,CPL/SRC/events/00087
EV000088,PG,PG_CLAIMS,PG-R00049,SUBMITTED,2023-01-23T08:25:00-08:00,2023-01-23T10:29:08-08:00,21622,USD,,false,CPL/SRC/events/00088
EV000089,PG,PG_CLAIMS,,PAYMENT_POSTED,2023-02-20T14:57:00-08:00,2023-02-23T00:23:58-08:00,21622,USD,,false,CPL/SRC/events/00089
EV000090,PG,PG_CLAIMS,PG-R00050,SUBMITTED,2023-06-13T06:10:00-07:00,2023-06-13T10:52:12-07:00,8642,USD,,false,CPL/SRC/events/00090
EV000091,PG,PG_CLAIMS,,PAYMENT_POSTED,2023-07-18T11:40:00-07:00,2023-07-29T05:34:12-07:00,8642,USD,,false,CPL/SRC/events/00091
EV000092,PG,PG_CLAIMS,PG-R00051,SUBMITTED,2023-03-06T12:30:00-08:00,2023-03-07T09:47:25-08:00,128858,USD,,false,CPL/SRC/events/00092
EV000093,PG,PG_CLAIMS,,PAYMENT_POSTED,2023-04-03T07:59:00-07:00,2023-04-03T12:36:31-07:00,128858,USD,,false,CPL/SRC/events/00093
EV000094,PG,PG_CLAIMS,PG-R00051,PAYMENT_REVERSED,2023-04-11T06:29:00-07:00,2023-04-16T14:38:38-07:00,128858,USD,EV000093,false,CPL/SRC/events/00094
EV000095,PG,PG_CLAIMS,PG-R00052,SUBMITTED,2023-02-13T14:14:00-08:00,2023-02-14T21:39:48-08:00,11444,USD,,false,CPL/SRC/events/00095
EV000096,PG,PG_CLAIMS,,PAYMENT_POSTED,2023-03-01T13:39:00-08:00,2023-03-03T12:54:06-08:00,11444,USD,,false,CPL/SRC/events/00096
EV000097,PG,PG_CLAIMS,PG-R00053,SUBMITTED,2023-05-09T07:46:00-07:00,2023-05-09T10:25:34-07:00,38632,USD,,false,CPL/SRC/events/00097
EV000098,PG,PG_CLAIMS,,PAYMENT_POSTED,2023-06-12T12:46:00-07:00,2023-06-12T19:46:14-07:00,38632,USD,,false,CPL/SRC/events/00098
EV000099,PG,PG_CLAIMS,PG-R00054,SUBMITTED,2023-02-28T09:01:00-08:00,2023-03-03T02:13:56-08:00,6773,USD,,false,CPL/SRC/events/00099
EV000100,PG,PG_CLAIMS,PG-R00054,CLOSED_NO_PAYMENT,2023-04-04T12:55:00-07:00,2023-04-05T09:48:21-07:00,,,,true,CPL/SRC/events/00100
EV000101,PG,PG_CLAIMS,PG-R00055,SUBMITTED,2023-03-23T14:24:00-07:00,2023-03-25T08:32:33-07:00,23476,USD,,false,CPL/SRC/events/00101
EV000102,PG,PG_CLAIMS,,PAYMENT_POSTED,2023-03-31T07:23:00-07:00,2023-04-03T03:05:32-07:00,23476,USD,,false,CPL/SRC/events/00102
EV000103,PG,PG_CLAIMS,PG-R00056,SUBMITTED,2022-11-16T07:48:00-08:00,2022-11-22T16:06:14-08:00,37966,USD,,false,CPL/SRC/events/00103
EV000104,PG,PG_CLAIMS,,PAYMENT_POSTED,2023-01-06T09:14:00-08:00,2023-01-12T22:47:10-08:00,37966,USD,,false,CPL/SRC/events/00104
EV000105,PG,PG_CLAIMS,PG-R00057,SUBMITTED,2022-12-12T10:50:00-08:00,2022-12-24T09:22:15-08:00,6594,USD,,false,CPL/SRC/events/00105
EV000106,PG,PG_CLAIMS,,PAYMENT_POSTED,2023-01-02T13:49:00-08:00,2023-01-02T15:46:47-08:00,6594,USD,,false,CPL/SRC/events/00106
EV000107,PG,PG_CLAIMS,PG-R00058,SUBMITTED,2023-04-03T09:42:00-07:00,2023-04-06T00:00:45-07:00,4650,USD,,false,CPL/SRC/events/00107
EV000108,PG,PG_CLAIMS,PG-R00058,CLOSED_NO_PAYMENT,2023-05-29T09:59:00-07:00,2023-05-30T03:23:42-07:00,,,,true,CPL/SRC/events/00108
EV000109,PG,PG_CLAIMS,PG-R00059,SUBMITTED,2023-04-03T07:35:00-07:00,2023-04-03T14:32:25-07:00,9289,USD,,false,CPL/SRC/events/00109
EV000110,PG,PG_CLAIMS,,PAYMENT_POSTED,2023-04-27T07:45:00-07:00,2023-04-28T21:47:55-07:00,9289,USD,,false,CPL/SRC/events/00110
EV000111,PG,PG_CLAIMS,PG-R00060,SUBMITTED,2022-10-03T14:32:00-07:00,2022-10-09T05:27:17-07:00,6175,USD,,false,CPL/SRC/events/00111
EV000112,PG,PG_CLAIMS,,PAYMENT_POSTED,2022-10-11T08:15:00-07:00,2022-10-11T14:23:09-07:00,6175,USD,,false,CPL/SRC/events/00112
EV000113,PG,PG_CLAIMS,PG-R00061,SUBMITTED,2022-11-09T13:55:00-08:00,2022-11-14T05:16:59-08:00,11533,USD,,false,CPL/SRC/events/00113
EV000114,PG,PG_CLAIMS,,PAYMENT_POSTED,2022-12-02T06:23:00-08:00,2022-12-06T05:18:06-08:00,11533,USD,,false,CPL/SRC/events/00114
EV000115,PG,PG_CLAIMS,PG-R00062,SUBMITTED,2022-09-13T13:40:00-07:00,2022-09-20T00:11:54-07:00,53250,USD,,false,CPL/SRC/events/00115
EV000116,PG,PG_CLAIMS,PG-R00063,CORRECTED,2022-09-26T08:14:00-07:00,2022-09-26T14:38:46-07:00,67389,USD,,false,CPL/SRC/events/00116
EV000117,PG,PG_CLAIMS,PG-R00062,VOID_VERSION,2022-09-26T08:14:00-07:00,2022-09-28T16:10:31-07:00,53250,USD,,false,CPL/SRC/events/00117
EV000118,PG,PG_CLAIMS,,PAYMENT_POSTED,2022-11-01T14:15:00-07:00,2022-11-01T21:18:00-07:00,67389,USD,,false,CPL/SRC/events/00118
EV000119,PG,PG_CLAIMS,PG-R00064,SUBMITTED,2023-09-29T09:50:00-07:00,2023-09-29T15:30:30-07:00,10152,USD,,false,CPL/SRC/events/00119
EV000120,PG,PG_CLAIMS,PG-R00065,SUBMITTED,2023-08-08T09:44:00-07:00,2023-08-08T10:19:27-07:00,5070,USD,,false,CPL/SRC/events/00120
EV000121,PG,PG_CLAIMS,PG-R00066,SUBMITTED,2023-02-14T11:33:00-08:00,2023-02-18T17:52:21-08:00,50859,USD,,false,CPL/SRC/events/00121
EV000122,PG,PG_CLAIMS,,PAYMENT_POSTED,2023-03-20T07:02:00-07:00,2023-03-20T12:45:35-07:00,50859,USD,,false,CPL/SRC/events/00122
EV000123,PG,PG_CLAIMS,PG-R00067,SUBMITTED,2023-02-02T06:59:00-08:00,2023-02-02T14:38:58-08:00,7696,USD,,false,CPL/SRC/events/00123
EV000124,PG,PG_CLAIMS,,PAYMENT_POSTED,2023-03-01T11:48:00-08:00,2023-03-08T01:53:00-08:00,7696,USD,,false,CPL/SRC/events/00124
EV000125,PG,PG_CLAIMS,PG-R00068,SUBMITTED,2022-07-05T13:38:00-07:00,2022-07-05T16:00:51-07:00,3690,USD,,false,CPL/SRC/events/00125
EV000126,PG,PG_CLAIMS,,PAYMENT_POSTED,2022-08-15T11:34:00-07:00,2022-08-15T13:07:59-07:00,3690,USD,,false,CPL/SRC/events/00126
EV000127,PG,PG_CLAIMS,PG-R00069,SUBMITTED,2022-07-05T09:32:00-07:00,2022-07-10T03:59:27-07:00,9935,USD,,false,CPL/SRC/events/00127
EV000128,PG,PG_CLAIMS,PG-R00070,SUBMITTED,2023-08-04T09:51:00-07:00,2023-08-05T21:45:52-07:00,14965,USD,,false,CPL/SRC/events/00128
EV000129,PG,PG_CLAIMS,PG-R00071,SUBMITTED,2022-10-21T11:11:00-07:00,2022-10-26T23:29:52-07:00,4802,USD,,false,CPL/SRC/events/00129
EV000130,PG,PG_CLAIMS,PG-R00072,SUBMITTED,2023-09-25T06:13:00-07:00,2023-10-11T06:22:47-07:00,6327,USD,,false,CPL/SRC/events/00130
EV000131,PG,PG_CLAIMS,,PAYMENT_POSTED,2023-10-17T06:19:00-07:00,2023-10-18T02:10:14-07:00,6327,USD,,false,CPL/SRC/events/00131
EV000132,PG,PG_CLAIMS,PG-R00073,SUBMITTED,2023-06-12T07:01:00-07:00,2023-06-19T00:09:32-07:00,162166,USD,,false,CPL/SRC/events/00132
EV000133,PG,PG_CLAIMS,,PAYMENT_POSTED,2023-07-25T07:08:00-07:00,2023-08-01T23:55:40-07:00,162166,USD,,false,CPL/SRC/events/00133
EV000134,PG,PG_CLAIMS,PG-R00074,SUBMITTED,2023-09-20T10:20:00-07:00,2023-09-22T17:40:12-07:00,8645,USD,,false,CPL/SRC/events/00134
EV000135,PG,PG_CLAIMS,,PAYMENT_POSTED,2023-10-25T08:54:00-07:00,2023-10-25T16:05:13-07:00,8645,USD,,false,CPL/SRC/events/00135
EV000136,PG,PG_CLAIMS,PG-R00075,SUBMITTED,2023-09-13T06:13:00-07:00,2023-09-15T02:20:44-07:00,15049,USD,,false,CPL/SRC/events/00136
EV000137,PG,PG_CLAIMS,,PAYMENT_POSTED,2023-09-25T10:17:00-07:00,2023-09-27T02:11:30-07:00,15049,USD,,false,CPL/SRC/events/00137
EV000138,PG,PG_CLAIMS,PG-R00076,SUBMITTED,2023-03-20T14:02:00-07:00,2023-03-20T14:20:17-07:00,9824,USD,,false,CPL/SRC/events/00138
EV000139,PG,PG_CLAIMS,,PAYMENT_POSTED,2023-04-28T08:56:00-07:00,2023-04-28T10:50:28-07:00,9824,USD,,false,CPL/SRC/events/00139
EV000140,PG,PG_CLAIMS,PG-R00077,SUBMITTED,2023-04-24T06:04:00-07:00,2023-04-25T16:38:41-07:00,38737,USD,,false,CPL/SRC/events/00140
EV000141,PG,PG_CLAIMS,PG-R00077,CLOSED_NO_PAYMENT,2023-06-16T09:04:00-07:00,2023-06-21T12:42:23-07:00,,,,true,CPL/SRC/events/00141
EV000142,PG,PG_CLAIMS,PG-R00078,SUBMITTED,2023-05-01T07:36:00-07:00,2023-05-02T08:02:17-07:00,7488,USD,,false,CPL/SRC/events/00142
EV000143,PG,PG_CLAIMS,,PAYMENT_POSTED,2023-05-16T14:13:00-07:00,2023-05-16T15:41:54-07:00,7488,USD,,false,CPL/SRC/events/00143
EV000144,PG,PG_CLAIMS,PG-R00079,SUBMITTED,2023-07-11T11:28:00-07:00,2023-07-16T16:21:18-07:00,10645,USD,,false,CPL/SRC/events/00144
EV000145,PG,PG_CLAIMS,PG-R00079,CLOSED_NO_PAYMENT,2023-09-21T10:37:00-07:00,2023-09-23T19:11:07-07:00,,,,true,CPL/SRC/events/00145
EV000146,PG,PG_CLAIMS,PG-R00080,SUBMITTED,2023-01-16T10:40:00-08:00,2023-01-20T01:24:23-08:00,23220,USD,,false,CPL/SRC/events/00146
EV000147,PG,PG_CLAIMS,,PAYMENT_POSTED,2023-02-06T13:57:00-08:00,2023-02-23T05:09:27-08:00,23220,USD,,false,CPL/SRC/events/00147
EV000148,PG,PG_CLAIMS,PG-R00081,SUBMITTED,2023-04-18T08:51:00-07:00,2023-04-27T01:30:21-07:00,96742,USD,,false,CPL/SRC/events/00148
EV000149,PG,PG_CLAIMS,,PAYMENT_POSTED,2023-05-03T06:18:00-07:00,2023-05-03T07:06:03-07:00,96742,USD,,false,CPL/SRC/events/00149
EV000150,PG,PG_CLAIMS,PG-R00082,SUBMITTED,2023-09-18T09:47:00-07:00,2023-09-18T23:32:10-07:00,16350,USD,,false,CPL/SRC/events/00150
EV000151,PG,PG_CLAIMS,,PAYMENT_POSTED,2023-10-04T12:50:00-07:00,2023-10-06T11:50:02-07:00,16350,USD,,false,CPL/SRC/events/00151
EV000152,PG,PG_CLAIMS,PG-R00083,SUBMITTED,2023-02-15T11:54:00-08:00,2023-02-16T22:21:22-08:00,7375,USD,,false,CPL/SRC/events/00152
EV000153,PG,PG_CLAIMS,,PAYMENT_POSTED,2023-03-20T11:35:00-07:00,2023-03-20T13:55:06-07:00,7375,USD,,false,CPL/SRC/events/00153
EV000154,PG,PG_CLAIMS,PG-R00084,SUBMITTED,2023-08-23T13:19:00-07:00,2023-08-25T14:54:38-07:00,13863,USD,,false,CPL/SRC/events/00154
EV000155,PG,PG_CLAIMS,,PAYMENT_POSTED,2023-09-04T06:27:00-07:00,2023-09-04T21:24:18-07:00,13863,USD,,false,CPL/SRC/events/00155
EV000156,PG,PG_CLAIMS,PG-R00085,SUBMITTED,2023-05-31T14:30:00-07:00,2023-06-04T21:07:56-07:00,32931,USD,,false,CPL/SRC/events/00156
EV000157,PG,PG_CLAIMS,PG-R00086,SUBMITTED,2023-01-05T13:00:00-08:00,2023-01-05T14:08:35-08:00,68893,USD,,false,CPL/SRC/events/00157
EV000158,PG,PG_CLAIMS,PG-R00087,CORRECTED,2023-01-16T13:55:00-08:00,2023-01-18T14:19:16-08:00,71424,USD,,false,CPL/SRC/events/00158
EV000159,PG,PG_CLAIMS,,PAYMENT_POSTED,2023-01-17T06:54:00-08:00,2023-01-21T16:31:03-08:00,71424,USD,,false,CPL/SRC/events/00159
EV000160,PG,PG_CLAIMS,PG-R00088,SUBMITTED,2023-09-14T07:59:00-07:00,2023-09-14T08:44:24-07:00,14559,USD,,false,CPL/SRC/events/00160
EV000161,PG,PG_CLAIMS,,PAYMENT_POSTED,2023-10-02T09:25:00-07:00,2023-10-07T16:13:15-07:00,14559,USD,,false,CPL/SRC/events/00161
EV000162,PG,PG_CLAIMS,PG-R00088,PAYMENT_REVERSED,2023-10-09T13:37:00-07:00,2023-10-16T18:43:15-07:00,3702,USD,,false,CPL/SRC/events/00162
EV000163,PG,PG_CLAIMS,PG-R00089,SUBMITTED,2022-12-15T13:43:00-08:00,2022-12-17T03:48:41-08:00,63425,USD,,false,CPL/SRC/events/00163
EV000164,PG,PG_CLAIMS,,PAYMENT_POSTED,2023-01-23T12:33:00-08:00,2023-01-26T04:29:31-08:00,63425,USD,,false,CPL/SRC/events/00164
EV000165,PG,PG_CLAIMS,PG-R00090,SUBMITTED,2023-08-07T08:12:00-07:00,2023-08-07T11:31:12-07:00,23605,USD,,false,CPL/SRC/events/00165
EV000166,PG,PG_CLAIMS,PG-R00091,SUBMITTED,2022-10-25T06:43:00-07:00,2022-10-25T11:14:31-07:00,9108,USD,,false,CPL/SRC/events/00166
EV000167,PG,PG_CLAIMS,,PAYMENT_POSTED,2022-11-21T09:00:00-08:00,2022-11-22T15:08:48-08:00,9108,USD,,false,CPL/SRC/events/00167
EV000168,PG,PG_CLAIMS,PG-R00092,SUBMITTED,2022-09-12T07:41:00-07:00,2022-09-14T00:11:52-07:00,10222,USD,,false,CPL/SRC/events/00168
EV000169,PG,PG_CLAIMS,,PAYMENT_POSTED,2022-11-16T06:49:00-08:00,2022-11-17T20:24:05-08:00,10222,USD,,false,CPL/SRC/events/00169
EV000170,PG,PG_CLAIMS,PG-R00093,SUBMITTED,2023-08-10T08:02:00-07:00,2023-08-10T09:43:32-07:00,14977,USD,,false,CPL/SRC/events/00170
EV000171,PG,PG_CLAIMS,PG-R00094,SUBMITTED,2022-07-27T08:10:00-07:00,2022-07-27T11:57:16-07:00,12469,USD,,false,CPL/SRC/events/00171
EV000172,PG,PG_CLAIMS,,PAYMENT_POSTED,2022-08-08T10:16:00-07:00,2022-10-31T22:49:12-07:00,12469,USD,,false,CPL/SRC/events/00172
EV000173,PG,PG_CLAIMS,PG-R00095,SUBMITTED,2022-07-26T06:57:00-07:00,2022-07-26T11:13:50-07:00,54691,USD,,false,CPL/SRC/events/00173
EV000174,PG,PG_CLAIMS,PG-R00096,SUBMITTED,2023-05-15T10:45:00-07:00,2023-05-17T12:07:00-07:00,5395,USD,,false,CPL/SRC/events/00174
EV000175,PG,PG_CLAIMS,,PAYMENT_POSTED,2023-05-31T11:09:00-07:00,2023-06-07T18:20:53-07:00,5395,USD,,false,CPL/SRC/events/00175
EV000176,PG,PG_CLAIMS,PG-R00097,SUBMITTED,2023-07-04T13:22:00-07:00,2023-07-04T20:51:56-07:00,13407,USD,,false,CPL/SRC/events/00176
EV000177,PG,PG_CLAIMS,,PAYMENT_POSTED,2023-09-25T11:29:00-07:00,2023-09-25T13:15:55-07:00,13407,USD,,false,CPL/SRC/events/00177
EV000178,PG,PG_CLAIMS,PG-R00098,SUBMITTED,2022-08-08T07:44:00-07:00,2022-08-08T08:22:20-07:00,35774,USD,,false,CPL/SRC/events/00178
EV000179,PG,PG_CLAIMS,,PAYMENT_POSTED,2022-09-05T08:18:00-07:00,2022-09-07T08:34:23-07:00,35774,USD,,false,CPL/SRC/events/00179
EV000180,PG,PG_CLAIMS,PG-R00099,SUBMITTED,2023-07-06T08:50:00-07:00,2023-07-08T08:36:00-07:00,20601,USD,,false,CPL/SRC/events/00180
EV000181,PG,PG_CLAIMS,,PAYMENT_POSTED,2023-07-10T12:22:00-07:00,2023-07-12T22:48:36-07:00,20601,USD,,false,CPL/SRC/events/00181
EV000182,PG,PG_CLAIMS,PG-R00100,SUBMITTED,2023-03-07T08:41:00-08:00,2023-03-16T02:42:19-07:00,5646,USD,,false,CPL/SRC/events/00182
EV000183,PG,PG_CLAIMS,PG-R00100,CLOSED_NO_PAYMENT,2023-04-18T07:17:00-07:00,2023-04-18T14:31:21-07:00,,,,true,CPL/SRC/events/00183
EV000184,PG,PG_CLAIMS,PG-R00101,SUBMITTED,2023-03-20T06:22:00-07:00,2023-03-20T07:22:19-07:00,7511,USD,,false,CPL/SRC/events/00184
EV000185,PG,PG_CLAIMS,PG-R00102,SUBMITTED,2023-04-26T09:35:00-07:00,2023-04-28T17:34:42-07:00,14677,USD,,false,CPL/SRC/events/00185
EV000186,PG,PG_CLAIMS,,PAYMENT_POSTED,2023-05-25T12:59:00-07:00,2023-05-25T14:46:41-07:00,14677,USD,,false,CPL/SRC/events/00186
EV000187,PG,PG_CLAIMS,PG-R00103,SUBMITTED,2022-10-03T08:13:00-07:00,2022-10-03T13:20:27-07:00,10817,USD,,false,CPL/SRC/events/00187
EV000188,PG,PG_CLAIMS,PG-R00104,CORRECTED,2022-10-12T12:23:00-07:00,2022-10-15T06:36:50-07:00,10088,USD,,false,CPL/SRC/events/00188
EV000189,PG,PG_CLAIMS,PG-R00103,VOID_VERSION,2022-10-12T12:23:00-07:00,2022-10-13T03:12:07-07:00,10817,USD,,false,CPL/SRC/events/00189
EV000190,PG,PG_CLAIMS,,PAYMENT_POSTED,2023-02-20T13:08:00-08:00,2023-02-20T19:26:45-08:00,10088,USD,,false,CPL/SRC/events/00190
EV000191,PG,PG_CLAIMS,PG-R00105,SUBMITTED,2023-03-20T10:54:00-07:00,2023-03-30T18:31:06-07:00,23404,USD,,false,CPL/SRC/events/00191
EV000192,PG,PG_CLAIMS,PG-R00106,CORRECTED,2023-03-28T08:50:00-07:00,2023-03-28T15:30:38-07:00,27803,USD,,false,CPL/SRC/events/00192
EV000193,PG,PG_CLAIMS,PG-R00105,VOID_VERSION,2023-03-28T08:50:00-07:00,2023-03-28T09:46:08-07:00,23404,USD,,false,CPL/SRC/events/00193
EV000194,PG,PG_CLAIMS,,PAYMENT_POSTED,2023-05-01T12:45:00-07:00,2023-05-01T15:38:07-07:00,27803,USD,,false,CPL/SRC/events/00194
EV000195,PG,PG_CLAIMS,PG-R00107,SUBMITTED,2023-01-23T09:46:00-08:00,2023-01-29T14:22:47-08:00,10395,USD,,false,CPL/SRC/events/00195
EV000196,PG,PG_CLAIMS,,PAYMENT_POSTED,2023-02-06T14:58:00-08:00,2023-02-06T16:27:50-08:00,10395,USD,,false,CPL/SRC/events/00196
EV000197,PG,PG_CLAIMS,PG-R00108,SUBMITTED,2022-10-04T11:13:00-07:00,2022-10-09T15:27:44-07:00,20953,USD,,false,CPL/SRC/events/00197
EV000198,PG,PG_CLAIMS,PG-R00109,SUBMITTED,2023-05-17T11:47:00-07:00,2023-05-21T07:01:06-07:00,10864,USD,,false,CPL/SRC/events/00198
EV000199,PG,PG_CLAIMS,,PAYMENT_POSTED,2023-06-13T13:40:00-07:00,2023-06-13T18:36:03-07:00,10864,USD,,false,CPL/SRC/events/00199
EV000200,PG,PG_CLAIMS,PG-R00110,SUBMITTED,2023-04-26T12:37:00-07:00,2023-04-28T07:15:21-07:00,6351,USD,,false,CPL/SRC/events/00200
EV000201,PG,PG_CLAIMS,,PAYMENT_POSTED,2023-05-18T08:41:00-07:00,2023-05-18T14:09:57-07:00,6351,USD,,false,CPL/SRC/events/00201
EV000202,PG,PG_CLAIMS,PG-R00111,SUBMITTED,2023-04-24T08:58:00-07:00,2023-04-27T16:00:47-07:00,10449,USD,,false,CPL/SRC/events/00202
EV000203,PG,PG_CLAIMS,,PAYMENT_POSTED,2023-05-12T13:18:00-07:00,2023-05-12T16:05:09-07:00,10449,USD,,false,CPL/SRC/events/00203
EV000204,PG,PG_CLAIMS,PG-R00112,SUBMITTED,2023-03-14T09:23:00-07:00,2023-03-15T13:28:14-07:00,5327,USD,,false,CPL/SRC/events/00204
EV000205,PG,PG_CLAIMS,PG-R00113,CORRECTED,2023-03-20T10:25:00-07:00,2023-03-20T14:59:38-07:00,5911,USD,,false,CPL/SRC/events/00205
EV000206,PG,PG_CLAIMS,PG-R00113,CLOSED_NO_PAYMENT,2023-05-03T09:23:00-07:00,2023-05-04T20:54:41-07:00,,,,true,CPL/SRC/events/00206
EV000207,PG,PG_CLAIMS,PG-R00114,SUBMITTED,2023-05-08T07:06:00-07:00,2023-05-14T05:45:16-07:00,8186,USD,,false,CPL/SRC/events/00207
EV000208,PG,PG_CLAIMS,,PAYMENT_POSTED,2023-06-02T12:10:00-07:00,2023-06-02T19:42:48-07:00,8186,USD,,false,CPL/SRC/events/00208
EV000209,PG,PG_CLAIMS,PG-R00115,SUBMITTED,2022-12-09T13:03:00-08:00,2022-12-09T14:52:16-08:00,11129,USD,,false,CPL/SRC/events/00209
EV000210,PG,PG_CLAIMS,,PAYMENT_POSTED,2022-12-14T06:58:00-08:00,2022-12-14T09:40:17-08:00,11129,USD,,false,CPL/SRC/events/00210
EV000211,PG,PG_CLAIMS,PG-R00116,SUBMITTED,2023-05-10T13:09:00-07:00,2023-05-10T15:41:48-07:00,31120,USD,,false,CPL/SRC/events/00211
EV000212,PG,PG_CLAIMS,,PAYMENT_POSTED,2023-06-05T12:35:00-07:00,2023-06-08T07:27:39-07:00,31120,USD,,false,CPL/SRC/events/00212
EV000213,PG,PG_CLAIMS,PG-R00117,SUBMITTED,2023-05-08T13:18:00-07:00,2023-05-08T20:15:55-07:00,12339,USD,,false,CPL/SRC/events/00213
EV000214,PG,PG_CLAIMS,PG-R00118,SUBMITTED,2022-11-28T13:36:00-08:00,2022-11-30T13:18:01-08:00,20693,USD,,false,CPL/SRC/events/00214
EV000215,PG,PG_CLAIMS,,PAYMENT_POSTED,2022-12-12T11:42:00-08:00,2022-12-12T15:01:42-08:00,20693,USD,,false,CPL/SRC/events/00215
EV000216,PG,PG_CLAIMS,PG-R00119,SUBMITTED,2022-12-07T08:17:00-08:00,2022-12-09T19:26:16-08:00,114270,USD,,false,CPL/SRC/events/00216
EV000217,PG,PG_CLAIMS,,PAYMENT_POSTED,2022-12-30T08:28:00-08:00,2023-01-02T06:49:32-08:00,114270,USD,,false,CPL/SRC/events/00217
EV000218,PG,PG_CLAIMS,PG-R00120,SUBMITTED,2023-07-24T07:05:00-07:00,2023-08-01T21:08:36-07:00,10109,USD,,false,CPL/SRC/events/00218
EV000219,PG,PG_CLAIMS,,PAYMENT_POSTED,2023-07-27T08:31:00-07:00,2023-07-31T22:05:23-07:00,10109,USD,,false,CPL/SRC/events/00219
EV000220,PG,PG_CLAIMS,PG-R00121,SUBMITTED,2023-03-17T14:42:00-07:00,2023-03-17T22:41:48-07:00,96651,USD,,false,CPL/SRC/events/00220
EV000221,PG,PG_CLAIMS,,PAYMENT_POSTED,2023-04-03T10:15:00-07:00,2023-04-03T15:34:40-07:00,96651,USD,,false,CPL/SRC/events/00221
EV000222,PG,PG_CLAIMS,PG-R00122,SUBMITTED,2023-01-23T13:26:00-08:00,2023-01-27T04:03:18-08:00,8829,USD,,false,CPL/SRC/events/00222
EV000223,PG,PG_CLAIMS,,PAYMENT_POSTED,2023-02-06T11:02:00-08:00,2023-02-06T11:25:49-08:00,8829,USD,,false,CPL/SRC/events/00223
EV000224,PG,PG_CLAIMS,PG-R00123,SUBMITTED,2023-07-10T10:50:00-07:00,2023-07-15T03:40:47-07:00,8500,USD,,false,CPL/SRC/events/00224
EV000225,PG,PG_CLAIMS,PG-R00124,SUBMITTED,2023-08-15T13:34:00-07:00,2023-08-18T21:59:16-07:00,4569,USD,,false,CPL/SRC/events/00225
EV000226,PG,PG_CLAIMS,,PAYMENT_POSTED,2023-09-18T06:42:00-07:00,2023-09-22T04:55:22-07:00,4569,USD,,false,CPL/SRC/events/00226
EV000227,PG,PG_CLAIMS,PG-R00125,SUBMITTED,2022-10-17T13:56:00-07:00,2022-10-22T00:56:01-07:00,10945,USD,,false,CPL/SRC/events/00227
EV000228,PG,PG_CLAIMS,,PAYMENT_POSTED,2022-11-07T06:40:00-08:00,2022-11-07T10:38:31-08:00,10945,USD,,false,CPL/SRC/events/00228
EV000229,PG,PG_CLAIMS,PG-R00126,SUBMITTED,2023-03-08T07:58:00-08:00,2023-03-10T04:08:06-08:00,78271,USD,,false,CPL/SRC/events/00229
EV000230,PG,PG_CLAIMS,PG-R00127,SUBMITTED,2023-09-11T12:58:00-07:00,2023-09-12T14:28:53-07:00,18341,USD,,false,CPL/SRC/events/00230
EV000231,PG,PG_CLAIMS,PG-R00128,SUBMITTED,2023-02-17T08:05:00-08:00,2023-02-17T08:44:08-08:00,13090,USD,,false,CPL/SRC/events/00231
EV000232,PG,PG_CLAIMS,,PAYMENT_POSTED,2023-02-27T14:51:00-08:00,2023-02-27T22:03:49-08:00,13090,USD,,false,CPL/SRC/events/00232
EV000233,PG,PG_CLAIMS,PG-R00129,SUBMITTED,2023-01-31T14:38:00-08:00,2023-01-31T18:29:12-08:00,8398,USD,,false,CPL/SRC/events/00233
EV000234,PG,PG_CLAIMS,,PAYMENT_POSTED,2023-02-14T06:47:00-08:00,2023-02-15T02:47:10-08:00,8398,USD,,false,CPL/SRC/events/00234
EV000235,PG,PG_CLAIMS,PG-R00130,SUBMITTED,2022-12-12T09:23:00-08:00,2022-12-30T15:48:22-08:00,75395,USD,,false,CPL/SRC/events/00235
EV000236,PG,PG_CLAIMS,,PAYMENT_POSTED,2022-12-19T10:49:00-08:00,2022-12-19T12:15:43-08:00,75395,USD,,false,CPL/SRC/events/00236
EV000237,PG,PG_CLAIMS,PG-R00131,SUBMITTED,2023-08-31T06:02:00-07:00,2023-09-04T13:10:19-07:00,16396,USD,,false,CPL/SRC/events/00237
EV000238,PG,PG_CLAIMS,,PAYMENT_POSTED,2023-10-02T11:59:00-07:00,2023-10-02T15:23:50-07:00,16396,USD,,false,CPL/SRC/events/00238
EV000239,PG,PG_CLAIMS,PG-R00132,SUBMITTED,2023-05-16T11:29:00-07:00,2023-05-17T17:46:04-07:00,6315,USD,,false,CPL/SRC/events/00239
EV000240,PG,PG_CLAIMS,,PAYMENT_POSTED,2023-06-02T12:34:00-07:00,2023-06-02T18:51:59-07:00,6315,USD,,false,CPL/SRC/events/00240
EV000241,PG,PG_CLAIMS,PG-R00133,SUBMITTED,2023-05-08T14:35:00-07:00,2023-05-08T19:39:04-07:00,63282,USD,,false,CPL/SRC/events/00241
EV000242,PG,PG_CLAIMS,,PAYMENT_POSTED,2023-05-22T07:54:00-07:00,2023-05-22T12:23:54-07:00,63282,USD,,false,CPL/SRC/events/00242
EV000243,PG,PG_CLAIMS,PG-R00134,SUBMITTED,2023-01-16T10:06:00-08:00,2023-01-16T14:02:12-08:00,5008,USD,,false,CPL/SRC/events/00243
EV000244,PG,PG_CLAIMS,PG-R00135,CORRECTED,2023-01-23T07:29:00-08:00,2023-01-23T11:17:54-08:00,6309,USD,,false,CPL/SRC/events/00244
EV000245,PG,PG_CLAIMS,,PAYMENT_POSTED,2023-01-31T06:03:00-08:00,2023-02-03T01:58:02-08:00,6309,USD,,false,CPL/SRC/events/00245
EV000246,PG,PG_CLAIMS,PG-R00136,SUBMITTED,2023-09-01T12:27:00-07:00,2023-09-07T11:00:39-07:00,7194,USD,,false,CPL/SRC/events/00246
EV000247,PG,PG_CLAIMS,,PAYMENT_POSTED,2023-09-15T06:23:00-07:00,2023-10-06T06:23:00-07:00,7194,USD,,false,CPL/SRC/events/00247
EV000248,PG,PG_CLAIMS,PG-R00137,SUBMITTED,2023-05-29T13:09:00-07:00,2023-06-01T12:38:32-07:00,13084,USD,,false,CPL/SRC/events/00248
EV000249,PG,PG_CLAIMS,PG-R00138,SUBMITTED,2023-07-06T09:24:00-07:00,2023-07-16T15:38:05-07:00,5653,USD,,false,CPL/SRC/events/00249
EV000250,PG,PG_CLAIMS,,PAYMENT_POSTED,2023-08-14T06:17:00-07:00,2023-08-18T08:07:13-07:00,5653,USD,,false,CPL/SRC/events/00250
EV000251,PG,PG_CLAIMS,PG-R00139,SUBMITTED,2023-03-21T11:27:00-07:00,2023-03-21T13:50:59-07:00,85615,USD,,false,CPL/SRC/events/00251
EV000252,PG,PG_CLAIMS,,PAYMENT_POSTED,2023-04-13T10:33:00-07:00,2023-04-16T13:13:02-07:00,85615,USD,,false,CPL/SRC/events/00252
EV000253,PG,PG_CLAIMS,PG-R00140,SUBMITTED,2022-12-19T09:24:00-08:00,2022-12-22T22:57:58-08:00,11134,USD,,false,CPL/SRC/events/00253
EV000254,PG,PG_CLAIMS,,PAYMENT_POSTED,2023-01-09T07:16:00-08:00,2023-01-09T09:13:25-08:00,11134,USD,,false,CPL/SRC/events/00254
EV000255,PG,PG_CLAIMS,PG-R00141,SUBMITTED,2023-02-27T06:20:00-08:00,2023-02-27T06:42:24-08:00,7956,USD,,false,CPL/SRC/events/00255
EV000256,PG,PG_CLAIMS,,PAYMENT_POSTED,2023-03-22T04:57:00-07:00,2023-03-23T21:44:02-07:00,7956,USD,,false,CPL/SRC/events/00256
EV000257,PG,PG_CLAIMS,PG-R00142,SUBMITTED,2023-07-11T07:57:00-07:00,2023-07-11T14:35:04-07:00,29664,USD,,false,CPL/SRC/events/00257
EV000258,PG,PG_CLAIMS,PG-R00142,CLOSED_NO_PAYMENT,2023-11-03T08:42:00-07:00,2023-11-03T15:22:02-07:00,,,,true,CPL/SRC/events/00258
EV000259,PG,PG_CLAIMS,PG-R00143,SUBMITTED,2023-04-28T10:23:00-07:00,2023-05-05T18:13:35-07:00,29424,USD,,false,CPL/SRC/events/00259
EV000260,PG,PG_CLAIMS,,PAYMENT_POSTED,2023-06-05T06:44:00-07:00,2023-06-07T02:58:15-07:00,29424,USD,,false,CPL/SRC/events/00260
EV000261,PG,PG_CLAIMS,PG-R00144,SUBMITTED,2023-04-28T10:48:00-07:00,2023-04-29T21:11:57-07:00,19778,USD,,false,CPL/SRC/events/00261
EV000262,PG,PG_CLAIMS,PG-R00145,SUBMITTED,2023-01-05T09:38:00-08:00,2023-01-05T10:14:56-08:00,60532,USD,,false,CPL/SRC/events/00262
EV000263,PG,PG_CLAIMS,,PAYMENT_POSTED,2023-02-22T09:44:00-08:00,2023-02-22T10:03:17-08:00,60532,USD,,false,CPL/SRC/events/00263
EV000264,PG,PG_CLAIMS,PG-R00146,SUBMITTED,2022-12-12T11:59:00-08:00,2022-12-15T16:53:50-08:00,2500,USD,,false,CPL/SRC/events/00264
EV000265,PG,PG_CLAIMS,PG-R00147,CORRECTED,2022-12-14T14:52:00-08:00,2022-12-14T17:58:08-08:00,3182,USD,,false,CPL/SRC/events/00265
EV000266,PG,PG_CLAIMS,,PAYMENT_POSTED,2023-01-09T07:23:00-08:00,2023-01-09T12:01:30-08:00,3182,USD,,false,CPL/SRC/events/00266
EV000267,PG,PG_CLAIMS,PG-R00148,SUBMITTED,2022-12-12T09:42:00-08:00,2022-12-26T21:21:33-08:00,12759,USD,,false,CPL/SRC/events/00267
EV000268,PG,PG_CLAIMS,PG-R00149,SUBMITTED,2023-05-05T08:57:00-07:00,2023-05-08T04:08:43-07:00,74023,USD,,false,CPL/SRC/events/00268
EV000269,PG,PG_CLAIMS,,PAYMENT_POSTED,2023-05-22T11:30:00-07:00,2023-06-02T04:44:31-07:00,74023,USD,,false,CPL/SRC/events/00269
EV000270,PG,PG_CLAIMS,PG-R00150,SUBMITTED,2023-02-09T13:08:00-08:00,2023-02-09T13:20:52-08:00,10920,USD,,false,CPL/SRC/events/00270
EV000271,PG,PG_CLAIMS,,PAYMENT_POSTED,2023-03-02T14:14:00-08:00,2023-03-02T21:19:01-08:00,10920,USD,,false,CPL/SRC/events/00271
EV000272,PG,PG_CLAIMS,PG-R00151,SUBMITTED,2022-09-09T10:52:00-07:00,2022-09-17T19:14:11-07:00,9223,USD,,false,CPL/SRC/events/00272
EV000273,PG,PG_CLAIMS,,PAYMENT_POSTED,2022-09-22T07:20:00-07:00,2022-09-25T07:06:31-07:00,9223,USD,,false,CPL/SRC/events/00273
EV000274,PG,PG_CLAIMS,PG-R00152,SUBMITTED,2022-08-01T11:30:00-07:00,2022-08-01T18:15:35-07:00,8097,USD,,false,CPL/SRC/events/00274
EV000275,PG,PG_CLAIMS,PG-R00153,SUBMITTED,2022-07-21T06:31:00-07:00,2022-08-07T07:16:37-07:00,3708,USD,,false,CPL/SRC/events/00275
EV000276,PG,PG_CLAIMS,,PAYMENT_POSTED,2022-08-08T06:45:00-07:00,2022-08-08T11:39:36-07:00,3708,USD,,false,CPL/SRC/events/00276
EV000277,PG,PG_CLAIMS,PG-R00154,SUBMITTED,2023-03-27T11:53:00-07:00,2023-03-28T05:43:33-07:00,16052,USD,,false,CPL/SRC/events/00277
EV000278,PG,PG_CLAIMS,,PAYMENT_POSTED,2023-04-24T11:51:00-07:00,2023-04-25T04:18:34-07:00,16052,USD,,false,CPL/SRC/events/00278
EV000279,PG,PG_CLAIMS,PG-R00155,SUBMITTED,2022-10-17T08:06:00-07:00,2022-10-22T20:27:41-07:00,16201,USD,,false,CPL/SRC/events/00279
EV000280,PG,PG_CLAIMS,,PAYMENT_POSTED,2022-10-25T06:00:00-07:00,2022-10-25T07:34:01-07:00,16201,USD,,false,CPL/SRC/events/00280
EV000281,PG,PG_CLAIMS,PG-R00156,SUBMITTED,2023-04-17T14:08:00-07:00,2023-04-17T19:48:34-07:00,6278,USD,,false,CPL/SRC/events/00281
EV000282,PG,PG_CLAIMS,,PAYMENT_POSTED,2023-05-16T06:13:00-07:00,2023-05-16T13:59:10-07:00,6278,USD,,false,CPL/SRC/events/00282
EV000283,PG,PG_CLAIMS,PG-R00157,SUBMITTED,2022-09-19T07:34:00-07:00,2022-09-19T09:42:03-07:00,70430,USD,,false,CPL/SRC/events/00283
EV000284,PG,PG_CLAIMS,,PAYMENT_POSTED,2022-09-28T07:21:00-07:00,2022-09-29T22:04:59-07:00,70430,USD,,false,CPL/SRC/events/00284
EV000285,PG,PG_CLAIMS,PG-R00158,SUBMITTED,2023-01-30T14:09:00-08:00,2023-02-13T09:20:38-08:00,42685,USD,,false,CPL/SRC/events/00285
EV000286,PG,PG_CLAIMS,,PAYMENT_POSTED,2023-02-22T07:42:00-08:00,2023-02-22T09:38:41-08:00,42685,USD,,false,CPL/SRC/events/00286
EV000287,PG,PG_CLAIMS,PG-R00159,SUBMITTED,2023-02-06T06:04:00-08:00,2023-02-11T19:09:23-08:00,4014,USD,,false,CPL/SRC/events/00287
EV000288,PG,PG_CLAIMS,PG-R00159,CLOSED_NO_PAYMENT,2023-05-15T08:42:00-07:00,2023-05-15T16:33:52-07:00,,,,true,CPL/SRC/events/00288
EV000289,PG,PG_CLAIMS,PG-R00160,SUBMITTED,2023-01-23T06:13:00-08:00,2023-01-25T14:25:33-08:00,22563,USD,,false,CPL/SRC/events/00289
EV000290,PG,PG_CLAIMS,,PAYMENT_POSTED,2023-01-30T14:23:00-08:00,2023-02-03T03:18:05-08:00,22563,USD,,false,CPL/SRC/events/00290
EV000291,PG,PG_CLAIMS,PG-R00161,SUBMITTED,2023-05-08T11:33:00-07:00,2023-05-08T17:56:25-07:00,57804,USD,,false,CPL/SRC/events/00291
EV000292,PG,PG_CLAIMS,,PAYMENT_POSTED,2023-05-25T10:34:00-07:00,2023-05-27T15:25:21-07:00,57804,USD,,false,CPL/SRC/events/00292
EV000293,PG,PG_CLAIMS,PG-R00162,SUBMITTED,2023-09-29T12:55:00-07:00,2023-10-03T14:38:46-07:00,4693,USD,,false,CPL/SRC/events/00293
EV000294,PG,PG_CLAIMS,,PAYMENT_POSTED,2023-10-09T13:52:00-07:00,2023-10-13T00:09:55-07:00,4693,USD,,false,CPL/SRC/events/00294
EV000295,PG,PG_CLAIMS,PG-R00163,SUBMITTED,2022-09-13T09:21:00-07:00,2022-09-13T13:21:26-07:00,98648,USD,,false,CPL/SRC/events/00295
EV000296,PG,PG_CLAIMS,PG-R00164,SUBMITTED,2023-08-21T11:49:00-07:00,2023-08-24T22:41:33-07:00,3158,USD,,false,CPL/SRC/events/00296
EV000297,PG,PG_CLAIMS,PG-R00164,CLOSED_NO_PAYMENT,2023-10-23T07:14:00-07:00,2023-10-25T15:05:24-07:00,,,,true,CPL/SRC/events/00297
EV000298,PG,PG_CLAIMS,PG-R00165,SUBMITTED,2022-09-12T12:46:00-07:00,2022-09-12T16:04:34-07:00,4404,USD,,false,CPL/SRC/events/00298
EV000299,PG,PG_CLAIMS,,PAYMENT_POSTED,2022-09-19T07:51:00-07:00,2022-09-21T11:20:46-07:00,4404,USD,,false,CPL/SRC/events/00299
EV000300,PG,PG_CLAIMS,PG-R00166,SUBMITTED,2023-05-25T13:49:00-07:00,2023-05-26T14:41:50-07:00,26192,USD,,false,CPL/SRC/events/00300
EV000301,PG,PG_CLAIMS,,PAYMENT_POSTED,2023-06-12T11:55:00-07:00,2023-06-14T18:16:37-07:00,26192,USD,,false,CPL/SRC/events/00301
EV000302,PG,PG_CLAIMS,PG-R00167,SUBMITTED,2022-12-28T06:48:00-08:00,2022-12-30T22:06:18-08:00,11752,USD,,false,CPL/SRC/events/00302
EV000303,PG,PG_CLAIMS,,PAYMENT_POSTED,2023-02-06T08:20:00-08:00,2023-02-08T06:45:50-08:00,11752,USD,,false,CPL/SRC/events/00303
EV000304,PG,PG_CLAIMS,PG-R00168,SUBMITTED,2023-09-18T12:08:00-07:00,2023-09-18T19:47:06-07:00,3072,USD,,false,CPL/SRC/events/00304
EV000305,PG,PG_CLAIMS,,PAYMENT_POSTED,2023-10-09T07:24:00-07:00,2023-10-09T12:26:56-07:00,3072,USD,,false,CPL/SRC/events/00305
EV000306,PG,PG_CLAIMS,PG-R00169,SUBMITTED,2023-02-17T06:17:00-08:00,2023-02-21T17:51:29-08:00,5655,USD,,false,CPL/SRC/events/00306
EV000307,PG,PG_CLAIMS,,PAYMENT_POSTED,2023-03-02T11:52:00-08:00,2023-03-07T19:22:50-08:00,5655,USD,,false,CPL/SRC/events/00307
EV000308,PG,PG_CLAIMS,PG-R00170,SUBMITTED,2023-03-13T12:28:00-07:00,2023-03-15T14:57:54-07:00,124660,USD,,false,CPL/SRC/events/00308
EV000309,PG,PG_CLAIMS,PG-R00170,CLOSED_NO_PAYMENT,2023-06-16T06:30:00-07:00,2023-06-16T08:53:04-07:00,,,,true,CPL/SRC/events/00309
EV000310,PG,PG_CLAIMS,PG-R00171,SUBMITTED,2022-08-22T12:07:00-07:00,2022-08-22T16:48:44-07:00,10214,USD,,false,CPL/SRC/events/00310
EV000311,PG,PG_CLAIMS,PG-R00172,SUBMITTED,2022-08-01T12:25:00-07:00,2022-08-18T16:16:30-07:00,20543,USD,,false,CPL/SRC/events/00311
EV000312,PG,PG_CLAIMS,,PAYMENT_POSTED,2022-08-15T09:02:00-07:00,2022-08-15T12:30:19-07:00,20543,USD,,false,CPL/SRC/events/00312
EV000313,PG,PG_CLAIMS,PG-R00173,SUBMITTED,2022-09-19T14:10:00-07:00,2022-09-19T20:24:16-07:00,28562,USD,,false,CPL/SRC/events/00313
EV000314,PG,PG_CLAIMS,PG-R00174,SUBMITTED,2023-02-07T09:22:00-08:00,2023-02-10T13:46:10-08:00,9803,USD,,false,CPL/SRC/events/00314
EV000315,PG,PG_CLAIMS,,PAYMENT_POSTED,2023-02-16T13:53:00-08:00,2023-02-16T22:57:24-08:00,9803,USD,,false,CPL/SRC/events/00315
EV000316,PG,PG_CLAIMS,PG-R00175,SUBMITTED,2023-05-22T09:05:00-07:00,2023-05-27T11:52:48-07:00,15771,USD,,false,CPL/SRC/events/00316
EV000317,PG,PG_CLAIMS,PG-R00176,CORRECTED,2023-05-29T10:27:00-07:00,2023-06-01T17:37:37-07:00,16341,USD,,false,CPL/SRC/events/00317
EV000318,PG,PG_CLAIMS,,PAYMENT_POSTED,2023-05-29T14:55:00-07:00,2023-06-09T09:04:36-07:00,16341,USD,,false,CPL/SRC/events/00318
EV000319,PG,PG_CLAIMS,PG-R00177,SUBMITTED,2022-11-01T11:57:00-07:00,2022-11-05T11:47:53-07:00,4027,USD,,false,CPL/SRC/events/00319
EV000320,PG,PG_CLAIMS,,PAYMENT_POSTED,2022-11-29T06:04:00-08:00,2022-11-29T13:01:00-08:00,4027,USD,,false,CPL/SRC/events/00320
EV000321,PG,PG_CLAIMS,PG-R00178,SUBMITTED,2022-09-19T14:38:00-07:00,2022-09-19T15:09:15-07:00,7455,USD,,false,CPL/SRC/events/00321
EV000322,PG,PG_CLAIMS,,PAYMENT_POSTED,2022-10-17T06:04:00-07:00,2022-10-17T09:44:11-07:00,7455,USD,,false,CPL/SRC/events/00322
EV000323,PG,PG_CLAIMS,PG-R00179,SUBMITTED,2022-11-15T10:55:00-08:00,2022-11-17T05:07:38-08:00,375330,USD,,false,CPL/SRC/events/00323
EV000324,PG,PG_CLAIMS,PG-R00179,CLOSED_NO_PAYMENT,2023-01-16T10:36:00-08:00,2023-01-16T14:17:31-08:00,,,,true,CPL/SRC/events/00324
EV000325,PG,PG_CLAIMS,PG-R00180,SUBMITTED,2023-05-29T14:23:00-07:00,2023-06-01T03:16:56-07:00,11553,USD,,false,CPL/SRC/events/00325
EV000326,PG,PG_CLAIMS,,PAYMENT_POSTED,2023-06-29T10:41:00-07:00,2023-06-29T11:09:32-07:00,11553,USD,,false,CPL/SRC/events/00326
EV000327,PG,PG_CLAIMS,PG-R00181,SUBMITTED,2023-08-11T11:45:00-07:00,2023-08-11T21:53:11-07:00,99959,USD,,false,CPL/SRC/events/00327
EV000328,PG,PG_CLAIMS,,PAYMENT_POSTED,2023-10-06T10:20:00-07:00,2023-10-06T13:37:01-07:00,99959,USD,,false,CPL/SRC/events/00328
EV000329,PG,PG_CLAIMS,PG-R00182,SUBMITTED,2022-12-19T12:44:00-08:00,2022-12-19T16:19:35-08:00,24236,USD,,false,CPL/SRC/events/00329
EV000330,PG,PG_CLAIMS,PG-R00183,SUBMITTED,2022-09-05T10:19:00-07:00,2022-09-05T15:53:51-07:00,56325,USD,,false,CPL/SRC/events/00330
EV000331,PG,PG_CLAIMS,,PAYMENT_POSTED,2022-09-20T10:47:00-07:00,2022-09-23T10:37:09-07:00,56325,USD,,false,CPL/SRC/events/00331
EV000332,PG,PG_CLAIMS,PG-R00184,SUBMITTED,2022-07-07T09:54:00-07:00,2022-07-20T08:52:13-07:00,16037,USD,,false,CPL/SRC/events/00332
EV000333,PG,PG_CLAIMS,,PAYMENT_POSTED,2022-08-22T10:06:00-07:00,2022-08-30T20:44:07-07:00,16037,USD,,false,CPL/SRC/events/00333
EV000334,PG,PG_CLAIMS,PG-R00185,SUBMITTED,2023-02-14T10:41:00-08:00,2023-02-14T12:40:09-08:00,21739,USD,,false,CPL/SRC/events/00334
EV000335,PG,PG_CLAIMS,PG-R00185,CLOSED_NO_PAYMENT,2023-04-10T07:10:00-07:00,2023-04-10T13:05:04-07:00,,,,true,CPL/SRC/events/00335
EV000336,PG,PG_CLAIMS,PG-R00186,SUBMITTED,2023-04-24T12:49:00-07:00,2023-04-26T20:35:42-07:00,7046,USD,,false,CPL/SRC/events/00336
EV000337,PG,PG_CLAIMS,,PAYMENT_POSTED,2023-05-10T14:45:00-07:00,2023-05-14T08:34:51-07:00,7046,USD,,false,CPL/SRC/events/00337
EV000338,PG,PG_CLAIMS,PG-R00187,SUBMITTED,2023-04-19T10:30:00-07:00,2023-04-19T14:23:18-07:00,21517,USD,,false,CPL/SRC/events/00338
EV000339,PG,PG_CLAIMS,PG-R00188,SUBMITTED,2022-08-11T06:45:00-07:00,2022-08-20T13:08:39-07:00,74830,USD,,false,CPL/SRC/events/00339
EV000340,PG,PG_CLAIMS,,PAYMENT_POSTED,2022-09-05T08:05:00-07:00,2022-09-05T09:24:35-07:00,74830,USD,,false,CPL/SRC/events/00340
EV000341,PG,PG_CLAIMS,PG-R00189,SUBMITTED,2022-09-30T08:25:00-07:00,2022-10-04T10:31:49-07:00,11888,USD,,false,CPL/SRC/events/00341
EV000342,PG,PG_CLAIMS,PG-R00189,CLOSED_NO_PAYMENT,2022-11-21T13:51:00-08:00,2022-11-24T04:13:08-08:00,,,,true,CPL/SRC/events/00342
EV000343,PG,PG_CLAIMS,PG-R00190,SUBMITTED,2023-05-01T08:17:00-07:00,2023-05-08T12:37:45-07:00,56900,USD,,false,CPL/SRC/events/00343
EV000344,PG,PG_CLAIMS,,PAYMENT_POSTED,2023-06-12T10:31:00-07:00,2023-06-13T05:13:12-07:00,56900,USD,,false,CPL/SRC/events/00344
EV000345,PG,PG_CLAIMS,PG-R00191,SUBMITTED,2022-11-15T11:17:00-08:00,2022-11-25T10:12:42-08:00,26952,USD,,false,CPL/SRC/events/00345
EV000346,PG,PG_CLAIMS,,PAYMENT_POSTED,2022-12-26T08:43:00-08:00,2022-12-27T05:49:20-08:00,26952,USD,,false,CPL/SRC/events/00346
EV000347,PG,PG_CLAIMS,PG-R00192,SUBMITTED,2022-10-17T11:36:00-07:00,2022-10-19T12:44:51-07:00,30236,USD,,false,CPL/SRC/events/00347
EV000348,PG,PG_CLAIMS,,PAYMENT_POSTED,2022-10-24T12:43:00-07:00,2022-10-25T01:29:48-07:00,30236,USD,,false,CPL/SRC/events/00348
EV000349,PG,PG_CLAIMS,PG-R00193,SUBMITTED,2023-09-21T13:29:00-07:00,2023-09-21T18:55:56-07:00,11289,USD,,false,CPL/SRC/events/00349
EV000350,PG,PG_CLAIMS,PG-R00194,SUBMITTED,2023-02-06T09:34:00-08:00,2023-02-09T11:40:22-08:00,10760,USD,,false,CPL/SRC/events/00350
EV000351,PG,PG_CLAIMS,,PAYMENT_POSTED,2023-02-20T10:29:00-08:00,2023-02-23T15:37:32-08:00,10760,USD,,false,CPL/SRC/events/00351
EV000352,PG,PG_CLAIMS,PG-R00195,SUBMITTED,2022-09-07T13:06:00-07:00,2022-09-13T21:46:43-07:00,8398,USD,,false,CPL/SRC/events/00352
EV000353,PG,PG_CLAIMS,,PAYMENT_POSTED,2022-09-19T13:25:00-07:00,2022-09-19T19:58:35-07:00,8398,USD,,false,CPL/SRC/events/00353
EV000354,PG,PG_CLAIMS,PG-R00196,SUBMITTED,2022-11-14T08:50:00-08:00,2022-11-14T10:23:22-08:00,11713,USD,,false,CPL/SRC/events/00354
EV000355,PG,PG_CLAIMS,,PAYMENT_POSTED,2022-11-28T14:52:00-08:00,2022-11-30T14:36:44-08:00,11713,USD,,false,CPL/SRC/events/00355
EV000356,PG,PG_CLAIMS,PG-R00197,SUBMITTED,2022-08-15T09:05:00-07:00,2022-08-15T11:55:23-07:00,20039,USD,,false,CPL/SRC/events/00356
EV000357,PG,PG_CLAIMS,,PAYMENT_POSTED,2022-09-01T09:49:00-07:00,2022-09-01T13:34:22-07:00,20039,USD,,false,CPL/SRC/events/00357
EV000358,PG,PG_CLAIMS,PG-R00198,SUBMITTED,2022-08-16T14:15:00-07:00,2022-08-27T02:20:41-07:00,76920,USD,,false,CPL/SRC/events/00358
EV000359,PG,PG_CLAIMS,,PAYMENT_POSTED,2022-09-05T10:31:00-07:00,2022-09-05T17:27:31-07:00,76920,USD,,false,CPL/SRC/events/00359
EV000360,PG,PG_CLAIMS,PG-R00199,SUBMITTED,2022-08-29T14:17:00-07:00,2022-08-31T10:28:29-07:00,38678,USD,,false,CPL/SRC/events/00360
EV000361,PG,PG_CLAIMS,,PAYMENT_POSTED,2022-10-10T09:05:00-07:00,2022-10-10T11:55:44-07:00,38678,USD,,false,CPL/SRC/events/00361
EV000362,PG,PG_CLAIMS,PG-R00200,SUBMITTED,2022-12-23T11:28:00-08:00,2022-12-23T15:14:25-08:00,6740,USD,,false,CPL/SRC/events/00362
EV000363,PG,PG_CLAIMS,PG-R00201,CORRECTED,2022-12-26T11:46:00-08:00,2023-01-01T05:45:05-08:00,7716,USD,,false,CPL/SRC/events/00363
EV000364,PG,PG_CLAIMS,,PAYMENT_POSTED,2023-01-20T09:21:00-08:00,2023-01-20T15:32:44-08:00,7716,USD,,false,CPL/SRC/events/00364
EV000365,PG,PG_CLAIMS,PG-R00202,SUBMITTED,2022-08-25T14:25:00-07:00,2022-08-29T05:57:04-07:00,6844,USD,,false,CPL/SRC/events/00365
EV000366,PG,PG_CLAIMS,,PAYMENT_POSTED,2022-09-20T08:23:00-07:00,2022-09-22T16:01:23-07:00,6844,USD,,false,CPL/SRC/events/00366
EV000367,PG,PG_CLAIMS,PG-R00203,SUBMITTED,2023-03-14T08:25:00-07:00,2023-03-14T14:27:44-07:00,10863,USD,,false,CPL/SRC/events/00367
EV000368,PG,PG_CLAIMS,,PAYMENT_POSTED,2023-03-20T14:04:00-07:00,2023-03-21T20:03:43-07:00,10863,USD,,false,CPL/SRC/events/00368
EV000369,PG,PG_CLAIMS,PG-R00204,SUBMITTED,2022-09-12T08:32:00-07:00,2022-09-17T18:21:34-07:00,32805,USD,,false,CPL/SRC/events/00369
EV000370,PG,PG_CLAIMS,PG-R00205,CORRECTED,2022-09-13T08:46:00-07:00,2022-09-13T13:16:55-07:00,33142,USD,,false,CPL/SRC/events/00370
EV000371,PG,PG_CLAIMS,PG-R00204,VOID_VERSION,2022-09-13T08:46:00-07:00,2022-09-13T15:23:02-07:00,32805,USD,,false,CPL/SRC/events/00371
EV000372,PG,PG_CLAIMS,,PAYMENT_POSTED,2022-11-07T12:47:00-08:00,2022-11-10T05:17:27-08:00,33142,USD,,false,CPL/SRC/events/00372
EV000373,PG,PG_CLAIMS,PG-R00206,SUBMITTED,2022-09-12T11:45:00-07:00,2022-09-16T01:19:24-07:00,13994,USD,,false,CPL/SRC/events/00373
EV000374,PG,PG_CLAIMS,PG-R00207,SUBMITTED,2022-10-24T07:32:00-07:00,2022-10-26T12:05:07-07:00,4337,USD,,false,CPL/SRC/events/00374
EV000375,PG,PG_CLAIMS,PG-R00208,CORRECTED,2022-10-31T12:39:00-07:00,2022-10-31T17:16:30-07:00,4763,USD,,false,CPL/SRC/events/00375
EV000376,PG,PG_CLAIMS,PG-R00207,VOID_VERSION,2022-10-31T12:39:00-07:00,2022-10-31T15:44:46-07:00,4337,EUR,,false,CPL/SRC/events/00376
EV000377,PG,PG_CLAIMS,PG-R00208,CLOSED_NO_PAYMENT,2022-11-25T11:13:00-08:00,2022-11-25T12:30:31-08:00,,,,true,CPL/SRC/events/00377
EV000378,PG,PG_CLAIMS,PG-R00209,SUBMITTED,2023-08-02T11:37:00-07:00,2023-08-02T13:59:42-07:00,9013,USD,,false,CPL/SRC/events/00378
EV000379,PG,PG_CLAIMS,PG-R00210,CORRECTED,2023-08-08T12:27:00-07:00,2023-08-17T15:28:06-07:00,8808,USD,,false,CPL/SRC/events/00379
EV000380,PG,PG_CLAIMS,PG-R00209,VOID_VERSION,2023-08-08T12:27:00-07:00,2023-08-08T19:48:40-07:00,9013,USD,,false,CPL/SRC/events/00380
EV000381,PG,PG_CLAIMS,,PAYMENT_POSTED,2023-10-02T09:34:00-07:00,2023-10-04T01:52:18-07:00,8808,USD,,false,CPL/SRC/events/00381
EV000382,PG,PG_CLAIMS,PG-R00211,SUBMITTED,2023-07-28T14:44:00-07:00,2023-07-28T18:49:15-07:00,10182,USD,,false,CPL/SRC/events/00382
EV000383,PG,PG_CLAIMS,PG-R00212,SUBMITTED,2022-09-12T13:29:00-07:00,2022-09-12T17:42:23-07:00,10014,USD,,false,CPL/SRC/events/00383
EV000384,PG,PG_CLAIMS,PG-R00213,SUBMITTED,2023-04-05T14:44:00-07:00,2023-04-17T20:06:21-07:00,2500,USD,,false,CPL/SRC/events/00384
EV000385,PG,PG_CLAIMS,PG-R00214,CORRECTED,2023-04-17T14:47:00-07:00,2023-04-21T11:10:14-07:00,2128,USD,,false,CPL/SRC/events/00385
EV000386,PG,PG_CLAIMS,PG-R00213,VOID_VERSION,2023-04-17T14:47:00-07:00,2023-04-17T21:48:07-07:00,2500,USD,,false,CPL/SRC/events/00386
EV000387,PG,PG_CLAIMS,,PAYMENT_POSTED,2023-05-16T12:35:00-07:00,2023-05-19T20:25:39-07:00,2128,USD,,false,CPL/SRC/events/00387
EV000388,PG,PG_CLAIMS,PG-R00215,SUBMITTED,2023-02-23T11:06:00-08:00,2023-02-23T16:55:01-08:00,15242,USD,,false,CPL/SRC/events/00388
EV000389,PG,PG_CLAIMS,,PAYMENT_POSTED,2023-03-03T10:12:00-08:00,2023-03-06T06:32:09-08:00,15242,USD,,false,CPL/SRC/events/00389
EV000390,PG,PG_CLAIMS,PG-R00216,SUBMITTED,2023-07-18T14:50:00-07:00,2023-07-20T00:42:55-07:00,8317,USD,,false,CPL/SRC/events/00390
EV000391,PG,PG_CLAIMS,,PAYMENT_POSTED,2023-08-07T12:57:00-07:00,2023-08-18T03:29:00-07:00,8317,USD,,false,CPL/SRC/events/00391
EV000392,PG,PG_CLAIMS,PG-R00217,SUBMITTED,2023-01-16T07:19:00-08:00,2023-01-16T10:54:00-08:00,26544,USD,,false,CPL/SRC/events/00392
EV000393,PG,PG_CLAIMS,,PAYMENT_POSTED,2023-02-13T11:55:00-08:00,2023-02-25T05:07:56-08:00,26544,USD,,false,CPL/SRC/events/00393
EV000394,PG,PG_CLAIMS,PG-R00218,SUBMITTED,2023-08-09T08:41:00-07:00,2023-08-09T09:03:43-07:00,85930,USD,,false,CPL/SRC/events/00394
EV000395,PG,PG_CLAIMS,,PAYMENT_POSTED,2023-08-23T07:12:00-07:00,2023-09-05T02:23:33-07:00,85930,USD,,false,CPL/SRC/events/00395
EV000396,PG,PG_CLAIMS,PG-R00219,SUBMITTED,2023-08-17T09:07:00-07:00,2023-08-17T12:06:38-07:00,15510,USD,,false,CPL/SRC/events/00396
EV000397,PG,PG_CLAIMS,,PAYMENT_POSTED,2023-09-21T08:17:00-07:00,2023-09-21T15:53:10-07:00,15510,USD,,false,CPL/SRC/events/00397
EV000398,PG,PG_CLAIMS,PG-R00220,SUBMITTED,2022-12-14T14:41:00-08:00,2022-12-14T21:54:59-08:00,15393,USD,,false,CPL/SRC/events/00398
EV000399,PG,PG_CLAIMS,,PAYMENT_POSTED,2023-01-09T12:01:00-08:00,2023-01-11T02:21:33-08:00,15393,USD,,false,CPL/SRC/events/00399
EV000400,PG,PG_CLAIMS,PG-R00221,SUBMITTED,2023-08-14T13:10:00-07:00,2023-08-25T14:10:52-07:00,78092,USD,,false,CPL/SRC/events/00400
EV000401,PG,PG_CLAIMS,,PAYMENT_POSTED,2023-10-11T11:29:00-07:00,2023-10-12T23:04:29-07:00,78092,USD,,false,CPL/SRC/events/00401
EV000402,PG,PG_CLAIMS,PG-R00222,SUBMITTED,2023-03-13T11:56:00-07:00,2023-03-14T19:19:40-07:00,11873,USD,,false,CPL/SRC/events/00402
EV000403,PG,PG_CLAIMS,,PAYMENT_POSTED,2023-03-27T11:34:00-07:00,2023-03-27T16:48:22-07:00,11873,USD,,false,CPL/SRC/events/00403
EV000404,PG,PG_CLAIMS,PG-R00223,SUBMITTED,2023-07-13T13:05:00-07:00,2023-07-15T22:05:32-07:00,9307,USD,,false,CPL/SRC/events/00404
EV000405,PG,PG_CLAIMS,,PAYMENT_POSTED,2023-07-27T06:50:00-07:00,2023-07-27T08:33:32-07:00,9307,USD,,false,CPL/SRC/events/00405
EV000406,PG,PG_CLAIMS,PG-R00224,SUBMITTED,2023-03-06T14:45:00-08:00,2023-03-06T16:34:59-08:00,5486,USD,,false,CPL/SRC/events/00406
EV000407,PG,PG_CLAIMS,,PAYMENT_POSTED,2023-04-19T12:01:00-07:00,2023-04-19T14:15:59-07:00,5486,USD,,false,CPL/SRC/events/00407
EV000408,PG,PG_CLAIMS,PG-R00225,SUBMITTED,2023-09-11T08:16:00-07:00,2023-09-11T12:48:42-07:00,9337,USD,,false,CPL/SRC/events/00408
EV000409,PG,PG_CLAIMS,,PAYMENT_POSTED,2023-10-17T13:15:00-07:00,2023-10-17T17:49:54-07:00,9337,USD,,false,CPL/SRC/events/00409
EV000410,PG,PG_CLAIMS,PG-R00226,SUBMITTED,2023-02-10T11:52:00-08:00,2023-02-10T16:42:46-08:00,54337,USD,,false,CPL/SRC/events/00410
EV000411,PG,PG_CLAIMS,,PAYMENT_POSTED,2023-02-24T09:05:00-08:00,2023-02-24T17:02:39-08:00,54337,USD,,false,CPL/SRC/events/00411
EV000412,PG,PG_CLAIMS,PG-R00227,SUBMITTED,2023-06-26T13:35:00-07:00,2023-07-02T23:36:10-07:00,27921,USD,,false,CPL/SRC/events/00412
EV000413,PG,PG_CLAIMS,PG-R00228,SUBMITTED,2023-06-26T12:22:00-07:00,2023-06-28T19:08:41-07:00,21121,USD,,false,CPL/SRC/events/00413
EV000414,PG,PG_CLAIMS,,PAYMENT_POSTED,2023-07-03T07:09:00-07:00,2023-07-07T20:03:48-07:00,21121,USD,,false,CPL/SRC/events/00414
EV000415,PG,PG_CLAIMS,PG-R00229,SUBMITTED,2022-10-24T07:59:00-07:00,2022-10-31T06:00:28-07:00,55963,USD,,false,CPL/SRC/events/00415
EV000416,PG,PG_CLAIMS,,PAYMENT_POSTED,2022-11-02T14:56:00-07:00,2022-11-07T21:46:04-08:00,55963,USD,,false,CPL/SRC/events/00416
EV000417,PG,PG_CLAIMS,PG-R00230,SUBMITTED,2023-02-23T07:19:00-08:00,2023-02-23T11:01:49-08:00,3751,USD,,false,CPL/SRC/events/00417
EV000418,PG,PG_CLAIMS,,PAYMENT_POSTED,2023-03-20T12:31:00-07:00,2023-03-20T15:02:50-07:00,3751,USD,,false,CPL/SRC/events/00418
EV000419,PG,PG_CLAIMS,PG-R00231,SUBMITTED,2022-09-06T06:25:00-07:00,2022-09-10T12:05:22-07:00,27289,USD,,false,CPL/SRC/events/00419
EV000420,PG,PG_CLAIMS,,PAYMENT_POSTED,2022-10-12T11:01:00-07:00,2022-10-12T14:08:05-07:00,27289,USD,,false,CPL/SRC/events/00420
EV000421,PG,PG_CLAIMS,PG-R00232,SUBMITTED,2022-07-08T12:24:00-07:00,2022-07-08T15:56:02-07:00,10402,USD,,false,CPL/SRC/events/00421
EV000422,PG,PG_CLAIMS,,PAYMENT_POSTED,2022-11-15T07:39:00-08:00,2022-11-16T06:56:18-08:00,10402,USD,,false,CPL/SRC/events/00422
EV000423,PG,PG_CLAIMS,PG-R00233,SUBMITTED,2023-02-24T06:52:00-08:00,2023-02-24T07:37:28-08:00,21475,USD,,false,CPL/SRC/events/00423
EV000424,PG,PG_CLAIMS,,PAYMENT_POSTED,2023-05-18T11:00:00-07:00,2023-05-25T13:37:31-07:00,21475,USD,,false,CPL/SRC/events/00424
EV000425,PG,PG_CLAIMS,PG-R00234,SUBMITTED,2023-04-17T14:40:00-07:00,2023-04-17T17:58:25-07:00,35345,USD,,false,CPL/SRC/events/00425
EV000426,PG,PG_CLAIMS,,PAYMENT_POSTED,2023-05-03T07:12:00-07:00,2023-05-06T09:16:32-07:00,35345,USD,,false,CPL/SRC/events/00426
EV000427,PG,PG_CLAIMS,PG-R00235,SUBMITTED,2023-01-09T12:13:00-08:00,2023-01-13T01:32:57-08:00,12046,USD,,false,CPL/SRC/events/00427
EV000428,PG,PG_CLAIMS,,PAYMENT_POSTED,2023-02-13T14:57:00-08:00,2023-02-16T14:49:21-08:00,12046,USD,,false,CPL/SRC/events/00428
EV000429,PG,PG_CLAIMS,PG-R00236,SUBMITTED,2023-07-19T12:52:00-07:00,2023-07-19T17:09:15-07:00,20005,USD,,false,CPL/SRC/events/00429
EV000430,PG,PG_CLAIMS,,PAYMENT_POSTED,2023-08-28T13:56:00-07:00,2023-09-01T12:51:42-07:00,20005,USD,,false,CPL/SRC/events/00430
EV000431,PG,PG_CLAIMS,PG-R00237,SUBMITTED,2023-07-17T10:16:00-07:00,2023-07-18T12:45:47-07:00,8399,USD,,false,CPL/SRC/events/00431
EV000432,PG,PG_CLAIMS,PG-R00238,SUBMITTED,2023-09-11T06:15:00-07:00,2023-09-11T11:12:15-07:00,8137,USD,,false,CPL/SRC/events/00432
EV000433,PG,PG_CLAIMS,PG-R00239,SUBMITTED,2023-01-03T11:46:00-08:00,2023-01-03T17:07:02-08:00,8370,USD,,false,CPL/SRC/events/00433
EV000434,PG,PG_CLAIMS,PG-R00240,CORRECTED,2023-01-12T06:18:00-08:00,2023-01-14T00:56:30-08:00,10072,USD,,false,CPL/SRC/events/00434
EV000435,PG,PG_CLAIMS,PG-R00239,VOID_VERSION,2023-01-12T06:18:00-08:00,2023-01-12T09:17:51-08:00,8370,USD,,false,CPL/SRC/events/00435
EV000436,PG,PG_CLAIMS,,PAYMENT_POSTED,2023-01-17T12:58:00-08:00,2023-01-17T14:42:36-08:00,10072,USD,,false,CPL/SRC/events/00436
EV000437,PG,PG_CLAIMS,PG-R00241,SUBMITTED,2023-03-13T11:49:00-07:00,2023-03-13T17:06:24-07:00,5533,USD,,false,CPL/SRC/events/00437
EV000438,PG,PG_CLAIMS,PG-R00242,CORRECTED,2023-03-14T10:14:00-07:00,2023-03-14T12:47:02-07:00,4882,USD,,false,CPL/SRC/events/00438
EV000439,PG,PG_CLAIMS,,PAYMENT_POSTED,2023-04-19T13:31:00-07:00,2023-04-20T15:38:00-07:00,4882,USD,,false,CPL/SRC/events/00439
EV000440,PG,PG_CLAIMS,PG-R00243,SUBMITTED,2023-03-13T07:52:00-07:00,2023-03-19T14:04:20-07:00,5865,USD,,false,CPL/SRC/events/00440
EV000441,PG,PG_CLAIMS,PG-R00244,SUBMITTED,2023-06-13T07:13:00-07:00,2023-06-13T11:03:31-07:00,13939,USD,,false,CPL/SRC/events/00441
EV000442,PG,PG_CLAIMS,PG-R00245,SUBMITTED,2023-02-07T08:08:00-08:00,2023-02-07T08:32:14-08:00,16027,USD,,false,CPL/SRC/events/00442
EV000443,PG,PG_CLAIMS,,PAYMENT_POSTED,2023-04-03T13:47:00-07:00,2023-04-03T20:17:06-07:00,16027,USD,,false,CPL/SRC/events/00443
EV000444,PG,PG_CLAIMS,PG-R00246,SUBMITTED,2023-01-03T10:28:00-08:00,2023-01-15T20:44:30-08:00,43644,USD,,false,CPL/SRC/events/00444
EV000445,PG,PG_CLAIMS,,PAYMENT_POSTED,2023-01-16T07:45:00-08:00,2023-01-16T11:36:16-08:00,43644,USD,,false,CPL/SRC/events/00445
EV000446,PG,PG_CLAIMS,PG-R00247,SUBMITTED,2022-12-19T06:59:00-08:00,2022-12-19T14:37:33-08:00,9732,USD,,false,CPL/SRC/events/00446
EV000447,PG,PG_CLAIMS,,PAYMENT_POSTED,2023-03-02T14:20:00-08:00,2023-03-04T07:55:09-08:00,9732,USD,,false,CPL/SRC/events/00447
EV000448,PG,PG_CLAIMS,PG-R00248,SUBMITTED,2022-12-19T10:51:00-08:00,2022-12-19T15:09:42-08:00,21959,USD,,false,CPL/SRC/events/00448
EV000449,PG,PG_CLAIMS,PG-R00249,SUBMITTED,2023-02-23T12:13:00-08:00,2023-02-23T12:54:59-08:00,44289,USD,,false,CPL/SRC/events/00449
EV000450,PG,PG_CLAIMS,,PAYMENT_POSTED,2023-03-13T11:57:00-07:00,2023-03-13T18:41:10-07:00,44289,USD,,false,CPL/SRC/events/00450
EV000451,PG,PG_CLAIMS,PG-R00250,SUBMITTED,2023-03-13T08:41:00-07:00,2023-03-13T14:43:41-07:00,6013,USD,,false,CPL/SRC/events/00451
EV000452,PG,PG_CLAIMS,,PAYMENT_POSTED,2023-05-10T12:23:00-07:00,2023-05-10T13:48:18-07:00,6013,USD,,false,CPL/SRC/events/00452
EV000453,PG,PG_CLAIMS,PG-R00251,SUBMITTED,2023-02-10T12:40:00-08:00,2023-02-16T05:02:25-08:00,8213,USD,,false,CPL/SRC/events/00453
EV000454,PG,PG_CLAIMS,,PAYMENT_POSTED,2023-03-20T13:09:00-07:00,2023-03-20T13:53:59-07:00,8213,USD,,false,CPL/SRC/events/00454
EV000455,PG,PG_CLAIMS,PG-R00252,SUBMITTED,2023-07-17T06:20:00-07:00,2023-07-19T13:14:26-07:00,143206,USD,,false,CPL/SRC/events/00455
EV000456,PG,PG_CLAIMS,,PAYMENT_POSTED,2023-07-28T06:36:00-07:00,2023-07-28T13:22:23-07:00,143206,USD,,false,CPL/SRC/events/00456
EV000457,PG,PG_CLAIMS,PG-R00253,SUBMITTED,2023-08-29T14:57:00-07:00,2023-09-10T14:18:27-07:00,12850,USD,,false,CPL/SRC/events/00457
EV000458,PG,PG_CLAIMS,PG-R00254,CORRECTED,2023-09-04T14:27:00-07:00,2023-09-08T23:02:45-07:00,15265,USD,,false,CPL/SRC/events/00458
EV000459,PG,PG_CLAIMS,PG-R00253,VOID_VERSION,2023-09-04T14:27:00-07:00,2023-09-07T22:05:48-07:00,12850,USD,,false,CPL/SRC/events/00459
EV000460,PG,PG_CLAIMS,PG-R00255,SUBMITTED,2022-11-29T12:46:00-08:00,2022-12-05T07:54:32-08:00,5211,USD,,false,CPL/SRC/events/00460
EV000461,PG,PG_CLAIMS,,PAYMENT_POSTED,2022-12-30T11:38:00-08:00,2023-01-07T09:55:23-08:00,5211,USD,,false,CPL/SRC/events/00461
EV000462,PG,PG_CLAIMS,PG-R00256,SUBMITTED,2022-11-28T12:48:00-08:00,2022-12-08T16:17:47-08:00,11852,USD,,false,CPL/SRC/events/00462
EV000463,PG,PG_CLAIMS,PG-R00257,SUBMITTED,2022-10-24T07:29:00-07:00,2022-10-25T10:30:21-07:00,14557,USD,,false,CPL/SRC/events/00463
EV000464,PG,PG_CLAIMS,,PAYMENT_POSTED,2022-11-15T09:41:00-08:00,2022-11-15T13:33:51-08:00,14557,USD,,false,CPL/SRC/events/00464
EV000465,PG,PG_CLAIMS,PG-R00258,SUBMITTED,2022-11-17T06:31:00-08:00,2022-11-17T10:35:42-08:00,6219,USD,,false,CPL/SRC/events/00465
EV000466,PG,PG_CLAIMS,,PAYMENT_POSTED,2022-12-27T14:00:00-08:00,2022-12-27T20:12:58-08:00,6219,USD,,false,CPL/SRC/events/00466
EV000467,PG,PG_CLAIMS,PG-R00259,SUBMITTED,2022-10-28T13:52:00-07:00,2022-10-31T12:47:10-07:00,75675,USD,,false,CPL/SRC/events/00467
EV000468,PG,PG_CLAIMS,,PAYMENT_POSTED,2022-11-07T07:40:00-08:00,2022-11-08T16:48:47-08:00,75675,USD,,false,CPL/SRC/events/00468
EV000469,PG,PG_CLAIMS,PG-R00260,SUBMITTED,2023-09-13T08:01:00-07:00,2023-09-13T15:43:19-07:00,7192,USD,,false,CPL/SRC/events/00469
EV000470,PG,PG_CLAIMS,,PAYMENT_POSTED,2023-10-19T14:54:00-07:00,2023-10-27T04:47:34-07:00,7192,USD,,false,CPL/SRC/events/00470
EV000471,PG,PG_CLAIMS,PG-R00261,SUBMITTED,2022-09-21T07:45:00-07:00,2022-09-21T12:22:56-07:00,20897,USD,,false,CPL/SRC/events/00471
EV000472,PG,PG_CLAIMS,,PAYMENT_POSTED,2022-11-02T09:40:00-07:00,2022-11-02T10:38:55-07:00,20897,USD,,false,CPL/SRC/events/00472
EV000473,PG,PG_CLAIMS,PG-R00262,SUBMITTED,2023-09-07T14:09:00-07:00,2023-09-09T11:05:41-07:00,15449,USD,,false,CPL/SRC/events/00473
EV000474,PG,PG_CLAIMS,,PAYMENT_POSTED,2023-10-05T07:29:00-07:00,2023-10-08T01:18:47-07:00,15449,USD,,false,CPL/SRC/events/00474
EV000475,PG,PG_CLAIMS,PG-R00263,SUBMITTED,2023-08-02T10:42:00-07:00,2023-08-02T12:37:34-07:00,6368,USD,,false,CPL/SRC/events/00475
EV000476,PG,PG_CLAIMS,,PAYMENT_POSTED,2023-08-21T14:10:00-07:00,2023-08-28T23:32:49-07:00,6368,USD,,false,CPL/SRC/events/00476
EV000477,PG,PG_CLAIMS,PG-R00264,SUBMITTED,2022-08-05T10:20:00-07:00,2022-08-05T11:21:04-07:00,87831,USD,,false,CPL/SRC/events/00477
EV000478,PG,PG_CLAIMS,,PAYMENT_POSTED,2022-08-22T12:42:00-07:00,2022-08-22T16:48:09-07:00,87831,USD,,false,CPL/SRC/events/00478
EV000479,PG,PG_CLAIMS,PG-R00265,SUBMITTED,2023-03-06T09:46:00-08:00,2023-03-11T03:20:23-08:00,12644,USD,,false,CPL/SRC/events/00479
EV000480,PG,PG_CLAIMS,,PAYMENT_POSTED,2023-05-12T14:13:00-07:00,2023-05-12T16:22:12-07:00,12644,USD,,false,CPL/SRC/events/00480
EV000481,PG,PG_CLAIMS,PG-R00266,SUBMITTED,2022-09-01T14:04:00-07:00,2022-09-04T16:11:53-07:00,11378,USD,,false,CPL/SRC/events/00481
EV000482,PG,PG_CLAIMS,PG-R00266,CLOSED_NO_PAYMENT,2022-12-08T10:56:00-08:00,2022-12-08T16:52:01-08:00,,,,true,CPL/SRC/events/00482
EV000483,PG,PG_CLAIMS,PG-R00267,SUBMITTED,2023-03-01T12:37:00-08:00,2023-03-01T18:59:51-08:00,186146,USD,,false,CPL/SRC/events/00483
EV000484,PG,PG_CLAIMS,,PAYMENT_POSTED,2023-03-14T14:34:00-07:00,2023-03-18T19:18:47-07:00,186146,USD,,false,CPL/SRC/events/00484
EV000485,PG,PG_CLAIMS,PG-R00268,SUBMITTED,2022-10-03T09:50:00-07:00,2022-10-04T18:18:44-07:00,82084,USD,,false,CPL/SRC/events/00485
EV000486,PG,PG_CLAIMS,,PAYMENT_POSTED,2022-10-31T07:00:00-07:00,2022-11-01T10:07:53-07:00,82084,USD,,false,CPL/SRC/events/00486
EV000487,PG,PG_CLAIMS,PG-R00269,SUBMITTED,2023-04-07T09:32:00-07:00,2023-04-08T23:37:15-07:00,25132,USD,,false,CPL/SRC/events/00487
EV000488,PG,PG_CLAIMS,,PAYMENT_POSTED,2023-06-05T11:13:00-07:00,2023-06-09T20:43:46-07:00,25132,USD,,false,CPL/SRC/events/00488
EV000489,PG,PG_CLAIMS,PG-R00270,SUBMITTED,2022-08-03T13:44:00-07:00,2022-08-03T21:20:44-07:00,12848,USD,,false,CPL/SRC/events/00489
EV000490,PG,PG_CLAIMS,,PAYMENT_POSTED,2022-08-15T07:21:00-07:00,2022-08-15T09:40:48-07:00,12848,USD,,false,CPL/SRC/events/00490
EV000491,PG,PG_CLAIMS,PG-R00271,SUBMITTED,2022-08-01T06:46:00-07:00,2022-08-02T03:47:56-07:00,7114,USD,,false,CPL/SRC/events/00491
EV000492,PG,PG_CLAIMS,PG-R00272,SUBMITTED,2022-12-12T13:30:00-08:00,2022-12-12T16:02:28-08:00,9214,USD,,false,CPL/SRC/events/00492
EV000493,PG,PG_CLAIMS,,PAYMENT_POSTED,2022-12-26T08:01:00-08:00,2023-01-12T13:45:37-08:00,9214,USD,,false,CPL/SRC/events/00493
EV000494,PG,PG_CLAIMS,PG-R00272,PAYMENT_REVERSED,2023-01-09T06:07:00-08:00,2023-01-11T23:53:44-08:00,9214,USD,EV000493,false,CPL/SRC/events/00494
EV000495,PG,PG_CLAIMS,PG-R00273,SUBMITTED,2022-10-06T07:13:00-07:00,2022-10-08T07:13:55-07:00,18770,USD,,false,CPL/SRC/events/00495
EV000496,PG,PG_CLAIMS,,PAYMENT_POSTED,2022-10-24T14:32:00-07:00,2022-11-01T04:24:38-07:00,18770,USD,,false,CPL/SRC/events/00496
EV000497,PG,PG_CLAIMS,PG-R00274,SUBMITTED,2022-08-01T11:18:00-07:00,2022-08-07T13:15:36-07:00,5282,USD,,false,CPL/SRC/events/00497
EV000498,PG,PG_CLAIMS,,PAYMENT_POSTED,2022-08-31T14:10:00-07:00,2022-09-01T02:36:01-07:00,5282,USD,,false,CPL/SRC/events/00498
EV000499,PG,PG_CLAIMS,PG-R00275,SUBMITTED,2023-08-23T10:13:00-07:00,2023-08-28T08:20:01-07:00,9394,USD,,false,CPL/SRC/events/00499
EV000500,PG,PG_CLAIMS,,PAYMENT_POSTED,2023-09-11T06:04:00-07:00,2023-09-11T11:19:04-07:00,9394,USD,,false,CPL/SRC/events/00500
EV000501,PG,PG_CLAIMS,PG-R00276,SUBMITTED,2022-08-30T11:29:00-07:00,2022-09-03T10:06:28-07:00,37964,USD,,false,CPL/SRC/events/00501
EV000502,PG,PG_CLAIMS,,PAYMENT_POSTED,2022-09-06T07:24:00-07:00,2022-09-07T21:22:42-07:00,37964,USD,,false,CPL/SRC/events/00502
EV000503,PG,PG_CLAIMS,PG-R00277,SUBMITTED,2022-08-08T10:47:00-07:00,2022-08-08T12:41:26-07:00,12339,USD,,false,CPL/SRC/events/00503
EV000504,PG,PG_CLAIMS,,PAYMENT_POSTED,2022-08-22T07:54:00-07:00,2022-08-24T15:55:48-07:00,12339,USD,,false,CPL/SRC/events/00504
EV000505,PG,PG_CLAIMS,PG-R00278,SUBMITTED,2023-05-29T06:27:00-07:00,2023-06-02T03:21:02-07:00,4234,USD,,false,CPL/SRC/events/00505
EV000506,PG,PG_CLAIMS,PG-R00279,SUBMITTED,2022-12-05T09:43:00-08:00,2022-12-06T08:01:10-08:00,6042,USD,,false,CPL/SRC/events/00506
EV000507,PG,PG_CLAIMS,,PAYMENT_POSTED,2023-01-09T08:44:00-08:00,2023-01-15T21:07:40-08:00,6042,USD,,false,CPL/SRC/events/00507
EV000508,PG,PG_CLAIMS,PG-R00280,SUBMITTED,2023-07-26T10:20:00-07:00,2023-07-29T16:50:04-07:00,12426,USD,,false,CPL/SRC/events/00508
EV000509,PG,PG_CLAIMS,,PAYMENT_POSTED,2023-08-14T14:46:00-07:00,2023-08-14T17:38:53-07:00,12426,USD,,false,CPL/SRC/events/00509
EV000510,PG,PG_CLAIMS,PG-R00280,PAYMENT_REVERSED,2023-08-24T08:14:00-07:00,2023-08-24T14:14:36-07:00,3149,USD,EV000509,false,CPL/SRC/events/00510
EV000511,PG,PG_CLAIMS,PG-R00281,SUBMITTED,2023-06-01T11:37:00-07:00,2023-06-01T18:42:47-07:00,7745,USD,,false,CPL/SRC/events/00511
EV000512,PG,PG_CLAIMS,,PAYMENT_POSTED,2023-08-31T09:00:00-07:00,2023-09-01T15:04:28-07:00,7745,USD,,false,CPL/SRC/events/00512
EV000513,PG,PG_CLAIMS,PG-R00282,SUBMITTED,2023-01-04T08:57:00-08:00,2023-01-04T09:44:48-08:00,4731,USD,,false,CPL/SRC/events/00513
EV000514,PG,PG_CLAIMS,,PAYMENT_POSTED,2023-01-20T10:01:00-08:00,2023-01-23T08:08:02-08:00,4731,USD,,false,CPL/SRC/events/00514
EV000515,PG,PG_CLAIMS,PG-R00283,SUBMITTED,2023-03-29T10:18:00-07:00,2023-03-29T15:41:45-07:00,66475,USD,,false,CPL/SRC/events/00515
EV000516,PG,PG_CLAIMS,PG-R00284,SUBMITTED,2022-09-13T10:35:00-07:00,2022-09-14T00:18:58-07:00,15480,USD,,false,CPL/SRC/events/00516
EV000517,PG,PG_CLAIMS,,PAYMENT_POSTED,2022-10-04T06:14:00-07:00,2022-10-04T12:10:16-07:00,15480,USD,,false,CPL/SRC/events/00517
EV000518,PG,PG_CLAIMS,PG-R00285,SUBMITTED,2022-07-15T10:19:00-07:00,2022-07-19T09:27:23-07:00,6942,USD,,false,CPL/SRC/events/00518
EV000519,PG,PG_CLAIMS,,PAYMENT_POSTED,2022-07-19T07:38:00-07:00,2022-07-19T14:47:04-07:00,6942,USD,,false,CPL/SRC/events/00519
EV000520,PG,PG_CLAIMS,PG-R00286,SUBMITTED,2023-09-04T13:29:00-07:00,2023-09-04T17:09:00-07:00,6089,USD,,false,CPL/SRC/events/00520
EV000521,PG,PG_CLAIMS,PG-R00287,SUBMITTED,2023-08-11T12:01:00-07:00,2023-08-11T14:37:44-07:00,43552,USD,,false,CPL/SRC/events/00521
EV000522,PG,PG_CLAIMS,,PAYMENT_POSTED,2023-09-11T13:58:00-07:00,2023-09-13T22:10:11-07:00,43552,USD,,false,CPL/SRC/events/00522
EV000523,PG,PG_CLAIMS,PG-R00288,SUBMITTED,2023-09-05T14:42:00-07:00,2023-09-05T15:16:46-07:00,3034,USD,,false,CPL/SRC/events/00523
EV000524,PG,PG_CLAIMS,,PAYMENT_POSTED,2023-09-22T11:14:00-07:00,2023-09-22T14:20:10-07:00,3034,USD,,false,CPL/SRC/events/00524
EV000525,PG,PG_CLAIMS,PG-R00289,SUBMITTED,2022-12-27T11:22:00-08:00,2023-01-01T15:59:57-08:00,20104,USD,,false,CPL/SRC/events/00525
EV000526,PG,PG_CLAIMS,PG-R00290,SUBMITTED,2022-10-04T13:08:00-07:00,2022-10-19T01:34:23-07:00,3759,USD,,false,CPL/SRC/events/00526
EV000527,PG,PG_CLAIMS,,PAYMENT_POSTED,2022-11-21T10:35:00-08:00,2022-11-24T21:48:14-08:00,3759,USD,,false,CPL/SRC/events/00527
EV000528,PG,PG_CLAIMS,PG-R00291,SUBMITTED,2023-01-17T06:59:00-08:00,2023-01-19T07:58:49-08:00,49745,USD,,false,CPL/SRC/events/00528
EV000529,PG,PG_CLAIMS,,PAYMENT_POSTED,2023-02-10T07:48:00-08:00,2023-02-10T10:48:28-08:00,49745,USD,,false,CPL/SRC/events/00529
EV000530,PG,PG_CLAIMS,PG-R00292,SUBMITTED,2022-08-03T06:22:00-07:00,2022-08-07T14:22:29-07:00,8980,USD,,false,CPL/SRC/events/00530
EV000531,PG,PG_CLAIMS,PG-R00293,SUBMITTED,2023-06-19T11:59:00-07:00,2023-06-19T16:16:50-07:00,23996,USD,,false,CPL/SRC/events/00531
EV000532,PG,PG_CLAIMS,,PAYMENT_POSTED,2023-06-27T13:44:00-07:00,2023-09-09T06:47:22-07:00,23996,USD,,false,CPL/SRC/events/00532
EV000533,PG,PG_CLAIMS,PG-R00294,SUBMITTED,2022-10-25T14:00:00-07:00,2022-11-15T14:00:00-08:00,64778,USD,,false,CPL/SRC/events/00533
EV000534,PG,PG_CLAIMS,PG-R00295,CORRECTED,2022-11-03T11:00:00-07:00,2022-11-05T17:45:58-07:00,61199,USD,,false,CPL/SRC/events/00534
EV000535,PG,PG_CLAIMS,PG-R00296,SUBMITTED,2022-11-11T13:45:00-08:00,2022-11-11T19:54:30-08:00,39508,USD,,false,CPL/SRC/events/00535
EV000536,PG,PG_CLAIMS,,PAYMENT_POSTED,2023-01-09T08:28:00-08:00,2023-01-09T14:58:35-08:00,39508,USD,,false,CPL/SRC/events/00536
EV000537,PG,PG_CLAIMS,PG-R00297,SUBMITTED,2022-09-28T07:17:00-07:00,2022-09-28T11:12:12-07:00,9891,USD,,false,CPL/SRC/events/00537
EV000538,PG,PG_CLAIMS,,PAYMENT_POSTED,2022-10-26T13:36:00-07:00,2022-10-26T16:01:58-07:00,9891,USD,,false,CPL/SRC/events/00538
EV000539,PG,PG_CLAIMS,PG-R00298,SUBMITTED,2022-10-10T13:15:00-07:00,2022-10-31T13:15:00-07:00,28784,USD,,false,CPL/SRC/events/00539
EV000540,PG,PG_CLAIMS,,PAYMENT_POSTED,2022-10-19T08:55:00-07:00,2022-10-19T14:37:04-07:00,28784,USD,,false,CPL/SRC/events/00540
EV000541,PG,PG_CLAIMS,PG-R00299,SUBMITTED,2023-09-14T07:53:00-07:00,2023-09-18T22:02:48-07:00,4156,USD,,false,CPL/SRC/events/00541
EV000542,PG,PG_CLAIMS,PG-R00300,CORRECTED,2023-09-21T11:09:00-07:00,2023-09-27T09:16:18-07:00,4663,USD,,false,CPL/SRC/events/00542
EV000543,PG,PG_CLAIMS,PG-R00299,VOID_VERSION,2023-09-21T11:09:00-07:00,2023-09-29T04:34:14-07:00,4156,USD,,false,CPL/SRC/events/00543
EV000544,PG,PG_CLAIMS,PG-R00301,SUBMITTED,2022-12-26T12:07:00-08:00,2022-12-26T18:58:59-08:00,11147,USD,,false,CPL/SRC/events/00544
EV000545,PG,PG_CLAIMS,,PAYMENT_POSTED,2023-01-16T13:04:00-08:00,2023-01-17T01:17:58-08:00,11147,USD,,false,CPL/SRC/events/00545
EV000546,PG,PG_CLAIMS,PG-R00302,SUBMITTED,2023-08-14T14:12:00-07:00,2023-08-17T12:33:21-07:00,30820,USD,,false,CPL/SRC/events/00546
EV000547,PG,PG_CLAIMS,,PAYMENT_POSTED,2023-09-18T11:38:00-07:00,2023-09-18T13:48:43-07:00,30820,USD,,false,CPL/SRC/events/00547
EV000548,PG,PG_CLAIMS,PG-R00303,SUBMITTED,2023-02-10T06:30:00-08:00,2023-02-10T11:07:50-08:00,17751,USD,,false,CPL/SRC/events/00548
EV000549,PG,PG_CLAIMS,,PAYMENT_POSTED,2023-02-23T12:46:00-08:00,2023-02-28T02:30:50-08:00,17751,USD,,false,CPL/SRC/events/00549
EV000550,PG,PG_CLAIMS,PG-R00304,SUBMITTED,2022-12-08T13:30:00-08:00,2022-12-08T18:29:36-08:00,8604,USD,,false,CPL/SRC/events/00550
EV000551,PG,PG_CLAIMS,,PAYMENT_POSTED,2022-12-26T10:30:00-08:00,2022-12-26T11:17:02-08:00,8604,USD,,false,CPL/SRC/events/00551
EV000552,PG,PG_CLAIMS,PG-R00305,SUBMITTED,2022-11-08T09:47:00-08:00,2022-11-08T16:42:13-08:00,11908,USD,,false,CPL/SRC/events/00552
EV000553,PG,PG_CLAIMS,,PAYMENT_POSTED,2022-12-05T11:04:00-08:00,2022-12-09T15:07:04-08:00,11908,USD,,false,CPL/SRC/events/00553
EV000554,PG,PG_CLAIMS,PG-R00306,SUBMITTED,2023-05-22T10:12:00-07:00,2023-05-23T11:24:21-07:00,17229,USD,,false,CPL/SRC/events/00554
EV000555,PG,PG_CLAIMS,,PAYMENT_POSTED,2023-05-31T14:35:00-07:00,2023-06-03T21:29:51-07:00,17229,USD,,false,CPL/SRC/events/00555
EV000556,PG,PG_CLAIMS,PG-R00307,SUBMITTED,2022-11-28T09:48:00-08:00,2022-12-03T02:10:08-08:00,3418,USD,,false,CPL/SRC/events/00556
EV000557,PG,PG_CLAIMS,,PAYMENT_POSTED,2022-12-27T07:50:00-08:00,2022-12-29T21:24:25-08:00,3418,USD,,false,CPL/SRC/events/00557
EV000558,PG,PG_CLAIMS,PG-R00308,SUBMITTED,2022-12-07T06:26:00-08:00,2022-12-07T07:31:22-08:00,6513,USD,,false,CPL/SRC/events/00558
EV000559,PG,PG_CLAIMS,,PAYMENT_POSTED,2022-12-19T13:19:00-08:00,2023-02-22T11:08:21-08:00,6513,USD,,false,CPL/SRC/events/00559
EV000560,PG,PG_CLAIMS,PG-R00309,SUBMITTED,2022-09-26T08:29:00-07:00,2022-09-26T15:49:08-07:00,23213,USD,,false,CPL/SRC/events/00560
EV000561,PG,PG_CLAIMS,,PAYMENT_POSTED,2022-10-11T13:23:00-07:00,2022-12-04T18:30:22-08:00,23213,USD,,false,CPL/SRC/events/00561
EV000562,PG,PG_CLAIMS,PG-R00310,SUBMITTED,2022-12-26T14:07:00-08:00,2022-12-29T11:29:27-08:00,36086,USD,,false,CPL/SRC/events/00562
EV000563,PG,PG_CLAIMS,PG-R00311,CORRECTED,2023-01-04T11:40:00-08:00,2023-01-05T20:45:16-08:00,42939,USD,,false,CPL/SRC/events/00563
EV000564,PG,PG_CLAIMS,PG-R00310,VOID_VERSION,2023-01-04T11:40:00-08:00,2023-01-17T14:20:49-08:00,36086,USD,,false,CPL/SRC/events/00564
EV000565,PG,PG_CLAIMS,,PAYMENT_POSTED,2023-01-31T14:39:00-08:00,2023-01-31T20:03:08-08:00,42939,USD,,false,CPL/SRC/events/00565
EV000566,PG,PG_CLAIMS,PG-R00312,SUBMITTED,2023-04-04T12:11:00-07:00,2023-04-04T17:11:15-07:00,146078,USD,,false,CPL/SRC/events/00566
EV000567,PG,PG_CLAIMS,PG-R00313,SUBMITTED,2023-07-03T12:07:00-07:00,2023-07-03T15:24:46-07:00,26701,USD,,false,CPL/SRC/events/00567
EV000568,PG,PG_CLAIMS,,PAYMENT_POSTED,2023-08-14T07:51:00-07:00,2023-08-17T13:01:22-07:00,26701,USD,,false,CPL/SRC/events/00568
EV000569,PG,PG_CLAIMS,PG-R00314,SUBMITTED,2022-12-30T09:05:00-08:00,2022-12-30T10:56:42-08:00,23411,USD,,false,CPL/SRC/events/00569
EV000570,PG,PG_CLAIMS,,PAYMENT_POSTED,2023-01-06T12:54:00-08:00,2023-01-08T13:53:55-08:00,23411,USD,,false,CPL/SRC/events/00570
EV000571,PG,PG_CLAIMS,PG-R00315,SUBMITTED,2022-07-18T09:03:00-07:00,2022-07-24T09:14:03-07:00,44497,USD,,false,CPL/SRC/events/00571
EV000572,PG,PG_CLAIMS,,PAYMENT_POSTED,2022-08-01T07:26:00-07:00,2022-08-01T09:39:03-07:00,44497,USD,,false,CPL/SRC/events/00572
EV000573,PG,PG_CLAIMS,PG-R00316,SUBMITTED,2023-09-25T11:22:00-07:00,2023-10-03T21:07:48-07:00,25443,USD,,false,CPL/SRC/events/00573
EV000574,PG,PG_CLAIMS,,PAYMENT_POSTED,2023-10-09T07:55:00-07:00,2023-10-10T13:53:22-07:00,25443,USD,,false,CPL/SRC/events/00574
EV000575,PG,PG_CLAIMS,PG-R00317,SUBMITTED,2022-08-29T09:59:00-07:00,2022-08-29T13:03:51-07:00,20069,USD,,false,CPL/SRC/events/00575
EV000576,PG,PG_CLAIMS,PG-R00318,CORRECTED,2022-09-07T13:50:00-07:00,2022-09-07T20:33:49-07:00,19603,USD,,false,CPL/SRC/events/00576
EV000577,PG,PG_CLAIMS,PG-R00317,VOID_VERSION,2022-09-07T13:50:00-07:00,2022-09-14T11:44:25-07:00,20069,USD,,false,CPL/SRC/events/00577
EV000578,PG,PG_CLAIMS,,PAYMENT_POSTED,2022-10-21T10:56:00-07:00,2022-10-21T18:54:16-07:00,19603,USD,,false,CPL/SRC/events/00578
EV000579,PG,PG_CLAIMS,PG-R00319,SUBMITTED,2023-06-05T14:02:00-07:00,2023-06-05T14:23:51-07:00,3108,USD,,false,CPL/SRC/events/00579
EV000580,PG,PG_CLAIMS,,PAYMENT_POSTED,2023-06-27T06:35:00-07:00,2023-07-02T14:54:18-07:00,3108,USD,,false,CPL/SRC/events/00580
EV000581,PG,PG_CLAIMS,PG-R00320,SUBMITTED,2022-11-14T06:19:00-08:00,2022-11-25T09:49:15-08:00,10303,USD,,false,CPL/SRC/events/00581
EV000582,PG,PG_CLAIMS,,PAYMENT_POSTED,2022-11-24T07:34:00-08:00,2022-11-26T16:49:49-08:00,10303,USD,,false,CPL/SRC/events/00582
EV000583,PG,PG_CLAIMS,PG-R00321,SUBMITTED,2022-08-22T12:36:00-07:00,2022-08-22T14:41:20-07:00,12266,USD,,false,CPL/SRC/events/00583
EV000584,PG,PG_CLAIMS,,PAYMENT_POSTED,2022-09-05T11:42:00-07:00,2022-09-05T18:04:40-07:00,12266,USD,,false,CPL/SRC/events/00584
EV000585,PG,PG_CLAIMS,PG-R00322,SUBMITTED,2022-10-31T08:56:00-07:00,2022-10-31T16:30:00-07:00,4631,USD,,false,CPL/SRC/events/00585
EV000586,PG,PG_CLAIMS,,PAYMENT_POSTED,2022-11-11T08:02:00-08:00,2022-11-11T12:21:04-08:00,4631,USD,,false,CPL/SRC/events/00586
EV000587,PG,PG_CLAIMS,PG-R00323,SUBMITTED,2023-04-27T14:40:00-07:00,2023-05-01T23:24:18-07:00,12059,USD,,false,CPL/SRC/events/00587
EV000588,PG,PG_CLAIMS,PG-R00323,CLOSED_NO_PAYMENT,2023-06-29T08:54:00-07:00,2023-07-01T13:29:29-07:00,,,,true,CPL/SRC/events/00588
EV000589,PG,PG_CLAIMS,PG-R00324,SUBMITTED,2023-03-29T11:43:00-07:00,2023-03-31T03:16:17-07:00,9714,USD,,false,CPL/SRC/events/00589
EV000590,PG,PG_CLAIMS,,PAYMENT_POSTED,2023-04-19T14:34:00-07:00,2023-04-21T07:07:26-07:00,9714,USD,,false,CPL/SRC/events/00590
EV000591,PG,PG_CLAIMS,PG-R00325,SUBMITTED,2023-08-14T09:03:00-07:00,2023-08-14T09:38:30-07:00,17784,USD,,false,CPL/SRC/events/00591
EV000592,PG,PG_CLAIMS,,PAYMENT_POSTED,2023-10-18T11:32:00-07:00,2023-10-18T16:36:33-07:00,17784,USD,,false,CPL/SRC/events/00592
EV000593,PG,PG_CLAIMS,PG-R00326,SUBMITTED,2022-09-08T06:19:00-07:00,2022-09-08T11:33:51-07:00,11419,USD,,false,CPL/SRC/events/00593
EV000594,PG,PG_CLAIMS,,PAYMENT_POSTED,2022-09-19T10:36:00-07:00,2022-09-24T20:31:24-07:00,11419,USD,,false,CPL/SRC/events/00594
EV000595,PG,PG_CLAIMS,PG-R00327,SUBMITTED,2023-07-26T06:13:00-07:00,2023-07-29T08:44:05-07:00,5911,USD,,false,CPL/SRC/events/00595
EV000596,PG,PG_CLAIMS,,PAYMENT_POSTED,2023-07-31T08:59:00-07:00,2023-08-04T16:09:28-07:00,5911,USD,,false,CPL/SRC/events/00596
EV000597,PG,PG_CLAIMS,PG-R00328,SUBMITTED,2023-05-15T07:29:00-07:00,2023-05-15T10:31:50-07:00,7457,USD,,false,CPL/SRC/events/00597
EV000598,PG,PG_CLAIMS,,PAYMENT_POSTED,2023-05-25T10:21:00-07:00,2023-06-05T21:24:16-07:00,7457,USD,,false,CPL/SRC/events/00598
EV000599,PG,PG_CLAIMS,PG-R00329,SUBMITTED,2023-06-13T14:28:00-07:00,2023-06-13T15:24:02-07:00,27830,USD,,false,CPL/SRC/events/00599
EV000600,PG,PG_CLAIMS,,PAYMENT_POSTED,2023-06-22T12:00:00-07:00,2023-06-22T16:00:57-07:00,27830,USD,,false,CPL/SRC/events/00600
EV000601,PG,PG_CLAIMS,PG-R00330,SUBMITTED,2023-01-02T10:17:00-08:00,2023-01-10T01:32:19-08:00,4310,USD,,false,CPL/SRC/events/00601
EV000602,PG,PG_CLAIMS,,PAYMENT_POSTED,2023-03-07T10:48:00-08:00,2023-03-07T16:06:33-08:00,4310,USD,,false,CPL/SRC/events/00602
EV000603,PG,PG_CLAIMS,PG-R00331,SUBMITTED,2022-12-16T08:31:00-08:00,2022-12-20T00:17:58-08:00,94769,USD,,false,CPL/SRC/events/00603
EV000604,PG,PG_CLAIMS,,PAYMENT_POSTED,2022-12-28T13:02:00-08:00,2022-12-28T19:43:05-08:00,94769,USD,,false,CPL/SRC/events/00604
EV000605,PG,PG_CLAIMS,PG-R00332,SUBMITTED,2023-08-23T14:15:00-07:00,2023-08-27T06:53:06-07:00,19716,USD,,false,CPL/SRC/events/00605
EV000606,PG,PG_CLAIMS,,PAYMENT_POSTED,2023-09-08T12:30:00-07:00,2023-09-09T12:25:45-07:00,19716,USD,,false,CPL/SRC/events/00606
EV000607,PG,PG_CLAIMS,PG-R00333,SUBMITTED,2023-10-02T09:31:00-07:00,2023-10-02T14:07:28-07:00,25757,USD,,false,CPL/SRC/events/00607
EV000608,PG,PG_CLAIMS,PG-R00334,SUBMITTED,2023-06-19T06:04:00-07:00,2023-06-19T07:57:40-07:00,52496,USD,,false,CPL/SRC/events/00608
EV000609,PG,PG_CLAIMS,PG-R00335,CORRECTED,2023-06-26T07:18:00-07:00,2023-06-28T06:53:30-07:00,66538,USD,,false,CPL/SRC/events/00609
EV000610,PG,PG_CLAIMS,PG-R00334,VOID_VERSION,2023-06-26T07:18:00-07:00,2023-06-26T10:13:35-07:00,52496,USD,,false,CPL/SRC/events/00610
EV000611,PG,PG_CLAIMS,,PAYMENT_POSTED,2023-07-10T14:05:00-07:00,2023-07-12T17:17:21-07:00,66538,USD,,false,CPL/SRC/events/00611
EV000612,PG,PG_CLAIMS,PG-R00336,SUBMITTED,2022-07-15T10:01:00-07:00,2022-07-15T23:11:37-07:00,11159,USD,,false,CPL/SRC/events/00612
EV000613,PG,PG_CLAIMS,,PAYMENT_POSTED,2022-08-24T07:41:00-07:00,2022-08-24T10:21:44-07:00,11159,USD,,false,CPL/SRC/events/00613
EV000614,PG,PG_CLAIMS,PG-R00337,SUBMITTED,2022-12-12T07:54:00-08:00,2022-12-14T08:03:39-08:00,21961,USD,,false,CPL/SRC/events/00614
EV000615,PG,PG_CLAIMS,,PAYMENT_POSTED,2023-02-08T13:22:00-08:00,2023-02-08T18:19:05-08:00,21961,USD,,false,CPL/SRC/events/00615
EV000616,PG,PG_CLAIMS,PG-R00338,SUBMITTED,2022-10-24T10:15:00-07:00,2022-10-24T10:22:01-07:00,3347,USD,,false,CPL/SRC/events/00616
EV000617,PG,PG_CLAIMS,PG-R00339,SUBMITTED,2023-03-13T11:08:00-07:00,2023-03-13T11:25:35-07:00,3534,USD,,false,CPL/SRC/events/00617
EV000618,PG,PG_CLAIMS,,PAYMENT_POSTED,2023-03-27T13:39:00-07:00,2023-03-29T21:47:53-07:00,3534,USD,,false,CPL/SRC/events/00618
EV000619,PG,PG_CLAIMS,PG-R00340,SUBMITTED,2023-03-08T13:26:00-08:00,2023-03-08T17:29:59-08:00,7110,USD,,false,CPL/SRC/events/00619
EV000620,PG,PG_CLAIMS,PG-R00341,SUBMITTED,2023-04-07T12:57:00-07:00,2023-04-11T03:41:14-07:00,47812,USD,,false,CPL/SRC/events/00620
EV000621,PG,PG_CLAIMS,,PAYMENT_POSTED,2023-04-24T12:32:00-07:00,2023-04-24T16:40:02-07:00,47812,USD,,false,CPL/SRC/events/00621
EV000622,PG,PG_CLAIMS,PG-R00342,SUBMITTED,2023-02-08T09:01:00-08:00,2023-02-11T15:39:00-08:00,102954,USD,,false,CPL/SRC/events/00622
EV000623,PG,PG_CLAIMS,,PAYMENT_POSTED,2023-02-28T07:53:00-08:00,2023-02-28T12:38:07-08:00,102954,USD,,false,CPL/SRC/events/00623
EV000624,PG,PG_CLAIMS,PG-R00342,PAYMENT_REVERSED,2023-03-09T06:54:00-08:00,2023-03-09T11:53:32-08:00,102954,USD,EV000623,false,CPL/SRC/events/00624
EV000625,PG,PG_CLAIMS,PG-R00343,SUBMITTED,2023-05-29T06:52:00-07:00,2023-05-31T07:57:27-07:00,27695,USD,,false,CPL/SRC/events/00625
EV000626,PG,PG_CLAIMS,,PAYMENT_POSTED,2023-06-26T12:47:00-07:00,2023-06-26T18:57:32-07:00,27695,USD,,false,CPL/SRC/events/00626
EV000627,PG,PG_CLAIMS,PG-R00344,SUBMITTED,2023-09-29T09:55:00-07:00,2023-09-30T01:52:14-07:00,2507,USD,,false,CPL/SRC/events/00627
EV000628,PG,PG_CLAIMS,,PAYMENT_POSTED,2023-10-23T13:53:00-07:00,2023-10-29T07:38:02-07:00,2507,USD,,false,CPL/SRC/events/00628
EV000629,PG,PG_CLAIMS,PG-R00345,SUBMITTED,2023-07-17T14:26:00-07:00,2023-07-17T21:59:15-07:00,5184,USD,,false,CPL/SRC/events/00629
EV000630,PG,PG_CLAIMS,,PAYMENT_POSTED,2023-07-31T09:27:00-07:00,2023-08-01T04:57:30-07:00,5184,USD,,false,CPL/SRC/events/00630
EV000631,PG,PG_CLAIMS,PG-R00346,SUBMITTED,2022-11-02T12:51:00-07:00,2022-11-02T18:14:34-07:00,10556,USD,,false,CPL/SRC/events/00631
EV000632,PG,PG_CLAIMS,,PAYMENT_POSTED,2022-11-14T07:04:00-08:00,2022-11-14T09:31:44-08:00,10556,USD,,false,CPL/SRC/events/00632
EV000633,PG,PG_CLAIMS,PG-R00347,SUBMITTED,2022-10-31T09:21:00-07:00,2022-11-01T04:49:27-07:00,12801,USD,,false,CPL/SRC/events/00633
EV000634,PG,PG_CLAIMS,PG-R00348,SUBMITTED,2023-01-02T12:24:00-08:00,2023-01-02T14:30:54-08:00,62929,USD,,false,CPL/SRC/events/00634
EV000635,PG,PG_CLAIMS,,PAYMENT_POSTED,2023-01-16T06:28:00-08:00,2023-01-21T01:48:46-08:00,62929,USD,,false,CPL/SRC/events/00635
EV000636,PG,PG_CLAIMS,PG-R00349,SUBMITTED,2023-09-26T10:13:00-07:00,2023-09-29T22:18:06-07:00,37238,USD,,false,CPL/SRC/events/00636
EV000637,PG,PG_CLAIMS,PG-R00350,SUBMITTED,2022-09-06T08:35:00-07:00,2022-09-09T00:53:27-07:00,60580,USD,,false,CPL/SRC/events/00637
EV000638,PG,PG_CLAIMS,PG-R00351,SUBMITTED,2023-03-27T09:53:00-07:00,2023-03-27T10:26:56-07:00,82755,USD,,false,CPL/SRC/events/00638
EV000639,PG,PG_CLAIMS,PG-R00352,SUBMITTED,2023-05-08T09:16:00-07:00,2023-05-08T10:37:38-07:00,8317,USD,,false,CPL/SRC/events/00639
EV000640,PG,PG_CLAIMS,,PAYMENT_POSTED,2023-05-22T08:39:00-07:00,2023-05-24T16:09:57-07:00,8317,USD,,false,CPL/SRC/events/00640
EV000641,PG,PG_CLAIMS,PG-R00353,SUBMITTED,2022-10-05T07:31:00-07:00,2022-10-07T16:11:13-07:00,8136,USD,,false,CPL/SRC/events/00641
EV000642,PG,PG_CLAIMS,,PAYMENT_POSTED,2022-10-31T08:30:00-07:00,2022-11-01T08:13:14-07:00,8136,USD,,false,CPL/SRC/events/00642
EV000643,PG,PG_CLAIMS,PG-R00354,SUBMITTED,2022-11-21T09:25:00-08:00,2022-11-21T10:15:49-08:00,34475,USD,,false,CPL/SRC/events/00643
EV000644,PG,PG_CLAIMS,,PAYMENT_POSTED,2022-12-19T11:07:00-08:00,2022-12-19T14:39:22-08:00,34475,USD,,false,CPL/SRC/events/00644
EV000645,PG,PG_CLAIMS,PG-R00355,SUBMITTED,2023-06-02T08:24:00-07:00,2023-06-02T09:05:56-07:00,147244,USD,,false,CPL/SRC/events/00645
EV000646,PG,PG_CLAIMS,,PAYMENT_POSTED,2023-06-06T11:13:00-07:00,2023-06-06T17:08:28-07:00,147244,USD,,false,CPL/SRC/events/00646
EV000647,PG,PG_CLAIMS,PG-R00356,SUBMITTED,2023-03-27T06:48:00-07:00,2023-04-02T07:12:37-07:00,20332,USD,,false,CPL/SRC/events/00647
EV000648,PG,PG_CLAIMS,,PAYMENT_POSTED,2023-04-03T09:30:00-07:00,2023-04-03T16:34:59-07:00,20332,USD,,false,CPL/SRC/events/00648
EV000649,PG,PG_CLAIMS,PG-R00357,SUBMITTED,2022-07-14T13:54:00-07:00,2022-07-14T15:52:50-07:00,6868,USD,,false,CPL/SRC/events/00649
EV000650,PG,PG_CLAIMS,PG-R00358,SUBMITTED,2023-04-17T09:57:00-07:00,2023-04-17T17:35:44-07:00,2500,USD,,false,CPL/SRC/events/00650
EV000651,PG,PG_CLAIMS,,PAYMENT_POSTED,2023-05-24T11:17:00-07:00,2023-05-25T14:20:39-07:00,2500,USD,,false,CPL/SRC/events/00651
EV000652,PG,PG_CLAIMS,PG-R00359,SUBMITTED,2023-07-24T12:58:00-07:00,2023-07-24T16:49:02-07:00,10482,USD,,false,CPL/SRC/events/00652
EV000653,PG,PG_CLAIMS,PG-R00360,CORRECTED,2023-08-01T10:40:00-07:00,2023-08-03T12:48:45-07:00,12128,USD,,false,CPL/SRC/events/00653
EV000654,PG,PG_CLAIMS,,PAYMENT_POSTED,2023-09-14T13:47:00-07:00,2023-09-22T17:24:49-07:00,12128,USD,,false,CPL/SRC/events/00654
EV000655,PG,PG_CLAIMS,PG-R00361,SUBMITTED,2023-07-17T10:41:00-07:00,2023-07-17T18:01:05-07:00,4044,USD,,false,CPL/SRC/events/00655
EV000656,PG,PG_CLAIMS,,PAYMENT_POSTED,2023-10-23T13:16:00-07:00,2023-11-09T16:25:59-08:00,4044,USD,,false,CPL/SRC/events/00656
EV000657,PG,PG_CLAIMS,PG-R00362,SUBMITTED,2022-12-22T07:58:00-08:00,2022-12-23T06:07:52-08:00,2991,USD,,false,CPL/SRC/events/00657
EV000658,PG,PG_CLAIMS,,PAYMENT_POSTED,2023-01-02T07:56:00-08:00,2023-01-23T05:21:59-08:00,2991,USD,,false,CPL/SRC/events/00658
EV000659,PG,PG_CLAIMS,PG-R00363,SUBMITTED,2022-08-01T07:27:00-07:00,2022-08-01T13:08:26-07:00,13823,USD,,false,CPL/SRC/events/00659
EV000660,PG,PG_CLAIMS,,PAYMENT_POSTED,2022-08-22T12:30:00-07:00,2022-08-22T17:36:03-07:00,13823,USD,,false,CPL/SRC/events/00660
EV000661,PG,PG_CLAIMS,PG-R00364,SUBMITTED,2022-09-12T12:41:00-07:00,2022-09-12T15:56:57-07:00,3009,USD,,false,CPL/SRC/events/00661
EV000662,PG,PG_CLAIMS,,PAYMENT_POSTED,2022-10-11T13:33:00-07:00,2022-10-19T22:41:21-07:00,3009,USD,,false,CPL/SRC/events/00662
EV000663,PG,PG_CLAIMS,PG-R00365,SUBMITTED,2023-06-26T14:29:00-07:00,2023-06-26T17:50:24-07:00,74532,USD,,false,CPL/SRC/events/00663
EV000664,PG,PG_CLAIMS,,PAYMENT_POSTED,2023-07-03T14:40:00-07:00,2023-07-03T19:08:06-07:00,74532,USD,,false,CPL/SRC/events/00664
EV000665,PG,PG_CLAIMS,PG-R00365,PAYMENT_REVERSED,2023-07-07T11:41:00-07:00,2023-07-07T12:20:30-07:00,45671,USD,EV000664,false,CPL/SRC/events/00665
EV000666,PG,PG_CLAIMS,PG-R00366,SUBMITTED,2023-08-22T13:15:00-07:00,2023-08-23T04:13:17-07:00,2790,USD,,false,CPL/SRC/events/00666
EV000667,PG,PG_CLAIMS,,PAYMENT_POSTED,2023-09-12T10:25:00-07:00,2023-09-12T16:39:21-07:00,2790,USD,,false,CPL/SRC/events/00667
EV000668,PG,PG_CLAIMS,PG-R00367,SUBMITTED,2023-02-27T06:19:00-08:00,2023-02-27T11:29:54-08:00,2500,USD,,false,CPL/SRC/events/00668
EV000669,PG,PG_CLAIMS,,PAYMENT_POSTED,2023-03-10T14:53:00-08:00,2023-03-11T08:31:27-08:00,2500,USD,,false,CPL/SRC/events/00669
EV000670,PG,PG_CLAIMS,PG-R00368,SUBMITTED,2023-08-24T10:23:00-07:00,2023-08-27T02:33:22-07:00,30375,USD,,false,CPL/SRC/events/00670
EV000671,PG,PG_CLAIMS,,PAYMENT_POSTED,2023-08-28T14:13:00-07:00,2023-08-28T14:58:55-07:00,30375,USD,,false,CPL/SRC/events/00671
EV000672,PG,PG_CLAIMS,PG-R00369,SUBMITTED,2023-03-07T09:59:00-08:00,2023-03-08T11:05:24-08:00,135106,USD,,false,CPL/SRC/events/00672
EV000673,PG,PG_CLAIMS,PG-R00370,CORRECTED,2023-03-13T12:20:00-07:00,2023-03-19T07:55:44-07:00,158826,USD,,false,CPL/SRC/events/00673
EV000674,PG,PG_CLAIMS,PG-R00370,CLOSED_NO_PAYMENT,2023-06-05T09:24:00-07:00,2023-06-07T01:28:55-07:00,,,,true,CPL/SRC/events/00674
EV000675,PG,PG_CLAIMS,PG-R00371,SUBMITTED,2022-10-19T11:37:00-07:00,2022-10-21T10:25:32-07:00,12085,USD,,false,CPL/SRC/events/00675
EV000676,PG,PG_CLAIMS,,PAYMENT_POSTED,2022-11-08T11:25:00-08:00,2022-11-08T17:00:00-08:00,12085,USD,,false,CPL/SRC/events/00676
EV000677,PG,PG_CLAIMS,PG-R00372,SUBMITTED,2023-01-18T09:49:00-08:00,2023-01-20T07:22:57-08:00,12487,USD,,false,CPL/SRC/events/00677
EV000678,PG,PG_CLAIMS,PG-R00373,SUBMITTED,2023-05-29T06:02:00-07:00,2023-05-29T08:19:49-07:00,8625,USD,,false,CPL/SRC/events/00678
EV000679,PG,PG_CLAIMS,,PAYMENT_POSTED,2023-07-12T08:34:00-07:00,2023-07-14T14:12:22-07:00,8625,USD,,false,CPL/SRC/events/00679
EV000680,PG,PG_CLAIMS,PG-R00374,SUBMITTED,2022-12-26T07:14:00-08:00,2023-01-03T00:33:52-08:00,15971,USD,,false,CPL/SRC/events/00680
EV000681,PG,PG_CLAIMS,,PAYMENT_POSTED,2023-01-09T07:26:00-08:00,2023-01-09T07:38:11-08:00,15971,USD,,false,CPL/SRC/events/00681
EV000682,PG,PG_CLAIMS,PG-R00375,SUBMITTED,2022-12-26T11:14:00-08:00,2022-12-28T09:22:01-08:00,7433,USD,,false,CPL/SRC/events/00682
EV000683,PG,PG_CLAIMS,PG-R00376,SUBMITTED,2023-03-13T10:28:00-07:00,2023-03-13T18:15:19-07:00,17364,USD,,false,CPL/SRC/events/00683
EV000684,PG,PG_CLAIMS,,PAYMENT_POSTED,2023-03-20T14:44:00-07:00,2023-03-25T00:57:47-07:00,17364,USD,,false,CPL/SRC/events/00684
EV000685,PG,PG_CLAIMS,PG-R00377,SUBMITTED,2023-06-12T09:05:00-07:00,2023-06-12T12:48:40-07:00,12726,USD,,false,CPL/SRC/events/00685
EV000686,PG,PG_CLAIMS,,PAYMENT_POSTED,2023-06-26T06:48:00-07:00,2023-06-28T16:37:53-07:00,12726,USD,,false,CPL/SRC/events/00686
EV000687,PG,PG_CLAIMS,PG-R00378,SUBMITTED,2022-08-17T12:06:00-07:00,2022-08-17T16:32:03-07:00,7890,USD,,false,CPL/SRC/events/00687
EV000688,PG,PG_CLAIMS,PG-R00379,SUBMITTED,2022-12-07T10:36:00-08:00,2022-12-07T11:29:58-08:00,98158,USD,,false,CPL/SRC/events/00688
EV000689,PG,PG_CLAIMS,PG-R00379,CLOSED_NO_PAYMENT,2023-01-19T10:58:00-08:00,2023-01-19T18:46:42-08:00,,,,true,CPL/SRC/events/00689
EV000690,PG,PG_CLAIMS,PG-R00380,SUBMITTED,2022-12-30T11:37:00-08:00,2023-01-01T15:16:20-08:00,61814,USD,,false,CPL/SRC/events/00690
EV000691,PG,PG_CLAIMS,,PAYMENT_POSTED,2023-01-18T06:06:00-08:00,2023-01-18T12:28:18-08:00,61814,USD,,false,CPL/SRC/events/00691
EV000692,PG,PG_CLAIMS,PG-R00381,SUBMITTED,2022-08-02T11:55:00-07:00,2022-08-04T10:01:48-07:00,169915,USD,,false,CPL/SRC/events/00692
EV000693,PG,PG_CLAIMS,,PAYMENT_POSTED,2022-08-22T14:46:00-07:00,2022-08-22T22:44:59-07:00,169915,USD,,false,CPL/SRC/events/00693
EV000694,PG,PG_CLAIMS,PG-R00382,SUBMITTED,2022-12-19T07:32:00-08:00,2022-12-21T16:39:16-08:00,12919,USD,,false,CPL/SRC/events/00694
EV000695,PG,PG_CLAIMS,PG-R00383,SUBMITTED,2022-07-01T11:06:00-07:00,2022-07-05T20:07:41-07:00,6568,USD,,false,CPL/SRC/events/00695
EV000696,PG,PG_CLAIMS,,PAYMENT_POSTED,2022-08-08T06:44:00-07:00,2022-08-09T23:34:30-07:00,6568,USD,,false,CPL/SRC/events/00696
EV000697,PG,PG_CLAIMS,PG-R00384,SUBMITTED,2023-05-18T10:22:00-07:00,2023-05-18T11:30:47-07:00,15026,USD,,false,CPL/SRC/events/00697
EV000698,PG,PG_CLAIMS,,PAYMENT_POSTED,2023-05-26T10:01:00-07:00,2023-05-29T13:40:45-07:00,15026,USD,,false,CPL/SRC/events/00698
EV000699,PG,PG_CLAIMS,PG-R00385,SUBMITTED,2023-02-27T06:27:00-08:00,2023-03-08T05:28:19-08:00,15021,USD,,false,CPL/SRC/events/00699
EV000700,PG,PG_CLAIMS,,PAYMENT_POSTED,2023-05-04T09:33:00-07:00,2023-05-04T15:51:14-07:00,15021,USD,,false,CPL/SRC/events/00700
EV000701,PG,PG_CLAIMS,PG-R00386,SUBMITTED,2023-01-30T07:59:00-08:00,2023-01-31T06:25:22-08:00,8265,USD,,false,CPL/SRC/events/00701
EV000702,PG,PG_CLAIMS,,PAYMENT_POSTED,2023-02-06T13:02:00-08:00,2023-02-06T15:43:58-08:00,8265,USD,,false,CPL/SRC/events/00702
EV000703,PG,PG_CLAIMS,PG-R00386,PAYMENT_REVERSED,2023-02-20T08:59:00-08:00,2023-02-20T11:50:31-08:00,1819,USD,EV000702,false,CPL/SRC/events/00703
EV000704,PG,PG_CLAIMS,PG-R00387,SUBMITTED,2023-07-10T12:30:00-07:00,2023-07-10T16:26:06-07:00,10337,USD,,false,CPL/SRC/events/00704
EV000705,PG,PG_CLAIMS,,PAYMENT_POSTED,2023-08-09T07:40:00-07:00,2023-08-12T03:47:25-07:00,10337,USD,,false,CPL/SRC/events/00705
EV000706,PG,PG_CLAIMS,PG-R00388,SUBMITTED,2023-07-10T06:44:00-07:00,2023-07-10T14:21:59-07:00,10131,USD,,false,CPL/SRC/events/00706
EV000707,PG,PG_CLAIMS,PG-R00389,SUBMITTED,2023-02-10T12:07:00-08:00,2023-02-22T21:59:06-08:00,36381,USD,,false,CPL/SRC/events/00707
EV000708,PG,PG_CLAIMS,,PAYMENT_POSTED,2023-02-27T12:07:00-08:00,2023-04-09T14:08:53-07:00,36381,USD,,false,CPL/SRC/events/00708
EV000709,PG,PG_CLAIMS,PG-R00390,SUBMITTED,2023-02-08T14:55:00-08:00,2023-02-08T20:17:20-08:00,7348,USD,,false,CPL/SRC/events/00709
EV000710,PG,PG_CLAIMS,PG-R00391,SUBMITTED,2023-05-10T12:08:00-07:00,2023-05-10T14:52:52-07:00,6845,USD,,false,CPL/SRC/events/00710
EV000711,PG,PG_CLAIMS,,PAYMENT_POSTED,2023-05-16T08:10:00-07:00,2023-05-28T20:59:06-07:00,6845,USD,,false,CPL/SRC/events/00711
EV000712,PG,PG_CLAIMS,PG-R00392,SUBMITTED,2023-07-06T07:39:00-07:00,2023-08-28T23:01:33-07:00,8230,USD,,false,CPL/SRC/events/00712
EV000713,PG,PG_CLAIMS,PG-R00393,CORRECTED,2023-07-17T13:29:00-07:00,2023-07-20T03:37:47-07:00,8539,USD,,false,CPL/SRC/events/00713
EV000714,PG,PG_CLAIMS,PG-R00392,VOID_VERSION,2023-07-17T13:29:00-07:00,2023-07-19T08:00:49-07:00,8230,USD,,false,CPL/SRC/events/00714
EV000715,PG,PG_CLAIMS,,PAYMENT_POSTED,2023-08-11T06:16:00-07:00,2023-08-11T18:25:16-07:00,8539,USD,,false,CPL/SRC/events/00715
EV000716,PG,PG_CLAIMS,PG-R00394,SUBMITTED,2022-12-19T11:02:00-08:00,2022-12-21T09:54:46-08:00,15726,USD,,false,CPL/SRC/events/00716
EV000717,PG,PG_CLAIMS,,PAYMENT_POSTED,2023-01-02T13:39:00-08:00,2023-01-04T13:44:53-08:00,15726,USD,,false,CPL/SRC/events/00717
EV000718,PG,PG_CLAIMS,PG-R00395,SUBMITTED,2022-08-04T11:14:00-07:00,2022-08-04T16:28:02-07:00,21915,USD,,false,CPL/SRC/events/00718
EV000719,PG,PG_CLAIMS,,PAYMENT_POSTED,2022-09-26T06:13:00-07:00,2022-09-26T12:41:04-07:00,21915,USD,,false,CPL/SRC/events/00719
EV000720,PG,PG_CLAIMS,PG-R00396,SUBMITTED,2022-07-28T10:05:00-07:00,2022-07-28T10:36:46-07:00,7777,USD,,false,CPL/SRC/events/00720
EV000721,PG,PG_CLAIMS,,PAYMENT_POSTED,2022-08-04T12:39:00-07:00,2022-08-04T13:19:07-07:00,7777,USD,,false,CPL/SRC/events/00721
EV000722,PG,PG_CLAIMS,PG-R00397,SUBMITTED,2022-09-08T10:06:00-07:00,2022-09-08T15:44:35-07:00,14314,USD,,false,CPL/SRC/events/00722
EV000723,PG,PG_CLAIMS,PG-R00398,SUBMITTED,2022-07-26T07:13:00-07:00,2022-08-10T19:00:21-07:00,16001,USD,,false,CPL/SRC/events/00723
EV000724,PG,PG_CLAIMS,,PAYMENT_POSTED,2022-10-26T11:43:00-07:00,2022-10-26T15:25:12-07:00,16001,USD,,false,CPL/SRC/events/00724
EV000725,PG,PG_CLAIMS,PG-R00399,SUBMITTED,2023-06-12T08:20:00-07:00,2023-06-16T04:19:03-07:00,11529,USD,,false,CPL/SRC/events/00725
EV000726,PG,PG_CLAIMS,,PAYMENT_POSTED,2023-08-30T06:03:00-07:00,2023-09-03T13:32:50-07:00,11529,USD,,false,CPL/SRC/events/00726
EV000727,PG,PG_CLAIMS,PG-R00400,SUBMITTED,2023-08-31T09:55:00-07:00,2023-09-05T22:44:31-07:00,6519,USD,,false,CPL/SRC/events/00727
EV000728,PG,PG_CLAIMS,PG-R00401,CORRECTED,2023-09-06T11:00:00-07:00,2023-09-06T16:53:18-07:00,6557,USD,,false,CPL/SRC/events/00728
EV000729,PG,PG_CLAIMS,PG-R00400,VOID_VERSION,2023-09-06T11:00:00-07:00,2023-09-07T11:59:34-07:00,6519,USD,,false,CPL/SRC/events/00729
EV000730,PG,PG_CLAIMS,,PAYMENT_POSTED,2023-09-26T09:32:00-07:00,2023-09-28T23:32:41-07:00,6557,USD,,false,CPL/SRC/events/00730
EV000731,PG,PG_CLAIMS,PG-R00402,SUBMITTED,2023-03-15T07:58:00-07:00,2023-03-17T12:33:37-07:00,3937,USD,,false,CPL/SRC/events/00731
EV000732,PG,PG_CLAIMS,PG-R00403,SUBMITTED,2022-07-13T07:52:00-07:00,2022-07-13T12:17:32-07:00,11359,USD,,false,CPL/SRC/events/00732
EV000733,PG,PG_CLAIMS,,PAYMENT_POSTED,2022-09-02T10:55:00-07:00,2022-09-02T16:36:44-07:00,11359,USD,,false,CPL/SRC/events/00733
EV000734,PG,PG_CLAIMS,PG-R00404,SUBMITTED,2022-07-07T11:29:00-07:00,2022-07-07T16:28:39-07:00,12138,USD,,false,CPL/SRC/events/00734
EV000735,PG,PG_CLAIMS,,PAYMENT_POSTED,2022-08-22T11:31:00-07:00,2022-08-22T19:23:55-07:00,12138,USD,,false,CPL/SRC/events/00735
EV000736,PG,PG_CLAIMS,PG-R00405,SUBMITTED,2023-01-12T08:08:00-08:00,2023-01-12T14:08:56-08:00,8281,USD,,false,CPL/SRC/events/00736
EV000737,PG,PG_CLAIMS,,PAYMENT_POSTED,2023-01-23T13:52:00-08:00,2023-01-26T14:22:56-08:00,8281,USD,,false,CPL/SRC/events/00737
EV000738,PG,PG_CLAIMS,PG-R00406,SUBMITTED,2022-09-26T09:40:00-07:00,2022-09-27T09:19:38-07:00,6169,USD,,false,CPL/SRC/events/00738
EV000739,PG,PG_CLAIMS,,PAYMENT_POSTED,2022-10-14T10:11:00-07:00,2022-10-14T16:04:29-07:00,6169,USD,,false,CPL/SRC/events/00739
EV000740,PG,PG_CLAIMS,PG-R00407,SUBMITTED,2022-12-12T13:15:00-08:00,2022-12-13T19:43:31-08:00,22050,USD,,false,CPL/SRC/events/00740
EV000741,PG,PG_CLAIMS,,PAYMENT_POSTED,2022-12-22T07:33:00-08:00,2023-01-01T01:13:24-08:00,22050,USD,,false,CPL/SRC/events/00741
EV000742,PG,PG_CLAIMS,PG-R00408,SUBMITTED,2023-03-08T08:59:00-08:00,2023-03-13T04:29:41-07:00,8626,USD,,false,CPL/SRC/events/00742
EV000743,PG,PG_CLAIMS,PG-R00409,SUBMITTED,2023-01-02T10:31:00-08:00,2023-01-21T21:04:00-08:00,4210,USD,,false,CPL/SRC/events/00743
EV000744,PG,PG_CLAIMS,PG-R00409,CLOSED_NO_PAYMENT,2023-04-12T13:54:00-07:00,2023-04-12T23:19:11-07:00,,,,true,CPL/SRC/events/00744
EV000745,PG,PG_CLAIMS,PG-R00410,SUBMITTED,2022-08-01T10:10:00-07:00,2022-08-01T16:03:15-07:00,47691,USD,,false,CPL/SRC/events/00745
EV000746,PG,PG_CLAIMS,,PAYMENT_POSTED,2022-08-29T07:03:00-07:00,2022-08-31T18:23:40-07:00,47691,USD,,false,CPL/SRC/events/00746
EV000747,PG,PG_CLAIMS,PG-R00411,SUBMITTED,2023-04-10T12:16:00-07:00,2023-04-11T06:04:43-07:00,14479,USD,,false,CPL/SRC/events/00747
EV000748,PG,PG_CLAIMS,PG-R00412,CORRECTED,2023-04-21T09:41:00-07:00,2023-04-21T16:45:01-07:00,12953,USD,,false,CPL/SRC/events/00748
EV000749,PG,PG_CLAIMS,,PAYMENT_POSTED,2023-04-21T14:32:00-07:00,2023-04-24T14:43:37-07:00,12953,USD,,false,CPL/SRC/events/00749
EV000750,PG,PG_CLAIMS,PG-R00413,SUBMITTED,2023-06-02T09:34:00-07:00,2023-06-02T11:16:37-07:00,12507,USD,,false,CPL/SRC/events/00750
EV000751,PG,PG_CLAIMS,,PAYMENT_POSTED,2023-07-12T07:59:00-07:00,2023-07-12T10:30:48-07:00,12507,USD,,false,CPL/SRC/events/00751
EV000752,PG,PG_CLAIMS,PG-R00414,SUBMITTED,2022-11-15T11:55:00-08:00,2022-11-15T15:11:06-08:00,8067,USD,,false,CPL/SRC/events/00752
EV000753,PG,PG_CLAIMS,,PAYMENT_POSTED,2022-11-28T09:36:00-08:00,2022-12-06T07:00:56-08:00,8067,USD,,false,CPL/SRC/events/00753
EV000754,PG,PG_CLAIMS,PG-R00415,SUBMITTED,2023-09-11T11:55:00-07:00,2023-09-13T21:46:43-07:00,2979,USD,,false,CPL/SRC/events/00754
EV000755,PG,PG_CLAIMS,PG-R00416,CORRECTED,2023-09-18T08:54:00-07:00,2023-09-21T03:35:55-07:00,3787,USD,,false,CPL/SRC/events/00755
EV000756,PG,PG_CLAIMS,,PAYMENT_POSTED,2023-09-28T14:05:00-07:00,2023-09-28T21:00:48-07:00,3787,USD,,false,CPL/SRC/events/00756
EV000757,PG,PG_CLAIMS,PG-R00417,SUBMITTED,2023-08-28T12:44:00-07:00,2023-09-18T12:44:00-07:00,9200,USD,,false,CPL/SRC/events/00757
EV000758,PG,PG_CLAIMS,PG-R00418,SUBMITTED,2022-12-26T12:51:00-08:00,2022-12-27T14:08:19-08:00,2500,USD,,false,CPL/SRC/events/00758
EV000759,PG,PG_CLAIMS,PG-R00419,CORRECTED,2022-12-28T07:16:00-08:00,2022-12-28T11:51:10-08:00,2299,USD,,false,CPL/SRC/events/00759
EV000760,PG,PG_CLAIMS,PG-R00418,VOID_VERSION,2022-12-28T07:16:00-08:00,2022-12-29T15:42:15-08:00,2500,USD,,false,CPL/SRC/events/00760
EV000761,PG,PG_CLAIMS,PG-R00420,SUBMITTED,2023-06-12T11:01:00-07:00,2023-06-12T14:31:20-07:00,17881,USD,,false,CPL/SRC/events/00761
EV000762,PG,PG_CLAIMS,,PAYMENT_POSTED,2023-06-22T11:16:00-07:00,2023-06-22T11:28:14-07:00,17881,USD,,false,CPL/SRC/events/00762
EV000763,PG,PG_CLAIMS,PG-R00421,SUBMITTED,2023-06-12T08:42:00-07:00,2023-06-12T13:34:56-07:00,8114,USD,,false,CPL/SRC/events/00763
EV000764,PG,PG_CLAIMS,,PAYMENT_POSTED,2023-06-26T12:23:00-07:00,2023-06-26T16:02:49-07:00,8114,USD,,false,CPL/SRC/events/00764
EV000765,PG,PG_CLAIMS,PG-R00422,SUBMITTED,2023-03-13T11:37:00-07:00,2023-03-17T02:43:09-07:00,52827,USD,,false,CPL/SRC/events/00765
EV000766,PG,PG_CLAIMS,,PAYMENT_POSTED,2023-03-27T11:13:00-07:00,2023-03-29T07:59:59-07:00,52827,USD,,false,CPL/SRC/events/00766
EV000767,PG,PG_CLAIMS,PG-R00423,SUBMITTED,2022-12-28T14:23:00-08:00,2022-12-28T16:29:34-08:00,2856,USD,,false,CPL/SRC/events/00767
EV000768,PG,PG_CLAIMS,,PAYMENT_POSTED,2023-01-16T08:03:00-08:00,2023-01-16T10:23:29-08:00,2856,USD,,false,CPL/SRC/events/00768
EV000769,PG,PG_CLAIMS,PG-R00424,SUBMITTED,2023-03-20T06:03:00-07:00,2023-03-20T13:44:08-07:00,9230,USD,,false,CPL/SRC/events/00769
EV000770,PG,PG_CLAIMS,PG-R00425,CORRECTED,2023-03-21T11:05:00-07:00,2023-03-22T02:41:54-07:00,7851,USD,,false,CPL/SRC/events/00770
EV000771,PG,PG_CLAIMS,PG-R00424,VOID_VERSION,2023-03-21T11:05:00-07:00,2023-03-21T21:17:35-07:00,9230,USD,,false,CPL/SRC/events/00771
EV000772,PG,PG_CLAIMS,,PAYMENT_POSTED,2023-05-02T07:46:00-07:00,2023-05-10T12:15:06-07:00,7851,USD,,false,CPL/SRC/events/00772
EV000773,PG,PG_CLAIMS,PG-R00426,SUBMITTED,2022-12-07T10:42:00-08:00,2022-12-07T12:55:03-08:00,31961,USD,,false,CPL/SRC/events/00773
EV000774,PG,PG_CLAIMS,,PAYMENT_POSTED,2022-12-26T12:15:00-08:00,2022-12-29T18:12:55-08:00,31961,USD,,false,CPL/SRC/events/00774
EV000775,PG,PG_CLAIMS,PG-R00427,SUBMITTED,2022-12-02T09:26:00-08:00,2022-12-02T10:03:10-08:00,155054,USD,,false,CPL/SRC/events/00775
EV000776,PG,PG_CLAIMS,,PAYMENT_POSTED,2022-12-19T10:10:00-08:00,2022-12-19T17:16:57-08:00,155054,USD,,false,CPL/SRC/events/00776
EV000777,PG,PG_CLAIMS,PG-R00428,SUBMITTED,2022-10-19T13:32:00-07:00,2022-10-19T13:50:28-07:00,11087,USD,,false,CPL/SRC/events/00777
EV000778,PG,PG_CLAIMS,,PAYMENT_POSTED,2022-10-31T09:02:00-07:00,2022-11-06T03:21:31-08:00,11087,USD,,false,CPL/SRC/events/00778
EV000779,PG,PG_CLAIMS,PG-R00429,SUBMITTED,2023-04-04T09:16:00-07:00,2023-04-04T16:30:39-07:00,11522,USD,,false,CPL/SRC/events/00779
EV000780,PG,PG_CLAIMS,,PAYMENT_POSTED,2023-04-13T06:23:00-07:00,2023-04-19T18:14:30-07:00,11522,USD,,false,CPL/SRC/events/00780
EV000781,PG,PG_CLAIMS,PG-R00430,SUBMITTED,2023-03-16T06:00:00-07:00,2023-03-16T08:29:53-07:00,6816,USD,,false,CPL/SRC/events/00781
EV000782,PG,PG_CLAIMS,,PAYMENT_POSTED,2023-04-11T08:23:00-07:00,2023-04-12T19:17:56-07:00,6816,USD,,false,CPL/SRC/events/00782
EV000783,PG,PG_CLAIMS,PG-R00431,SUBMITTED,2023-01-02T13:07:00-08:00,2023-01-09T13:27:30-08:00,9388,USD,,false,CPL/SRC/events/00783
EV000784,PG,PG_CLAIMS,,PAYMENT_POSTED,2023-01-10T14:01:00-08:00,2023-01-24T06:45:22-08:00,9388,USD,,false,CPL/SRC/events/00784
EV000785,PG,PG_CLAIMS,PG-R00432,SUBMITTED,2023-09-19T11:18:00-07:00,2023-09-19T15:25:49-07:00,71584,USD,,false,CPL/SRC/events/00785
EV000786,PG,PG_CLAIMS,,PAYMENT_POSTED,2023-10-23T11:02:00-07:00,2023-10-24T07:12:00-07:00,71584,USD,,false,CPL/SRC/events/00786
EV000787,PG,PG_CLAIMS,PG-R00433,SUBMITTED,2023-03-24T07:49:00-07:00,2023-03-24T12:16:08-07:00,25452,USD,,false,CPL/SRC/events/00787
EV000788,PG,PG_CLAIMS,,PAYMENT_POSTED,2023-04-12T10:20:00-07:00,2023-04-12T17:13:11-07:00,25452,USD,,false,CPL/SRC/events/00788
EV000789,PG,PG_CLAIMS,PG-R00434,SUBMITTED,2022-10-17T13:26:00-07:00,2022-10-19T19:14:15-07:00,8957,USD,,false,CPL/SRC/events/00789
EV000790,PG,PG_CLAIMS,,PAYMENT_POSTED,2022-11-07T06:11:00-08:00,2022-11-12T11:49:47-08:00,8957,USD,,false,CPL/SRC/events/00790
EV000791,PG,PG_CLAIMS,PG-R00435,SUBMITTED,2023-03-20T12:15:00-07:00,2023-03-20T13:12:24-07:00,5119,USD,,false,CPL/SRC/events/00791
EV000792,PG,PG_CLAIMS,,PAYMENT_POSTED,2023-04-17T12:51:00-07:00,2023-04-18T14:44:41-07:00,5119,USD,,false,CPL/SRC/events/00792
EV000793,PG,PG_CLAIMS,PG-R00436,SUBMITTED,2023-07-28T12:45:00-07:00,2023-08-02T00:49:07-07:00,8158,USD,,false,CPL/SRC/events/00793
EV000794,PG,PG_CLAIMS,,PAYMENT_POSTED,2023-08-16T08:33:00-07:00,2023-08-20T14:07:35-07:00,8158,USD,,false,CPL/SRC/events/00794
EV000795,PG,PG_CLAIMS,PG-R00437,SUBMITTED,2023-07-13T07:15:00-07:00,2023-07-15T19:24:17-07:00,16448,USD,,false,CPL/SRC/events/00795
EV000796,PG,PG_CLAIMS,,PAYMENT_POSTED,2023-07-27T07:42:00-07:00,2023-07-27T15:01:36-07:00,16448,USD,,false,CPL/SRC/events/00796
EV000797,PG,PG_CLAIMS,PG-R00438,SUBMITTED,2022-07-11T10:41:00-07:00,2022-08-01T10:41:00-07:00,59200,USD,,false,CPL/SRC/events/00797
EV000798,PG,PG_CLAIMS,,PAYMENT_POSTED,2022-07-18T08:54:00-07:00,2022-07-22T06:25:49-07:00,59200,USD,,false,CPL/SRC/events/00798
EV000799,PG,PG_CLAIMS,PG-R00438,PAYMENT_REVERSED,2022-08-01T12:34:00-07:00,2022-08-01T18:03:06-07:00,59200,USD,EV000798,false,CPL/SRC/events/00799
EV000800,PG,PG_CLAIMS,PG-R00439,SUBMITTED,2023-04-25T11:45:00-07:00,2023-04-25T13:08:47-07:00,18252,USD,,false,CPL/SRC/events/00800
EV000801,PG,PG_CLAIMS,,PAYMENT_POSTED,2023-06-01T11:51:00-07:00,2023-06-05T03:32:29-07:00,18252,USD,,false,CPL/SRC/events/00801
EV000802,PG,PG_CLAIMS,PG-R00440,SUBMITTED,2022-09-12T07:07:00-07:00,2022-09-12T08:56:14-07:00,41780,USD,,false,CPL/SRC/events/00802
EV000803,PG,PG_CLAIMS,,PAYMENT_POSTED,2022-09-20T10:45:00-07:00,2022-09-22T14:15:43-07:00,41780,USD,,false,CPL/SRC/events/00803
EV000804,PG,PG_CLAIMS,PG-R00441,SUBMITTED,2023-08-21T09:58:00-07:00,2023-08-21T15:46:18-07:00,22729,USD,,false,CPL/SRC/events/00804
EV000805,PG,PG_CLAIMS,PG-R00442,CORRECTED,2023-08-24T12:48:00-07:00,2023-08-27T20:08:14-07:00,25948,USD,,false,CPL/SRC/events/00805
EV000806,PG,PG_CLAIMS,,PAYMENT_POSTED,2023-09-11T13:58:00-07:00,2023-09-11T15:33:19-07:00,25948,USD,,false,CPL/SRC/events/00806
EV000807,PG,PG_CLAIMS,PG-R00443,SUBMITTED,2022-09-01T11:28:00-07:00,2022-09-02T03:19:07-07:00,17128,USD,,false,CPL/SRC/events/00807
EV000808,PG,PG_CLAIMS,,PAYMENT_POSTED,2022-10-04T08:43:00-07:00,2022-10-04T11:49:05-07:00,17128,USD,,false,CPL/SRC/events/00808
EV000809,PG,PG_CLAIMS,PG-R00444,SUBMITTED,2023-05-02T13:27:00-07:00,2023-05-04T20:47:13-07:00,9815,USD,,false,CPL/SRC/events/00809
EV000810,PG,PG_CLAIMS,,PAYMENT_POSTED,2023-05-08T11:24:00-07:00,2023-05-29T11:24:00-07:00,9815,USD,,false,CPL/SRC/events/00810
EV000811,PG,PG_CLAIMS,PG-R00445,SUBMITTED,2022-07-01T11:30:00-07:00,2022-07-04T05:10:13-07:00,3919,USD,,false,CPL/SRC/events/00811
EV000812,PG,PG_CLAIMS,PG-R00446,SUBMITTED,2022-12-30T10:04:00-08:00,2023-01-03T14:41:08-08:00,21190,USD,,false,CPL/SRC/events/00812
EV000813,PG,PG_CLAIMS,,PAYMENT_POSTED,2023-01-12T09:58:00-08:00,2023-01-12T15:05:40-08:00,21190,USD,,false,CPL/SRC/events/00813
EV000814,PG,PG_CLAIMS,PG-R00447,SUBMITTED,2022-08-04T11:56:00-07:00,2022-08-05T01:19:58-07:00,53746,USD,,false,CPL/SRC/events/00814
EV000815,PG,PG_CLAIMS,,PAYMENT_POSTED,2022-08-29T13:08:00-07:00,2022-08-29T20:55:41-07:00,53746,USD,,false,CPL/SRC/events/00815
EV000816,PG,PG_CLAIMS,PG-R00448,SUBMITTED,2022-10-17T08:52:00-07:00,2022-10-20T13:52:59-07:00,30163,USD,,false,CPL/SRC/events/00816
EV000817,PG,PG_CLAIMS,,PAYMENT_POSTED,2022-10-28T08:55:00-07:00,2022-10-31T21:21:41-07:00,30163,EUR,,false,CPL/SRC/events/00817
EV000818,PG,PG_CLAIMS,PG-R00449,SUBMITTED,2023-05-11T14:08:00-07:00,2023-05-11T21:00:17-07:00,13509,USD,,false,CPL/SRC/events/00818
EV000819,PG,PG_CLAIMS,,PAYMENT_POSTED,2023-05-17T11:25:00-07:00,2023-05-19T01:04:09-07:00,13509,USD,,false,CPL/SRC/events/00819
EV000820,PG,PG_CLAIMS,PG-R00450,SUBMITTED,2023-04-14T14:44:00-07:00,2023-04-14T22:30:35-07:00,35110,USD,,false,CPL/SRC/events/00820
EV000821,PG,PG_CLAIMS,,PAYMENT_POSTED,2023-05-01T13:00:00-07:00,2023-05-06T14:15:21-07:00,35110,USD,,false,CPL/SRC/events/00821
EV000822,PG,PG_CLAIMS,PG-R00451,SUBMITTED,2023-07-12T12:54:00-07:00,2023-07-12T17:15:55-07:00,3242,USD,,false,CPL/SRC/events/00822
EV000823,PG,PG_CLAIMS,PG-R00452,SUBMITTED,2022-08-15T12:37:00-07:00,2022-08-15T18:58:54-07:00,7599,USD,,false,CPL/SRC/events/00823
EV000824,PG,PG_CLAIMS,,PAYMENT_POSTED,2022-08-24T13:39:00-07:00,2022-08-24T16:21:24-07:00,7599,USD,,false,CPL/SRC/events/00824
EV000825,PG,PG_CLAIMS,PG-R00453,SUBMITTED,2023-02-24T13:36:00-08:00,2023-02-24T20:17:08-08:00,60814,USD,,false,CPL/SRC/events/00825
EV000826,PG,PG_OR_BILLING,PG-R00454,SUBMITTED,2022-09-28T13:50:00-07:00,2022-10-16T11:39:01-07:00,7601,USD,,false,TRI/SRC/events/00826
EV000827,PG,PG_OR_BILLING,PG-R00454,CLOSED_NO_PAYMENT,2022-11-21T14:18:00-08:00,2022-11-21T15:51:48-08:00,,,,true,TRI/SRC/events/00827
EV000828,PG,PG_OR_BILLING,PG-R00455,SUBMITTED,2022-12-13T07:08:00-08:00,2022-12-13T14:44:06-08:00,9889,USD,,false,TRI/SRC/events/00828
EV000829,PG,PG_OR_BILLING,,PAYMENT_POSTED,2023-01-02T15:39:00-08:00,2023-01-02T22:14:03-08:00,9889,USD,,false,TRI/SRC/events/00829
EV000830,PG,PG_OR_BILLING,PG-R00456,SUBMITTED,2023-05-25T11:00:00-07:00,2023-07-15T21:01:06-07:00,26322,USD,,false,TRI/SRC/events/00830
EV000831,PG,PG_OR_BILLING,,PAYMENT_POSTED,2023-06-19T08:28:00-07:00,2023-06-20T00:12:02-07:00,26322,USD,,false,TRI/SRC/events/00831
EV000832,PG,PG_OR_BILLING,PG-R00457,SUBMITTED,2023-01-20T14:16:00-08:00,2023-01-24T02:05:36-08:00,19875,USD,,false,TRI/SRC/events/00832
EV000833,PG,PG_OR_BILLING,PG-R00458,CORRECTED,2023-01-23T07:14:00-08:00,2023-01-29T14:43:03-08:00,23391,USD,,false,TRI/SRC/events/00833
EV000834,PG,PG_OR_BILLING,,PAYMENT_POSTED,2023-03-27T08:20:00-07:00,2023-04-02T03:23:05-07:00,23391,USD,,false,TRI/SRC/events/00834
EV000835,PG,PG_OR_BILLING,PG-R00459,SUBMITTED,2023-08-11T13:49:00-07:00,2023-08-11T20:18:10-07:00,3330,USD,,false,TRI/SRC/events/00835
EV000836,PG,PG_OR_BILLING,PG-R00460,SUBMITTED,2023-04-12T12:48:00-07:00,2023-04-17T04:07:20-07:00,16108,USD,,false,TRI/SRC/events/00836
EV000837,PG,PG_OR_BILLING,,PAYMENT_POSTED,2023-05-15T11:51:00-07:00,2023-05-16T12:58:45-07:00,16108,USD,,false,TRI/SRC/events/00837
EV000838,PG,PG_OR_BILLING,PG-R00461,SUBMITTED,2023-08-15T07:37:00-07:00,2023-08-15T13:10:27-07:00,4894,USD,,false,TRI/SRC/events/00838
EV000839,PG,PG_OR_BILLING,,PAYMENT_POSTED,2023-09-28T15:42:00-07:00,2023-09-28T16:13:51-07:00,4894,USD,,false,TRI/SRC/events/00839
EV000840,PG,PG_OR_BILLING,PG-R00462,SUBMITTED,2023-07-06T08:58:00-07:00,2023-07-12T14:14:10-07:00,44332,USD,,false,TRI/SRC/events/00840
EV000841,PG,PG_OR_BILLING,,PAYMENT_POSTED,2023-07-17T07:40:00-07:00,2023-07-17T09:16:57-07:00,44332,USD,,false,TRI/SRC/events/00841
EV000842,PG,PG_OR_BILLING,PG-R00463,SUBMITTED,2023-01-19T12:58:00-08:00,2023-01-19T15:49:34-08:00,25742,USD,,false,TRI/SRC/events/00842
EV000843,PG,PG_OR_BILLING,,PAYMENT_POSTED,2023-02-09T15:10:00-08:00,2023-02-09T20:58:39-08:00,25742,USD,,false,TRI/SRC/events/00843
EV000844,PG,PG_OR_BILLING,PG-R00464,SUBMITTED,2023-08-31T09:33:00-07:00,2023-08-31T14:01:28-07:00,11989,USD,,false,TRI/SRC/events/00844
EV000845,PG,PG_OR_BILLING,PG-R00465,SUBMITTED,2023-09-18T14:27:00-07:00,2023-09-18T15:56:00-07:00,7194,USD,,false,TRI/SRC/events/00845
EV000846,PG,PG_OR_BILLING,,PAYMENT_POSTED,2023-11-06T07:48:00-08:00,2023-11-06T08:59:29-08:00,7194,USD,,false,TRI/SRC/events/00846
EV000847,PG,PG_OR_BILLING,PG-R00466,SUBMITTED,2022-09-15T13:26:00-07:00,2022-09-15T21:21:31-07:00,26814,USD,,false,TRI/SRC/events/00847
EV000848,PG,PG_OR_BILLING,,PAYMENT_POSTED,2022-10-24T14:02:00-07:00,2022-10-26T04:12:19-07:00,26814,USD,,false,TRI/SRC/events/00848
EV000849,PG,PG_OR_BILLING,PG-R00467,SUBMITTED,2023-01-06T12:18:00-08:00,2023-01-06T17:46:48-08:00,11023,USD,,false,TRI/SRC/events/00849
EV000850,PG,PG_OR_BILLING,,PAYMENT_POSTED,2023-01-30T10:59:00-08:00,2023-01-30T17:10:56-08:00,11023,USD,,false,TRI/SRC/events/00850
EV000851,PG,PG_OR_BILLING,PG-R00468,SUBMITTED,2023-08-02T13:45:00-07:00,2023-08-11T20:31:35-07:00,19873,USD,,false,TRI/SRC/events/00851
EV000852,PG,PG_OR_BILLING,,PAYMENT_POSTED,2023-09-11T12:20:00-07:00,2023-09-14T17:37:37-07:00,19873,USD,,false,TRI/SRC/events/00852
EV000853,PG,PG_OR_BILLING,PG-R00469,SUBMITTED,2023-05-10T11:01:00-07:00,2023-05-10T14:05:33-07:00,14647,USD,,false,TRI/SRC/events/00853
EV000854,PG,PG_OR_BILLING,,PAYMENT_POSTED,2023-09-18T13:36:00-07:00,2023-09-18T15:51:28-07:00,14647,USD,,false,TRI/SRC/events/00854
EV000855,PG,PG_OR_BILLING,PG-R00470,SUBMITTED,2023-05-10T11:07:00-07:00,2023-05-12T09:04:33-07:00,9213,USD,,false,TRI/SRC/events/00855
EV000856,PG,PG_OR_BILLING,PG-R00471,SUBMITTED,2022-12-02T07:14:00-08:00,2022-12-02T08:22:24-08:00,7120,USD,,false,TRI/SRC/events/00856
EV000857,PG,PG_OR_BILLING,,PAYMENT_POSTED,2023-01-23T10:33:00-08:00,2023-01-27T09:05:45-08:00,7120,USD,,false,TRI/SRC/events/00857
EV000858,PG,PG_OR_BILLING,PG-R00472,SUBMITTED,2023-09-25T15:15:00-07:00,2023-09-26T10:21:55-07:00,20958,USD,,false,TRI/SRC/events/00858
EV000859,PG,PG_OR_BILLING,,PAYMENT_POSTED,2023-10-30T13:07:00-07:00,2023-11-01T07:20:14-07:00,20958,USD,,false,TRI/SRC/events/00859
EV000860,PG,PG_OR_BILLING,PG-R00473,SUBMITTED,2023-08-22T14:36:00-07:00,2023-08-22T16:57:23-07:00,10668,USD,,false,TRI/SRC/events/00860
EV000861,PG,PG_OR_BILLING,,PAYMENT_POSTED,2023-09-12T14:57:00-07:00,2023-09-12T15:23:25-07:00,10668,USD,,false,TRI/SRC/events/00861
EV000862,PG,PG_OR_BILLING,PG-R00474,SUBMITTED,2022-11-21T12:11:00-08:00,2022-11-21T18:20:34-08:00,184242,USD,,false,TRI/SRC/events/00862
EV000863,PG,PG_OR_BILLING,PG-R00475,SUBMITTED,2023-09-13T15:26:00-07:00,2023-09-24T22:14:18-07:00,10491,USD,,false,TRI/SRC/events/00863
EV000864,PG,PG_OR_BILLING,,PAYMENT_POSTED,2023-09-25T12:49:00-07:00,2023-09-27T04:07:00-07:00,10491,USD,,false,TRI/SRC/events/00864
EV000865,PG,PG_OR_BILLING,PG-R00476,SUBMITTED,2023-01-26T11:45:00-08:00,2023-01-26T14:18:51-08:00,5579,USD,,false,TRI/SRC/events/00865
EV000866,PG,PG_OR_BILLING,PG-R00477,SUBMITTED,2023-03-06T11:24:00-08:00,2023-03-06T16:50:12-08:00,15738,USD,,false,TRI/SRC/events/00866
EV000867,PG,PG_OR_BILLING,,PAYMENT_POSTED,2023-03-20T15:29:00-07:00,2023-03-20T17:48:55-07:00,15738,USD,,false,TRI/SRC/events/00867
EV000868,PG,PG_OR_BILLING,PG-R00478,SUBMITTED,2023-04-18T08:03:00-07:00,2023-04-18T14:38:39-07:00,129319,USD,,false,TRI/SRC/events/00868
EV000869,PG,PG_OR_BILLING,PG-R00478,CLOSED_NO_PAYMENT,2023-06-09T11:26:00-07:00,2023-06-09T14:50:42-07:00,,,,true,TRI/SRC/events/00869
EV000870,PG,PG_OR_BILLING,PG-R00479,SUBMITTED,2022-08-24T11:42:00-07:00,2022-08-24T18:16:48-07:00,3375,USD,,false,TRI/SRC/events/00870
EV000871,PG,PG_OR_BILLING,,PAYMENT_POSTED,2022-09-09T11:48:00-07:00,2022-09-27T08:41:21-07:00,3375,USD,,false,TRI/SRC/events/00871
EV000872,PG,PG_OR_BILLING,PG-R00480,SUBMITTED,2023-02-06T15:13:00-08:00,2023-02-13T18:23:52-08:00,25800,USD,,false,TRI/SRC/events/00872
EV000873,PG,PG_OR_BILLING,,PAYMENT_POSTED,2023-03-14T10:02:00-07:00,2023-03-17T08:40:30-07:00,25800,USD,,false,TRI/SRC/events/00873
EV000874,PG,PG_OR_BILLING,PG-R00481,SUBMITTED,2023-08-09T13:57:00-07:00,2023-08-09T14:52:01-07:00,31721,USD,,false,TRI/SRC/events/00874
EV000875,PG,PG_OR_BILLING,,PAYMENT_POSTED,2023-09-19T14:53:00-07:00,2023-09-19T19:08:47-07:00,31721,USD,,false,TRI/SRC/events/00875
EV000876,PG,PG_OR_BILLING,PG-R00482,SUBMITTED,2023-09-14T15:23:00-07:00,2023-09-14T20:03:35-07:00,16434,EUR,,false,TRI/SRC/events/00876
EV000877,PG,PG_OR_BILLING,,PAYMENT_POSTED,2023-09-27T07:33:00-07:00,2023-09-29T20:22:22-07:00,16434,USD,,false,TRI/SRC/events/00877
EV000878,PG,PG_OR_BILLING,PG-R00483,SUBMITTED,2023-03-16T10:07:00-07:00,2023-03-16T14:42:55-07:00,38999,USD,,false,TRI/SRC/events/00878
EV000879,PG,PG_OR_BILLING,,PAYMENT_POSTED,2023-03-28T15:13:00-07:00,2023-03-31T10:24:15-07:00,38999,USD,,false,TRI/SRC/events/00879
EV000880,PG,PG_OR_BILLING,PG-R00484,SUBMITTED,2023-03-09T15:25:00-08:00,2023-03-09T20:04:03-08:00,129715,USD,,false,TRI/SRC/events/00880
EV000881,PG,PG_OR_BILLING,,PAYMENT_POSTED,2023-06-12T10:08:00-07:00,2023-06-12T16:33:47-07:00,129715,USD,,false,TRI/SRC/events/00881
EV000882,PG,PG_OR_BILLING,PG-R00485,SUBMITTED,2022-12-02T09:55:00-08:00,2022-12-04T15:50:26-08:00,8692,USD,,false,TRI/SRC/events/00882
EV000883,PG,PG_OR_BILLING,,PAYMENT_POSTED,2022-12-08T07:31:00-08:00,2022-12-10T02:20:28-08:00,8692,USD,,false,TRI/SRC/events/00883
EV000884,PG,PG_OR_BILLING,PG-R00486,SUBMITTED,2022-08-10T08:02:00-07:00,2022-08-10T10:12:06-07:00,6779,USD,,false,TRI/SRC/events/00884
EV000885,PG,PG_OR_BILLING,,PAYMENT_POSTED,2022-09-05T11:39:00-07:00,2022-09-05T12:32:28-07:00,6779,USD,,false,TRI/SRC/events/00885
EV000886,PG,PG_OR_BILLING,PG-R00487,SUBMITTED,2022-09-20T11:11:00-07:00,2022-09-20T16:10:27-07:00,14793,USD,,false,TRI/SRC/events/00886
EV000887,PG,PG_OR_BILLING,PG-R00488,CORRECTED,2022-09-21T15:55:00-07:00,2022-09-23T05:51:27-07:00,17665,USD,,false,TRI/SRC/events/00887
EV000888,PG,PG_OR_BILLING,PG-R00487,VOID_VERSION,2022-09-21T15:55:00-07:00,2022-09-21T18:30:15-07:00,14793,USD,,false,TRI/SRC/events/00888
EV000889,PG,PG_OR_BILLING,,PAYMENT_POSTED,2022-10-06T07:15:00-07:00,2022-10-11T23:15:14-07:00,17665,USD,,false,TRI/SRC/events/00889
EV000890,PG,PG_OR_BILLING,PG-R00489,SUBMITTED,2022-09-19T14:01:00-07:00,2022-09-21T15:54:59-07:00,26400,USD,,false,TRI/SRC/events/00890
EV000891,PG,PG_OR_BILLING,PG-R00490,SUBMITTED,2022-09-19T07:53:00-07:00,2022-09-27T23:36:08-07:00,12783,USD,,false,TRI/SRC/events/00891
EV000892,PG,PG_OR_BILLING,PG-R00491,SUBMITTED,2022-11-14T15:21:00-08:00,2022-11-14T20:53:59-08:00,8181,USD,,false,TRI/SRC/events/00892
EV000893,PG,PG_OR_BILLING,,PAYMENT_POSTED,2022-12-12T10:01:00-08:00,2022-12-12T12:42:54-08:00,8181,USD,,false,TRI/SRC/events/00893
EV000894,PG,PG_OR_BILLING,PG-R00492,SUBMITTED,2023-08-07T11:08:00-07:00,2023-08-07T16:29:10-07:00,2500,USD,,false,TRI/SRC/events/00894
EV000895,PG,PG_OR_BILLING,,PAYMENT_POSTED,2023-08-18T08:16:00-07:00,2023-08-21T07:56:31-07:00,2500,USD,,false,TRI/SRC/events/00895
EV000896,PG,PG_OR_BILLING,PG-R00493,SUBMITTED,2023-07-17T15:14:00-07:00,2023-07-17T22:05:40-07:00,14628,USD,,false,TRI/SRC/events/00896
EV000897,PG,PG_OR_BILLING,,PAYMENT_POSTED,2023-07-31T10:32:00-07:00,2023-07-31T11:45:55-07:00,14628,USD,,false,TRI/SRC/events/00897
EV000898,PG,PG_OR_BILLING,PG-R00494,SUBMITTED,2023-09-11T14:42:00-07:00,2023-09-11T22:11:33-07:00,20370,USD,,false,TRI/SRC/events/00898
EV000899,PG,PG_OR_BILLING,,PAYMENT_POSTED,2023-10-09T11:32:00-07:00,2023-10-09T18:07:11-07:00,20370,USD,,false,TRI/SRC/events/00899
EV000900,PG,PG_OR_BILLING,PG-R00495,SUBMITTED,2023-09-08T10:14:00-07:00,2023-09-09T20:10:09-07:00,13478,USD,,false,TRI/SRC/events/00900
EV000901,PG,PG_OR_BILLING,PG-R00496,SUBMITTED,2022-12-05T07:29:00-08:00,2022-12-05T12:45:40-08:00,96827,USD,,false,TRI/SRC/events/00901
EV000902,PG,PG_OR_BILLING,,PAYMENT_POSTED,2022-12-14T14:48:00-08:00,2022-12-14T20:09:34-08:00,96827,USD,,false,TRI/SRC/events/00902
EV000903,PG,PG_OR_BILLING,PG-R00497,SUBMITTED,2023-07-31T13:00:00-07:00,2023-08-14T04:56:09-07:00,9902,USD,,false,TRI/SRC/events/00903
EV000904,PG,PG_OR_BILLING,,PAYMENT_POSTED,2023-08-14T08:21:00-07:00,2023-08-14T10:15:51-07:00,9902,USD,,false,TRI/SRC/events/00904
EV000905,PG,PG_OR_BILLING,PG-R00498,SUBMITTED,2023-01-12T12:26:00-08:00,2023-01-12T13:23:16-08:00,21238,USD,,false,TRI/SRC/events/00905
EV000906,PG,PG_OR_BILLING,,PAYMENT_POSTED,2023-02-10T13:02:00-08:00,2023-02-20T10:11:52-08:00,21238,USD,,false,TRI/SRC/events/00906
EV000907,PG,PG_OR_BILLING,PG-R00499,SUBMITTED,2023-01-03T11:46:00-08:00,2023-01-03T14:17:11-08:00,12596,USD,,false,TRI/SRC/events/00907
EV000908,PG,PG_OR_BILLING,,PAYMENT_POSTED,2023-01-30T11:16:00-08:00,2023-02-05T03:18:29-08:00,12596,USD,,false,TRI/SRC/events/00908
EV000909,PG,PG_OR_BILLING,PG-R00500,SUBMITTED,2022-10-26T15:23:00-07:00,2022-10-26T20:45:14-07:00,9948,USD,,false,TRI/SRC/events/00909
EV000910,PG,PG_OR_BILLING,,PAYMENT_POSTED,2022-11-15T12:29:00-08:00,2022-11-15T18:01:15-08:00,9948,USD,,false,TRI/SRC/events/00910
EV000911,PG,PG_OR_BILLING,PG-R00501,SUBMITTED,2023-09-11T15:06:00-07:00,2023-09-12T19:23:30-07:00,7930,USD,,false,TRI/SRC/events/00911
EV000912,PG,PG_OR_BILLING,,PAYMENT_POSTED,2023-09-20T08:26:00-07:00,2023-09-20T14:27:50-07:00,7930,USD,,false,TRI/SRC/events/00912
EV000913,PG,PG_OR_BILLING,PG-R00502,SUBMITTED,2023-08-09T11:38:00-07:00,2023-08-11T02:43:47-07:00,173029,USD,,false,TRI/SRC/events/00913
EV000914,PG,PG_OR_BILLING,PG-R00503,CORRECTED,2023-08-17T10:32:00-07:00,2023-08-18T16:23:42-07:00,205857,USD,,false,TRI/SRC/events/00914
EV000915,PG,PG_OR_BILLING,,PAYMENT_POSTED,2023-08-17T07:05:00-07:00,2023-08-24T15:32:59-07:00,205857,USD,,false,TRI/SRC/events/00915
EV000916,PG,PG_OR_BILLING,PG-R00504,SUBMITTED,2023-08-09T14:13:00-07:00,2023-08-13T04:47:50-07:00,12576,USD,,false,TRI/SRC/events/00916
EV000917,PG,PG_OR_BILLING,PG-R00505,SUBMITTED,2023-02-06T13:02:00-08:00,2023-02-06T17:11:03-08:00,17577,USD,,false,TRI/SRC/events/00917
EV000918,PG,PG_OR_BILLING,,PAYMENT_POSTED,2023-03-27T09:11:00-07:00,2023-03-27T10:46:17-07:00,17577,USD,,false,TRI/SRC/events/00918
EV000919,PG,PG_OR_BILLING,PG-R00506,SUBMITTED,2023-01-16T13:25:00-08:00,2023-01-17T10:13:46-08:00,11362,USD,,false,TRI/SRC/events/00919
EV000920,PG,PG_OR_BILLING,,PAYMENT_POSTED,2023-02-03T15:10:00-08:00,2023-02-24T15:10:00-08:00,11362,USD,,false,TRI/SRC/events/00920
EV000921,PG,PG_OR_BILLING,PG-R00507,SUBMITTED,2022-09-12T10:30:00-07:00,2022-09-16T01:41:51-07:00,6227,USD,,false,TRI/SRC/events/00921
EV000922,PG,PG_OR_BILLING,,PAYMENT_POSTED,2022-09-26T07:39:00-07:00,2022-09-26T12:40:12-07:00,6227,USD,,false,TRI/SRC/events/00922
EV000923,PG,PG_OR_BILLING,PG-R00508,SUBMITTED,2023-09-01T07:08:00-07:00,2023-09-22T07:08:00-07:00,5849,USD,,false,TRI/SRC/events/00923
EV000924,PG,PG_OR_BILLING,,PAYMENT_POSTED,2023-11-08T09:53:00-08:00,2023-11-08T16:38:43-08:00,5849,USD,,false,TRI/SRC/events/00924
EV000925,PG,PG_OR_BILLING,PG-R00509,SUBMITTED,2022-08-05T14:24:00-07:00,2022-08-05T15:58:28-07:00,59096,USD,,false,TRI/SRC/events/00925
EV000926,PG,PG_OR_BILLING,,PAYMENT_POSTED,2022-09-19T08:37:00-07:00,2022-09-19T14:45:54-07:00,59096,USD,,false,TRI/SRC/events/00926
EV000927,PG,PG_OR_BILLING,PG-R00510,SUBMITTED,2023-06-23T13:16:00-07:00,2023-06-23T16:16:53-07:00,12646,USD,,false,TRI/SRC/events/00927
EV000928,PG,PG_OR_BILLING,,PAYMENT_POSTED,2023-07-10T14:06:00-07:00,2023-07-10T20:03:34-07:00,12646,USD,,false,TRI/SRC/events/00928
EV000929,PG,PG_OR_BILLING,PG-R00511,SUBMITTED,2022-09-26T11:25:00-07:00,2022-09-30T21:29:40-07:00,49464,USD,,false,TRI/SRC/events/00929
EV000930,PG,PG_OR_BILLING,,PAYMENT_POSTED,2022-10-11T08:50:00-07:00,2022-10-14T04:24:35-07:00,49464,USD,,false,TRI/SRC/events/00930
EV000931,PG,PG_OR_BILLING,PG-R00512,SUBMITTED,2023-04-10T10:05:00-07:00,2023-04-10T17:15:41-07:00,26374,USD,,false,TRI/SRC/events/00931
EV000932,PG,PG_OR_BILLING,,PAYMENT_POSTED,2023-05-01T14:41:00-07:00,2023-05-01T22:28:28-07:00,26374,USD,,false,TRI/SRC/events/00932
EV000933,PG,PG_OR_BILLING,PG-R00513,SUBMITTED,2023-09-08T08:02:00-07:00,2023-09-11T04:35:56-07:00,6038,USD,,false,TRI/SRC/events/00933
EV000934,PG,PG_OR_BILLING,,PAYMENT_POSTED,2023-10-05T07:33:00-07:00,2023-10-05T10:50:31-07:00,6038,USD,,false,TRI/SRC/events/00934
EV000935,PG,PG_OR_BILLING,PG-R00514,SUBMITTED,2023-07-19T14:33:00-07:00,2023-07-19T16:23:01-07:00,16837,USD,,false,TRI/SRC/events/00935
EV000936,PG,PG_OR_BILLING,,PAYMENT_POSTED,2023-07-31T15:02:00-07:00,2023-07-31T21:24:56-07:00,16837,USD,,false,TRI/SRC/events/00936
EV000937,PG,PG_OR_BILLING,PG-R00515,SUBMITTED,2023-07-17T13:06:00-07:00,2023-07-19T01:22:55-07:00,13812,USD,,false,TRI/SRC/events/00937
EV000938,PG,PG_OR_BILLING,,PAYMENT_POSTED,2023-08-15T09:11:00-07:00,2023-08-15T15:50:22-07:00,13812,USD,,false,TRI/SRC/events/00938
EV000939,PG,PG_OR_BILLING,PG-R00516,SUBMITTED,2023-04-27T12:56:00-07:00,2023-04-27T16:06:04-07:00,10772,USD,,false,TRI/SRC/events/00939
EV000940,PG,PG_OR_BILLING,,PAYMENT_POSTED,2023-06-16T12:58:00-07:00,2023-06-19T03:50:38-07:00,10772,USD,,false,TRI/SRC/events/00940
EV000941,PG,PG_OR_BILLING,PG-R00517,SUBMITTED,2022-07-04T10:55:00-07:00,2022-07-12T01:32:50-07:00,8655,USD,,false,TRI/SRC/events/00941
EV000942,PG,PG_OR_BILLING,,PAYMENT_POSTED,2022-07-18T13:27:00-07:00,2022-07-19T13:53:59-07:00,8655,USD,,false,TRI/SRC/events/00942
EV000943,PG,PG_OR_BILLING,PG-R00518,SUBMITTED,2022-10-10T07:42:00-07:00,2022-10-13T17:24:22-07:00,35884,USD,,false,TRI/SRC/events/00943
EV000944,PG,PG_OR_BILLING,,PAYMENT_POSTED,2022-10-26T13:35:00-07:00,2022-10-28T10:06:37-07:00,35884,USD,,false,TRI/SRC/events/00944
EV000945,PG,PG_OR_BILLING,PG-R00519,SUBMITTED,2023-04-03T11:33:00-07:00,2023-04-03T16:03:30-07:00,7924,USD,,false,TRI/SRC/events/00945
EV000946,PG,PG_OR_BILLING,,PAYMENT_POSTED,2023-04-26T11:15:00-07:00,2023-04-26T15:05:39-07:00,7924,USD,,false,TRI/SRC/events/00946
EV000947,PG,PG_OR_BILLING,PG-R00520,SUBMITTED,2023-05-11T10:46:00-07:00,2023-05-20T11:35:06-07:00,4297,USD,,false,TRI/SRC/events/00947
EV000948,PG,PG_OR_BILLING,PG-R00521,SUBMITTED,2023-09-22T08:05:00-07:00,2023-09-22T13:36:22-07:00,9349,USD,,false,TRI/SRC/events/00948
EV000949,PG,PG_OR_BILLING,PG-R00522,CORRECTED,2023-10-03T10:21:00-07:00,2023-10-10T00:07:11-07:00,10260,USD,,false,TRI/SRC/events/00949
EV000950,PG,PG_OR_BILLING,PG-R00521,VOID_VERSION,2023-10-03T10:21:00-07:00,2023-10-03T16:46:25-07:00,9349,USD,,false,TRI/SRC/events/00950
EV000951,PG,PG_OR_BILLING,,PAYMENT_POSTED,2023-10-09T14:19:00-07:00,2023-10-13T08:59:15-07:00,10260,USD,,false,TRI/SRC/events/00951
EV000952,PG,PG_OR_BILLING,PG-R00523,SUBMITTED,2022-07-08T12:38:00-07:00,2022-07-09T10:50:45-07:00,10105,USD,,false,TRI/SRC/events/00952
EV000953,PG,PG_OR_BILLING,,PAYMENT_POSTED,2022-09-12T13:08:00-07:00,2022-09-12T14:08:37-07:00,10105,USD,,false,TRI/SRC/events/00953
EV000954,PG,PG_OR_BILLING,PG-R00524,SUBMITTED,2022-08-05T08:57:00-07:00,2022-08-05T16:27:49-07:00,12172,USD,,false,TRI/SRC/events/00954
EV000955,PG,PG_OR_BILLING,,PAYMENT_POSTED,2022-08-15T15:36:00-07:00,2022-08-15T23:35:53-07:00,12172,USD,,false,TRI/SRC/events/00955
EV000956,PG,PG_OR_BILLING,PG-R00525,SUBMITTED,2022-07-25T15:53:00-07:00,2022-07-29T23:49:28-07:00,17493,USD,,false,TRI/SRC/events/00956
EV000957,PG,PG_OR_BILLING,PG-R00526,CORRECTED,2022-08-03T10:57:00-07:00,2022-08-10T05:34:10-07:00,20480,USD,,false,TRI/SRC/events/00957
EV000958,PG,PG_OR_BILLING,,PAYMENT_POSTED,2022-09-01T15:34:00-07:00,2022-09-03T02:13:47-07:00,20480,USD,,false,TRI/SRC/events/00958
EV000959,PG,PG_OR_BILLING,PG-R00527,SUBMITTED,2022-09-02T07:06:00-07:00,2022-09-03T14:04:01-07:00,51164,USD,,false,TRI/SRC/events/00959
EV000960,PG,PG_OR_BILLING,PG-R00528,SUBMITTED,2022-08-15T14:00:00-07:00,2022-08-15T18:22:26-07:00,30541,USD,,false,TRI/SRC/events/00960
EV000961,PG,PG_OR_BILLING,,PAYMENT_POSTED,2022-09-05T14:54:00-07:00,2022-09-07T06:30:24-07:00,30541,USD,,false,TRI/SRC/events/00961
EV000962,PG,PG_OR_BILLING,PG-R00529,SUBMITTED,2023-01-30T09:48:00-08:00,2023-02-05T11:41:22-08:00,16281,USD,,false,TRI/SRC/events/00962
EV000963,PG,PG_OR_BILLING,PG-R00530,CORRECTED,2023-02-09T15:00:00-08:00,2023-02-12T10:32:18-08:00,14611,USD,,false,TRI/SRC/events/00963
EV000964,PG,PG_OR_BILLING,,PAYMENT_POSTED,2023-02-07T09:20:00-08:00,2023-02-17T04:52:20-08:00,14611,USD,,false,TRI/SRC/events/00964
EV000965,PG,PG_OR_BILLING,PG-R00531,SUBMITTED,2023-05-22T12:01:00-07:00,2023-05-27T19:39:01-07:00,60134,USD,,false,TRI/SRC/events/00965
EV000966,PG,PG_OR_BILLING,,PAYMENT_POSTED,2023-07-03T14:53:00-07:00,2023-07-13T07:55:50-07:00,60134,USD,,false,TRI/SRC/events/00966
EV000967,PG,PG_OR_BILLING,PG-R00532,SUBMITTED,2023-08-04T08:58:00-07:00,2023-08-04T15:39:16-07:00,12961,USD,,false,TRI/SRC/events/00967
EV000968,PG,PG_OR_BILLING,,PAYMENT_POSTED,2023-09-04T12:38:00-07:00,2023-09-04T19:45:34-07:00,12961,USD,,false,TRI/SRC/events/00968
EV000969,PG,PG_OR_BILLING,PG-R00533,SUBMITTED,2022-12-01T14:54:00-08:00,2022-12-02T11:05:03-08:00,19566,USD,,false,TRI/SRC/events/00969
EV000970,PG,PG_OR_BILLING,PG-R00534,CORRECTED,2022-12-05T07:55:00-08:00,2022-12-05T15:52:39-08:00,22558,USD,,false,TRI/SRC/events/00970
EV000971,PG,PG_OR_BILLING,,PAYMENT_POSTED,2022-12-12T10:48:00-08:00,2022-12-18T00:49:41-08:00,22558,USD,,false,TRI/SRC/events/00971
EV000972,PG,PG_OR_BILLING,PG-R00535,SUBMITTED,2022-11-30T12:24:00-08:00,2022-12-02T16:40:15-08:00,10078,USD,,false,TRI/SRC/events/00972
EV000973,PG,PG_OR_BILLING,PG-R00536,SUBMITTED,2023-02-15T10:58:00-08:00,2023-02-15T18:05:15-08:00,7454,USD,,false,TRI/SRC/events/00973
EV000974,PG,PG_OR_BILLING,PG-R00537,SUBMITTED,2022-08-22T07:55:00-07:00,2022-08-26T19:37:32-07:00,3932,USD,,false,TRI/SRC/events/00974
EV000975,PG,PG_OR_BILLING,,PAYMENT_POSTED,2022-10-12T13:39:00-07:00,2022-10-12T20:54:24-07:00,3932,USD,,false,TRI/SRC/events/00975
EV000976,PG,PG_OR_BILLING,PG-R00538,SUBMITTED,2022-08-05T11:11:00-07:00,2022-08-05T19:06:57-07:00,11738,USD,,false,TRI/SRC/events/00976
EV000977,PG,PG_OR_BILLING,PG-R00538,CLOSED_NO_PAYMENT,2022-09-28T12:52:00-07:00,2022-09-29T23:25:41-07:00,,,,true,TRI/SRC/events/00977
EV000978,PG,PG_OR_BILLING,PG-R00539,SUBMITTED,2023-05-25T14:40:00-07:00,2023-05-29T13:29:36-07:00,16955,USD,,false,TRI/SRC/events/00978
EV000979,PG,PG_OR_BILLING,,PAYMENT_POSTED,2023-06-05T12:29:00-07:00,2023-06-05T14:00:52-07:00,16955,USD,,false,TRI/SRC/events/00979
EV000980,PG,PG_OR_BILLING,PG-R00540,SUBMITTED,2023-07-17T13:43:00-07:00,2023-07-17T19:49:09-07:00,7587,USD,,false,TRI/SRC/events/00980
EV000981,PG,PG_OR_BILLING,,PAYMENT_POSTED,2023-08-09T14:46:00-07:00,2023-08-11T03:27:47-07:00,7587,USD,,false,TRI/SRC/events/00981
EV000982,PG,PG_OR_BILLING,PG-R00541,SUBMITTED,2023-05-01T09:46:00-07:00,2023-05-01T11:15:00-07:00,21866,USD,,false,TRI/SRC/events/00982
EV000983,PG,PG_OR_BILLING,,PAYMENT_POSTED,2023-05-08T14:35:00-07:00,2023-05-08T21:46:53-07:00,21866,USD,,false,TRI/SRC/events/00983
EV000984,PG,PG_OR_BILLING,PG-R00542,SUBMITTED,2023-07-03T14:38:00-07:00,2023-07-03T17:00:33-07:00,7883,USD,,false,TRI/SRC/events/00984
EV000985,PG,PG_OR_BILLING,,PAYMENT_POSTED,2023-08-01T14:39:00-07:00,2023-08-03T05:32:46-07:00,7883,USD,,false,TRI/SRC/events/00985
EV000986,PG,PG_OR_BILLING,PG-R00543,SUBMITTED,2023-07-27T07:52:00-07:00,2023-07-27T11:34:04-07:00,19911,USD,,false,TRI/SRC/events/00986
EV000987,PG,PG_OR_BILLING,PG-R00543,CLOSED_NO_PAYMENT,2023-09-12T10:50:00-07:00,2023-09-12T11:21:56-07:00,,,,true,TRI/SRC/events/00987
EV000988,PG,PG_OR_BILLING,PG-R00544,SUBMITTED,2022-10-27T15:51:00-07:00,2022-10-27T16:13:17-07:00,12020,USD,,false,TRI/SRC/events/00988
EV000989,PG,PG_OR_BILLING,PG-R00545,CORRECTED,2022-11-03T15:47:00-07:00,2022-11-04T19:02:41-07:00,11556,USD,,false,TRI/SRC/events/00989
EV000990,PG,PG_OR_BILLING,,PAYMENT_POSTED,2022-11-10T12:10:00-08:00,2022-11-15T06:57:18-08:00,11556,USD,,false,TRI/SRC/events/00990
EV000991,PG,PG_OR_BILLING,PG-R00545,PAYMENT_REVERSED,2022-11-23T15:52:00-08:00,2022-11-23T19:53:27-08:00,11556,USD,EV000990,false,TRI/SRC/events/00991
EV000992,PG,PG_OR_BILLING,PG-R00546,SUBMITTED,2022-12-19T09:29:00-08:00,2022-12-21T00:19:11-08:00,13109,USD,,false,TRI/SRC/events/00992
EV000993,PG,PG_OR_BILLING,PG-R00546,CLOSED_NO_PAYMENT,2023-03-27T10:20:00-07:00,2023-03-29T09:01:05-07:00,,,,true,TRI/SRC/events/00993
EV000994,PG,PG_OR_BILLING,PG-R00547,SUBMITTED,2022-10-03T12:18:00-07:00,2022-10-11T21:09:14-07:00,37687,USD,,false,TRI/SRC/events/00994
EV000995,PG,PG_OR_BILLING,,PAYMENT_POSTED,2022-10-27T09:25:00-07:00,2022-11-02T09:31:39-07:00,37687,USD,,false,TRI/SRC/events/00995
EV000996,PG,PG_OR_BILLING,PG-R00548,SUBMITTED,2023-01-23T08:35:00-08:00,2023-01-26T22:24:51-08:00,3588,USD,,false,TRI/SRC/events/00996
EV000997,PG,PG_OR_BILLING,,PAYMENT_POSTED,2023-02-14T14:25:00-08:00,2023-02-25T02:26:17-08:00,3588,USD,,false,TRI/SRC/events/00997
EV000998,PG,PG_OR_BILLING,PG-R00549,SUBMITTED,2022-10-19T09:38:00-07:00,2022-10-20T03:52:07-07:00,11231,USD,,false,TRI/SRC/events/00998
EV000999,PG,PG_OR_BILLING,PG-R00550,CORRECTED,2022-10-24T12:15:00-07:00,2022-10-26T09:28:25-07:00,13426,USD,,false,TRI/SRC/events/00999
EV001000,PG,PG_OR_BILLING,PG-R00549,VOID_VERSION,2022-10-24T12:15:00-07:00,2022-10-25T05:26:18-07:00,11231,USD,,false,TRI/SRC/events/01000
EV001001,PG,PG_OR_BILLING,,PAYMENT_POSTED,2022-10-31T10:02:00-07:00,2022-10-31T15:32:15-07:00,13426,USD,,false,TRI/SRC/events/01001
EV001002,PG,PG_OR_BILLING,PG-R00551,SUBMITTED,2023-05-30T07:33:00-07:00,2023-05-30T15:17:18-07:00,13525,USD,,false,TRI/SRC/events/01002
EV001003,PG,PG_OR_BILLING,,PAYMENT_POSTED,2023-06-13T13:13:00-07:00,2023-06-13T17:49:39-07:00,13525,USD,,false,TRI/SRC/events/01003
EV001004,PG,PG_OR_BILLING,PG-R00552,SUBMITTED,2022-08-24T12:32:00-07:00,2022-08-26T18:20:51-07:00,24336,USD,,false,TRI/SRC/events/01004
EV001005,PG,PG_OR_BILLING,,PAYMENT_POSTED,2022-09-19T15:18:00-07:00,2022-09-20T08:16:39-07:00,24336,USD,,false,TRI/SRC/events/01005
EV001006,PG,PG_OR_BILLING,PG-R00553,SUBMITTED,2023-05-08T09:22:00-07:00,2023-05-29T09:22:00-07:00,13872,USD,,false,TRI/SRC/events/01006
EV001007,PG,PG_OR_BILLING,,PAYMENT_POSTED,2023-06-05T14:34:00-07:00,2023-06-05T20:58:59-07:00,13872,USD,,false,TRI/SRC/events/01007
EV001008,PG,PG_OR_BILLING,PG-R00554,SUBMITTED,2022-12-07T10:52:00-08:00,2022-12-07T18:34:02-08:00,6604,USD,,false,TRI/SRC/events/01008
EV001009,PG,PG_OR_BILLING,,PAYMENT_POSTED,2023-01-03T09:39:00-08:00,2023-01-10T17:08:53-08:00,6604,USD,,false,TRI/SRC/events/01009
EV001010,PG,PG_OR_BILLING,PG-R00555,SUBMITTED,2022-12-21T10:30:00-08:00,2022-12-21T18:04:16-08:00,16163,USD,,false,TRI/SRC/events/01010
EV001011,PG,PG_OR_BILLING,,PAYMENT_POSTED,2022-12-26T13:55:00-08:00,2022-12-29T14:37:10-08:00,16163,USD,,false,TRI/SRC/events/01011
EV001012,PG,PG_OR_BILLING,PG-R00556,SUBMITTED,2022-12-19T13:12:00-08:00,2022-12-19T15:12:28-08:00,12790,USD,,false,TRI/SRC/events/01012
EV001013,PG,PG_OR_BILLING,PG-R00557,SUBMITTED,2022-09-19T07:32:00-07:00,2022-09-19T13:30:55-07:00,12553,USD,,false,TRI/SRC/events/01013
EV001014,PG,PG_OR_BILLING,,PAYMENT_POSTED,2022-10-17T07:41:00-07:00,2022-10-17T14:14:43-07:00,12553,USD,,false,TRI/SRC/events/01014
EV001015,PG,PG_OR_BILLING,PG-R00558,SUBMITTED,2023-04-04T12:23:00-07:00,2023-04-04T16:26:48-07:00,6735,USD,,false,TRI/SRC/events/01015
EV001016,PG,PG_OR_BILLING,,PAYMENT_POSTED,2023-04-12T08:42:00-07:00,2023-04-12T08:53:02-07:00,6735,USD,,false,TRI/SRC/events/01016
EV001017,PG,PG_OR_BILLING,PG-R00559,SUBMITTED,2022-11-07T11:45:00-08:00,2022-11-07T13:00:22-08:00,17164,USD,,false,TRI/SRC/events/01017
EV001018,PG,PG_OR_BILLING,,PAYMENT_POSTED,2023-01-19T14:19:00-08:00,2023-01-21T08:52:55-08:00,17164,USD,,false,TRI/SRC/events/01018
EV001019,PG,PG_OR_BILLING,PG-R00560,SUBMITTED,2022-11-03T12:33:00-07:00,2022-11-03T16:55:42-07:00,3619,USD,,false,TRI/SRC/events/01019
EV001020,PG,PG_OR_BILLING,,PAYMENT_POSTED,2022-11-14T11:52:00-08:00,2022-11-14T19:02:18-08:00,3619,USD,,false,TRI/SRC/events/01020
EV001021,PG,PG_OR_BILLING,PG-R00561,SUBMITTED,2023-04-27T08:11:00-07:00,2023-04-27T08:51:36-07:00,15588,USD,,false,TRI/SRC/events/01021
EV001022,PG,PG_OR_BILLING,PG-R00562,CORRECTED,2023-05-08T10:15:00-07:00,2023-05-18T19:29:19-07:00,13853,USD,,false,TRI/SRC/events/01022
EV001023,PG,PG_OR_BILLING,,PAYMENT_POSTED,2023-05-01T15:46:00-07:00,2023-05-01T21:43:04-07:00,13853,USD,,false,TRI/SRC/events/01023
EV001024,PG,PG_OR_BILLING,PG-R00563,SUBMITTED,2022-10-17T10:19:00-07:00,2022-10-17T15:01:07-07:00,16275,USD,,false,TRI/SRC/events/01024
EV001025,PG,PG_OR_BILLING,PG-R00564,CORRECTED,2022-10-27T09:48:00-07:00,2022-10-28T03:07:01-07:00,19963,USD,,false,TRI/SRC/events/01025
EV001026,PG,PG_OR_BILLING,,PAYMENT_POSTED,2022-11-07T13:49:00-08:00,2022-11-10T09:35:39-08:00,19963,USD,,false,TRI/SRC/events/01026
EV001027,PG,PG_OR_BILLING,PG-R00565,SUBMITTED,2023-01-27T15:02:00-08:00,2023-01-27T15:13:49-08:00,22229,USD,,false,TRI/SRC/events/01027
EV001028,PG,PG_OR_BILLING,,PAYMENT_POSTED,2023-03-03T10:53:00-08:00,2023-03-07T08:22:54-08:00,22229,USD,,false,TRI/SRC/events/01028
EV001029,PG,PG_OR_BILLING,PG-R00566,SUBMITTED,2023-01-04T15:51:00-08:00,2023-01-04T17:50:21-08:00,10603,USD,,false,TRI/SRC/events/01029
EV001030,PG,PG_OR_BILLING,,PAYMENT_POSTED,2023-02-03T15:55:00-08:00,2023-02-06T11:15:37-08:00,10603,USD,,false,TRI/SRC/events/01030
EV001031,PG,PG_OR_BILLING,PG-R00567,SUBMITTED,2022-08-29T12:43:00-07:00,2022-08-29T18:55:18-07:00,12527,USD,,false,TRI/SRC/events/01031
EV001032,PG,PG_OR_BILLING,,PAYMENT_POSTED,2022-09-12T09:44:00-07:00,2022-09-20T14:59:52-07:00,12527,USD,,false,TRI/SRC/events/01032
EV001033,PG,PG_OR_BILLING,PG-R00568,SUBMITTED,2022-09-26T12:29:00-07:00,2022-09-26T16:34:42-07:00,10681,USD,,false,TRI/SRC/events/01033
EV001034,PG,PG_OR_BILLING,,PAYMENT_POSTED,2022-12-05T14:31:00-08:00,2022-12-07T10:39:40-08:00,10681,USD,,false,TRI/SRC/events/01034
EV001035,PG,PG_OR_BILLING,PG-R00569,SUBMITTED,2022-09-22T14:15:00-07:00,2022-09-22T22:13:12-07:00,9715,USD,,false,TRI/SRC/events/01035
EV001036,PG,PG_OR_BILLING,PG-R00570,SUBMITTED,2023-09-13T14:15:00-07:00,2023-09-13T14:32:07-07:00,12129,USD,,false,TRI/SRC/events/01036
EV001037,PG,PG_OR_BILLING,,PAYMENT_POSTED,2023-10-04T15:23:00-07:00,2023-10-06T09:57:42-07:00,12129,USD,,false,TRI/SRC/events/01037
EV001038,PG,PG_OR_BILLING,PG-R00571,SUBMITTED,2023-09-22T07:47:00-07:00,2023-09-30T18:53:23-07:00,10989,USD,,false,TRI/SRC/events/01038
EV001039,PG,PG_OR_BILLING,,PAYMENT_POSTED,2023-10-16T07:18:00-07:00,2023-10-16T09:04:16-07:00,10989,USD,,false,TRI/SRC/events/01039
EV001040,PG,PG_OR_BILLING,PG-R00572,SUBMITTED,2022-08-01T11:16:00-07:00,2022-08-01T15:45:40-07:00,17376,USD,,false,TRI/SRC/events/01040
EV001041,PG,PG_OR_BILLING,,PAYMENT_POSTED,2022-08-12T11:19:00-07:00,2022-08-15T00:18:14-07:00,17376,USD,,false,TRI/SRC/events/01041
EV001042,PG,PG_OR_BILLING,PG-R00573,SUBMITTED,2022-12-21T15:06:00-08:00,2022-12-22T05:26:14-08:00,4974,USD,,false,TRI/SRC/events/01042
EV001043,PG,PG_OR_BILLING,,PAYMENT_POSTED,2023-01-25T14:35:00-08:00,2023-01-27T14:20:05-08:00,4974,USD,,false,TRI/SRC/events/01043
EV001044,PG,PG_OR_BILLING,PG-R00574,SUBMITTED,2023-02-24T08:01:00-08:00,2023-02-24T09:47:36-08:00,65681,USD,,false,TRI/SRC/events/01044
EV001045,PG,PG_OR_BILLING,,PAYMENT_POSTED,2023-03-14T12:09:00-07:00,2023-03-18T03:57:37-07:00,65681,USD,,false,TRI/SRC/events/01045
EV001046,PG,PG_OR_BILLING,PG-R00575,SUBMITTED,2023-03-02T07:21:00-08:00,2023-03-04T21:28:15-08:00,5900,USD,,false,TRI/SRC/events/01046
EV001047,PG,PG_OR_BILLING,,PAYMENT_POSTED,2023-03-21T07:54:00-07:00,2023-03-22T03:06:01-07:00,5900,USD,,false,TRI/SRC/events/01047
EV001048,PG,PG_OR_BILLING,PG-R00576,SUBMITTED,2023-04-18T13:35:00-07:00,2023-04-18T18:51:36-07:00,7253,USD,,false,TRI/SRC/events/01048
EV001049,PG,PG_OR_BILLING,,PAYMENT_POSTED,2023-05-01T15:33:00-07:00,2023-05-03T11:06:43-07:00,7253,USD,,false,TRI/SRC/events/01049
EV001050,PG,PG_OR_BILLING,PG-R00577,SUBMITTED,2023-07-18T11:11:00-07:00,2023-07-23T04:33:48-07:00,22601,USD,,false,TRI/SRC/events/01050
EV001051,PG,PG_OR_BILLING,,PAYMENT_POSTED,2023-07-28T14:51:00-07:00,2023-07-28T15:18:00-07:00,22601,USD,,false,TRI/SRC/events/01051
EV001052,PG,PG_OR_BILLING,PG-R00578,SUBMITTED,2022-09-27T14:10:00-07:00,2022-10-04T21:00:07-07:00,5570,USD,,false,TRI/SRC/events/01052
EV001053,PG,PG_OR_BILLING,,PAYMENT_POSTED,2022-10-17T12:13:00-07:00,2022-10-17T16:00:20-07:00,5570,USD,,false,TRI/SRC/events/01053
EV001054,PG,PG_OR_BILLING,PG-R00579,SUBMITTED,2023-03-14T15:51:00-07:00,2023-03-14T19:06:39-07:00,22332,USD,,false,TRI/SRC/events/01054
EV001055,PG,PG_OR_BILLING,PG-R00580,CORRECTED,2023-03-20T11:42:00-07:00,2023-03-22T02:16:19-07:00,20712,USD,,false,TRI/SRC/events/01055
EV001056,PG,PG_OR_BILLING,PG-R00579,VOID_VERSION,2023-03-20T11:42:00-07:00,2023-03-20T12:22:49-07:00,22332,USD,,false,TRI/SRC/events/01056
EV001057,PG,PG_OR_BILLING,,PAYMENT_POSTED,2023-03-23T11:20:00-07:00,2023-03-23T19:09:07-07:00,20712,USD,,false,TRI/SRC/events/01057
EV001058,PG,PG_OR_BILLING,PG-R00581,SUBMITTED,2022-10-27T12:45:00-07:00,2022-11-04T07:30:03-07:00,41515,USD,,false,TRI/SRC/events/01058
EV001059,PG,PG_OR_BILLING,,PAYMENT_POSTED,2022-11-07T14:42:00-08:00,2022-11-09T15:35:58-08:00,41515,USD,,false,TRI/SRC/events/01059
EV001060,PG,PG_OR_BILLING,PG-R00582,SUBMITTED,2022-12-15T11:54:00-08:00,2022-12-22T09:01:52-08:00,20854,USD,,false,TRI/SRC/events/01060
EV001061,PG,PG_OR_BILLING,PG-R00583,CORRECTED,2022-12-23T09:50:00-08:00,2022-12-25T09:38:30-08:00,24413,USD,,false,TRI/SRC/events/01061
EV001062,PG,PG_OR_BILLING,,PAYMENT_POSTED,2023-02-03T12:59:00-08:00,2023-02-08T21:41:28-08:00,24413,USD,,false,TRI/SRC/events/01062
EV001063,PG,PG_OR_BILLING,PG-R00584,SUBMITTED,2022-07-27T12:25:00-07:00,2022-08-02T22:27:44-07:00,10865,USD,,false,TRI/SRC/events/01063
EV001064,PG,PG_OR_BILLING,,PAYMENT_POSTED,2022-09-20T11:41:00-07:00,2022-09-22T02:46:07-07:00,10865,USD,,false,TRI/SRC/events/01064
EV001065,PG,PG_OR_BILLING,PG-R00585,SUBMITTED,2023-01-09T09:02:00-08:00,2023-01-11T21:18:18-08:00,2688,USD,,false,TRI/SRC/events/01065
EV001066,PG,PG_OR_BILLING,PG-R00586,SUBMITTED,2023-08-30T10:41:00-07:00,2023-09-06T22:52:14-07:00,4514,USD,,false,TRI/SRC/events/01066
EV001067,PG,PG_OR_BILLING,,PAYMENT_POSTED,2023-09-18T07:52:00-07:00,2023-09-18T08:48:51-07:00,4514,USD,,false,TRI/SRC/events/01067
EV001068,PG,PG_OR_BILLING,PG-R00587,SUBMITTED,2023-08-23T09:31:00-07:00,2023-08-28T16:11:09-07:00,6042,USD,,false,TRI/SRC/events/01068
EV001069,PG,PG_OR_BILLING,,PAYMENT_POSTED,2023-09-11T12:20:00-07:00,2023-09-11T16:25:42-07:00,6042,USD,,false,TRI/SRC/events/01069
EV001070,PG,PG_OR_BILLING,PG-R00588,SUBMITTED,2022-10-17T14:38:00-07:00,2022-10-25T22:42:04-07:00,16569,USD,,false,TRI/SRC/events/01070
EV001071,PG,PG_OR_BILLING,PG-R00589,SUBMITTED,2023-03-08T08:18:00-08:00,2023-03-08T12:39:43-08:00,49156,USD,,false,TRI/SRC/events/01071
EV001072,PG,PG_OR_BILLING,,PAYMENT_POSTED,2023-03-17T15:52:00-07:00,2023-03-18T23:18:19-07:00,49156,USD,,false,TRI/SRC/events/01072
EV001073,PG,PG_OR_BILLING,PG-R00590,SUBMITTED,2022-08-01T11:20:00-07:00,2022-08-01T16:45:26-07:00,12595,USD,,false,TRI/SRC/events/01073
EV001074,PG,PG_OR_BILLING,,PAYMENT_POSTED,2022-08-22T13:05:00-07:00,2022-08-24T08:20:56-07:00,12595,USD,,false,TRI/SRC/events/01074
EV001075,PG,PG_OR_BILLING,PG-R00591,SUBMITTED,2023-03-28T13:38:00-07:00,2023-03-28T14:44:14-07:00,7345,USD,,false,TRI/SRC/events/01075
EV001076,PG,PG_OR_BILLING,,PAYMENT_POSTED,2023-04-28T09:43:00-07:00,2023-04-30T20:55:10-07:00,7345,USD,,false,TRI/SRC/events/01076
EV001077,PG,PG_OR_BILLING,PG-R00592,SUBMITTED,2023-03-14T14:29:00-07:00,2023-03-14T16:38:57-07:00,3944,USD,,false,TRI/SRC/events/01077
EV001078,PG,PG_OR_BILLING,,PAYMENT_POSTED,2023-03-27T15:42:00-07:00,2023-03-29T15:54:55-07:00,3944,USD,,false,TRI/SRC/events/01078
EV001079,PG,PG_OR_BILLING,PG-R00593,SUBMITTED,2022-08-08T10:31:00-07:00,2022-08-16T20:55:19-07:00,55713,USD,,false,TRI/SRC/events/01079
EV001080,PG,PG_OR_BILLING,PG-R00594,SUBMITTED,2022-07-20T09:09:00-07:00,2022-07-20T14:55:14-07:00,11823,USD,,false,TRI/SRC/events/01080
EV001081,PG,PG_OR_BILLING,,PAYMENT_POSTED,2022-08-08T07:13:00-07:00,2022-08-09T07:52:14-07:00,11823,USD,,false,TRI/SRC/events/01081
EV001082,PG,PG_OR_BILLING,PG-R00595,SUBMITTED,2023-02-13T09:09:00-08:00,2023-02-19T23:07:28-08:00,13217,USD,,false,TRI/SRC/events/01082
EV001083,PG,PG_OR_BILLING,,PAYMENT_POSTED,2023-02-21T09:16:00-08:00,2023-02-27T14:02:29-08:00,13217,USD,,false,TRI/SRC/events/01083
EV001084,PG,PG_OR_BILLING,PG-R00596,SUBMITTED,2023-04-06T14:54:00-07:00,2023-04-06T19:46:56-07:00,8343,USD,,false,TRI/SRC/events/01084
EV001085,PG,PG_OR_BILLING,,PAYMENT_POSTED,2023-04-24T12:49:00-07:00,2023-04-29T18:30:44-07:00,8343,USD,,false,TRI/SRC/events/01085
EV001086,PG,PG_OR_BILLING,PG-R00597,SUBMITTED,2023-01-17T11:22:00-08:00,2023-01-21T02:30:42-08:00,66340,USD,,false,TRI/SRC/events/01086
EV001087,PG,PG_OR_BILLING,,PAYMENT_POSTED,2023-01-23T13:02:00-08:00,2023-01-23T16:50:27-08:00,66340,USD,,false,TRI/SRC/events/01087
EV001088,PG,PG_OR_BILLING,PG-R00597,PAYMENT_REVERSED,2023-01-27T12:17:00-08:00,2023-01-29T16:28:52-08:00,34462,USD,EV001087,false,TRI/SRC/events/01088
EV001089,PG,PG_OR_BILLING,PG-R00598,SUBMITTED,2023-02-17T10:49:00-08:00,2023-02-19T14:09:14-08:00,52107,USD,,false,TRI/SRC/events/01089
EV001090,PG,PG_OR_BILLING,,PAYMENT_POSTED,2023-03-27T10:13:00-07:00,2023-04-07T10:35:52-07:00,52107,USD,,false,TRI/SRC/events/01090
EV001091,PG,PG_OR_BILLING,PG-R00599,SUBMITTED,2022-12-28T11:38:00-08:00,2023-01-10T18:12:19-08:00,28092,USD,,false,TRI/SRC/events/01091
EV001092,PG,PG_OR_BILLING,PG-R00599,CLOSED_NO_PAYMENT,2023-04-24T10:56:00-07:00,2023-04-24T15:47:07-07:00,,,,true,TRI/SRC/events/01092
EV001093,PG,PG_OR_BILLING,PG-R00600,SUBMITTED,2023-09-18T07:32:00-07:00,2023-09-22T16:08:52-07:00,22520,USD,,false,TRI/SRC/events/01093
EV001094,PG,PG_OR_BILLING,,PAYMENT_POSTED,2023-10-10T13:31:00-07:00,2023-10-25T07:37:52-07:00,22520,USD,,false,TRI/SRC/events/01094
EV001095,PG,PG_OR_BILLING,PG-R00601,SUBMITTED,2023-08-14T11:49:00-07:00,2023-08-14T13:30:54-07:00,19372,USD,,false,TRI/SRC/events/01095
EV001096,PG,PG_OR_BILLING,,PAYMENT_POSTED,2023-08-29T15:59:00-07:00,2023-08-29T16:47:32-07:00,19372,USD,,false,TRI/SRC/events/01096
EV001097,PG,PG_OR_BILLING,PG-R00602,SUBMITTED,2023-08-14T12:36:00-07:00,2023-08-14T17:42:45-07:00,15743,USD,,false,TRI/SRC/events/01097
EV001098,PG,PG_OR_BILLING,PG-R00603,SUBMITTED,2022-08-16T13:12:00-07:00,2022-08-19T17:06:10-07:00,15294,USD,,false,TRI/SRC/events/01098
EV001099,PG,PG_OR_BILLING,,PAYMENT_POSTED,2022-10-03T13:41:00-07:00,2022-10-04T02:16:39-07:00,15294,USD,,false,TRI/SRC/events/01099
EV001100,PG,PG_OR_BILLING,PG-R00604,SUBMITTED,2023-04-03T09:06:00-07:00,2023-04-11T02:19:38-07:00,7575,USD,,false,TRI/SRC/events/01100
EV001101,PG,PG_OR_BILLING,,PAYMENT_POSTED,2023-05-22T15:21:00-07:00,2023-05-22T17:53:27-07:00,7575,USD,,false,TRI/SRC/events/01101
EV001102,PG,PG_OR_BILLING,PG-R00605,SUBMITTED,2023-08-02T12:19:00-07:00,2023-08-08T16:17:34-07:00,40794,USD,,false,TRI/SRC/events/01102
EV001103,PG,PG_OR_BILLING,PG-R00605,CLOSED_NO_PAYMENT,2023-11-10T08:08:00-08:00,2023-11-15T23:37:38-08:00,,,,true,TRI/SRC/events/01103
EV001104,PG,PG_OR_BILLING,PG-R00606,SUBMITTED,2023-08-17T15:52:00-07:00,2023-08-18T22:43:00-07:00,26825,USD,,false,TRI/SRC/events/01104
EV001105,PG,PG_OR_BILLING,PG-R00607,SUBMITTED,2022-10-18T11:44:00-07:00,2022-10-18T18:33:48-07:00,17907,USD,,false,TRI/SRC/events/01105
EV001106,PG,PG_OR_BILLING,,PAYMENT_POSTED,2022-11-24T07:30:00-08:00,2022-11-28T01:02:20-08:00,17907,USD,,false,TRI/SRC/events/01106
EV001107,PG,PG_OR_BILLING,PG-R00608,SUBMITTED,2022-11-16T12:46:00-08:00,2022-11-17T10:53:47-08:00,4517,USD,,false,TRI/SRC/events/01107
EV001108,PG,PG_OR_BILLING,PG-R00609,SUBMITTED,2022-10-17T15:05:00-07:00,2022-10-17T15:11:02-07:00,32575,USD,,false,TRI/SRC/events/01108
EV001109,PG,PG_OR_BILLING,PG-R00610,CORRECTED,2022-10-20T15:26:00-07:00,2022-10-20T19:53:10-07:00,37383,USD,,false,TRI/SRC/events/01109
EV001110,PG,PG_OR_BILLING,PG-R00609,VOID_VERSION,2022-10-20T15:26:00-07:00,2022-10-20T21:34:08-07:00,32575,USD,,false,TRI/SRC/events/01110
EV001111,PG,PG_OR_BILLING,,PAYMENT_POSTED,2022-12-07T15:11:00-08:00,2022-12-08T17:58:19-08:00,37383,USD,,false,TRI/SRC/events/01111
EV001112,PG,PG_OR_BILLING,PG-R00611,SUBMITTED,2023-02-08T11:30:00-08:00,2023-02-08T12:31:58-08:00,3872,USD,,false,TRI/SRC/events/01112
EV001113,PG,PG_OR_BILLING,PG-R00612,CORRECTED,2023-02-15T15:45:00-08:00,2023-02-15T22:43:09-08:00,4992,USD,,false,TRI/SRC/events/01113
EV001114,PG,PG_OR_BILLING,,PAYMENT_POSTED,2023-02-23T08:32:00-08:00,2023-02-23T12:10:57-08:00,4992,USD,,false,TRI/SRC/events/01114
EV001115,PG,PG_OR_BILLING,PG-R00613,SUBMITTED,2023-07-11T14:38:00-07:00,2023-07-11T16:13:36-07:00,31719,USD,,false,TRI/SRC/events/01115
EV001116,PG,PG_OR_BILLING,,PAYMENT_POSTED,2023-09-04T14:32:00-07:00,2023-09-06T11:17:26-07:00,31719,USD,,false,TRI/SRC/events/01116
EV001117,PG,PG_OR_BILLING,PG-R00614,SUBMITTED,2023-08-15T08:08:00-07:00,2023-08-15T10:00:10-07:00,14127,USD,,false,TRI/SRC/events/01117
EV001118,PG,PG_OR_BILLING,,PAYMENT_POSTED,2023-08-30T13:06:00-07:00,2023-08-30T17:05:00-07:00,14127,USD,,false,TRI/SRC/events/01118
EV001119,PG,PG_OR_BILLING,PG-R00615,SUBMITTED,2023-01-02T13:03:00-08:00,2023-01-02T14:03:24-08:00,5493,USD,,false,TRI/SRC/events/01119
EV001120,PG,PG_OR_BILLING,,PAYMENT_POSTED,2023-01-25T15:45:00-08:00,2023-02-02T04:36:52-08:00,5493,USD,,false,TRI/SRC/events/01120
EV001121,PG,PG_OR_BILLING,PG-R00616,SUBMITTED,2023-01-30T01:40:00-08:00,2023-01-30T06:59:57-08:00,13967,USD,,false,TRI/SRC/events/01121
EV001122,PG,PG_OR_BILLING,,PAYMENT_POSTED,2023-02-08T11:31:00-08:00,2023-02-08T12:19:05-08:00,13967,USD,,false,TRI/SRC/events/01122
EV001123,PG,PG_OR_BILLING,PG-R00617,SUBMITTED,2023-01-26T13:08:00-08:00,2023-01-30T10:53:10-08:00,7746,USD,,false,TRI/SRC/events/01123
EV001124,PG,PG_OR_BILLING,,PAYMENT_POSTED,2023-02-02T09:24:00-08:00,2023-02-04T08:54:19-08:00,7746,USD,,false,TRI/SRC/events/01124
EV001125,PG,PG_OR_BILLING,PG-R00618,SUBMITTED,2022-07-06T12:25:00-07:00,2022-07-06T14:03:00-07:00,27457,USD,,false,TRI/SRC/events/01125
EV001126,PG,PG_OR_BILLING,,PAYMENT_POSTED,2022-07-25T15:13:00-07:00,2022-07-25T18:04:10-07:00,27457,USD,,false,TRI/SRC/events/01126
EV001127,PG,PG_OR_BILLING,PG-R00619,SUBMITTED,2023-09-18T11:09:00-07:00,2023-09-18T14:54:26-07:00,13048,USD,,false,TRI/SRC/events/01127
EV001128,PG,PG_OR_BILLING,,PAYMENT_POSTED,2023-10-02T14:14:00-07:00,2023-10-02T15:20:42-07:00,13048,USD,,false,TRI/SRC/events/01128
EV001129,PG,PG_OR_BILLING,PG-R00620,SUBMITTED,2023-08-07T07:51:00-07:00,2023-08-13T11:08:56-07:00,20304,USD,,false,TRI/SRC/events/01129
EV001130,PG,PG_OR_BILLING,,PAYMENT_POSTED,2023-08-21T11:17:00-07:00,2023-08-23T21:12:04-07:00,20304,USD,,false,TRI/SRC/events/01130
EV001131,PG,PG_OR_BILLING,PG-R00621,SUBMITTED,2023-08-21T10:39:00-07:00,2023-08-26T11:32:11-07:00,4335,USD,,false,TRI/SRC/events/01131
EV001132,PG,PG_OR_BILLING,,PAYMENT_POSTED,2023-09-22T13:33:00-07:00,2023-09-26T14:29:04-07:00,4335,USD,,false,TRI/SRC/events/01132
EV001133,PG,PG_OR_BILLING,PG-R00622,SUBMITTED,2023-08-30T08:49:00-07:00,2023-08-30T13:17:38-07:00,6584,USD,,false,TRI/SRC/events/01133
EV001134,PG,PG_OR_BILLING,PG-R00622,CLOSED_NO_PAYMENT,2023-11-16T15:18:00-08:00,2023-11-19T07:30:51-08:00,,,,true,TRI/SRC/events/01134
EV001135,PG,PG_OR_BILLING,PG-R00623,SUBMITTED,2023-02-22T08:29:00-08:00,2023-02-22T09:54:27-08:00,61136,USD,,false,TRI/SRC/events/01135
EV001136,PG,PG_OR_BILLING,PG-R00624,SUBMITTED,2022-12-06T13:44:00-08:00,2022-12-09T15:18:12-08:00,12268,USD,,false,TRI/SRC/events/01136
EV001137,PG,PG_OR_BILLING,PG-R00625,CORRECTED,2022-12-15T15:56:00-08:00,2022-12-18T02:53:45-08:00,11217,USD,,false,TRI/SRC/events/01137
EV001138,PG,PG_OR_BILLING,,PAYMENT_POSTED,2023-01-13T09:11:00-08:00,2023-01-17T05:47:47-08:00,11217,USD,,false,TRI/SRC/events/01138
EV001139,PG,PG_OR_BILLING,PG-R00626,SUBMITTED,2023-07-31T10:57:00-07:00,2023-07-31T11:46:22-07:00,38480,USD,,false,TRI/SRC/events/01139
EV001140,PG,PG_OR_BILLING,,PAYMENT_POSTED,2023-09-04T10:59:00-07:00,2023-09-15T14:31:44-07:00,38480,USD,,false,TRI/SRC/events/01140
EV001141,PG,PG_OR_BILLING,PG-R00627,SUBMITTED,2023-02-06T07:59:00-08:00,2023-02-11T21:56:39-08:00,34715,USD,,false,TRI/SRC/events/01141
EV001142,PG,PG_OR_BILLING,,PAYMENT_POSTED,2023-02-14T09:32:00-08:00,2023-02-21T20:12:42-08:00,34715,USD,,false,TRI/SRC/events/01142
EV001143,PG,PG_OR_BILLING,PG-R00628,SUBMITTED,2022-09-19T13:50:00-07:00,2022-09-25T19:17:26-07:00,5368,USD,,false,TRI/SRC/events/01143
EV001144,PG,PG_OR_BILLING,,PAYMENT_POSTED,2022-10-03T13:04:00-07:00,2022-10-03T16:10:03-07:00,5368,USD,,false,TRI/SRC/events/01144
EV001145,PG,PG_OR_BILLING,PG-R00629,SUBMITTED,2022-09-19T08:53:00-07:00,2022-09-26T07:58:58-07:00,16855,USD,,false,TRI/SRC/events/01145
EV001146,PG,PG_OR_BILLING,PG-R00630,SUBMITTED,2022-10-07T12:56:00-07:00,2022-10-08T19:03:57-07:00,17175,USD,,false,TRI/SRC/events/01146
EV001147,PG,PG_OR_BILLING,,PAYMENT_POSTED,2022-10-21T14:07:00-07:00,2022-10-21T21:25:37-07:00,17175,USD,,false,TRI/SRC/events/01147
EV001148,PG,PG_OR_BILLING,PG-R00631,SUBMITTED,2022-10-04T15:50:00-07:00,2022-10-04T17:55:38-07:00,13729,USD,,false,TRI/SRC/events/01148
EV001149,PG,PG_OR_BILLING,PG-R00632,SUBMITTED,2022-09-08T14:48:00-07:00,2022-09-12T09:50:49-07:00,6142,USD,,false,TRI/SRC/events/01149
EV001150,PG,PG_OR_BILLING,,PAYMENT_POSTED,2022-10-10T13:46:00-07:00,2022-10-12T02:51:29-07:00,6142,USD,,false,TRI/SRC/events/01150
EV001151,PG,PG_OR_BILLING,PG-R00633,SUBMITTED,2023-03-27T05:27:00-07:00,2023-03-27T06:11:38-07:00,7920,USD,,false,TRI/SRC/events/01151
EV001152,PG,PG_OR_BILLING,,PAYMENT_POSTED,2023-05-01T12:42:00-07:00,2023-05-01T17:35:28-07:00,7920,USD,,false,TRI/SRC/events/01152
EV001153,PG,PG_OR_BILLING,PG-R00634,SUBMITTED,2023-04-21T09:17:00-07:00,2023-04-23T00:06:49-07:00,9832,USD,,false,TRI/SRC/events/01153
EV001154,PG,PG_OR_BILLING,,PAYMENT_POSTED,2023-05-22T08:09:00-07:00,2023-06-12T08:09:00-07:00,9832,USD,,false,TRI/SRC/events/01154
EV001155,PG,PG_OR_BILLING,PG-R00635,SUBMITTED,2023-07-17T15:49:00-07:00,2023-07-17T17:30:17-07:00,8859,USD,,false,TRI/SRC/events/01155
EV001156,PG,PG_OR_BILLING,,PAYMENT_POSTED,2023-08-10T08:45:00-07:00,2023-10-27T11:38:26-07:00,8859,USD,,false,TRI/SRC/events/01156
EV001157,PG,PG_OR_BILLING,PG-R00636,SUBMITTED,2023-09-14T12:17:00-07:00,2023-09-21T20:45:00-07:00,13867,USD,,false,TRI/SRC/events/01157
EV001158,PG,PG_OR_BILLING,,PAYMENT_POSTED,2023-11-06T13:17:00-08:00,2024-01-02T00:28:57-08:00,13867,USD,,false,TRI/SRC/events/01158
EV001159,PG,PG_OR_BILLING,PG-R00637,SUBMITTED,2023-03-21T13:54:00-07:00,2023-03-22T12:03:13-07:00,77195,USD,,false,TRI/SRC/events/01159
EV001160,PG,PG_OR_BILLING,,PAYMENT_POSTED,2023-04-18T15:11:00-07:00,2023-04-21T04:17:36-07:00,77195,USD,,false,TRI/SRC/events/01160
EV001161,PG,PG_OR_BILLING,PG-R00638,SUBMITTED,2022-11-04T09:04:00-07:00,2022-11-04T15:03:34-07:00,12859,USD,,false,TRI/SRC/events/01161
EV001162,PG,PG_OR_BILLING,PG-R00639,SUBMITTED,2023-01-24T12:29:00-08:00,2023-01-24T15:38:17-08:00,13726,USD,,false,TRI/SRC/events/01162
EV001163,PG,PG_OR_BILLING,,PAYMENT_POSTED,2023-02-10T14:02:00-08:00,2023-02-12T16:53:19-08:00,13726,USD,,false,TRI/SRC/events/01163
EV001164,PG,PG_OR_BILLING,PG-R00640,SUBMITTED,2022-09-19T07:01:00-07:00,2022-09-19T08:33:21-07:00,4163,USD,,false,TRI/SRC/events/01164
EV001165,PG,PG_OR_BILLING,,PAYMENT_POSTED,2022-10-03T13:01:00-07:00,2022-10-03T20:51:14-07:00,4163,USD,,false,TRI/SRC/events/01165
EV001166,PG,PG_OR_BILLING,PG-R00641,SUBMITTED,2022-09-16T14:04:00-07:00,2022-09-19T23:47:24-07:00,29623,USD,,false,TRI/SRC/events/01166
EV001167,PG,PG_OR_BILLING,PG-R00642,SUBMITTED,2023-04-24T11:07:00-07:00,2023-04-24T16:16:24-07:00,11841,USD,,false,TRI/SRC/events/01167
EV001168,PG,PG_OR_BILLING,,PAYMENT_POSTED,2023-07-31T13:56:00-07:00,2023-08-11T02:51:10-07:00,11841,USD,,false,TRI/SRC/events/01168
EV001169,PG,PG_OR_BILLING,PG-R00643,SUBMITTED,2022-09-26T13:21:00-07:00,2022-10-11T12:51:18-07:00,10649,USD,,false,TRI/SRC/events/01169
EV001170,PG,PG_OR_BILLING,,PAYMENT_POSTED,2022-11-11T11:57:00-08:00,2022-11-11T19:25:34-08:00,10649,USD,,false,TRI/SRC/events/01170
EV001171,PG,PG_OR_BILLING,PG-R00644,SUBMITTED,2023-03-07T15:36:00-08:00,2023-03-09T13:08:04-08:00,29452,USD,,false,TRI/SRC/events/01171
EV001172,PG,PG_OR_BILLING,PG-R00645,CORRECTED,2023-03-09T10:56:00-08:00,2023-03-12T18:03:43-07:00,34777,USD,,false,TRI/SRC/events/01172
EV001173,PG,PG_OR_BILLING,,PAYMENT_POSTED,2023-03-21T12:37:00-07:00,2023-03-21T12:46:39-07:00,34777,USD,,false,TRI/SRC/events/01173
EV001174,PG,PG_OR_BILLING,PG-R00646,SUBMITTED,2023-03-16T09:31:00-07:00,2023-03-16T12:34:40-07:00,13487,USD,,false,TRI/SRC/events/01174
EV001175,PG,PG_OR_BILLING,PG-R00647,SUBMITTED,2023-02-20T08:34:00-08:00,2023-03-12T17:51:49-07:00,29511,USD,,false,TRI/SRC/events/01175
EV001176,PG,PG_OR_BILLING,,PAYMENT_POSTED,2023-03-10T07:51:00-08:00,2023-03-13T17:36:59-07:00,29511,USD,,false,TRI/SRC/events/01176
EV001177,PG,PG_OR_BILLING,PG-R00648,SUBMITTED,2023-02-27T08:41:00-08:00,2023-05-03T14:37:16-07:00,11232,USD,,false,TRI/SRC/events/01177
EV001178,PG,PG_OR_BILLING,,PAYMENT_POSTED,2023-04-03T14:02:00-07:00,2023-04-03T18:49:34-07:00,11232,USD,,false,TRI/SRC/events/01178
EV001179,PG,PG_OR_BILLING,PG-R00649,SUBMITTED,2023-02-27T09:55:00-08:00,2023-03-04T22:39:22-08:00,3191,USD,,false,TRI/SRC/events/01179
EV001180,PG,PG_OR_BILLING,PG-R00650,CORRECTED,2023-03-06T13:23:00-08:00,2023-03-06T16:30:16-08:00,3513,USD,,false,TRI/SRC/events/01180
EV001181,PG,PG_OR_BILLING,,PAYMENT_POSTED,2023-03-20T15:18:00-07:00,2023-03-20T20:48:56-07:00,3513,USD,,false,TRI/SRC/events/01181
EV001182,PG,PG_OR_BILLING,PG-R00651,SUBMITTED,2022-09-05T15:06:00-07:00,2022-09-13T02:06:52-07:00,8869,USD,,false,TRI/SRC/events/01182
EV001183,PG,PG_OR_BILLING,,PAYMENT_POSTED,2022-11-15T07:41:00-08:00,2022-11-22T20:25:32-08:00,8869,USD,,false,TRI/SRC/events/01183
EV001184,PG,PG_OR_BILLING,PG-R00652,SUBMITTED,2022-10-03T14:45:00-07:00,2022-10-10T05:03:21-07:00,9726,USD,,false,TRI/SRC/events/01184
EV001185,PG,PG_OR_BILLING,,PAYMENT_POSTED,2022-10-18T07:06:00-07:00,2022-10-20T11:51:29-07:00,9726,USD,,false,TRI/SRC/events/01185
EV001186,PG,PG_OR_BILLING,PG-R00653,SUBMITTED,2023-08-31T14:07:00-07:00,2023-08-31T16:13:24-07:00,14694,USD,,false,TRI/SRC/events/01186
EV001187,PG,PG_OR_BILLING,,PAYMENT_POSTED,2023-10-09T13:54:00-07:00,2023-10-10T15:39:22-07:00,14694,USD,,false,TRI/SRC/events/01187
EV001188,PG,PG_OR_BILLING,PG-R00654,SUBMITTED,2022-12-08T11:06:00-08:00,2022-12-11T20:19:47-08:00,17270,USD,,false,TRI/SRC/events/01188
EV001189,PG,PG_OR_BILLING,,PAYMENT_POSTED,2022-12-26T13:12:00-08:00,2022-12-26T20:02:21-08:00,17270,USD,,false,TRI/SRC/events/01189
EV001190,PG,PG_OR_BILLING,PG-R00655,SUBMITTED,2023-06-06T13:18:00-07:00,2023-06-06T16:47:22-07:00,25277,USD,,false,TRI/SRC/events/01190
EV001191,PG,PG_OR_BILLING,,PAYMENT_POSTED,2023-07-21T11:54:00-07:00,2023-07-23T16:37:21-07:00,25277,USD,,false,TRI/SRC/events/01191
EV001192,PG,PG_OR_BILLING,PG-R00656,SUBMITTED,2022-07-04T11:39:00-07:00,2022-07-04T14:46:52-07:00,44192,USD,,false,TRI/SRC/events/01192
EV001193,PG,PG_OR_BILLING,PG-R00656,CLOSED_NO_PAYMENT,2022-08-22T07:08:00-07:00,2022-08-27T03:18:01-07:00,,,,true,TRI/SRC/events/01193
EV001194,PG,PG_OR_BILLING,PG-R00657,SUBMITTED,2023-08-21T15:05:00-07:00,2023-08-24T20:23:27-07:00,5653,USD,,false,TRI/SRC/events/01194
EV001195,PG,PG_OR_BILLING,,PAYMENT_POSTED,2023-10-16T08:47:00-07:00,2023-10-18T02:15:38-07:00,5653,USD,,false,TRI/SRC/events/01195
EV001196,PG,PG_OR_BILLING,PG-R00658,SUBMITTED,2022-11-04T11:54:00-07:00,2022-11-05T17:01:32-07:00,9442,USD,,false,TRI/SRC/events/01196
EV001197,PG,PG_OR_BILLING,,PAYMENT_POSTED,2022-11-16T09:43:00-08:00,2022-11-21T11:03:02-08:00,9442,USD,,false,TRI/SRC/events/01197
EV001198,PG,PG_OR_BILLING,PG-R00659,SUBMITTED,2023-05-30T07:08:00-07:00,2023-05-30T08:24:20-07:00,59404,USD,,false,TRI/SRC/events/01198
EV001199,PG,PG_OR_BILLING,,PAYMENT_POSTED,2023-07-19T09:48:00-07:00,2023-07-20T15:46:57-07:00,59404,USD,,false,TRI/SRC/events/01199
EV001200,PG,PG_OR_BILLING,PG-R00660,SUBMITTED,2023-02-20T15:15:00-08:00,2023-02-22T08:49:27-08:00,6849,USD,,false,TRI/SRC/events/01200
EV001201,PG,PG_OR_BILLING,,PAYMENT_POSTED,2023-04-04T08:49:00-07:00,2023-04-06T05:58:10-07:00,6849,USD,,false,TRI/SRC/events/01201
EV001202,PG,PG_OR_BILLING,PG-R00661,SUBMITTED,2023-04-24T12:55:00-07:00,2023-04-27T09:41:27-07:00,19177,USD,,false,TRI/SRC/events/01202
EV001203,PG,PG_OR_BILLING,PG-R00662,CORRECTED,2023-05-02T12:05:00-07:00,2023-05-02T16:47:31-07:00,20599,USD,,false,TRI/SRC/events/01203
EV001204,PG,PG_OR_BILLING,,PAYMENT_POSTED,2023-05-12T11:48:00-07:00,2023-05-12T12:51:58-07:00,20599,USD,,false,TRI/SRC/events/01204
EV001205,PG,PG_OR_BILLING,PG-R00663,SUBMITTED,2023-06-08T08:51:00-07:00,2023-06-13T18:11:05-07:00,25225,USD,,false,TRI/SRC/events/01205
EV001206,PG,PG_OR_BILLING,,PAYMENT_POSTED,2023-07-17T10:26:00-07:00,2023-07-17T15:00:33-07:00,25225,USD,,false,TRI/SRC/events/01206
EV001207,PG,PG_OR_BILLING,PG-R00664,SUBMITTED,2022-10-04T13:50:00-07:00,2022-10-04T14:13:54-07:00,9829,USD,,false,TRI/SRC/events/01207
EV001208,PG,PG_OR_BILLING,,PAYMENT_POSTED,2022-11-23T12:56:00-08:00,2022-11-23T16:07:30-08:00,9829,USD,,false,TRI/SRC/events/01208
EV001209,PG,PG_OR_BILLING,PG-R00665,SUBMITTED,2022-11-08T12:23:00-08:00,2022-11-12T17:20:37-08:00,15269,USD,,false,TRI/SRC/events/01209
EV001210,PG,PG_OR_BILLING,,PAYMENT_POSTED,2022-11-11T08:19:00-08:00,2022-11-17T12:46:43-08:00,15269,USD,,false,TRI/SRC/events/01210
EV001211,PG,PG_OR_BILLING,PG-R00666,SUBMITTED,2023-09-15T11:38:00-07:00,2023-09-15T19:08:03-07:00,8859,USD,,false,TRI/SRC/events/01211
EV001212,PG,PG_OR_BILLING,,PAYMENT_POSTED,2023-10-09T09:07:00-07:00,2023-10-15T13:56:45-07:00,8859,USD,,false,TRI/SRC/events/01212
EV001213,PG,PG_OR_BILLING,PG-R00667,SUBMITTED,2023-05-24T11:06:00-07:00,2023-05-26T17:22:00-07:00,7711,USD,,false,TRI/SRC/events/01213
EV001214,PG,PG_OR_BILLING,,PAYMENT_POSTED,2023-06-05T11:02:00-07:00,2023-06-06T13:49:00-07:00,7711,USD,,false,TRI/SRC/events/01214
EV001215,PG,PG_OR_BILLING,PG-R00668,SUBMITTED,2023-01-16T15:39:00-08:00,2023-01-16T20:49:23-08:00,34494,USD,,false,TRI/SRC/events/01215
EV001216,PG,PG_OR_BILLING,,PAYMENT_POSTED,2023-03-06T14:57:00-08:00,2023-03-06T21:59:03-08:00,34494,USD,,false,TRI/SRC/events/01216
EV001217,PG,PG_OR_BILLING,PG-R00669,SUBMITTED,2023-06-20T12:52:00-07:00,2023-06-25T12:40:17-07:00,18164,USD,,false,TRI/SRC/events/01217
EV001218,PG,PG_OR_BILLING,PG-R00670,CORRECTED,2023-06-21T14:31:00-07:00,2023-06-23T21:18:46-07:00,16239,USD,,false,TRI/SRC/events/01218
EV001219,PG,PG_OR_BILLING,,PAYMENT_POSTED,2023-06-28T08:00:00-07:00,2023-06-28T10:19:34-07:00,16239,USD,,false,TRI/SRC/events/01219
EV001220,PG,PG_OR_BILLING,PG-R00671,SUBMITTED,2023-06-19T15:40:00-07:00,2023-06-21T12:43:49-07:00,7702,USD,,false,TRI/SRC/events/01220
EV001221,PG,PG_OR_BILLING,PG-R00672,SUBMITTED,2022-10-18T15:56:00-07:00,2022-10-22T10:47:01-07:00,23657,USD,,false,TRI/SRC/events/01221
EV001222,PG,PG_OR_BILLING,,PAYMENT_POSTED,2022-11-07T10:53:00-08:00,2022-11-07T13:40:56-08:00,23657,USD,,false,TRI/SRC/events/01222
EV001223,PG,PG_OR_BILLING,PG-R00673,SUBMITTED,2022-07-29T12:00:00-07:00,2022-07-29T12:49:47-07:00,7630,USD,,false,TRI/SRC/events/01223
EV001224,PG,PG_OR_BILLING,,PAYMENT_POSTED,2022-08-16T07:43:00-07:00,2022-08-16T12:32:08-07:00,7630,USD,,false,TRI/SRC/events/01224
EV001225,PG,PG_OR_BILLING,PG-R00674,SUBMITTED,2022-10-10T10:47:00-07:00,2022-10-11T10:07:01-07:00,13249,USD,,false,TRI/SRC/events/01225
EV001226,PG,PG_OR_BILLING,,PAYMENT_POSTED,2022-11-25T09:24:00-08:00,2022-11-25T10:39:01-08:00,13249,USD,,false,TRI/SRC/events/01226
EV001227,PG,PG_OR_BILLING,PG-R00675,SUBMITTED,2022-10-05T09:08:00-07:00,2022-10-07T13:38:40-07:00,7032,USD,,false,TRI/SRC/events/01227
EV001228,PG,PG_OR_BILLING,PG-R00676,SUBMITTED,2023-01-04T10:26:00-08:00,2023-01-06T17:54:11-08:00,11148,USD,,false,TRI/SRC/events/01228
EV001229,PG,PG_OR_BILLING,,PAYMENT_POSTED,2023-01-30T07:06:00-08:00,2023-01-30T18:17:45-08:00,11148,USD,,false,TRI/SRC/events/01229
EV001230,PG,PG_OR_BILLING,PG-R00677,SUBMITTED,2022-09-05T09:39:00-07:00,2022-09-17T22:51:59-07:00,24686,USD,,false,TRI/SRC/events/01230
EV001231,PG,PG_OR_BILLING,PG-R00678,SUBMITTED,2023-01-13T07:22:00-08:00,2023-01-23T00:42:21-08:00,201876,USD,,false,TRI/SRC/events/01231
EV001232,PG,PG_OR_BILLING,,PAYMENT_POSTED,2023-02-22T11:53:00-08:00,2023-02-22T19:24:14-08:00,201876,USD,,false,TRI/SRC/events/01232
EV001233,PG,PG_OR_BILLING,PG-R00679,SUBMITTED,2023-02-28T13:22:00-08:00,2023-02-28T17:48:36-08:00,3488,USD,,false,TRI/SRC/events/01233
EV001234,PG,PG_OR_BILLING,,PAYMENT_POSTED,2023-03-24T12:19:00-07:00,2023-03-27T23:48:09-07:00,3488,USD,,false,TRI/SRC/events/01234
EV001235,PG,PG_OR_BILLING,PG-R00680,SUBMITTED,2023-06-06T09:06:00-07:00,2023-06-09T15:58:06-07:00,40033,USD,,false,TRI/SRC/events/01235
EV001236,PG,PG_OR_BILLING,,PAYMENT_POSTED,2023-07-10T15:51:00-07:00,2023-07-12T02:28:11-07:00,40033,USD,,false,TRI/SRC/events/01236
EV001237,PG,PG_OR_BILLING,PG-R00681,SUBMITTED,2023-09-29T15:35:00-07:00,2023-10-02T07:23:58-07:00,5130,USD,,false,TRI/SRC/events/01237
EV001238,PG,PG_OR_BILLING,,PAYMENT_POSTED,2023-10-27T09:24:00-07:00,2023-10-29T07:40:38-07:00,5130,USD,,false,TRI/SRC/events/01238
EV001239,PG,PG_OR_BILLING,PG-R00682,SUBMITTED,2023-08-14T14:31:00-07:00,2023-08-21T20:18:49-07:00,8877,USD,,false,TRI/SRC/events/01239
EV001240,PG,PG_OR_BILLING,,PAYMENT_POSTED,2023-08-21T09:19:00-07:00,2023-08-21T14:22:21-07:00,8877,USD,,false,TRI/SRC/events/01240
EV001241,PG,PG_OR_BILLING,PG-R00683,SUBMITTED,2023-08-14T11:44:00-07:00,2023-08-16T05:53:07-07:00,15938,USD,,false,TRI/SRC/events/01241
EV001242,PG,PG_OR_BILLING,PG-R00684,SUBMITTED,2022-11-29T08:30:00-08:00,2022-11-29T12:27:15-08:00,23245,USD,,false,TRI/SRC/events/01242
EV001243,PG,PG_OR_BILLING,,PAYMENT_POSTED,2022-12-27T10:59:00-08:00,2022-12-28T12:15:35-08:00,23245,USD,,false,TRI/SRC/events/01243
EV001244,PG,PG_OR_BILLING,PG-R00685,SUBMITTED,2022-08-22T14:13:00-07:00,2022-08-22T16:35:56-07:00,6582,USD,,false,TRI/SRC/events/01244
EV001245,PG,PG_OR_BILLING,PG-R00686,CORRECTED,2022-08-29T13:10:00-07:00,2022-09-07T18:13:54-07:00,6599,USD,,false,TRI/SRC/events/01245
EV001246,PG,PG_OR_BILLING,,PAYMENT_POSTED,2022-10-03T07:17:00-07:00,2022-10-05T05:46:02-07:00,6599,USD,,false,TRI/SRC/events/01246
EV001247,PG,PG_OR_BILLING,PG-R00687,SUBMITTED,2023-04-10T15:16:00-07:00,2023-04-12T11:41:43-07:00,99032,USD,,false,TRI/SRC/events/01247
EV001248,PG,PG_OR_BILLING,PG-R00687,CLOSED_NO_PAYMENT,2023-07-31T13:46:00-07:00,2023-07-31T14:18:57-07:00,,,,true,TRI/SRC/events/01248
EV001249,PG,PG_OR_BILLING,PG-R00688,SUBMITTED,2023-07-24T13:31:00-07:00,2023-07-24T19:09:08-07:00,34080,USD,,false,TRI/SRC/events/01249
EV001250,PG,PG_OR_BILLING,,PAYMENT_POSTED,2023-07-31T15:13:00-07:00,2023-08-02T04:55:32-07:00,34080,USD,,false,TRI/SRC/events/01250
EV001251,PG,PG_OR_BILLING,PG-R00689,SUBMITTED,2023-02-20T10:48:00-08:00,2023-02-22T08:24:16-08:00,4716,USD,,false,TRI/SRC/events/01251
EV001252,PG,PG_OR_BILLING,,PAYMENT_POSTED,2023-02-27T09:16:00-08:00,2023-02-27T16:56:31-08:00,4716,USD,,false,TRI/SRC/events/01252
EV001253,PG,PG_OR_BILLING,PG-R00690,SUBMITTED,2022-11-23T13:40:00-08:00,2022-11-23T14:59:50-08:00,34980,USD,,false,TRI/SRC/events/01253
EV001254,PG,PG_OR_BILLING,,PAYMENT_POSTED,2022-12-05T13:31:00-08:00,2022-12-06T06:38:58-08:00,34980,USD,,false,TRI/SRC/events/01254
EV001255,PG,PG_OR_BILLING,PG-R00691,SUBMITTED,2022-10-12T08:33:00-07:00,2022-10-12T12:49:05-07:00,14675,USD,,false,TRI/SRC/events/01255
EV001256,PG,PG_OR_BILLING,PG-R00692,SUBMITTED,2022-07-06T07:44:00-07:00,2022-07-08T05:59:34-07:00,3606,USD,,false,TRI/SRC/events/01256
EV001257,PG,PG_OR_BILLING,,PAYMENT_POSTED,2022-07-20T11:03:00-07:00,2022-07-31T04:23:27-07:00,3606,USD,,false,TRI/SRC/events/01257
EV001258,PG,PG_OR_BILLING,PG-R00693,SUBMITTED,2022-10-14T15:15:00-07:00,2022-10-17T15:06:23-07:00,3792,USD,,false,TRI/SRC/events/01258
EV001259,PG,PG_OR_BILLING,,PAYMENT_POSTED,2022-11-01T14:29:00-07:00,2022-11-04T08:42:38-07:00,3792,USD,,false,TRI/SRC/events/01259
EV001260,PG,PG_OR_BILLING,PG-R00694,SUBMITTED,2022-11-21T13:45:00-08:00,2022-11-21T14:13:54-08:00,10706,USD,,false,TRI/SRC/events/01260
EV001261,PG,PG_OR_BILLING,,PAYMENT_POSTED,2022-12-13T12:30:00-08:00,2022-12-14T00:09:44-08:00,10706,USD,,false,TRI/SRC/events/01261
EV001262,PG,PG_OR_BILLING,PG-R00695,SUBMITTED,2023-07-03T07:49:00-07:00,2023-07-03T10:00:56-07:00,54267,USD,,false,TRI/SRC/events/01262
EV001263,PG,PG_OR_BILLING,,PAYMENT_POSTED,2023-07-25T13:56:00-07:00,2023-07-26T21:36:03-07:00,54267,USD,,false,TRI/SRC/events/01263
EV001264,PG,PG_OR_BILLING,PG-R00696,SUBMITTED,2022-11-01T12:08:00-07:00,2022-11-01T14:00:03-07:00,4336,USD,,false,TRI/SRC/events/01264
EV001265,PG,PG_OR_BILLING,,PAYMENT_POSTED,2022-12-05T07:42:00-08:00,2022-12-13T00:40:51-08:00,4336,USD,,false,TRI/SRC/events/01265
EV001266,PG,PG_OR_BILLING,PG-R00697,SUBMITTED,2023-03-16T07:25:00-07:00,2023-03-16T11:14:51-07:00,5571,USD,,false,TRI/SRC/events/01266
EV001267,PG,PG_OR_BILLING,,PAYMENT_POSTED,2023-04-17T12:31:00-07:00,2023-04-20T04:19:24-07:00,5571,USD,,false,TRI/SRC/events/01267
EV001268,PG,PG_OR_BILLING,PG-R00697,PAYMENT_REVERSED,2023-04-24T15:44:00-07:00,2023-04-28T14:07:51-07:00,4197,USD,EV001267,false,TRI/SRC/events/01268
EV001269,PG,PG_OR_BILLING,PG-R00698,SUBMITTED,2023-01-17T13:46:00-08:00,2023-01-17T21:35:29-08:00,9967,USD,,false,TRI/SRC/events/01269
EV001270,PG,PG_OR_BILLING,PG-R00699,SUBMITTED,2022-11-04T12:04:00-07:00,2022-11-11T22:18:18-08:00,11055,USD,,false,TRI/SRC/events/01270
EV001271,PG,PG_OR_BILLING,,PAYMENT_POSTED,2022-12-12T13:38:00-08:00,2022-12-20T07:02:15-08:00,11055,USD,,false,TRI/SRC/events/01271
EV001272,PG,PG_OR_BILLING,PG-R00700,SUBMITTED,2023-02-17T09:02:00-08:00,2023-02-18T18:51:08-08:00,7500,USD,,false,TRI/SRC/events/01272
EV001273,PG,PG_OR_BILLING,,PAYMENT_POSTED,2023-05-01T08:36:00-07:00,2023-05-01T10:25:12-07:00,7500,USD,,false,TRI/SRC/events/01273
EV001274,PG,PG_OR_BILLING,PG-R00701,SUBMITTED,2022-10-24T09:11:00-07:00,2022-10-24T09:19:13-07:00,35413,USD,,false,TRI/SRC/events/01274
EV001275,PG,PG_OR_BILLING,PG-R00701,CLOSED_NO_PAYMENT,2023-01-27T08:36:00-08:00,2023-01-30T07:49:59-08:00,,,,true,TRI/SRC/events/01275
EV001276,PG,PG_OR_BILLING,PG-R00702,SUBMITTED,2022-07-25T07:29:00-07:00,2022-07-30T06:48:33-07:00,13567,USD,,false,TRI/SRC/events/01276
EV001277,PG,PG_OR_BILLING,,PAYMENT_POSTED,2022-08-01T12:38:00-07:00,2022-08-04T08:54:47-07:00,13567,USD,,false,TRI/SRC/events/01277
EV001278,PG,PG_OR_BILLING,PG-R00703,SUBMITTED,2023-03-24T11:28:00-07:00,2023-03-25T03:21:50-07:00,37161,USD,,false,TRI/SRC/events/01278
EV001279,PG,PG_OR_BILLING,,PAYMENT_POSTED,2023-04-10T07:29:00-07:00,2023-04-10T09:20:10-07:00,37161,USD,,false,TRI/SRC/events/01279
EV001280,PG,PG_OR_BILLING,PG-R00704,SUBMITTED,2023-06-26T08:23:00-07:00,2023-06-26T09:34:06-07:00,10544,USD,,false,TRI/SRC/events/01280
EV001281,PG,PG_OR_BILLING,,PAYMENT_POSTED,2023-07-17T12:37:00-07:00,2023-07-17T13:45:08-07:00,10544,USD,,false,TRI/SRC/events/01281
EV001282,PG,PG_OR_BILLING,PG-R00705,SUBMITTED,2023-09-04T12:37:00-07:00,2023-09-04T16:35:01-07:00,11948,USD,,false,TRI/SRC/events/01282
EV001283,PG,PG_OR_BILLING,PG-R00705,CLOSED_NO_PAYMENT,2023-11-08T13:30:00-08:00,2023-11-10T08:35:01-08:00,,,,true,TRI/SRC/events/01283
EV001284,PG,PG_OR_BILLING,PG-R00706,SUBMITTED,2023-07-31T08:37:00-07:00,2023-07-31T16:07:43-07:00,25179,USD,,false,TRI/SRC/events/01284
EV001285,PG,PG_OR_BILLING,,PAYMENT_POSTED,2023-08-17T15:08:00-07:00,2023-08-17T18:22:37-07:00,25179,USD,,false,TRI/SRC/events/01285
EV001286,PG,PG_OR_BILLING,PG-R00707,SUBMITTED,2022-08-02T11:58:00-07:00,2022-08-08T18:34:56-07:00,2500,USD,,false,TRI/SRC/events/01286
EV001287,PG,PG_OR_BILLING,,PAYMENT_POSTED,2022-09-19T10:39:00-07:00,2022-09-19T17:19:00-07:00,2500,USD,,false,TRI/SRC/events/01287
EV001288,PG,PG_OR_BILLING,PG-R00708,SUBMITTED,2022-11-07T08:38:00-08:00,2022-11-10T02:28:15-08:00,18176,USD,,false,TRI/SRC/events/01288
EV001289,PG,PG_OR_BILLING,,PAYMENT_POSTED,2022-11-28T10:04:00-08:00,2022-11-29T00:40:20-08:00,18176,USD,,false,TRI/SRC/events/01289
EV001290,PG,PG_OR_BILLING,PG-R00709,SUBMITTED,2023-08-10T07:21:00-07:00,2023-08-10T08:11:41-07:00,4680,USD,,false,TRI/SRC/events/01290
EV001291,PG,PG_OR_BILLING,,PAYMENT_POSTED,2023-08-24T08:06:00-07:00,2023-08-26T08:13:45-07:00,4680,USD,,false,TRI/SRC/events/01291
EV001292,PG,PG_OR_BILLING,PG-R00710,SUBMITTED,2022-10-18T12:41:00-07:00,2022-10-27T17:09:59-07:00,83374,USD,,false,TRI/SRC/events/01292
EV001293,PG,PG_OR_BILLING,,PAYMENT_POSTED,2022-11-14T14:47:00-08:00,2022-11-21T13:40:31-08:00,83374,USD,,false,TRI/SRC/events/01293
EV001294,PG,PG_OR_BILLING,PG-R00711,SUBMITTED,2023-05-01T13:47:00-07:00,2023-05-01T22:23:40-07:00,14118,USD,,false,TRI/SRC/events/01294
EV001295,PG,PG_OR_BILLING,,PAYMENT_POSTED,2023-05-15T15:46:00-07:00,2023-05-15T17:02:07-07:00,14118,USD,,false,TRI/SRC/events/01295
EV001296,PG,PG_OR_BILLING,PG-R00712,SUBMITTED,2023-05-31T07:53:00-07:00,2023-06-02T02:47:59-07:00,4767,USD,,false,TRI/SRC/events/01296
EV001297,PG,PG_OR_BILLING,,PAYMENT_POSTED,2023-06-09T14:13:00-07:00,2023-06-11T14:34:33-07:00,4767,USD,,false,TRI/SRC/events/01297
EV001298,PG,PG_OR_BILLING,PG-R00713,SUBMITTED,2023-07-26T10:11:00-07:00,2023-07-26T17:42:30-07:00,2500,USD,,false,TRI/SRC/events/01298
EV001299,PG,PG_OR_BILLING,,PAYMENT_POSTED,2023-08-07T10:45:00-07:00,2023-08-07T12:32:12-07:00,2500,USD,,false,TRI/SRC/events/01299
EV001300,PG,PG_OR_BILLING,PG-R00714,SUBMITTED,2023-05-09T13:55:00-07:00,2023-05-09T19:25:29-07:00,55116,USD,,false,TRI/SRC/events/01300
EV001301,PG,PG_OR_BILLING,PG-R00714,CLOSED_NO_PAYMENT,2023-08-14T10:41:00-07:00,2023-08-16T18:35:32-07:00,,,,true,TRI/SRC/events/01301
EV001302,PG,PG_OR_BILLING,PG-R00715,SUBMITTED,2023-02-28T12:38:00-08:00,2023-02-28T18:18:10-08:00,46842,USD,,false,TRI/SRC/events/01302
EV001303,PG,PG_OR_BILLING,,PAYMENT_POSTED,2023-04-21T10:22:00-07:00,2023-04-22T01:40:34-07:00,46842,USD,,false,TRI/SRC/events/01303
EV001304,PG,PG_OR_BILLING,PG-R00716,SUBMITTED,2023-01-16T10:44:00-08:00,2023-01-16T17:53:05-08:00,24921,USD,,false,TRI/SRC/events/01304
EV001305,PG,PG_OR_BILLING,,PAYMENT_POSTED,2023-02-08T07:16:00-08:00,2023-02-08T07:25:13-08:00,24921,USD,,false,TRI/SRC/events/01305
EV001306,PG,PG_OR_BILLING,PG-R00717,SUBMITTED,2023-08-14T13:16:00-07:00,2023-08-19T12:06:27-07:00,11690,USD,,false,TRI/SRC/events/01306
EV001307,PG,PG_OR_BILLING,,PAYMENT_POSTED,2023-08-28T10:21:00-07:00,2023-08-28T12:44:33-07:00,11690,USD,,false,TRI/SRC/events/01307
EV001308,PG,PG_OR_BILLING,PG-R00718,SUBMITTED,2022-12-06T10:51:00-08:00,2022-12-06T13:46:50-08:00,51854,USD,,false,TRI/SRC/events/01308
EV001309,PG,PG_OR_BILLING,PG-R00719,SUBMITTED,2022-08-09T13:50:00-07:00,2022-08-09T18:52:10-07:00,20731,USD,,false,TRI/SRC/events/01309
EV001310,PG,PG_OR_BILLING,,PAYMENT_POSTED,2022-09-19T09:02:00-07:00,2022-09-19T16:31:22-07:00,20731,USD,,false,TRI/SRC/events/01310
EV001311,PG,PG_OR_BILLING,PG-R00720,SUBMITTED,2022-08-08T14:44:00-07:00,2022-08-08T20:32:00-07:00,12821,USD,,false,TRI/SRC/events/01311
EV001312,PG,PG_OR_BILLING,PG-R00721,SUBMITTED,2023-04-19T10:44:00-07:00,2023-04-21T10:47:24-07:00,124101,USD,,false,TRI/SRC/events/01312
EV001313,PG,PG_OR_BILLING,PG-R00722,CORRECTED,2023-04-24T15:53:00-07:00,2023-04-27T01:41:41-07:00,134225,USD,,false,TRI/SRC/events/01313
EV001314,PG,PG_OR_BILLING,PG-R00722,CLOSED_NO_PAYMENT,2023-07-26T14:33:00-07:00,2023-07-26T16:22:40-07:00,,,,true,TRI/SRC/events/01314
EV001315,PG,PG_OR_BILLING,PG-R00723,SUBMITTED,2023-09-18T12:24:00-07:00,2023-09-18T17:46:32-07:00,44966,USD,,false,TRI/SRC/events/01315
EV001316,PG,PG_OR_BILLING,,PAYMENT_POSTED,2023-09-25T11:24:00-07:00,2023-09-27T22:34:39-07:00,44966,USD,,false,TRI/SRC/events/01316
EV001317,PG,PG_OR_BILLING,PG-R00724,SUBMITTED,2023-03-06T14:02:00-08:00,2023-03-06T15:34:22-08:00,8188,USD,,false,TRI/SRC/events/01317
EV001318,PG,PG_OR_BILLING,,PAYMENT_POSTED,2023-03-27T14:28:00-07:00,2023-03-27T20:59:18-07:00,8188,USD,,false,TRI/SRC/events/01318
EV001319,PG,PG_OR_BILLING,PG-R00725,SUBMITTED,2022-08-12T07:00:00-07:00,2022-08-12T11:24:16-07:00,20151,USD,,false,TRI/SRC/events/01319
EV001320,PG,PG_OR_BILLING,PG-R00726,SUBMITTED,2022-09-30T12:08:00-07:00,2022-09-30T12:35:24-07:00,22958,USD,,false,TRI/SRC/events/01320
EV001321,PG,PG_OR_BILLING,,PAYMENT_POSTED,2022-10-19T09:58:00-07:00,2022-10-19T14:37:29-07:00,22958,USD,,false,TRI/SRC/events/01321
EV001322,PG,PG_OR_BILLING,PG-R00727,SUBMITTED,2023-09-18T10:15:00-07:00,2023-09-23T17:57:07-07:00,64705,USD,,false,TRI/SRC/events/01322
EV001323,PG,PG_OR_BILLING,,PAYMENT_POSTED,2023-09-25T14:07:00-07:00,2023-09-25T19:22:33-07:00,64705,USD,,false,TRI/SRC/events/01323
EV001324,PG,PG_OR_BILLING,PG-R00728,SUBMITTED,2022-11-18T10:39:00-08:00,2022-11-22T09:39:23-08:00,13533,USD,,false,TRI/SRC/events/01324
EV001325,PG,PG_OR_BILLING,,PAYMENT_POSTED,2023-01-30T13:34:00-08:00,2023-01-30T16:05:52-08:00,13533,USD,,false,TRI/SRC/events/01325
EV001326,PG,PG_OR_BILLING,PG-R00729,SUBMITTED,2022-11-14T08:25:00-08:00,2022-11-14T10:13:25-08:00,16051,USD,,false,TRI/SRC/events/01326
EV001327,PG,PG_OR_BILLING,PG-R00730,SUBMITTED,2022-12-26T14:08:00-08:00,2022-12-27T16:12:31-08:00,33637,USD,,false,TRI/SRC/events/01327
EV001328,PG,PG_OR_BILLING,,PAYMENT_POSTED,2023-01-16T15:18:00-08:00,2023-01-20T19:40:11-08:00,33637,USD,,false,TRI/SRC/events/01328
EV001329,PG,PG_OR_BILLING,PG-R00731,SUBMITTED,2023-07-14T12:10:00-07:00,2023-07-15T16:31:10-07:00,31948,USD,,false,TRI/SRC/events/01329
EV001330,PG,PG_OR_BILLING,,PAYMENT_POSTED,2023-07-19T10:53:00-07:00,2023-07-21T19:10:55-07:00,31948,USD,,false,TRI/SRC/events/01330
EV001331,PG,PG_OR_BILLING,PG-R00732,SUBMITTED,2022-10-10T10:16:00-07:00,2022-10-10T15:10:28-07:00,7371,USD,,false,TRI/SRC/events/01331
EV001332,PG,PG_OR_BILLING,,PAYMENT_POSTED,2022-10-18T08:58:00-07:00,2022-10-21T04:21:35-07:00,7371,USD,,false,TRI/SRC/events/01332
EV001333,PG,PG_OR_BILLING,PG-R00733,SUBMITTED,2023-07-25T14:29:00-07:00,2023-08-02T02:00:25-07:00,30011,USD,,false,TRI/SRC/events/01333
EV001334,PG,PG_OR_BILLING,PG-R00734,CORRECTED,2023-08-03T07:07:00-07:00,2023-08-19T10:18:15-07:00,35166,USD,,false,TRI/SRC/events/01334
EV001335,PG,PG_OR_BILLING,PG-R00733,VOID_VERSION,2023-08-03T07:07:00-07:00,2023-08-16T02:49:41-07:00,30011,USD,,false,TRI/SRC/events/01335
EV001336,PG,PG_OR_BILLING,,PAYMENT_POSTED,2023-10-09T09:32:00-07:00,2023-10-15T04:11:10-07:00,35166,USD,,false,TRI/SRC/events/01336
EV001337,PG,PG_OR_BILLING,PG-R00735,SUBMITTED,2022-07-11T13:22:00-07:00,2022-07-16T02:12:13-07:00,4976,USD,,false,TRI/SRC/events/01337
EV001338,PG,PG_OR_BILLING,,PAYMENT_POSTED,2022-08-05T09:45:00-07:00,2022-08-05T15:13:17-07:00,4976,USD,,false,TRI/SRC/events/01338
EV001339,PG,PG_OR_BILLING,PG-R00736,SUBMITTED,2023-06-20T08:53:00-07:00,2023-09-03T08:27:39-07:00,18326,USD,,false,TRI/SRC/events/01339
EV001340,PG,PG_OR_BILLING,,PAYMENT_POSTED,2023-08-07T07:18:00-07:00,2023-08-12T02:12:36-07:00,18326,USD,,false,TRI/SRC/events/01340
EV001341,PG,PG_OR_BILLING,PG-R00737,SUBMITTED,2023-04-24T15:56:00-07:00,2023-04-24T22:56:50-07:00,5127,USD,,false,TRI/SRC/events/01341
EV001342,PG,PG_OR_BILLING,,PAYMENT_POSTED,2023-05-08T08:33:00-07:00,2023-05-08T12:29:29-07:00,5127,USD,,false,TRI/SRC/events/01342
EV001343,PG,PG_OR_BILLING,PG-R00738,SUBMITTED,2023-07-24T13:08:00-07:00,2023-07-25T23:16:05-07:00,69082,USD,,false,TRI/SRC/events/01343
EV001344,PG,PG_OR_BILLING,,PAYMENT_POSTED,2023-08-10T13:21:00-07:00,2023-08-10T17:25:26-07:00,69082,USD,,false,TRI/SRC/events/01344
EV001345,PG,PG_OR_BILLING,PG-R00739,SUBMITTED,2023-07-31T14:43:00-07:00,2023-07-31T22:42:04-07:00,13346,USD,,false,TRI/SRC/events/01345
EV001346,PG,PG_OR_BILLING,,PAYMENT_POSTED,2023-09-05T13:38:00-07:00,2023-09-06T03:23:20-07:00,13346,USD,,false,TRI/SRC/events/01346
EV001347,PG,PG_OR_BILLING,PG-R00740,SUBMITTED,2022-10-03T07:03:00-07:00,2022-10-03T08:48:39-07:00,12517,USD,,false,TRI/SRC/events/01347
EV001348,PG,PG_OR_BILLING,,PAYMENT_POSTED,2022-10-19T14:39:00-07:00,2022-10-22T22:54:36-07:00,12517,USD,,false,TRI/SRC/events/01348
EV001349,PG,PG_OR_BILLING,PG-R00741,SUBMITTED,2023-08-01T12:37:00-07:00,2023-08-22T12:37:00-07:00,4928,USD,,false,TRI/SRC/events/01349
EV001350,PG,PG_OR_BILLING,,PAYMENT_POSTED,2023-09-07T11:38:00-07:00,2023-09-07T16:26:36-07:00,4928,USD,,false,TRI/SRC/events/01350
EV001351,PG,PG_OR_BILLING,PG-R00742,SUBMITTED,2023-03-16T14:50:00-07:00,2023-03-18T02:33:04-07:00,15330,USD,,false,TRI/SRC/events/01351
EV001352,PG,PG_OR_BILLING,PG-R00743,CORRECTED,2023-03-27T13:08:00-07:00,2023-03-31T02:55:00-07:00,16358,USD,,false,TRI/SRC/events/01352
EV001353,PG,PG_OR_BILLING,PG-R00743,CLOSED_NO_PAYMENT,2023-06-05T12:12:00-07:00,2023-06-09T14:03:12-07:00,,,,true,TRI/SRC/events/01353
EV001354,PG,PG_OR_BILLING,PG-R00744,SUBMITTED,2022-07-13T13:29:00-07:00,2022-07-13T14:12:15-07:00,13207,USD,,false,TRI/SRC/events/01354
EV001355,PG,PG_OR_BILLING,,PAYMENT_POSTED,2022-08-29T10:27:00-07:00,2022-09-02T10:46:25-07:00,13207,USD,,false,TRI/SRC/events/01355
EV001356,PG,PG_OR_BILLING,PG-R00745,SUBMITTED,2022-11-11T07:28:00-08:00,2022-11-14T14:58:47-08:00,5060,USD,,false,TRI/SRC/events/01356
EV001357,PG,PG_OR_BILLING,,PAYMENT_POSTED,2022-12-07T07:20:00-08:00,2022-12-07T14:37:08-08:00,5060,USD,,false,TRI/SRC/events/01357
EV001358,PG,PG_OR_BILLING,PG-R00746,SUBMITTED,2023-07-17T11:48:00-07:00,2023-07-17T17:36:28-07:00,18431,USD,,false,TRI/SRC/events/01358
EV001359,PG,PG_OR_BILLING,,PAYMENT_POSTED,2023-09-18T13:50:00-07:00,2023-09-18T17:02:18-07:00,18431,USD,,false,TRI/SRC/events/01359
EV001360,PG,PG_OR_BILLING,PG-R00747,SUBMITTED,2022-12-20T15:13:00-08:00,2022-12-24T05:44:38-08:00,23965,USD,,false,TRI/SRC/events/01360
EV001361,PG,PG_OR_BILLING,,PAYMENT_POSTED,2023-01-23T10:43:00-08:00,2023-01-24T16:40:53-08:00,23965,USD,,false,TRI/SRC/events/01361
EV001362,PG,PG_OR_BILLING,PG-R00748,SUBMITTED,2023-04-05T14:33:00-07:00,2023-04-11T03:42:46-07:00,86538,USD,,false,TRI/SRC/events/01362
EV001363,PG,PG_OR_BILLING,,PAYMENT_POSTED,2023-04-20T09:12:00-07:00,2023-04-20T12:44:34-07:00,86538,USD,,false,TRI/SRC/events/01363
EV001364,PG,PG_OR_BILLING,PG-R00749,SUBMITTED,2022-10-24T14:07:00-07:00,2022-10-24T15:12:04-07:00,18892,USD,,false,TRI/SRC/events/01364
EV001365,PG,PG_OR_BILLING,,PAYMENT_POSTED,2022-12-07T13:18:00-08:00,2022-12-07T14:26:11-08:00,18892,USD,,false,TRI/SRC/events/01365
EV001366,PG,PG_OR_BILLING,PG-R00750,SUBMITTED,2023-08-17T12:23:00-07:00,2023-08-19T22:10:30-07:00,157885,USD,,false,TRI/SRC/events/01366
EV001367,PG,PG_OR_BILLING,PG-R00751,SUBMITTED,2022-07-20T09:49:00-07:00,2022-07-20T13:26:08-07:00,33158,USD,,false,TRI/SRC/events/01367
EV001368,PG,PG_OR_BILLING,,PAYMENT_POSTED,2022-08-08T08:18:00-07:00,2022-08-08T12:35:06-07:00,33158,USD,,false,TRI/SRC/events/01368
EV001369,PG,PG_OR_BILLING,PG-R00752,SUBMITTED,2022-09-05T13:38:00-07:00,2022-09-05T17:45:33-07:00,23770,USD,,false,TRI/SRC/events/01369
EV001370,PG,PG_OR_BILLING,,PAYMENT_POSTED,2022-09-16T12:44:00-07:00,2022-09-16T16:08:59-07:00,23770,USD,,false,TRI/SRC/events/01370
EV001371,PG,PG_OR_BILLING,PG-R00753,SUBMITTED,2023-03-27T12:16:00-07:00,2023-03-28T18:27:27-07:00,9465,USD,,false,TRI/SRC/events/01371
EV001372,PG,PG_OR_BILLING,,PAYMENT_POSTED,2023-04-13T08:35:00-07:00,2023-04-17T07:59:23-07:00,9465,USD,,false,TRI/SRC/events/01372
EV001373,PG,PG_OR_BILLING,PG-R00754,SUBMITTED,2022-11-18T07:32:00-08:00,2022-11-23T07:25:24-08:00,15490,USD,,false,TRI/SRC/events/01373
EV001374,PG,PG_OR_BILLING,,PAYMENT_POSTED,2022-12-14T11:43:00-08:00,2022-12-16T03:01:21-08:00,15490,USD,,false,TRI/SRC/events/01374
EV001375,PG,PG_OR_BILLING,PG-R00755,SUBMITTED,2022-09-23T08:14:00-07:00,2022-09-24T03:22:38-07:00,107913,USD,,false,TRI/SRC/events/01375
EV001376,PG,PG_OR_BILLING,,PAYMENT_POSTED,2022-10-03T07:52:00-07:00,2022-10-03T09:37:11-07:00,107913,USD,,false,TRI/SRC/events/01376
EV001377,PG,PG_OR_BILLING,PG-R00756,SUBMITTED,2023-08-04T13:14:00-07:00,2023-08-06T19:49:15-07:00,280996,USD,,false,TRI/SRC/events/01377
EV001378,PG,PG_OR_BILLING,,PAYMENT_POSTED,2023-08-10T14:14:00-07:00,2023-08-10T18:36:43-07:00,280996,USD,,false,TRI/SRC/events/01378
EV001379,PG,PG_OR_BILLING,PG-R00757,SUBMITTED,2023-09-06T15:43:00-07:00,2023-09-11T21:47:13-07:00,12686,USD,,false,TRI/SRC/events/01379
EV001380,PG,PG_OR_BILLING,,PAYMENT_POSTED,2023-09-25T08:09:00-07:00,2023-09-25T11:17:26-07:00,12686,USD,,false,TRI/SRC/events/01380
EV001381,PG,PG_OR_BILLING,PG-R00758,SUBMITTED,2023-04-24T08:22:00-07:00,2023-04-24T15:38:34-07:00,94518,USD,,false,TRI/SRC/events/01381
EV001382,PG,PG_OR_BILLING,,PAYMENT_POSTED,2023-06-05T15:52:00-07:00,2023-06-05T21:17:06-07:00,94518,USD,,false,TRI/SRC/events/01382
EV001383,PG,PG_OR_BILLING,PG-R00759,SUBMITTED,2022-11-14T10:32:00-08:00,2022-11-27T04:57:59-08:00,17334,USD,,false,TRI/SRC/events/01383
EV001384,PG,PG_OR_BILLING,PG-R00760,CORRECTED,2022-11-24T11:48:00-08:00,2022-11-24T14:18:32-08:00,15086,USD,,false,TRI/SRC/events/01384
EV001385,PG,PG_OR_BILLING,PG-R00759,VOID_VERSION,2022-11-24T11:48:00-08:00,2022-11-24T12:58:00-08:00,17334,USD,,false,TRI/SRC/events/01385
EV001386,PG,PG_OR_BILLING,,PAYMENT_POSTED,2022-12-08T11:59:00-08:00,2022-12-16T04:13:20-08:00,15086,USD,,false,TRI/SRC/events/01386
EV001387,PG,PG_OR_BILLING,PG-R00760,PAYMENT_REVERSED,2022-12-14T11:59:00-08:00,2022-12-14T15:53:44-08:00,15086,USD,EV001386,false,TRI/SRC/events/01387
EV001388,PG,PG_OR_BILLING,PG-R00761,SUBMITTED,2023-04-25T08:07:00-07:00,2023-04-25T11:27:29-07:00,8552,USD,,false,TRI/SRC/events/01388
EV001389,PG,PG_OR_BILLING,,PAYMENT_POSTED,2023-05-02T14:39:00-07:00,2023-05-08T18:10:05-07:00,8552,USD,,false,TRI/SRC/events/01389
EV001390,PG,PG_OR_BILLING,PG-R00762,SUBMITTED,2022-10-03T15:39:00-07:00,2022-10-09T15:49:27-07:00,14022,USD,,false,TRI/SRC/events/01390
EV001391,PG,PG_OR_BILLING,,PAYMENT_POSTED,2022-11-23T15:30:00-08:00,2022-11-24T08:31:52-08:00,14022,USD,,false,TRI/SRC/events/01391
EV001392,PG,PG_OR_BILLING,PG-R00763,SUBMITTED,2022-09-19T09:12:00-07:00,2022-09-24T01:17:05-07:00,22298,USD,,false,TRI/SRC/events/01392
EV001393,PG,PG_OR_BILLING,,PAYMENT_POSTED,2022-11-09T13:47:00-08:00,2022-11-09T23:33:27-08:00,22298,USD,,false,TRI/SRC/events/01393
EV001394,PG,PG_OR_BILLING,PG-R00764,SUBMITTED,2023-06-26T11:54:00-07:00,2023-06-26T14:14:58-07:00,4942,USD,,false,TRI/SRC/events/01394
EV001395,PG,PG_OR_BILLING,,PAYMENT_POSTED,2023-09-07T13:43:00-07:00,2023-09-16T13:09:49-07:00,4942,USD,,false,TRI/SRC/events/01395
EV001396,PG,PG_OR_BILLING,PG-R00765,SUBMITTED,2022-12-08T14:59:00-08:00,2022-12-12T19:19:58-08:00,9709,USD,,false,TRI/SRC/events/01396
EV001397,PG,PG_OR_BILLING,PG-R00766,SUBMITTED,2023-09-07T15:54:00-07:00,2023-09-08T17:14:26-07:00,41871,USD,,false,TRI/SRC/events/01397
EV001398,PG,PG_OR_BILLING,PG-R00767,CORRECTED,2023-09-11T12:46:00-07:00,2023-09-19T09:41:51-07:00,50782,USD,,false,TRI/SRC/events/01398
EV001399,PG,PG_OR_BILLING,PG-R00766,VOID_VERSION,2023-09-11T12:46:00-07:00,2023-09-15T10:15:28-07:00,41871,USD,,false,TRI/SRC/events/01399
EV001400,PG,PG_OR_BILLING,,PAYMENT_POSTED,2023-11-13T08:37:00-08:00,2023-11-13T11:56:46-08:00,50782,USD,,false,TRI/SRC/events/01400
EV001401,PG,PG_OR_BILLING,PG-R00768,SUBMITTED,2022-09-19T10:21:00-07:00,2022-09-19T12:11:37-07:00,11665,USD,,false,TRI/SRC/events/01401
EV001402,PG,PG_OR_BILLING,,PAYMENT_POSTED,2022-09-30T14:52:00-07:00,2022-10-01T22:45:04-07:00,11665,USD,,false,TRI/SRC/events/01402
EV001403,PG,PG_OR_BILLING,PG-R00769,SUBMITTED,2022-08-31T08:35:00-07:00,2022-09-02T20:12:47-07:00,17371,USD,,false,TRI/SRC/events/01403
EV001404,PG,PG_OR_BILLING,,PAYMENT_POSTED,2022-10-25T15:56:00-07:00,2022-10-25T18:01:30-07:00,17371,USD,,false,TRI/SRC/events/01404
EV001405,PG,PG_OR_BILLING,PG-R00770,SUBMITTED,2023-07-07T13:45:00-07:00,2023-07-10T03:37:38-07:00,10870,USD,,false,TRI/SRC/events/01405
EV001406,PG,PG_OR_BILLING,,PAYMENT_POSTED,2023-07-17T15:29:00-07:00,2023-07-19T00:18:11-07:00,10870,USD,,false,TRI/SRC/events/01406
EV001407,PG,PG_OR_BILLING,PG-R00771,SUBMITTED,2022-11-07T11:24:00-08:00,2022-11-10T07:57:19-08:00,4304,USD,,false,TRI/SRC/events/01407
EV001408,PG,PG_OR_BILLING,,PAYMENT_POSTED,2022-11-30T12:49:00-08:00,2022-12-02T12:44:43-08:00,4304,USD,,false,TRI/SRC/events/01408
EV001409,PG,PG_OR_BILLING,PG-R00772,SUBMITTED,2022-12-01T14:07:00-08:00,2022-12-01T19:51:23-08:00,104949,USD,,false,TRI/SRC/events/01409
EV001410,PG,PG_OR_BILLING,,PAYMENT_POSTED,2023-02-13T08:35:00-08:00,2023-02-15T07:46:06-08:00,104949,USD,,false,TRI/SRC/events/01410
EV001411,PG,PG_OR_BILLING,PG-R00773,SUBMITTED,2022-08-22T09:20:00-07:00,2022-08-22T14:14:07-07:00,27028,USD,,false,TRI/SRC/events/01411
EV001412,PG,PG_OR_BILLING,,PAYMENT_POSTED,2022-09-08T12:34:00-07:00,2022-09-09T20:10:46-07:00,27028,USD,,false,TRI/SRC/events/01412
EV001413,PG,PG_OR_BILLING,PG-R00774,SUBMITTED,2022-07-14T10:03:00-07:00,2022-07-16T07:32:48-07:00,77951,USD,,false,TRI/SRC/events/01413
EV001414,PG,PG_OR_BILLING,,PAYMENT_POSTED,2022-09-13T14:31:00-07:00,2022-09-14T18:37:14-07:00,77951,USD,,false,TRI/SRC/events/01414
EV001415,PG,PG_OR_BILLING,PG-R00775,SUBMITTED,2023-05-16T07:04:00-07:00,2023-05-16T08:33:41-07:00,3327,USD,,false,TRI/SRC/events/01415
EV001416,PG,PG_OR_BILLING,PG-R00776,CORRECTED,2023-05-26T12:24:00-07:00,2023-05-30T03:49:44-07:00,3465,USD,,false,TRI/SRC/events/01416
EV001417,PG,PG_OR_BILLING,PG-R00777,SUBMITTED,2022-11-15T08:09:00-08:00,2022-11-16T11:18:57-08:00,8104,USD,,false,TRI/SRC/events/01417
EV001418,PG,PG_OR_BILLING,,PAYMENT_POSTED,2022-11-18T11:15:00-08:00,2022-11-18T11:53:09-08:00,8104,USD,,false,TRI/SRC/events/01418
EV001419,PG,PG_OR_BILLING,PG-R00778,SUBMITTED,2023-06-05T11:44:00-07:00,2023-06-08T01:50:57-07:00,79625,USD,,false,TRI/SRC/events/01419
EV001420,PG,PG_OR_BILLING,,PAYMENT_POSTED,2023-06-19T13:47:00-07:00,2023-06-19T21:10:24-07:00,79625,USD,,false,TRI/SRC/events/01420
EV001421,PG,PG_OR_BILLING,PG-R00779,SUBMITTED,2022-11-16T15:22:00-08:00,2022-11-17T13:39:15-08:00,6157,USD,,false,TRI/SRC/events/01421
EV001422,PG,PG_OR_BILLING,PG-R00780,SUBMITTED,2023-04-24T14:22:00-07:00,2023-04-28T06:31:29-07:00,5676,USD,,false,TRI/SRC/events/01422
EV001423,PG,PG_OR_BILLING,PG-R00780,CLOSED_NO_PAYMENT,2023-08-21T10:49:00-07:00,2023-08-21T14:44:32-07:00,,,,true,TRI/SRC/events/01423
EV001424,PG,PG_OR_BILLING,PG-R00781,SUBMITTED,2023-05-25T14:44:00-07:00,2023-05-25T20:01:35-07:00,22444,USD,,false,TRI/SRC/events/01424
EV001425,PG,PG_OR_BILLING,,PAYMENT_POSTED,2023-06-23T15:47:00-07:00,2023-07-10T09:59:37-07:00,22444,USD,,false,TRI/SRC/events/01425
EV001426,PG,PG_OR_BILLING,PG-R00782,SUBMITTED,2023-08-23T13:54:00-07:00,2023-08-26T18:20:47-07:00,22074,USD,,false,TRI/SRC/events/01426
EV001427,PG,PG_OR_BILLING,,PAYMENT_POSTED,2023-08-31T10:06:00-07:00,2023-09-01T08:49:25-07:00,22074,USD,,false,TRI/SRC/events/01427
EV001428,PG,PG_OR_BILLING,PG-R00783,SUBMITTED,2023-01-30T08:02:00-08:00,2023-02-06T11:31:51-08:00,9831,USD,,false,TRI/SRC/events/01428
EV001429,PG,PG_OR_BILLING,PG-R00784,CORRECTED,2023-02-02T14:40:00-08:00,2023-02-07T00:09:44-08:00,9292,USD,,false,TRI/SRC/events/01429
EV001430,PG,PG_OR_BILLING,,PAYMENT_POSTED,2023-03-23T07:32:00-07:00,2023-03-30T15:55:33-07:00,9292,USD,,false,TRI/SRC/events/01430
EV001431,PG,PG_OR_BILLING,PG-R00785,SUBMITTED,2023-02-09T08:09:00-08:00,2023-02-09T12:57:14-08:00,6803,USD,,false,TRI/SRC/events/01431
EV001432,PG,PG_OR_BILLING,PG-R00785,CLOSED_NO_PAYMENT,2023-04-24T12:33:00-07:00,2023-04-29T12:04:22-07:00,,,,true,TRI/SRC/events/01432
EV001433,PG,PG_OR_BILLING,PG-R00786,SUBMITTED,2023-04-13T07:29:00-07:00,2023-04-14T16:08:35-07:00,40615,USD,,false,TRI/SRC/events/01433
EV001434,PG,PG_OR_BILLING,,PAYMENT_POSTED,2023-04-18T10:29:00-07:00,2023-04-19T10:55:05-07:00,40615,USD,,false,TRI/SRC/events/01434
EV001435,PG,PG_OR_BILLING,PG-R00787,SUBMITTED,2022-10-04T08:25:00-07:00,2022-10-04T11:28:20-07:00,5602,USD,,false,TRI/SRC/events/01435
EV001436,PG,PG_OR_BILLING,,PAYMENT_POSTED,2022-10-10T10:08:00-07:00,2022-10-11T00:59:19-07:00,5602,USD,,false,TRI/SRC/events/01436
EV001437,PG,PG_OR_BILLING,PG-R00788,SUBMITTED,2023-08-10T08:26:00-07:00,2023-08-13T04:36:54-07:00,12593,USD,,false,TRI/SRC/events/01437
EV001438,PG,PG_OR_BILLING,PG-R00789,SUBMITTED,2023-05-29T10:02:00-07:00,2023-06-05T17:10:30-07:00,21642,USD,,false,TRI/SRC/events/01438
EV001439,PG,PG_OR_BILLING,,PAYMENT_POSTED,2023-06-20T09:32:00-07:00,2023-06-20T09:51:14-07:00,21642,USD,,false,TRI/SRC/events/01439
EV001440,PG,PG_OR_BILLING,PG-R00790,SUBMITTED,2022-12-13T14:09:00-08:00,2022-12-14T11:13:28-08:00,14922,USD,,false,TRI/SRC/events/01440
EV001441,PG,PG_OR_BILLING,,PAYMENT_POSTED,2023-01-11T11:12:00-08:00,2023-01-11T14:38:32-08:00,14922,USD,,false,TRI/SRC/events/01441
EV001442,PG,PG_OR_BILLING,PG-R00791,SUBMITTED,2023-04-10T13:07:00-07:00,2023-04-11T14:01:07-07:00,94681,USD,,false,TRI/SRC/events/01442
EV001443,PG,PG_OR_BILLING,,PAYMENT_POSTED,2023-05-10T12:45:00-07:00,2023-05-17T17:26:51-07:00,94681,USD,,false,TRI/SRC/events/01443
EV001444,PG,PG_OR_BILLING,PG-R00792,SUBMITTED,2023-08-03T15:40:00-07:00,2023-08-07T16:12:18-07:00,26490,USD,,false,TRI/SRC/events/01444
EV001445,PG,PG_OR_BILLING,,PAYMENT_POSTED,2023-08-21T12:48:00-07:00,2023-08-21T20:29:20-07:00,26490,USD,,false,TRI/SRC/events/01445
EV001446,PG,PG_OR_BILLING,PG-R00793,SUBMITTED,2023-07-31T13:39:00-07:00,2023-08-03T07:17:07-07:00,12861,USD,,false,TRI/SRC/events/01446
EV001447,PG,PG_OR_BILLING,PG-R00794,SUBMITTED,2023-05-02T10:14:00-07:00,2023-05-05T05:11:11-07:00,8434,USD,,false,TRI/SRC/events/01447
EV001448,PG,PG_OR_BILLING,,PAYMENT_POSTED,2023-05-19T12:27:00-07:00,2023-05-20T06:47:56-07:00,8434,USD,,false,TRI/SRC/events/01448
EV001449,PG,PG_OR_BILLING,PG-R00795,SUBMITTED,2023-09-18T12:17:00-07:00,2023-09-18T16:15:38-07:00,100140,USD,,false,TRI/SRC/events/01449
EV001450,PG,PG_OR_BILLING,PG-R00796,SUBMITTED,2022-09-26T14:12:00-07:00,2022-09-27T04:58:22-07:00,18083,USD,,false,TRI/SRC/events/01450
EV001451,PG,PG_OR_BILLING,,PAYMENT_POSTED,2022-10-03T13:04:00-07:00,2022-10-03T14:32:53-07:00,18083,USD,,false,TRI/SRC/events/01451
EV001452,PG,PG_OR_BILLING,PG-R00797,SUBMITTED,2023-09-29T09:42:00-07:00,2023-09-29T12:57:06-07:00,25692,USD,,false,TRI/SRC/events/01452
EV001453,PG,PG_OR_BILLING,,PAYMENT_POSTED,2023-11-01T10:37:00-07:00,2023-11-01T18:20:57-07:00,25692,USD,,false,TRI/SRC/events/01453
EV001454,PG,PG_OR_BILLING,PG-R00798,SUBMITTED,2023-09-27T09:57:00-07:00,2023-09-27T12:49:27-07:00,10396,USD,,false,TRI/SRC/events/01454
EV001455,PG,PG_OR_BILLING,PG-R00799,SUBMITTED,2023-08-28T14:14:00-07:00,2023-08-28T15:53:18-07:00,71991,USD,,false,TRI/SRC/events/01455
EV001456,PG,PG_OR_BILLING,,PAYMENT_POSTED,2023-10-02T13:32:00-07:00,2023-10-17T17:33:27-07:00,71991,USD,,false,TRI/SRC/events/01456
EV001457,PG,PG_OR_BILLING,PG-R00800,SUBMITTED,2023-06-12T10:32:00-07:00,2023-06-13T15:28:06-07:00,7883,USD,,false,TRI/SRC/events/01457
EV001458,PG,PG_OR_BILLING,PG-R00800,CLOSED_NO_PAYMENT,2023-08-09T09:47:00-07:00,2023-08-09T10:19:30-07:00,,,,true,TRI/SRC/events/01458
EV001459,PG,PG_OR_BILLING,PG-R00801,SUBMITTED,2023-08-07T08:36:00-07:00,2023-08-07T15:59:18-07:00,32638,USD,,false,TRI/SRC/events/01459
EV001460,PG,PG_OR_BILLING,PG-R00802,SUBMITTED,2023-05-01T07:03:00-07:00,2023-05-14T17:39:51-07:00,38734,USD,,false,TRI/SRC/events/01460
EV001461,PG,PG_OR_BILLING,,PAYMENT_POSTED,2023-05-22T08:56:00-07:00,2023-05-29T07:27:13-07:00,38734,USD,,false,TRI/SRC/events/01461
EV001462,PG,PG_OR_BILLING,PG-R00803,SUBMITTED,2022-10-24T08:52:00-07:00,2022-10-31T03:06:46-07:00,17142,USD,,false,TRI/SRC/events/01462
EV001463,PG,PG_OR_BILLING,,PAYMENT_POSTED,2022-10-28T12:57:00-07:00,2022-10-28T13:05:04-07:00,17142,USD,,false,TRI/SRC/events/01463
EV001464,PG,PG_OR_BILLING,PG-R00804,SUBMITTED,2022-11-29T10:40:00-08:00,2022-11-29T17:14:32-08:00,14120,USD,,false,TRI/SRC/events/01464
EV001465,PG,PG_OR_BILLING,PG-R00805,SUBMITTED,2022-10-12T11:51:00-07:00,2022-10-15T01:15:43-07:00,53846,USD,,false,TRI/SRC/events/01465
EV001466,PG,PG_OR_BILLING,PG-R00806,SUBMITTED,2023-04-05T13:32:00-07:00,2023-04-07T20:24:31-07:00,32076,USD,,false,TRI/SRC/events/01466
EV001467,PG,PG_OR_BILLING,,PAYMENT_POSTED,2023-04-26T12:32:00-07:00,2023-04-26T18:23:07-07:00,32076,USD,,false,TRI/SRC/events/01467
EV001468,PG,PG_OR_BILLING,PG-R00807,SUBMITTED,2023-09-25T09:56:00-07:00,2023-09-25T15:45:34-07:00,19625,USD,,false,TRI/SRC/events/01468
EV001469,PG,PG_OR_BILLING,PG-R00808,CORRECTED,2023-10-05T15:14:00-07:00,2023-10-05T21:34:59-07:00,24363,USD,,false,TRI/SRC/events/01469
EV001470,PG,PG_OR_BILLING,PG-R00807,VOID_VERSION,2023-10-05T15:14:00-07:00,2023-10-05T19:05:00-07:00,19625,USD,,false,TRI/SRC/events/01470
EV001471,PG,PG_OR_BILLING,,PAYMENT_POSTED,2023-10-09T07:38:00-07:00,2023-10-09T09:56:26-07:00,24363,USD,,false,TRI/SRC/events/01471
EV001472,PG,PG_OR_BILLING,PG-R00809,SUBMITTED,2023-01-20T07:01:00-08:00,2023-04-14T08:18:12-07:00,86098,USD,,false,TRI/SRC/events/01472
EV001473,PG,PG_OR_BILLING,,PAYMENT_POSTED,2023-02-10T11:08:00-08:00,2023-02-10T14:33:19-08:00,86098,USD,,false,TRI/SRC/events/01473
EV001474,PG,PG_OR_BILLING,PG-R00810,SUBMITTED,2023-08-04T15:07:00-07:00,2023-08-07T04:06:40-07:00,8034,USD,,false,TRI/SRC/events/01474
EV001475,PG,PG_OR_BILLING,,PAYMENT_POSTED,2023-08-14T14:12:00-07:00,2023-09-25T15:00:27-07:00,8034,USD,,false,TRI/SRC/events/01475
EV001476,PG,PG_OR_BILLING,PG-R00811,SUBMITTED,2023-07-26T07:19:00-07:00,2023-07-31T04:20:55-07:00,2825,USD,,false,TRI/SRC/events/01476
EV001477,PG,PG_OR_BILLING,,PAYMENT_POSTED,2023-08-14T08:17:00-07:00,2023-08-17T23:06:32-07:00,2825,USD,,false,TRI/SRC/events/01477
EV001478,PG,PG_OR_BILLING,PG-R00812,SUBMITTED,2023-01-12T12:35:00-08:00,2023-01-14T03:57:44-08:00,141824,USD,,false,TRI/SRC/events/01478
EV001479,PG,PG_OR_BILLING,PG-R00812,CLOSED_NO_PAYMENT,2023-02-28T08:27:00-08:00,2023-03-03T07:35:14-08:00,,,,true,TRI/SRC/events/01479
EV001480,PG,PG_OR_BILLING,PG-R00813,SUBMITTED,2023-06-16T11:38:00-07:00,2023-06-23T09:16:01-07:00,3414,USD,,false,TRI/SRC/events/01480
EV001481,PG,PG_OR_BILLING,,PAYMENT_POSTED,2023-06-30T15:19:00-07:00,2023-06-30T21:30:25-07:00,3414,USD,,false,TRI/SRC/events/01481
EV001482,PG,PG_OR_BILLING,PG-R00814,SUBMITTED,2022-12-26T09:10:00-08:00,2022-12-26T12:18:13-08:00,24488,USD,,false,TRI/SRC/events/01482
EV001483,PG,PG_OR_BILLING,,PAYMENT_POSTED,2023-01-24T08:03:00-08:00,2023-01-25T00:07:49-08:00,24488,USD,,false,TRI/SRC/events/01483
EV001484,PG,PG_OR_BILLING,PG-R00815,SUBMITTED,2022-08-19T15:45:00-07:00,2022-08-21T18:36:59-07:00,12470,USD,,false,TRI/SRC/events/01484
EV001485,PG,PG_OR_BILLING,,PAYMENT_POSTED,2022-09-07T08:44:00-07:00,2022-09-08T20:09:19-07:00,12470,USD,,false,TRI/SRC/events/01485
EV001486,PG,PG_OR_BILLING,PG-R00816,SUBMITTED,2023-09-12T15:21:00-07:00,2023-09-12T16:47:19-07:00,40662,USD,,false,TRI/SRC/events/01486
EV001487,PG,PG_OR_BILLING,,PAYMENT_POSTED,2023-09-20T14:43:00-07:00,2023-09-29T16:21:26-07:00,40662,USD,,false,TRI/SRC/events/01487
EV001488,PG,PG_OR_BILLING,PG-R00817,SUBMITTED,2023-04-10T12:24:00-07:00,2023-04-12T08:36:34-07:00,4933,USD,,false,TRI/SRC/events/01488
EV001489,PG,PG_OR_BILLING,,PAYMENT_POSTED,2023-04-24T10:16:00-07:00,2023-04-26T01:42:03-07:00,4933,USD,,false,TRI/SRC/events/01489
EV001490,PG,PG_OR_BILLING,PG-R00818,SUBMITTED,2022-12-12T15:28:00-08:00,2022-12-12T21:18:58-08:00,43107,USD,,false,TRI/SRC/events/01490
EV001491,PG,PG_OR_BILLING,,PAYMENT_POSTED,2023-01-26T14:21:00-08:00,2023-01-26T14:28:33-08:00,43107,USD,,false,TRI/SRC/events/01491
EV001492,PG,PG_OR_BILLING,PG-R00819,SUBMITTED,2023-01-25T10:10:00-08:00,2023-01-25T15:11:07-08:00,74526,USD,,false,TRI/SRC/events/01492
EV001493,PG,PG_OR_BILLING,,PAYMENT_POSTED,2023-03-02T09:58:00-08:00,2023-03-05T00:53:42-08:00,74526,USD,,false,TRI/SRC/events/01493
EV001494,PG,PG_OR_BILLING,PG-R00819,PAYMENT_REVERSED,2023-03-16T08:34:00-07:00,2023-03-16T16:00:49-07:00,74526,USD,EV001493,false,TRI/SRC/events/01494
EV001495,PG,PG_OR_BILLING,PG-R00820,SUBMITTED,2023-04-10T08:53:00-07:00,2023-04-11T10:17:27-07:00,9825,USD,,false,TRI/SRC/events/01495
EV001496,PG,PG_OR_BILLING,,PAYMENT_POSTED,2023-04-25T07:54:00-07:00,2023-04-26T18:19:08-07:00,9825,USD,,false,TRI/SRC/events/01496
EV001497,PG,PG_OR_BILLING,PG-R00821,SUBMITTED,2023-07-17T13:53:00-07:00,2023-07-17T16:15:53-07:00,14112,USD,,false,TRI/SRC/events/01497
EV001498,PG,PG_OR_BILLING,PG-R00821,CLOSED_NO_PAYMENT,2023-09-25T13:54:00-07:00,2023-10-01T18:25:01-07:00,,,,true,TRI/SRC/events/01498
EV001499,PG,PG_OR_BILLING,PG-R00822,SUBMITTED,2022-11-17T08:08:00-08:00,2022-11-17T14:30:28-08:00,16402,USD,,false,TRI/SRC/events/01499
EV001500,PG,PG_OR_BILLING,,PAYMENT_POSTED,2022-11-22T14:31:00-08:00,2022-12-08T04:50:47-08:00,16402,USD,,false,TRI/SRC/events/01500
EV001501,PG,PG_OR_BILLING,PG-R00823,SUBMITTED,2022-08-30T10:12:00-07:00,2022-09-03T11:28:03-07:00,5592,USD,,false,TRI/SRC/events/01501
EV001502,PG,PG_OR_BILLING,,PAYMENT_POSTED,2022-09-12T10:32:00-07:00,2022-09-12T16:40:35-07:00,5592,USD,,false,TRI/SRC/events/01502
EV001503,PG,PG_OR_BILLING,PG-R00824,SUBMITTED,2022-09-08T15:10:00-07:00,2022-09-09T22:30:12-07:00,13081,USD,,false,TRI/SRC/events/01503
EV001504,PG,PG_OR_BILLING,PG-R00825,CORRECTED,2022-09-12T09:00:00-07:00,2022-09-12T15:49:31-07:00,13914,USD,,false,TRI/SRC/events/01504
EV001505,PG,PG_OR_BILLING,PG-R00824,VOID_VERSION,2022-09-12T09:00:00-07:00,2022-09-15T10:04:54-07:00,13081,USD,,false,TRI/SRC/events/01505
EV001506,PG,PG_OR_BILLING,,PAYMENT_POSTED,2022-10-11T15:41:00-07:00,2022-10-11T16:04:51-07:00,13914,USD,,false,TRI/SRC/events/01506
EV001507,PG,PG_OR_BILLING,PG-R00826,SUBMITTED,2022-09-08T11:05:00-07:00,2022-09-14T07:17:53-07:00,5289,USD,,false,TRI/SRC/events/01507
EV001508,PG,PG_OR_BILLING,PG-R00827,SUBMITTED,2022-11-16T11:39:00-08:00,2022-11-17T05:38:44-08:00,4010,USD,,false,TRI/SRC/events/01508
EV001509,PG,PG_OR_BILLING,,PAYMENT_POSTED,2022-12-07T08:19:00-08:00,2022-12-07T13:29:43-08:00,4010,USD,,false,TRI/SRC/events/01509
EV001510,PG,PG_OR_BILLING,PG-R00828,SUBMITTED,2023-04-14T12:27:00-07:00,2023-04-14T13:22:25-07:00,10784,USD,,false,TRI/SRC/events/01510
EV001511,PG,PG_OR_BILLING,,PAYMENT_POSTED,2023-04-18T07:22:00-07:00,2023-04-18T12:01:24-07:00,10784,USD,,false,TRI/SRC/events/01511
EV001512,PG,PG_OR_BILLING,PG-R00829,SUBMITTED,2023-07-10T15:43:00-07:00,2023-07-14T20:23:56-07:00,4715,USD,,false,TRI/SRC/events/01512
EV001513,PG,PG_OR_BILLING,,PAYMENT_POSTED,2023-07-28T14:27:00-07:00,2023-07-28T18:14:56-07:00,4715,USD,,false,TRI/SRC/events/01513
EV001514,PG,PG_OR_BILLING,PG-R00830,SUBMITTED,2022-08-16T08:07:00-07:00,2022-08-17T14:49:02-07:00,146766,USD,,false,TRI/SRC/events/01514
EV001515,PG,PG_OR_BILLING,,PAYMENT_POSTED,2022-10-07T11:45:00-07:00,2022-10-19T10:01:00-07:00,146766,USD,,false,TRI/SRC/events/01515
EV001516,PG,PG_OR_BILLING,PG-R00831,SUBMITTED,2022-09-05T13:34:00-07:00,2022-09-08T08:56:33-07:00,132137,USD,,false,TRI/SRC/events/01516
EV001517,PG,PG_OR_BILLING,,PAYMENT_POSTED,2022-09-19T14:38:00-07:00,2022-09-19T18:07:16-07:00,132137,USD,,false,TRI/SRC/events/01517
EV001518,PG,PG_OR_BILLING,PG-R00832,SUBMITTED,2022-12-21T09:36:00-08:00,2022-12-21T10:45:26-08:00,9438,USD,,false,TRI/SRC/events/01518
EV001519,PG,PG_OR_BILLING,,PAYMENT_POSTED,2023-01-23T15:34:00-08:00,2023-01-27T10:42:48-08:00,9438,USD,,false,TRI/SRC/events/01519
EV001520,PG,PG_OR_BILLING,PG-R00833,SUBMITTED,2022-11-11T08:47:00-08:00,2022-11-14T17:42:12-08:00,2500,USD,,false,TRI/SRC/events/01520
EV001521,PG,PG_OR_BILLING,,PAYMENT_POSTED,2022-11-30T09:54:00-08:00,2022-11-30T15:11:21-08:00,2500,USD,,false,TRI/SRC/events/01521
EV001522,PG,PG_OR_BILLING,PG-R00834,SUBMITTED,2023-06-14T15:40:00-07:00,2023-06-14T16:22:42-07:00,46238,USD,,false,TRI/SRC/events/01522
EV001523,PG,PG_OR_BILLING,PG-R00835,CORRECTED,2023-06-26T14:03:00-07:00,2023-06-26T17:16:45-07:00,53001,USD,,false,TRI/SRC/events/01523
EV001524,PG,PG_OR_BILLING,,PAYMENT_POSTED,2023-08-02T14:53:00-07:00,2023-08-03T18:12:46-07:00,53001,USD,,false,TRI/SRC/events/01524
EV001525,PG,PG_OR_BILLING,PG-R00836,SUBMITTED,2023-06-09T09:05:00-07:00,2023-06-09T17:49:36-07:00,16974,USD,,false,TRI/SRC/events/01525
EV001526,PG,PG_OR_BILLING,PG-R00837,SUBMITTED,2023-02-06T11:01:00-08:00,2023-02-08T04:29:04-08:00,154556,USD,,false,TRI/SRC/events/01526
EV001527,PG,PG_OR_BILLING,,PAYMENT_POSTED,2023-02-13T15:28:00-08:00,2023-02-20T20:41:05-08:00,154556,USD,,false,TRI/SRC/events/01527
EV001528,PG,PG_OR_BILLING,PG-R00838,SUBMITTED,2023-03-01T14:24:00-08:00,2023-03-07T07:03:41-08:00,16358,USD,,false,TRI/SRC/events/01528
EV001529,PG,PG_OR_BILLING,PG-R00839,SUBMITTED,2023-05-04T07:40:00-07:00,2023-05-06T02:19:18-07:00,45517,USD,,false,TRI/SRC/events/01529
EV001530,PG,PG_OR_BILLING,,PAYMENT_POSTED,2023-05-16T07:29:00-07:00,2023-05-16T15:17:12-07:00,45517,USD,,false,TRI/SRC/events/01530
EV001531,PG,PG_OR_BILLING,PG-R00840,SUBMITTED,2023-09-13T10:42:00-07:00,2023-09-14T21:46:03-07:00,12371,USD,,false,TRI/SRC/events/01531
EV001532,PG,PG_OR_BILLING,,PAYMENT_POSTED,2023-10-24T11:44:00-07:00,2023-10-24T13:05:53-07:00,12371,USD,,false,TRI/SRC/events/01532
EV001533,PG,PG_OR_BILLING,PG-R00841,SUBMITTED,2023-06-02T14:52:00-07:00,2023-06-06T06:15:12-07:00,5774,USD,,false,TRI/SRC/events/01533
EV001534,PG,PG_OR_BILLING,PG-R00842,CORRECTED,2023-06-05T14:31:00-07:00,2023-06-06T08:29:57-07:00,5609,USD,,false,TRI/SRC/events/01534
EV001535,PG,PG_OR_BILLING,,PAYMENT_POSTED,2023-06-28T12:27:00-07:00,2023-06-28T17:40:52-07:00,5609,USD,,false,TRI/SRC/events/01535
EV001536,PG,PG_OR_BILLING,PG-R00843,SUBMITTED,2023-06-02T07:46:00-07:00,2023-06-03T15:57:24-07:00,11134,USD,,false,TRI/SRC/events/01536
EV001537,PG,PG_OR_BILLING,PG-R00844,SUBMITTED,2023-01-04T11:42:00-08:00,2023-01-07T02:20:09-08:00,57336,USD,,false,TRI/SRC/events/01537
EV001538,PG,PG_OR_BILLING,,PAYMENT_POSTED,2023-01-23T10:17:00-08:00,2023-01-23T16:30:31-08:00,57336,USD,,false,TRI/SRC/events/01538
EV001539,PG,PG_OR_BILLING,PG-R00845,SUBMITTED,2023-01-03T10:48:00-08:00,2023-01-04T04:59:20-08:00,10338,USD,,false,TRI/SRC/events/01539
EV001540,PG,PG_OR_BILLING,PG-R00846,SUBMITTED,2023-06-13T13:20:00-07:00,2023-06-16T05:53:54-07:00,5060,USD,,false,TRI/SRC/events/01540
EV001541,PG,PG_OR_BILLING,PG-R00847,SUBMITTED,2022-10-10T08:02:00-07:00,2022-10-10T12:12:09-07:00,118250,USD,,false,TRI/SRC/events/01541
EV001542,PG,PG_OR_BILLING,,PAYMENT_POSTED,2022-10-27T11:08:00-07:00,2022-10-28T17:28:08-07:00,118250,USD,,false,TRI/SRC/events/01542
EV001543,PG,PG_OR_BILLING,PG-R00848,SUBMITTED,2022-09-05T07:15:00-07:00,2022-09-06T09:51:58-07:00,8648,USD,,false,TRI/SRC/events/01543
EV001544,PG,PG_OR_BILLING,,PAYMENT_POSTED,2022-09-30T12:54:00-07:00,2022-10-04T14:56:31-07:00,8648,USD,,false,TRI/SRC/events/01544
EV001545,PG,PG_OR_BILLING,PG-R00849,SUBMITTED,2023-04-24T13:51:00-07:00,2023-04-26T01:25:40-07:00,18186,USD,,false,TRI/SRC/events/01545
EV001546,PG,PG_OR_BILLING,,PAYMENT_POSTED,2023-05-29T10:02:00-07:00,2023-06-13T23:18:11-07:00,18186,USD,,false,TRI/SRC/events/01546
EV001547,PG,PG_OR_BILLING,PG-R00850,SUBMITTED,2023-07-17T11:48:00-07:00,2023-07-17T12:09:36-07:00,50618,USD,,false,TRI/SRC/events/01547
EV001548,PG,PG_OR_BILLING,PG-R00851,CORRECTED,2023-07-21T11:00:00-07:00,2023-07-21T12:41:51-07:00,51599,USD,,false,TRI/SRC/events/01548
EV001549,PG,PG_OR_BILLING,,PAYMENT_POSTED,2023-08-07T11:34:00-07:00,2023-08-09T20:53:24-07:00,51599,USD,,false,TRI/SRC/events/01549
EV001550,PG,PG_OR_BILLING,PG-R00852,SUBMITTED,2023-07-10T12:53:00-07:00,2023-07-10T16:51:33-07:00,41427,USD,,false,TRI/SRC/events/01550
EV001551,PG,PG_OR_BILLING,,PAYMENT_POSTED,2023-09-11T07:03:00-07:00,2023-09-11T13:45:09-07:00,41427,USD,,false,TRI/SRC/events/01551
EV001552,PG,PG_OR_BILLING,PG-R00853,SUBMITTED,2023-01-24T11:09:00-08:00,2023-01-24T18:04:49-08:00,22841,USD,,false,TRI/SRC/events/01552
EV001553,PG,PG_OR_BILLING,,PAYMENT_POSTED,2023-02-09T13:15:00-08:00,2023-02-11T00:23:59-08:00,22841,USD,,false,TRI/SRC/events/01553
EV001554,PG,PG_OR_BILLING,PG-R00854,SUBMITTED,2023-03-06T13:31:00-08:00,2023-03-07T10:02:17-08:00,16428,USD,,false,TRI/SRC/events/01554
EV001555,PG,PG_OR_BILLING,,PAYMENT_POSTED,2023-03-13T13:32:00-07:00,2023-03-13T14:03:21-07:00,16428,USD,,false,TRI/SRC/events/01555
EV001556,PG,PG_OR_BILLING,PG-R00855,SUBMITTED,2023-07-03T15:37:00-07:00,2023-07-03T17:50:24-07:00,7388,USD,,false,TRI/SRC/events/01556
EV001557,PG,PG_OR_BILLING,PG-R00856,SUBMITTED,2023-08-14T13:36:00-07:00,2023-08-18T11:44:36-07:00,128713,USD,,false,TRI/SRC/events/01557
EV001558,PG,PG_OR_BILLING,,PAYMENT_POSTED,2023-08-23T08:56:00-07:00,2023-08-25T12:30:27-07:00,128713,USD,,false,TRI/SRC/events/01558
EV001559,PG,PG_OR_BILLING,PG-R00857,SUBMITTED,2022-07-12T09:06:00-07:00,2022-07-12T15:40:06-07:00,7934,USD,,false,TRI/SRC/events/01559
EV001560,PG,PG_OR_BILLING,PG-R00857,CLOSED_NO_PAYMENT,2022-08-22T13:30:00-07:00,2022-08-24T13:50:00-07:00,,,,true,TRI/SRC/events/01560
EV001561,PG,PG_OR_BILLING,PG-R00858,SUBMITTED,2022-12-29T07:27:00-08:00,2022-12-31T22:17:24-08:00,12725,USD,,false,TRI/SRC/events/01561
EV001562,PG,PG_OR_BILLING,PG-R00858,CLOSED_NO_PAYMENT,2023-04-14T07:08:00-07:00,2023-04-14T09:50:17-07:00,,,,true,TRI/SRC/events/01562
EV001563,PG,PG_LIS,PG-R00859,SUBMITTED,2022-10-04T09:32:00-07:00,2022-10-04T13:45:13-07:00,9899,USD,,false,NDX/SRC/events/01563
EV001564,PG,PG_LIS,,PAYMENT_POSTED,2022-10-13T08:48:00-07:00,2022-10-13T15:12:08-07:00,9899,USD,,false,NDX/SRC/events/01564
EV001565,PG,PG_LIS,PG-R00860,SUBMITTED,2022-10-27T06:32:00-07:00,2022-10-29T14:38:22-07:00,5709,USD,,false,NDX/SRC/events/01565
EV001566,PG,PG_LIS,,PAYMENT_POSTED,2022-11-14T05:05:00-08:00,2022-11-14T11:59:59-08:00,5709,USD,,false,NDX/SRC/events/01566
EV001567,PG,PG_LIS,PG-R00861,SUBMITTED,2023-01-20T09:04:00-08:00,2023-01-22T15:05:12-08:00,66285,USD,,false,NDX/SRC/events/01567
EV001568,PG,PG_LIS,,PAYMENT_POSTED,2023-01-30T08:06:00-08:00,2023-02-20T08:06:00-08:00,66285,USD,,false,NDX/SRC/events/01568
EV001569,PG,PG_LIS,PG-R00862,SUBMITTED,2022-09-19T07:16:00-07:00,2022-09-19T11:44:48-07:00,5987,USD,,false,NDX/SRC/events/01569
EV001570,PG,PG_LIS,,PAYMENT_POSTED,2022-10-17T12:35:00-07:00,2022-10-17T15:20:18-07:00,5987,USD,,false,NDX/SRC/events/01570
EV001571,PG,PG_LIS,PG-R00863,SUBMITTED,2023-03-28T05:37:00-07:00,2023-03-28T08:56:58-07:00,10638,USD,,false,NDX/SRC/events/01571
EV001572,PG,PG_LIS,,PAYMENT_POSTED,2023-04-26T08:21:00-07:00,2023-05-01T15:31:42-07:00,10638,USD,,false,NDX/SRC/events/01572
EV001573,PG,PG_LIS,PG-R00864,SUBMITTED,2023-07-10T10:30:00-07:00,2023-07-14T21:25:05-07:00,7819,USD,,false,NDX/SRC/events/01573
EV001574,PG,PG_LIS,,PAYMENT_POSTED,2023-08-28T10:53:00-07:00,2023-08-28T15:21:35-07:00,7819,USD,,false,NDX/SRC/events/01574
EV001575,PG,PG_LIS,PG-R00865,SUBMITTED,2023-03-31T08:42:00-07:00,2023-04-03T00:12:04-07:00,7164,USD,,false,NDX/SRC/events/01575
EV001576,PG,PG_LIS,PG-R00866,SUBMITTED,2022-11-14T07:25:00-08:00,2022-11-16T02:16:51-08:00,17293,USD,,false,NDX/SRC/events/01576
EV001577,PG,PG_LIS,,PAYMENT_POSTED,2022-12-06T05:35:00-08:00,2022-12-08T21:19:15-08:00,17293,USD,,false,NDX/SRC/events/01577
EV001578,PG,PG_LIS,PG-R00867,SUBMITTED,2022-08-16T06:13:00-07:00,2022-08-18T15:41:35-07:00,27347,USD,,false,NDX/SRC/events/01578
EV001579,PG,PG_LIS,,PAYMENT_POSTED,2022-08-26T13:12:00-07:00,2022-08-29T15:50:58-07:00,27347,USD,,false,NDX/SRC/events/01579
EV001580,PG,PG_LIS,PG-R00868,SUBMITTED,2023-02-13T13:43:00-08:00,2023-03-04T06:09:37-08:00,10030,USD,,false,NDX/SRC/events/01580
EV001581,PG,PG_LIS,,PAYMENT_POSTED,2023-02-27T06:52:00-08:00,2023-02-28T16:18:26-08:00,10030,USD,,false,NDX/SRC/events/01581
EV001582,PG,PG_LIS,PG-R00869,SUBMITTED,2023-07-04T13:51:00-07:00,2023-07-04T20:36:35-07:00,6786,USD,,false,NDX/SRC/events/01582
EV001583,PG,PG_LIS,,PAYMENT_POSTED,2023-07-27T06:36:00-07:00,2023-07-29T21:01:21-07:00,6786,USD,,false,NDX/SRC/events/01583
EV001584,PG,PG_LIS,PG-R00870,SUBMITTED,2022-07-18T09:17:00-07:00,2022-07-18T09:36:15-07:00,16844,USD,,false,NDX/SRC/events/01584
EV001585,PG,PG_LIS,PG-R00871,SUBMITTED,2022-11-16T09:09:00-08:00,2022-11-22T15:57:35-08:00,24181,USD,,false,NDX/SRC/events/01585
EV001586,PG,PG_LIS,,PAYMENT_POSTED,2022-12-12T07:26:00-08:00,2022-12-12T08:48:36-08:00,24181,USD,,false,NDX/SRC/events/01586
EV001587,PG,PG_LIS,PG-R00872,SUBMITTED,2023-09-19T06:56:00-07:00,2023-09-19T09:40:38-07:00,12142,USD,,false,NDX/SRC/events/01587
EV001588,PG,PG_LIS,,PAYMENT_POSTED,2023-10-02T09:54:00-07:00,2023-10-02T16:42:29-07:00,12142,USD,,false,NDX/SRC/events/01588
EV001589,PG,PG_LIS,PG-R00873,SUBMITTED,2022-08-29T13:10:00-07:00,2022-10-02T14:59:44-07:00,53051,USD,,false,NDX/SRC/events/01589
EV001590,PG,PG_LIS,,PAYMENT_POSTED,2022-09-30T05:34:00-07:00,2022-09-30T06:49:06-07:00,53051,USD,,false,NDX/SRC/events/01590
EV001591,PG,PG_LIS,PG-R00874,SUBMITTED,2023-01-05T05:09:00-08:00,2023-01-05T12:27:33-08:00,22638,USD,,false,NDX/SRC/events/01591
EV001592,PG,PG_LIS,,PAYMENT_POSTED,2023-01-23T09:56:00-08:00,2023-01-23T14:17:04-08:00,22638,USD,,false,NDX/SRC/events/01592
EV001593,PG,PG_LIS,PG-R00875,SUBMITTED,2023-08-07T11:30:00-07:00,2023-08-07T15:00:24-07:00,22851,USD,,false,NDX/SRC/events/01593
EV001594,PG,PG_LIS,PG-R00876,SUBMITTED,2023-04-18T05:11:00-07:00,2023-05-05T13:41:59-07:00,10030,USD,,false,NDX/SRC/events/01594
EV001595,PG,PG_LIS,PG-R00877,SUBMITTED,2022-09-29T12:21:00-07:00,2022-09-29T17:55:44-07:00,6407,USD,,false,NDX/SRC/events/01595
EV001596,PG,PG_LIS,,PAYMENT_POSTED,2022-10-12T12:20:00-07:00,2022-10-14T01:50:34-07:00,6407,USD,,false,NDX/SRC/events/01596
EV001597,PG,PG_LIS,PG-R00878,SUBMITTED,2023-07-17T12:14:00-07:00,2023-07-21T19:11:38-07:00,73362,USD,,false,NDX/SRC/events/01597
EV001598,PG,PG_LIS,PG-R00879,SUBMITTED,2023-05-11T11:38:00-07:00,2023-05-11T18:36:16-07:00,12007,USD,,false,NDX/SRC/events/01598
EV001599,PG,PG_LIS,,PAYMENT_POSTED,2023-05-31T05:44:00-07:00,2023-06-06T20:15:01-07:00,12007,USD,,false,NDX/SRC/events/01599
EV001600,PG,PG_LIS,PG-R00880,SUBMITTED,2022-08-18T12:44:00-07:00,2022-08-21T20:34:27-07:00,5384,USD,,false,NDX/SRC/events/01600
EV001601,PG,PG_LIS,,PAYMENT_POSTED,2022-09-13T05:51:00-07:00,2022-09-13T10:17:01-07:00,5384,USD,,false,NDX/SRC/events/01601
EV001602,PG,PG_LIS,PG-R00881,SUBMITTED,2023-01-12T08:08:00-08:00,2023-01-14T00:35:53-08:00,163977,USD,,false,NDX/SRC/events/01602
EV001603,PG,PG_LIS,,PAYMENT_POSTED,2023-03-10T13:24:00-08:00,2023-03-13T18:28:03-07:00,163977,USD,,false,NDX/SRC/events/01603
EV001604,PG,PG_LIS,PG-R00882,SUBMITTED,2023-05-04T10:42:00-07:00,2023-05-25T10:42:00-07:00,4086,USD,,false,NDX/SRC/events/01604
EV001605,PG,PG_LIS,,PAYMENT_POSTED,2023-05-26T10:12:00-07:00,2023-06-04T23:43:41-07:00,4086,USD,,false,NDX/SRC/events/01605
EV001606,PG,PG_LIS,PG-R00883,SUBMITTED,2022-07-27T13:57:00-07:00,2022-07-27T23:27:45-07:00,5961,USD,,false,NDX/SRC/events/01606
EV001607,PG,PG_LIS,,PAYMENT_POSTED,2022-08-18T07:58:00-07:00,2022-08-20T06:15:06-07:00,5961,USD,,false,NDX/SRC/events/01607
EV001608,PG,PG_LIS,PG-R00884,SUBMITTED,2023-06-26T10:44:00-07:00,2023-06-29T09:07:16-07:00,21061,USD,,false,NDX/SRC/events/01608
EV001609,PG,PG_LIS,,PAYMENT_POSTED,2023-07-17T13:48:00-07:00,2023-07-19T01:05:39-07:00,21061,USD,,false,NDX/SRC/events/01609
EV001610,PG,PG_LIS,PG-R00885,SUBMITTED,2022-12-16T10:52:00-08:00,2022-12-16T17:54:13-08:00,22479,USD,,false,NDX/SRC/events/01610
EV001611,PG,PG_LIS,PG-R00886,CORRECTED,2022-12-22T05:04:00-08:00,2022-12-23T14:46:17-08:00,21576,USD,,false,NDX/SRC/events/01611
EV001612,PG,PG_LIS,PG-R00885,VOID_VERSION,2022-12-22T05:04:00-08:00,2022-12-31T00:28:02-08:00,22479,USD,,false,NDX/SRC/events/01612
EV001613,PG,PG_LIS,,PAYMENT_POSTED,2023-01-04T11:40:00-08:00,2023-01-04T12:55:42-08:00,21576,USD,,false,NDX/SRC/events/01613
EV001614,PG,PG_LIS,PG-R00887,SUBMITTED,2023-03-14T10:46:00-07:00,2023-03-16T19:37:30-07:00,107306,USD,,false,NDX/SRC/events/01614
EV001615,PG,PG_LIS,,PAYMENT_POSTED,2023-04-03T07:47:00-07:00,2023-04-03T09:33:01-07:00,107306,USD,,false,NDX/SRC/events/01615
EV001616,PG,PG_LIS,PG-R00888,SUBMITTED,2023-03-10T11:31:00-08:00,2023-03-11T09:56:49-08:00,21949,USD,,false,NDX/SRC/events/01616
EV001617,PG,PG_LIS,PG-R00889,SUBMITTED,2023-01-09T09:27:00-08:00,2023-01-10T07:37:30-08:00,4689,USD,,false,NDX/SRC/events/01617
EV001618,PG,PG_LIS,,PAYMENT_POSTED,2023-01-31T06:42:00-08:00,2023-01-31T08:41:25-08:00,4689,USD,,false,NDX/SRC/events/01618
EV001619,PG,PG_LIS,PG-R00890,SUBMITTED,2023-04-03T06:18:00-07:00,2023-04-07T11:50:40-07:00,9751,USD,,false,NDX/SRC/events/01619
EV001620,PG,PG_LIS,,PAYMENT_POSTED,2023-04-10T11:37:00-07:00,2023-04-14T00:02:55-07:00,9751,USD,,false,NDX/SRC/events/01620
EV001621,PG,PG_LIS,PG-R00891,SUBMITTED,2022-12-26T12:56:00-08:00,2023-01-02T16:22:32-08:00,7909,USD,,false,NDX/SRC/events/01621
EV001622,PG,PG_LIS,,PAYMENT_POSTED,2023-01-09T06:07:00-08:00,2023-01-09T07:02:52-08:00,7909,USD,,false,NDX/SRC/events/01622
EV001623,PG,PG_LIS,PG-R00892,SUBMITTED,2022-12-23T08:50:00-08:00,2022-12-26T11:10:26-08:00,5602,USD,,false,NDX/SRC/events/01623
EV001624,PG,PG_LIS,PG-R00893,SUBMITTED,2023-01-17T05:57:00-08:00,2023-01-17T11:33:56-08:00,29590,USD,,false,NDX/SRC/events/01624
EV001625,PG,PG_LIS,,PAYMENT_POSTED,2023-02-24T07:58:00-08:00,2023-02-27T03:56:37-08:00,29590,USD,,false,NDX/SRC/events/01625
EV001626,PG,PG_LIS,PG-R00894,SUBMITTED,2023-02-02T10:00:00-08:00,2023-02-02T16:06:52-08:00,11387,USD,,false,NDX/SRC/events/01626
EV001627,PG,PG_LIS,PG-R00895,SUBMITTED,2022-08-15T13:36:00-07:00,2022-08-24T04:23:12-07:00,11135,USD,,false,NDX/SRC/events/01627
EV001628,PG,PG_LIS,,PAYMENT_POSTED,2022-09-20T08:03:00-07:00,2022-09-20T13:26:25-07:00,11135,USD,,false,NDX/SRC/events/01628
EV001629,PG,PG_LIS,PG-R00896,SUBMITTED,2023-06-13T06:40:00-07:00,2023-06-18T06:10:25-07:00,354222,USD,,false,NDX/SRC/events/01629
EV001630,PG,PG_LIS,PG-R00897,SUBMITTED,2022-07-13T13:33:00-07:00,2022-07-14T22:57:42-07:00,2800,USD,,false,NDX/SRC/events/01630
EV001631,PG,PG_LIS,,PAYMENT_POSTED,2022-08-01T06:04:00-07:00,2022-08-01T12:00:38-07:00,2800,USD,,false,NDX/SRC/events/01631
EV001632,PG,PG_LIS,PG-R00898,SUBMITTED,2023-05-22T11:15:00-07:00,2023-05-22T12:47:08-07:00,10025,USD,,false,NDX/SRC/events/01632
EV001633,PG,PG_LIS,,PAYMENT_POSTED,2023-07-24T08:49:00-07:00,2023-07-25T16:31:53-07:00,10025,USD,,false,NDX/SRC/events/01633
EV001634,PG,PG_LIS,PG-R00899,SUBMITTED,2022-10-17T07:40:00-07:00,2022-10-17T13:35:45-07:00,184131,USD,,false,NDX/SRC/events/01634
EV001635,PG,PG_LIS,,PAYMENT_POSTED,2022-10-31T07:29:00-07:00,2022-11-06T08:57:06-08:00,184131,USD,,false,NDX/SRC/events/01635
EV001636,PG,PG_LIS,PG-R00900,SUBMITTED,2022-10-12T08:47:00-07:00,2022-10-12T12:14:59-07:00,32103,USD,,false,NDX/SRC/events/01636
EV001637,PG,PG_LIS,PG-R00901,SUBMITTED,2023-05-22T12:57:00-07:00,2023-05-23T15:33:04-07:00,18345,USD,,false,NDX/SRC/events/01637
EV001638,PG,PG_LIS,,PAYMENT_POSTED,2023-07-05T10:15:00-07:00,2023-07-05T19:10:26-07:00,18345,USD,,false,NDX/SRC/events/01638
EV001639,PG,PG_LIS,PG-R00902,SUBMITTED,2023-05-29T11:21:00-07:00,2023-06-12T12:22:36-07:00,161019,USD,,false,NDX/SRC/events/01639
EV001640,PG,PG_LIS,,PAYMENT_POSTED,2023-06-08T09:51:00-07:00,2023-06-08T11:20:24-07:00,161019,USD,,false,NDX/SRC/events/01640
EV001641,PG,PG_LIS,PG-R00903,SUBMITTED,2022-08-15T06:42:00-07:00,2022-08-15T09:52:28-07:00,11686,USD,,false,NDX/SRC/events/01641
EV001642,PG,PG_LIS,,PAYMENT_POSTED,2022-08-19T13:10:00-07:00,2022-08-21T06:52:46-07:00,11686,USD,,false,NDX/SRC/events/01642
EV001643,PG,PG_LIS,PG-R00904,SUBMITTED,2022-10-20T13:43:00-07:00,2022-10-21T14:12:57-07:00,4103,USD,,false,NDX/SRC/events/01643
EV001644,PG,PG_LIS,,PAYMENT_POSTED,2022-12-21T12:19:00-08:00,2022-12-21T15:15:51-08:00,4103,USD,,false,NDX/SRC/events/01644
EV001645,PG,PG_LIS,PG-R00905,SUBMITTED,2022-09-07T13:47:00-07:00,2022-09-09T09:29:57-07:00,7536,USD,,false,NDX/SRC/events/01645
EV001646,PG,PG_LIS,PG-R00906,CORRECTED,2022-09-19T12:20:00-07:00,2022-09-19T16:55:42-07:00,8013,USD,,false,NDX/SRC/events/01646
EV001647,PG,PG_LIS,PG-R00905,VOID_VERSION,2022-09-19T12:20:00-07:00,2022-09-19T16:47:07-07:00,7536,USD,,false,NDX/SRC/events/01647
EV001648,PG,PG_LIS,,PAYMENT_POSTED,2022-09-14T05:13:00-07:00,2022-09-17T06:15:51-07:00,8013,USD,,false,NDX/SRC/events/01648
EV001649,PG,PG_LIS,PG-R00907,SUBMITTED,2023-05-15T05:27:00-07:00,2023-05-15T10:23:21-07:00,7704,USD,,false,NDX/SRC/events/01649
EV001650,PG,PG_LIS,,PAYMENT_POSTED,2023-06-02T10:19:00-07:00,2023-06-02T16:37:32-07:00,7704,USD,,false,NDX/SRC/events/01650
EV001651,PG,PG_LIS,PG-R00908,SUBMITTED,2023-05-12T10:20:00-07:00,2023-05-12T16:09:10-07:00,15999,USD,,false,NDX/SRC/events/01651
EV001652,PG,PG_LIS,PG-R00907,PAYMENT_REVERSED,2023-06-09T13:30:00-07:00,2023-06-09T14:58:12-07:00,5641,USD,EV001650,false,NDX/SRC/events/01652
EV001653,PG,PG_LIS,PG-R00909,SUBMITTED,2023-05-01T08:51:00-07:00,2023-05-01T15:06:14-07:00,3381,USD,,false,NDX/SRC/events/01653
EV001654,PG,PG_LIS,PG-R00910,SUBMITTED,2022-07-18T07:26:00-07:00,2022-07-20T21:12:51-07:00,14262,USD,,false,NDX/SRC/events/01654
EV001655,PG,PG_LIS,PG-R00910,CLOSED_NO_PAYMENT,2022-10-19T13:30:00-07:00,2022-10-25T20:55:15-07:00,,,,true,NDX/SRC/events/01655
EV001656,PG,PG_LIS,PG-R00911,SUBMITTED,2023-06-09T11:54:00-07:00,2023-06-14T22:38:10-07:00,11996,USD,,false,NDX/SRC/events/01656
EV001657,PG,PG_LIS,,PAYMENT_POSTED,2023-07-03T11:34:00-07:00,2023-07-03T18:41:09-07:00,11996,USD,,false,NDX/SRC/events/01657
EV001658,PG,PG_LIS,PG-R00912,SUBMITTED,2023-09-08T05:08:00-07:00,2023-09-19T06:25:02-07:00,31716,USD,,false,NDX/SRC/events/01658
EV001659,PG,PG_LIS,,PAYMENT_POSTED,2023-10-02T10:58:00-07:00,2023-10-02T16:56:59-07:00,31716,USD,,false,NDX/SRC/events/01659
EV001660,PG,PG_LIS,PG-R00913,SUBMITTED,2022-07-04T10:14:00-07:00,2022-07-04T13:46:46-07:00,8963,USD,,false,NDX/SRC/events/01660
EV001661,PG,PG_LIS,PG-R00914,SUBMITTED,2022-12-05T09:06:00-08:00,2022-12-05T10:45:37-08:00,5224,USD,,false,NDX/SRC/events/01661
EV001662,PG,PG_LIS,PG-R00915,SUBMITTED,2022-11-18T07:05:00-08:00,2022-11-19T04:00:35-08:00,13554,USD,,false,NDX/SRC/events/01662
EV001663,PG,PG_LIS,,PAYMENT_POSTED,2023-03-21T08:30:00-07:00,2023-03-27T14:56:44-07:00,13554,USD,,false,NDX/SRC/events/01663
EV001664,PG,PG_LIS,PG-R00916,SUBMITTED,2022-10-27T10:27:00-07:00,2022-10-27T15:00:24-07:00,13589,USD,,false,NDX/SRC/events/01664
EV001665,PG,PG_LIS,,PAYMENT_POSTED,2022-11-07T05:49:00-08:00,2022-11-12T20:29:45-08:00,13589,USD,,false,NDX/SRC/events/01665
EV001666,PG,PG_LIS,PG-R00917,SUBMITTED,2022-11-21T05:00:00-08:00,2022-11-21T11:19:39-08:00,15853,USD,,false,NDX/SRC/events/01666
EV001667,PG,PG_LIS,,PAYMENT_POSTED,2022-11-28T13:24:00-08:00,2022-11-30T01:31:39-08:00,15853,USD,,false,NDX/SRC/events/01667
EV001668,PG,PG_LIS,PG-R00918,SUBMITTED,2022-10-10T10:34:00-07:00,2022-10-10T17:18:35-07:00,47988,USD,,false,NDX/SRC/events/01668
EV001669,PG,PG_LIS,,PAYMENT_POSTED,2022-11-14T12:56:00-08:00,2022-11-18T16:41:12-08:00,47988,USD,,false,NDX/SRC/events/01669
EV001670,PG,PG_LIS,PG-R00919,SUBMITTED,2023-03-13T06:39:00-07:00,2023-03-13T07:50:55-07:00,276609,USD,,false,NDX/SRC/events/01670
EV001671,PG,PG_LIS,,PAYMENT_POSTED,2023-04-24T10:19:00-07:00,2023-04-30T04:05:21-07:00,276609,USD,,false,NDX/SRC/events/01671
EV001672,PG,PG_LIS,PG-R00920,SUBMITTED,2022-11-21T11:14:00-08:00,2022-11-21T19:06:09-08:00,12105,USD,,false,NDX/SRC/events/01672
EV001673,PG,PG_LIS,,PAYMENT_POSTED,2022-12-07T05:25:00-08:00,2022-12-07T07:16:29-08:00,12105,USD,,false,NDX/SRC/events/01673
EV001674,PG,PG_LIS,PG-R00921,SUBMITTED,2023-06-19T12:00:00-07:00,2023-06-19T12:36:31-07:00,42463,USD,,false,NDX/SRC/events/01674
EV001675,PG,PG_LIS,,PAYMENT_POSTED,2023-07-10T10:10:00-07:00,2023-07-14T09:00:36-07:00,42463,USD,,false,NDX/SRC/events/01675
EV001676,PG,PG_LIS,PG-R00922,SUBMITTED,2022-09-06T13:19:00-07:00,2022-09-09T01:12:56-07:00,85851,USD,,false,NDX/SRC/events/01676
EV001677,PG,PG_LIS,,PAYMENT_POSTED,2022-09-29T13:14:00-07:00,2022-09-29T18:41:50-07:00,85851,USD,,false,NDX/SRC/events/01677
EV001678,PG,PG_LIS,PG-R00923,SUBMITTED,2022-11-14T08:44:00-08:00,2022-11-14T12:43:12-08:00,11600,USD,,false,NDX/SRC/events/01678
EV001679,PG,PG_LIS,,PAYMENT_POSTED,2022-11-21T12:25:00-08:00,2022-11-22T07:31:59-08:00,11600,USD,,false,NDX/SRC/events/01679
EV001680,PG,PG_LIS,PG-R00924,SUBMITTED,2022-08-29T08:32:00-07:00,2022-08-29T14:09:36-07:00,6658,USD,,false,NDX/SRC/events/01680
EV001681,PG,PG_LIS,,PAYMENT_POSTED,2022-09-14T10:22:00-07:00,2022-09-14T13:42:53-07:00,6658,USD,,false,NDX/SRC/events/01681
EV001682,PG,PG_LIS,PG-R00925,SUBMITTED,2023-06-19T05:52:00-07:00,2023-06-20T21:10:39-07:00,14056,USD,,false,NDX/SRC/events/01682
EV001683,PG,PG_LIS,,PAYMENT_POSTED,2023-06-26T09:54:00-07:00,2023-06-26T15:12:01-07:00,14056,USD,,false,NDX/SRC/events/01683
EV001684,PG,PG_LIS,PG-R00926,SUBMITTED,2022-10-27T09:39:00-07:00,2022-11-01T00:03:56-07:00,9939,USD,,false,NDX/SRC/events/01684
EV001685,PG,PG_LIS,,PAYMENT_POSTED,2022-11-08T05:22:00-08:00,2022-11-13T04:02:12-08:00,9939,USD,,false,NDX/SRC/events/01685
EV001686,PG,PG_LIS,PG-R00927,SUBMITTED,2022-09-07T09:25:00-07:00,2022-09-12T01:47:10-07:00,7153,USD,,false,NDX/SRC/events/01686
EV001687,PG,PG_LIS,PG-R00928,CORRECTED,2022-09-12T06:45:00-07:00,2022-09-12T10:26:45-07:00,6477,USD,,false,NDX/SRC/events/01687
EV001688,PG,PG_LIS,,PAYMENT_POSTED,2022-10-10T05:04:00-07:00,2022-10-10T07:42:24-07:00,6477,USD,,false,NDX/SRC/events/01688
EV001689,PG,PG_LIS,PG-R00929,SUBMITTED,2023-01-20T11:42:00-08:00,2023-01-20T18:17:42-08:00,39026,USD,,false,NDX/SRC/events/01689
EV001690,PG,PG_LIS,,PAYMENT_POSTED,2023-01-30T07:15:00-08:00,2023-02-01T22:34:22-08:00,39026,USD,,false,NDX/SRC/events/01690
EV001691,PG,PG_LIS,PG-R00930,SUBMITTED,2022-08-22T10:09:00-07:00,2022-08-25T16:01:55-07:00,14883,USD,,false,NDX/SRC/events/01691
EV001692,PG,PG_LIS,PG-R00931,SUBMITTED,2023-08-18T13:44:00-07:00,2023-08-25T13:23:58-07:00,11287,USD,,false,NDX/SRC/events/01692
EV001693,PG,PG_LIS,PG-R00932,SUBMITTED,2023-02-03T07:58:00-08:00,2023-02-03T10:35:27-08:00,22660,USD,,false,NDX/SRC/events/01693
EV001694,PG,PG_LIS,,PAYMENT_POSTED,2023-04-04T12:20:00-07:00,2023-04-04T21:10:11-07:00,22660,USD,,false,NDX/SRC/events/01694
EV001695,PG,PG_LIS,PG-R00933,SUBMITTED,2022-11-07T06:00:00-08:00,2022-11-07T06:38:51-08:00,26779,USD,,false,NDX/SRC/events/01695
EV001696,PG,PG_LIS,PG-R00934,SUBMITTED,2023-07-24T11:38:00-07:00,2023-07-26T14:38:06-07:00,9901,USD,,false,NDX/SRC/events/01696
EV001697,PG,PG_LIS,PG-R00935,CORRECTED,2023-08-02T08:44:00-07:00,2023-08-02T23:50:32-07:00,9730,USD,,false,NDX/SRC/events/01697
EV001698,PG,PG_LIS,,PAYMENT_POSTED,2023-08-01T06:36:00-07:00,2023-08-01T09:47:16-07:00,9730,USD,,false,NDX/SRC/events/01698
EV001699,PG,PG_LIS,PG-R00936,SUBMITTED,2022-10-31T08:50:00-07:00,2022-10-31T14:56:47-07:00,8510,USD,,false,NDX/SRC/events/01699
EV001700,PG,PG_LIS,,PAYMENT_POSTED,2023-04-24T07:29:00-07:00,2023-04-24T14:46:37-07:00,8510,USD,,false,NDX/SRC/events/01700
EV001701,PG,PG_LIS,PG-R00937,SUBMITTED,2022-11-18T08:46:00-08:00,2022-11-23T21:10:20-08:00,5274,USD,,false,NDX/SRC/events/01701
EV001702,PG,PG_LIS,,PAYMENT_POSTED,2022-12-16T13:16:00-08:00,2022-12-16T14:33:20-08:00,5274,USD,,false,NDX/SRC/events/01702
EV001703,PG,PG_LIS,PG-R00938,SUBMITTED,2023-06-23T09:07:00-07:00,2023-06-24T13:23:08-07:00,7441,USD,,false,NDX/SRC/events/01703
EV001704,PG,PG_LIS,PG-R00938,CLOSED_NO_PAYMENT,2023-09-05T13:30:00-07:00,2023-09-05T14:16:35-07:00,,,,true,NDX/SRC/events/01704
EV001705,PG,PG_LIS,PG-R00939,SUBMITTED,2023-06-20T10:17:00-07:00,2023-06-21T07:18:36-07:00,6729,USD,,false,NDX/SRC/events/01705
EV001706,PG,PG_LIS,,PAYMENT_POSTED,2023-07-06T12:01:00-07:00,2023-07-06T12:33:53-07:00,6729,USD,,false,NDX/SRC/events/01706
EV001707,PG,PG_LIS,PG-R00940,SUBMITTED,2022-10-10T06:27:00-07:00,2022-10-10T09:54:33-07:00,20215,USD,,false,NDX/SRC/events/01707
EV001708,PG,PG_LIS,PG-R00940,CLOSED_NO_PAYMENT,2023-01-02T09:56:00-08:00,2023-01-09T11:22:37-08:00,,,,true,NDX/SRC/events/01708
EV001709,PG,PG_LIS,PG-R00941,SUBMITTED,2022-11-08T07:13:00-08:00,2022-11-11T06:24:50-08:00,16978,USD,,false,NDX/SRC/events/01709
EV001710,PG,PG_LIS,PG-R00941,CLOSED_NO_PAYMENT,2023-01-13T06:50:00-08:00,2023-01-21T01:45:32-08:00,,,,true,NDX/SRC/events/01710
EV001711,PG,PG_LIS,PG-R00942,SUBMITTED,2023-06-15T11:52:00-07:00,2023-06-16T01:02:34-07:00,4402,USD,,false,NDX/SRC/events/01711
EV001712,PG,PG_LIS,,PAYMENT_POSTED,2023-06-22T10:01:00-07:00,2023-06-27T12:27:54-07:00,4402,USD,,false,NDX/SRC/events/01712
EV001713,PG,PG_LIS,PG-R00943,SUBMITTED,2022-11-24T06:00:00-08:00,2022-11-24T08:59:58-08:00,58106,USD,,false,NDX/SRC/events/01713
EV001714,PG,PG_LIS,,PAYMENT_POSTED,2022-12-01T11:18:00-08:00,2022-12-02T21:50:00-08:00,58106,USD,,false,NDX/SRC/events/01714
EV001715,PG,PG_LIS,PG-R00944,SUBMITTED,2023-03-15T09:07:00-07:00,2023-03-15T10:20:11-07:00,16090,USD,,false,NDX/SRC/events/01715
EV001716,PG,PG_LIS,,PAYMENT_POSTED,2023-03-20T05:50:00-07:00,2023-03-23T02:25:55-07:00,16090,USD,,false,NDX/SRC/events/01716
EV001717,PG,PG_LIS,PG-R00945,SUBMITTED,2023-02-08T07:51:00-08:00,2023-02-10T03:13:13-08:00,204113,USD,,false,NDX/SRC/events/01717
EV001718,PG,PG_LIS,,PAYMENT_POSTED,2023-03-06T06:24:00-08:00,2023-03-07T05:37:06-08:00,204113,USD,,false,NDX/SRC/events/01718
EV001719,PG,PG_LIS,PG-R00946,SUBMITTED,2022-12-20T10:48:00-08:00,2022-12-23T19:55:35-08:00,3908,USD,,false,NDX/SRC/events/01719
EV001720,PG,PG_LIS,,PAYMENT_POSTED,2023-01-10T08:01:00-08:00,2023-01-24T13:48:46-08:00,3908,USD,,false,NDX/SRC/events/01720
EV001721,PG,PG_LIS,PG-R00947,SUBMITTED,2022-10-31T10:01:00-07:00,2022-11-12T01:43:48-08:00,75724,USD,,false,NDX/SRC/events/01721
EV001722,PG,PG_LIS,,PAYMENT_POSTED,2022-11-07T05:54:00-08:00,2022-11-07T06:42:51-08:00,75724,USD,,false,NDX/SRC/events/01722
EV001723,PG,PG_LIS,PG-R00948,SUBMITTED,2023-07-03T05:49:00-07:00,2023-07-13T04:23:47-07:00,12817,USD,,false,NDX/SRC/events/01723
EV001724,PG,PG_LIS,,PAYMENT_POSTED,2023-07-21T08:06:00-07:00,2023-07-21T12:12:00-07:00,12817,USD,,false,NDX/SRC/events/01724
EV001725,PG,PG_LIS,PG-R00949,SUBMITTED,2023-02-20T08:00:00-08:00,2023-02-20T14:48:35-08:00,50567,USD,,false,NDX/SRC/events/01725
EV001726,PG,PG_LIS,,PAYMENT_POSTED,2023-03-06T07:12:00-08:00,2023-03-06T15:03:07-08:00,50567,USD,,false,NDX/SRC/events/01726
EV001727,PG,PG_LIS,PG-R00950,SUBMITTED,2022-10-24T12:05:00-07:00,2022-10-25T15:22:10-07:00,34278,USD,,false,NDX/SRC/events/01727
EV001728,PG,PG_LIS,,PAYMENT_POSTED,2022-11-07T09:34:00-08:00,2022-11-07T12:14:45-08:00,34278,USD,,false,NDX/SRC/events/01728
EV001729,PG,PG_LIS,PG-R00951,SUBMITTED,2022-07-04T10:54:00-07:00,2022-07-06T05:27:17-07:00,4974,USD,,false,NDX/SRC/events/01729
EV001730,PG,PG_LIS,,PAYMENT_POSTED,2022-07-21T12:12:00-07:00,2022-07-24T10:12:18-07:00,4974,USD,,false,NDX/SRC/events/01730
EV001731,PG,PG_LIS,PG-R00952,SUBMITTED,2023-03-14T06:36:00-07:00,2023-03-16T12:13:49-07:00,321939,USD,,false,NDX/SRC/events/01731
EV001732,PG,PG_LIS,PG-R00953,SUBMITTED,2023-08-10T05:31:00-07:00,2023-08-10T19:33:59-07:00,19670,USD,,false,NDX/SRC/events/01732
EV001733,PG,PG_LIS,,PAYMENT_POSTED,2023-08-23T06:17:00-07:00,2023-08-27T17:23:19-07:00,19670,USD,,false,NDX/SRC/events/01733
EV001734,PG,PG_LIS,PG-R00954,SUBMITTED,2022-12-08T07:02:00-08:00,2022-12-08T08:59:15-08:00,53222,USD,,false,NDX/SRC/events/01734
EV001735,PG,PG_LIS,,PAYMENT_POSTED,2023-01-09T07:50:00-08:00,2023-01-13T14:44:33-08:00,53222,USD,,false,NDX/SRC/events/01735
EV001736,PG,PG_LIS,PG-R00955,SUBMITTED,2022-07-25T08:27:00-07:00,2022-08-01T12:55:14-07:00,12194,USD,,false,NDX/SRC/events/01736
EV001737,PG,PG_LIS,,PAYMENT_POSTED,2022-10-03T13:25:00-07:00,2022-10-03T20:32:00-07:00,12194,USD,,false,NDX/SRC/events/01737
EV001738,PG,PG_LIS,PG-R00956,SUBMITTED,2022-07-25T11:05:00-07:00,2022-07-26T03:20:55-07:00,18293,USD,,false,NDX/SRC/events/01738
EV001739,PG,PG_LIS,PG-R00957,SUBMITTED,2023-01-17T13:23:00-08:00,2023-01-17T17:19:54-08:00,4633,USD,,false,NDX/SRC/events/01739
EV001740,PG,PG_LIS,,PAYMENT_POSTED,2023-02-13T10:47:00-08:00,2023-02-18T16:55:12-08:00,4633,USD,,false,NDX/SRC/events/01740
EV001741,PG,PG_LIS,PG-R00958,SUBMITTED,2023-01-30T05:43:00-08:00,2023-01-30T09:45:43-08:00,109837,USD,,false,NDX/SRC/events/01741
EV001742,PG,PG_LIS,,PAYMENT_POSTED,2023-02-06T11:21:00-08:00,2023-02-06T18:08:31-08:00,109837,USD,,false,NDX/SRC/events/01742
EV001743,PG,PG_LIS,PG-R00959,SUBMITTED,2023-01-30T06:24:00-08:00,2023-01-30T22:27:40-08:00,5455,USD,,false,NDX/SRC/events/01743
EV001744,PG,PG_LIS,PG-R00960,SUBMITTED,2023-05-12T10:03:00-07:00,2023-05-12T12:30:46-07:00,21567,USD,,false,NDX/SRC/events/01744
EV001745,PG,PG_LIS,PG-R00961,SUBMITTED,2023-02-10T08:27:00-08:00,2023-02-13T19:42:14-08:00,17342,USD,,false,NDX/SRC/events/01745
EV001746,PG,PG_LIS,PG-R00961,CLOSED_NO_PAYMENT,2023-03-29T09:05:00-07:00,2023-03-29T15:17:31-07:00,,,,true,NDX/SRC/events/01746
EV001747,PG,PG_LIS,PG-R00962,SUBMITTED,2022-07-06T11:23:00-07:00,2022-07-06T16:05:00-07:00,72168,USD,,false,NDX/SRC/events/01747
EV001748,PG,PG_LIS,,PAYMENT_POSTED,2022-07-26T10:21:00-07:00,2022-07-26T13:17:12-07:00,72168,USD,,false,NDX/SRC/events/01748
EV001749,PG,PG_LIS,PG-R00963,SUBMITTED,2023-06-14T06:10:00-07:00,2023-06-14T07:50:28-07:00,51900,USD,,false,NDX/SRC/events/01749
EV001750,PG,PG_LIS,,PAYMENT_POSTED,2023-06-23T07:05:00-07:00,2023-06-25T18:40:25-07:00,51900,USD,,false,NDX/SRC/events/01750
EV001751,PG,PG_LIS,PG-R00964,SUBMITTED,2023-09-19T08:51:00-07:00,2023-09-22T12:13:30-07:00,8827,USD,,false,NDX/SRC/events/01751
EV001752,PG,PG_LIS,,PAYMENT_POSTED,2023-09-28T11:35:00-07:00,2023-09-28T17:29:13-07:00,8827,USD,,false,NDX/SRC/events/01752
EV001753,PG,PG_LIS,PG-R00965,SUBMITTED,2023-09-18T09:26:00-07:00,2023-09-19T07:13:01-07:00,7650,USD,,false,NDX/SRC/events/01753
EV001754,PG,PG_LIS,,PAYMENT_POSTED,2023-10-06T08:48:00-07:00,2023-10-12T21:06:05-07:00,7650,USD,,false,NDX/SRC/events/01754
EV001755,PG,PG_LIS,PG-R00966,SUBMITTED,2022-09-08T12:33:00-07:00,2022-09-09T05:49:15-07:00,6604,USD,,false,NDX/SRC/events/01755
EV001756,PG,PG_LIS,,PAYMENT_POSTED,2022-09-12T12:38:00-07:00,2022-09-12T18:47:53-07:00,6604,USD,,false,NDX/SRC/events/01756
EV001757,PG,PG_LIS,PG-R00967,SUBMITTED,2023-05-15T08:35:00-07:00,2023-05-21T08:16:03-07:00,11137,USD,,false,NDX/SRC/events/01757
EV001758,PG,PG_LIS,,PAYMENT_POSTED,2023-05-22T09:47:00-07:00,2023-05-23T07:49:52-07:00,11137,USD,,false,NDX/SRC/events/01758
EV001759,PG,PG_LIS,PG-R00968,SUBMITTED,2022-07-15T06:14:00-07:00,2022-07-16T19:25:12-07:00,9046,USD,,false,NDX/SRC/events/01759
EV001760,PG,PG_LIS,,PAYMENT_POSTED,2022-07-26T12:02:00-07:00,2022-07-26T18:16:26-07:00,9046,USD,,false,NDX/SRC/events/01760
EV001761,PG,PG_LIS,PG-R00969,SUBMITTED,2022-12-05T10:29:00-08:00,2022-12-06T22:35:52-08:00,13676,USD,,false,NDX/SRC/events/01761
EV001762,PG,PG_LIS,PG-R00970,CORRECTED,2022-12-13T07:13:00-08:00,2022-12-13T10:39:30-08:00,13755,USD,,false,NDX/SRC/events/01762
EV001763,PG,PG_LIS,,PAYMENT_POSTED,2023-01-02T10:07:00-08:00,2023-01-03T21:54:50-08:00,13755,USD,,false,NDX/SRC/events/01763
EV001764,PG,PG_LIS,PG-R00971,SUBMITTED,2022-12-30T10:21:00-08:00,2022-12-30T10:56:44-08:00,43518,USD,,false,NDX/SRC/events/01764
EV001765,PG,PG_LIS,PG-R00972,SUBMITTED,2023-06-15T09:06:00-07:00,2023-06-16T08:21:38-07:00,7745,USD,,false,NDX/SRC/events/01765
EV001766,PG,PG_LIS,,PAYMENT_POSTED,2023-07-18T10:15:00-07:00,2023-07-21T08:45:50-07:00,7745,USD,,false,NDX/SRC/events/01766
EV001767,PG,PG_LIS,PG-R00973,SUBMITTED,2023-01-13T11:51:00-08:00,2023-01-18T20:18:19-08:00,14996,USD,,false,NDX/SRC/events/01767
EV001768,PG,PG_LIS,PG-R00974,CORRECTED,2023-01-23T10:15:00-08:00,2023-01-23T16:21:31-08:00,13710,USD,,false,NDX/SRC/events/01768
EV001769,PG,PG_LIS,PG-R00975,SUBMITTED,2023-07-03T13:31:00-07:00,2023-07-06T11:25:49-07:00,16204,USD,,false,NDX/SRC/events/01769
EV001770,PG,PG_LIS,,PAYMENT_POSTED,2023-07-28T07:29:00-07:00,2023-07-28T10:08:42-07:00,16204,USD,,false,NDX/SRC/events/01770
EV001771,PG,PG_LIS,PG-R00976,SUBMITTED,2022-07-06T10:17:00-07:00,2022-07-06T14:11:39-07:00,7174,USD,,false,NDX/SRC/events/01771
EV001772,PG,PG_LIS,,PAYMENT_POSTED,2022-07-25T13:57:00-07:00,2022-07-28T13:32:19-07:00,7174,USD,,false,NDX/SRC/events/01772
EV001773,PG,PG_LIS,PG-R00977,SUBMITTED,2022-10-03T06:59:00-07:00,2022-10-07T19:46:05-07:00,21452,USD,,false,NDX/SRC/events/01773
EV001774,PG,PG_LIS,,PAYMENT_POSTED,2022-10-26T12:28:00-07:00,2022-10-26T16:58:45-07:00,21452,USD,,false,NDX/SRC/events/01774
EV001775,PG,PG_LIS,PG-R00978,SUBMITTED,2023-05-15T12:00:00-07:00,2023-05-16T00:05:53-07:00,14049,USD,,false,NDX/SRC/events/01775
EV001776,PG,PG_LIS,,PAYMENT_POSTED,2023-06-16T06:13:00-07:00,2023-06-22T22:57:34-07:00,14049,USD,,false,NDX/SRC/events/01776
EV001777,PG,PG_LIS,PG-R00979,SUBMITTED,2023-05-10T07:19:00-07:00,2023-05-12T13:07:25-07:00,10826,USD,,false,NDX/SRC/events/01777
EV001778,PG,PG_LIS,PG-R00978,PAYMENT_REVERSED,2023-06-20T07:56:00-07:00,2023-06-21T11:41:09-07:00,3741,USD,EV001776,false,NDX/SRC/events/01778
EV001779,PG,PG_LIS,PG-R00980,SUBMITTED,2023-08-10T10:28:00-07:00,2023-08-11T19:58:17-07:00,16276,USD,,false,NDX/SRC/events/01779
EV001780,PG,PG_LIS,,PAYMENT_POSTED,2023-08-18T10:48:00-07:00,2023-08-18T16:11:41-07:00,16276,USD,,false,NDX/SRC/events/01780
EV001781,PG,PG_LIS,PG-R00981,SUBMITTED,2023-08-18T12:00:00-07:00,2023-08-28T03:31:01-07:00,11125,USD,,false,NDX/SRC/events/01781
EV001782,PG,PG_LIS,,PAYMENT_POSTED,2023-08-30T08:37:00-07:00,2023-08-30T12:13:01-07:00,11125,USD,,false,NDX/SRC/events/01782
EV001783,PG,PG_LIS,PG-R00982,SUBMITTED,2022-12-06T05:04:00-08:00,2022-12-07T05:15:38-08:00,144134,USD,,false,NDX/SRC/events/01783
EV001784,PG,PG_LIS,PG-R00983,CORRECTED,2022-12-09T10:52:00-08:00,2022-12-12T02:09:00-08:00,160232,USD,,false,NDX/SRC/events/01784
EV001785,PG,PG_LIS,,PAYMENT_POSTED,2023-01-25T07:05:00-08:00,2023-01-29T21:19:42-08:00,160232,USD,,false,NDX/SRC/events/01785
EV001786,PG,PG_LIS,PG-R00984,SUBMITTED,2022-12-05T10:05:00-08:00,2022-12-12T00:36:49-08:00,15821,USD,,false,NDX/SRC/events/01786
EV001787,PG,PG_LIS,PG-R00985,SUBMITTED,2022-08-08T08:52:00-07:00,2022-08-29T08:52:00-07:00,8222,USD,,false,NDX/SRC/events/01787
EV001788,PG,PG_LIS,,PAYMENT_POSTED,2022-10-06T10:47:00-07:00,2022-10-06T18:30:51-07:00,8222,USD,,false,NDX/SRC/events/01788
EV001789,PG,PG_LIS,PG-R00986,SUBMITTED,2022-12-09T05:33:00-08:00,2022-12-09T05:53:31-08:00,61487,USD,,false,NDX/SRC/events/01789
EV001790,PG,PG_LIS,PG-R00987,CORRECTED,2022-12-13T05:52:00-08:00,2022-12-20T17:11:40-08:00,66344,USD,,false,NDX/SRC/events/01790
EV001791,PG,PG_LIS,PG-R00986,VOID_VERSION,2022-12-13T05:52:00-08:00,2022-12-17T09:05:22-08:00,61487,EUR,,false,NDX/SRC/events/01791
EV001792,PG,PG_LIS,,PAYMENT_POSTED,2022-12-22T13:50:00-08:00,2022-12-23T09:16:09-08:00,66344,USD,,false,NDX/SRC/events/01792
EV001793,PG,PG_LIS,PG-R00988,SUBMITTED,2023-04-24T13:59:00-07:00,2023-04-24T20:46:38-07:00,26188,USD,,false,NDX/SRC/events/01793
EV001794,PG,PG_LIS,,PAYMENT_POSTED,2023-10-06T10:25:00-07:00,2023-10-09T04:03:44-07:00,26188,USD,,false,NDX/SRC/events/01794
EV001795,PG,PG_LIS,PG-R00989,SUBMITTED,2023-03-20T08:41:00-07:00,2023-04-05T00:33:41-07:00,17971,USD,,false,NDX/SRC/events/01795
EV001796,PG,PG_LIS,,PAYMENT_POSTED,2023-05-25T08:31:00-07:00,2023-05-25T09:16:56-07:00,17971,USD,,false,NDX/SRC/events/01796
EV001797,PG,PG_LIS,PG-R00990,SUBMITTED,2023-07-10T05:45:00-07:00,2023-07-10T08:26:32-07:00,11487,USD,,false,NDX/SRC/events/01797
EV001798,PG,PG_LIS,,PAYMENT_POSTED,2023-08-08T10:27:00-07:00,2023-08-08T17:32:57-07:00,11487,USD,,false,NDX/SRC/events/01798
EV001799,PG,PG_LIS,PG-R00991,SUBMITTED,2023-01-23T10:08:00-08:00,2023-01-23T12:06:33-08:00,6104,USD,,false,NDX/SRC/events/01799
EV001800,PG,PG_LIS,PG-R00992,CORRECTED,2023-01-30T11:33:00-08:00,2023-01-30T15:23:49-08:00,6947,USD,,false,NDX/SRC/events/01800
EV001801,PG,PG_LIS,PG-R00991,VOID_VERSION,2023-01-30T11:33:00-08:00,2023-02-15T18:34:08-08:00,6104,USD,,false,NDX/SRC/events/01801
EV001802,PG,PG_LIS,,PAYMENT_POSTED,2023-02-21T10:55:00-08:00,2023-02-25T12:52:03-08:00,6947,USD,,false,NDX/SRC/events/01802
EV001803,PG,PG_LIS,PG-R00993,SUBMITTED,2023-07-10T06:37:00-07:00,2023-07-11T00:38:06-07:00,10823,USD,,false,NDX/SRC/events/01803
EV001804,PG,PG_LIS,PG-R00994,SUBMITTED,2022-07-14T05:35:00-07:00,2022-07-17T10:45:43-07:00,19300,USD,,false,NDX/SRC/events/01804
EV001805,PG,PG_LIS,PG-R00995,CORRECTED,2022-07-18T12:09:00-07:00,2022-07-26T12:42:15-07:00,20073,USD,,false,NDX/SRC/events/01805
EV001806,PG,PG_LIS,,PAYMENT_POSTED,2022-07-28T13:28:00-07:00,2022-07-29T02:46:20-07:00,20073,USD,,false,NDX/SRC/events/01806
EV001807,PG,PG_LIS,PG-R00996,SUBMITTED,2023-07-28T05:44:00-07:00,2023-08-07T21:25:23-07:00,4894,USD,,false,NDX/SRC/events/01807
EV001808,PG,PG_LIS,,PAYMENT_POSTED,2023-09-08T09:14:00-07:00,2023-09-15T06:20:13-07:00,4894,USD,,false,NDX/SRC/events/01808
EV001809,PG,PG_LIS,PG-R00997,SUBMITTED,2023-03-23T03:04:00-07:00,2023-03-23T07:26:06-07:00,75593,USD,,false,NDX/SRC/events/01809
EV001810,PG,PG_LIS,PG-R00997,CLOSED_NO_PAYMENT,2023-05-23T10:44:00-07:00,2023-05-27T16:28:30-07:00,,,,true,NDX/SRC/events/01810
EV001811,PG,PG_LIS,PG-R00998,SUBMITTED,2023-09-11T07:51:00-07:00,2023-09-11T15:03:47-07:00,21276,USD,,false,NDX/SRC/events/01811
EV001812,PG,PG_LIS,,PAYMENT_POSTED,2023-10-09T10:32:00-07:00,2023-10-09T17:46:07-07:00,21276,USD,,false,NDX/SRC/events/01812
EV001813,PG,PG_LIS,PG-R00999,SUBMITTED,2023-03-29T12:20:00-07:00,2023-04-04T00:18:31-07:00,6522,USD,,false,NDX/SRC/events/01813
EV001814,PG,PG_LIS,,PAYMENT_POSTED,2023-04-03T10:54:00-07:00,2023-04-04T06:13:14-07:00,6522,USD,,false,NDX/SRC/events/01814
EV001815,PG,PG_LIS,PG-R01000,SUBMITTED,2023-08-10T06:09:00-07:00,2023-08-10T08:35:46-07:00,5958,USD,,false,NDX/SRC/events/01815
EV001816,PG,PG_LIS,,PAYMENT_POSTED,2023-09-15T10:29:00-07:00,2023-09-17T00:38:18-07:00,5958,USD,,false,NDX/SRC/events/01816
EV001817,PG,PG_LIS,PG-R01001,SUBMITTED,2023-08-08T12:21:00-07:00,2023-08-08T18:10:01-07:00,5864,USD,,false,NDX/SRC/events/01817
EV001818,PG,PG_LIS,PG-R01002,SUBMITTED,2023-04-17T05:06:00-07:00,2023-04-18T21:29:54-07:00,28299,USD,,false,NDX/SRC/events/01818
EV001819,PG,PG_LIS,PG-R01003,SUBMITTED,2023-01-25T05:11:00-08:00,2023-01-27T23:50:34-08:00,22799,USD,,false,NDX/SRC/events/01819
EV001820,PG,PG_LIS,,PAYMENT_POSTED,2023-02-06T11:18:00-08:00,2023-02-10T22:36:56-08:00,22799,USD,,false,NDX/SRC/events/01820
EV001821,PG,PG_LIS,PG-R01004,SUBMITTED,2023-01-24T05:38:00-08:00,2023-01-25T02:42:57-08:00,7435,USD,,false,NDX/SRC/events/01821
EV001822,PG,PG_LIS,PG-R01005,SUBMITTED,2023-08-03T12:24:00-07:00,2023-08-03T19:36:27-07:00,12917,USD,,false,NDX/SRC/events/01822
EV001823,PG,PG_LIS,,PAYMENT_POSTED,2023-09-04T12:13:00-07:00,2023-09-04T14:06:51-07:00,12917,USD,,false,NDX/SRC/events/01823
EV001824,PG,PG_LIS,PG-R01006,SUBMITTED,2022-11-21T12:49:00-08:00,2022-11-21T15:30:32-08:00,14038,USD,,false,NDX/SRC/events/01824
EV001825,PG,PG_LIS,,PAYMENT_POSTED,2023-01-25T08:26:00-08:00,2023-04-08T13:56:52-07:00,14038,USD,,false,NDX/SRC/events/01825
EV001826,PG,PG_LIS,PG-R01007,SUBMITTED,2023-05-29T09:07:00-07:00,2023-05-29T13:23:37-07:00,15969,USD,,false,NDX/SRC/events/01826
EV001827,PG,PG_LIS,,PAYMENT_POSTED,2023-06-09T12:33:00-07:00,2023-06-13T13:48:04-07:00,15969,USD,,false,NDX/SRC/events/01827
EV001828,PG,PG_LIS,PG-R01008,SUBMITTED,2023-07-13T07:39:00-07:00,2023-07-13T07:54:14-07:00,9518,USD,,false,NDX/SRC/events/01828
EV001829,PG,PG_LIS,,PAYMENT_POSTED,2023-07-27T11:20:00-07:00,2023-07-27T18:34:23-07:00,9518,USD,,false,NDX/SRC/events/01829
EV001830,PG,PG_LIS,PG-R01009,SUBMITTED,2023-06-12T10:11:00-07:00,2023-06-12T11:58:16-07:00,15399,USD,,false,NDX/SRC/events/01830
EV001831,PG,PG_LIS,,PAYMENT_POSTED,2023-06-20T05:55:00-07:00,2023-06-20T10:03:35-07:00,15399,USD,,false,NDX/SRC/events/01831
EV001832,PG,PG_LIS,PG-R01009,PAYMENT_REVERSED,2023-07-03T12:32:00-07:00,2023-07-07T20:59:29-07:00,9466,USD,,false,NDX/SRC/events/01832
EV001833,PG,PG_LIS,PG-R01010,SUBMITTED,2022-09-28T07:37:00-07:00,2022-09-28T12:21:39-07:00,18740,USD,,false,NDX/SRC/events/01833
EV001834,PG,PG_LIS,,PAYMENT_POSTED,2022-10-03T07:13:00-07:00,2022-10-06T14:01:49-07:00,18740,USD,,false,NDX/SRC/events/01834
EV001835,PG,PG_LIS,PG-R01011,SUBMITTED,2022-09-26T11:11:00-07:00,2022-09-26T18:24:40-07:00,6498,USD,,false,NDX/SRC/events/01835
EV001836,PG,PG_LIS,PG-R01012,SUBMITTED,2023-04-03T12:28:00-07:00,2023-04-24T12:28:00-07:00,75733,USD,,false,NDX/SRC/events/01836
EV001837,PG,PG_LIS,PG-R01013,SUBMITTED,2023-07-14T12:20:00-07:00,2023-08-14T01:12:23-07:00,73959,USD,,false,NDX/SRC/events/01837
EV001838,PG,PG_LIS,,PAYMENT_POSTED,2023-08-14T08:35:00-07:00,2023-08-14T16:18:46-07:00,73959,USD,,false,NDX/SRC/events/01838
EV001839,PG,PG_LIS,PG-R01014,SUBMITTED,2022-09-07T13:06:00-07:00,2022-09-09T09:23:50-07:00,13367,USD,,false,NDX/SRC/events/01839
EV001840,PG,PG_LIS,,PAYMENT_POSTED,2022-09-26T06:43:00-07:00,2022-09-26T10:22:18-07:00,13367,USD,,false,NDX/SRC/events/01840
EV001841,PG,PG_LIS,PG-R01015,SUBMITTED,2023-08-24T13:58:00-07:00,2023-08-24T14:32:16-07:00,127190,USD,,false,NDX/SRC/events/01841
EV001842,PG,PG_LIS,PG-R01016,CORRECTED,2023-09-04T08:59:00-07:00,2023-09-05T19:41:59-07:00,113777,USD,,false,NDX/SRC/events/01842
EV001843,PG,PG_LIS,PG-R01015,VOID_VERSION,2023-09-04T08:59:00-07:00,2023-09-04T12:47:44-07:00,127190,USD,,false,NDX/SRC/events/01843
EV001844,PG,PG_LIS,PG-R01017,SUBMITTED,2023-08-07T12:27:00-07:00,2023-08-07T19:47:59-07:00,11003,USD,,false,NDX/SRC/events/01844
EV001845,PG,PG_LIS,PG-R01018,CORRECTED,2023-08-10T07:57:00-07:00,2023-08-11T10:07:44-07:00,14191,USD,,false,NDX/SRC/events/01845
EV001846,PG,PG_LIS,,PAYMENT_POSTED,2023-08-21T07:03:00-07:00,2023-08-26T05:36:34-07:00,14191,USD,,false,NDX/SRC/events/01846
EV001847,PG,PG_LIS,PG-R01019,SUBMITTED,2022-09-12T06:47:00-07:00,2022-09-12T13:20:30-07:00,5393,USD,,false,NDX/SRC/events/01847
EV001848,PG,PG_LIS,,PAYMENT_POSTED,2022-10-10T11:53:00-07:00,2022-10-10T19:52:46-07:00,5393,USD,,false,NDX/SRC/events/01848
EV001849,PG,PG_LIS,PG-R01020,SUBMITTED,2022-11-15T07:55:00-08:00,2022-11-17T04:07:17-08:00,24839,USD,,false,NDX/SRC/events/01849
EV001850,PG,PG_LIS,,PAYMENT_POSTED,2023-03-14T13:23:00-07:00,2023-03-17T07:41:11-07:00,24839,USD,,false,NDX/SRC/events/01850
EV001851,PG,PG_LIS,PG-R01021,SUBMITTED,2023-02-20T05:01:00-08:00,2023-02-20T13:30:24-08:00,4356,USD,,false,NDX/SRC/events/01851
EV001852,PG,PG_LIS,,PAYMENT_POSTED,2023-03-14T11:05:00-07:00,2023-03-22T14:44:52-07:00,4356,USD,,false,NDX/SRC/events/01852
EV001853,PG,PG_LIS,PG-R01022,SUBMITTED,2023-08-28T09:57:00-07:00,2023-08-30T22:18:02-07:00,136832,USD,,false,NDX/SRC/events/01853
EV001854,PG,PG_LIS,,PAYMENT_POSTED,2023-09-12T13:25:00-07:00,2023-09-12T13:58:27-07:00,136832,USD,,false,NDX/SRC/events/01854
EV001855,PG,PG_LIS,PG-R01023,SUBMITTED,2023-02-02T13:35:00-08:00,2023-02-02T15:21:57-08:00,13564,USD,,false,NDX/SRC/events/01855
EV001856,PG,PG_LIS,PG-R01024,SUBMITTED,2023-06-08T08:59:00-07:00,2023-06-08T11:09:54-07:00,7879,USD,,false,NDX/SRC/events/01856
EV001857,PG,PG_LIS,,PAYMENT_POSTED,2023-08-17T13:06:00-07:00,2023-08-19T20:37:15-07:00,7879,USD,,false,NDX/SRC/events/01857
EV001858,PG,PG_LIS,PG-R01025,SUBMITTED,2022-07-11T13:44:00-07:00,2022-07-13T04:29:13-07:00,74939,USD,,false,NDX/SRC/events/01858
EV001859,PG,PG_LIS,PG-R01026,SUBMITTED,2023-08-14T12:25:00-07:00,2023-08-18T08:26:42-07:00,9050,USD,,false,NDX/SRC/events/01859
EV001860,PG,PG_LIS,PG-R01026,CLOSED_NO_PAYMENT,2023-11-06T13:02:00-08:00,2023-11-06T16:19:04-08:00,,,,true,NDX/SRC/events/01860
EV001861,PG,PG_LIS,PG-R01027,SUBMITTED,2023-07-24T13:09:00-07:00,2023-07-30T22:36:13-07:00,13415,USD,,false,NDX/SRC/events/01861
EV001862,PG,PG_LIS,PG-R01028,SUBMITTED,2023-04-27T06:24:00-07:00,2023-04-27T12:09:02-07:00,20661,USD,,false,NDX/SRC/events/01862
EV001863,PG,PG_LIS,,PAYMENT_POSTED,2023-05-22T10:27:00-07:00,2023-05-24T03:27:39-07:00,20661,USD,,false,NDX/SRC/events/01863
EV001864,PG,PG_LIS,PG-R01029,SUBMITTED,2023-03-03T13:46:00-08:00,2023-03-03T18:47:37-08:00,5853,USD,,false,NDX/SRC/events/01864
EV001865,PG,PG_LIS,,PAYMENT_POSTED,2023-03-23T05:56:00-07:00,2023-03-25T06:52:46-07:00,5853,USD,,false,NDX/SRC/events/01865
EV001866,PG,PG_LIS,PG-R01030,SUBMITTED,2023-07-24T11:23:00-07:00,2023-07-28T03:01:12-07:00,50282,USD,,false,NDX/SRC/events/01866
EV001867,PG,PG_LIS,,PAYMENT_POSTED,2023-09-18T05:11:00-07:00,2023-09-20T03:44:42-07:00,50282,USD,,false,NDX/SRC/events/01867
EV001868,PG,PG_LIS,PG-R01030,PAYMENT_REVERSED,2023-09-29T13:10:00-07:00,2023-09-29T13:31:37-07:00,26296,USD,EV001867,false,NDX/SRC/events/01868
EV001869,PG,PG_LIS,PG-R01031,SUBMITTED,2022-12-19T13:33:00-08:00,2022-12-20T22:03:41-08:00,8052,USD,,false,NDX/SRC/events/01869
EV001870,PG,PG_LIS,,PAYMENT_POSTED,2023-01-30T11:29:00-08:00,2023-01-30T18:59:00-08:00,8052,USD,,false,NDX/SRC/events/01870
EV001871,PG,PG_LIS,PG-R01032,SUBMITTED,2023-09-25T09:44:00-07:00,2023-09-25T17:10:18-07:00,4459,USD,,false,NDX/SRC/events/01871
EV001872,PG,PG_LIS,,PAYMENT_POSTED,2023-10-02T09:36:00-07:00,2023-10-11T20:55:04-07:00,4459,USD,,false,NDX/SRC/events/01872
EV001873,PG,PG_LIS,PG-R01033,SUBMITTED,2023-09-20T11:11:00-07:00,2023-09-23T06:49:48-07:00,17255,USD,,false,NDX/SRC/events/01873
EV001874,PG,PG_LIS,PG-R01034,SUBMITTED,2023-01-04T07:23:00-08:00,2023-01-07T23:09:14-08:00,14981,USD,,false,NDX/SRC/events/01874
EV001875,PG,PG_LIS,,PAYMENT_POSTED,2023-01-17T09:08:00-08:00,2023-01-20T16:07:50-08:00,14981,USD,,false,NDX/SRC/events/01875
EV001876,PG,PG_LIS,PG-R01035,SUBMITTED,2023-01-23T06:40:00-08:00,2023-01-23T12:12:54-08:00,56927,USD,,false,NDX/SRC/events/01876
EV001877,PG,PG_LIS,,PAYMENT_POSTED,2023-02-06T13:41:00-08:00,2023-02-06T20:13:06-08:00,56927,USD,,false,NDX/SRC/events/01877
EV001878,PG,PG_LIS,PG-R01035,PAYMENT_REVERSED,2023-02-13T10:21:00-08:00,2023-02-13T16:43:10-08:00,15769,USD,EV001877,false,NDX/SRC/events/01878
EV001879,PG,PG_LIS,PG-R01036,SUBMITTED,2022-07-18T07:56:00-07:00,2022-07-19T18:16:07-07:00,16179,USD,,false,NDX/SRC/events/01879
EV001880,PG,PG_LIS,PG-R01037,CORRECTED,2022-07-25T10:11:00-07:00,2022-07-25T10:20:09-07:00,17290,USD,,false,NDX/SRC/events/01880
EV001881,PG,PG_LIS,PG-R01038,SUBMITTED,2022-07-18T08:28:00-07:00,2022-07-18T09:42:16-07:00,5071,USD,,false,NDX/SRC/events/01881
EV001882,PG,PG_LIS,,PAYMENT_POSTED,2022-08-08T05:52:00-07:00,2022-08-08T12:55:16-07:00,5071,USD,,false,NDX/SRC/events/01882
EV001883,PG,PG_LIS,PG-R01039,SUBMITTED,2023-01-09T09:55:00-08:00,2023-01-15T09:03:47-08:00,13210,USD,,false,NDX/SRC/events/01883
EV001884,PG,PG_LIS,,PAYMENT_POSTED,2023-04-06T06:09:00-07:00,2023-04-08T05:43:36-07:00,13210,USD,,false,NDX/SRC/events/01884
EV001885,PG,PG_LIS,PG-R01040,SUBMITTED,2022-11-11T05:33:00-08:00,2022-11-12T02:27:36-08:00,38083,USD,,false,NDX/SRC/events/01885
EV001886,PG,PG_LIS,,PAYMENT_POSTED,2022-11-28T09:31:00-08:00,2022-12-09T14:21:43-08:00,38083,USD,,false,NDX/SRC/events/01886
EV001887,PG,PG_LIS,PG-R01041,SUBMITTED,2023-09-04T11:13:00-07:00,2023-09-04T12:34:22-07:00,4982,USD,,false,NDX/SRC/events/01887
EV001888,PG,PG_LIS,PG-R01042,CORRECTED,2023-09-12T08:34:00-07:00,2023-09-12T11:27:13-07:00,4631,USD,,false,NDX/SRC/events/01888
EV001889,PG,PG_LIS,,PAYMENT_POSTED,2023-10-02T08:45:00-07:00,2023-10-02T12:43:41-07:00,4631,USD,,false,NDX/SRC/events/01889
EV001890,PG,PG_LIS,PG-R01043,SUBMITTED,2022-10-26T08:42:00-07:00,2022-10-26T14:19:47-07:00,11742,USD,,false,NDX/SRC/events/01890
EV001891,PG,PG_LIS,,PAYMENT_POSTED,2022-11-07T09:56:00-08:00,2022-11-07T14:52:32-08:00,11742,USD,,false,NDX/SRC/events/01891
EV001892,PG,PG_LIS,PG-R01044,SUBMITTED,2022-10-21T13:25:00-07:00,2022-10-21T16:26:07-07:00,12864,USD,,false,NDX/SRC/events/01892
EV001893,PG,PG_LIS,PG-R01045,SUBMITTED,2023-04-10T13:28:00-07:00,2023-04-12T09:15:26-07:00,8578,USD,,false,NDX/SRC/events/01893
EV001894,PG,PG_LIS,,PAYMENT_POSTED,2023-05-04T13:34:00-07:00,2023-05-06T00:01:44-07:00,8578,USD,,false,NDX/SRC/events/01894
EV001895,PG,PG_LIS,PG-R01046,SUBMITTED,2023-03-13T09:14:00-07:00,2023-03-13T14:40:00-07:00,6234,USD,,false,NDX/SRC/events/01895
EV001896,PG,PG_LIS,,PAYMENT_POSTED,2023-05-17T05:34:00-07:00,2023-05-18T23:52:34-07:00,6234,USD,,false,NDX/SRC/events/01896
EV001897,PG,PG_LIS,PG-R01047,SUBMITTED,2023-02-27T11:24:00-08:00,2023-02-27T13:01:03-08:00,7836,USD,,false,NDX/SRC/events/01897
EV001898,PG,PG_LIS,,PAYMENT_POSTED,2023-04-03T08:19:00-07:00,2023-04-03T16:08:46-07:00,7836,USD,,false,NDX/SRC/events/01898
EV001899,PG,PG_LIS,PG-R01048,SUBMITTED,2022-07-18T06:30:00-07:00,2022-07-18T09:33:04-07:00,13073,USD,,false,NDX/SRC/events/01899
EV001900,PG,PG_LIS,,PAYMENT_POSTED,2022-08-08T13:35:00-07:00,2022-08-10T20:06:53-07:00,13073,USD,,false,NDX/SRC/events/01900
EV001901,PG,PG_LIS,PG-R01049,SUBMITTED,2022-07-15T06:42:00-07:00,2022-07-21T13:00:25-07:00,8556,USD,,false,NDX/SRC/events/01901
EV001902,PG,PG_LIS,PG-R01050,SUBMITTED,2023-01-20T07:25:00-08:00,2023-01-21T04:26:24-08:00,8132,USD,,false,NDX/SRC/events/01902
EV001903,PG,PG_LIS,PG-R01050,CLOSED_NO_PAYMENT,2023-04-10T08:11:00-07:00,2023-04-15T20:39:11-07:00,,,,true,NDX/SRC/events/01903
EV001904,PG,PG_LIS,PG-R01051,SUBMITTED,2023-04-07T09:52:00-07:00,2023-04-15T02:08:13-07:00,4953,USD,,false,NDX/SRC/events/01904
EV001905,PG,PG_LIS,,PAYMENT_POSTED,2023-05-08T13:19:00-07:00,2023-05-08T16:20:03-07:00,4953,USD,,false,NDX/SRC/events/01905
EV001906,PG,PG_LIS,PG-R01052,SUBMITTED,2023-09-21T07:55:00-07:00,2023-09-24T08:44:28-07:00,49352,USD,,false,NDX/SRC/events/01906
EV001907,PG,PG_LIS,,PAYMENT_POSTED,2023-10-10T07:55:00-07:00,2023-10-12T03:11:26-07:00,49352,USD,,false,NDX/SRC/events/01907
EV001908,PG,PG_LIS,PG-R01053,SUBMITTED,2023-08-07T07:03:00-07:00,2023-08-11T15:08:40-07:00,6314,USD,,false,NDX/SRC/events/01908
EV001909,PG,PG_LIS,,PAYMENT_POSTED,2023-09-04T08:30:00-07:00,2023-09-04T09:42:38-07:00,6314,USD,,false,NDX/SRC/events/01909
EV001910,PG,PG_LIS,PG-R01054,SUBMITTED,2022-07-11T07:37:00-07:00,2022-07-15T02:42:03-07:00,21850,USD,,false,NDX/SRC/events/01910
EV001911,PG,PG_LIS,,PAYMENT_POSTED,2022-07-22T06:26:00-07:00,2022-07-23T23:31:19-07:00,21850,USD,,false,NDX/SRC/events/01911
EV001912,PG,PG_LIS,PG-R01055,SUBMITTED,2022-07-28T09:49:00-07:00,2022-07-28T11:43:14-07:00,13076,USD,,false,NDX/SRC/events/01912
EV001913,PG,PG_LIS,,PAYMENT_POSTED,2022-08-11T10:29:00-07:00,2022-08-16T05:04:57-07:00,13076,USD,,false,NDX/SRC/events/01913
EV001914,PG,PG_LIS,PG-R01056,SUBMITTED,2023-08-07T12:53:00-07:00,2023-08-07T20:48:00-07:00,42964,USD,,false,NDX/SRC/events/01914
EV001915,PG,PG_LIS,,PAYMENT_POSTED,2023-09-27T13:09:00-07:00,2023-10-07T17:18:22-07:00,42964,USD,,false,NDX/SRC/events/01915
EV001916,PG,PG_LIS,PG-R01057,SUBMITTED,2023-08-14T06:39:00-07:00,2023-08-15T16:25:15-07:00,5092,USD,,false,NDX/SRC/events/01916
EV001917,PG,PG_LIS,,PAYMENT_POSTED,2023-08-23T09:40:00-07:00,2023-08-23T14:47:23-07:00,5092,USD,,false,NDX/SRC/events/01917
EV001918,PG,PG_LIS,PG-R01058,SUBMITTED,2023-06-12T13:07:00-07:00,2023-06-14T08:04:48-07:00,20161,USD,,false,NDX/SRC/events/01918
EV001919,PG,PG_LIS,PG-R01059,CORRECTED,2023-06-23T12:08:00-07:00,2023-06-25T00:49:52-07:00,19399,USD,,false,NDX/SRC/events/01919
EV001920,PG,PG_LIS,PG-R01058,VOID_VERSION,2023-06-23T12:08:00-07:00,2023-06-23T13:32:36-07:00,20161,USD,,false,NDX/SRC/events/01920
EV001921,PG,PG_LIS,,PAYMENT_POSTED,2023-06-19T13:56:00-07:00,2023-06-20T22:05:40-07:00,19399,USD,,false,NDX/SRC/events/01921
EV001922,PG,PG_LIS,PG-R01060,SUBMITTED,2023-06-26T12:59:00-07:00,2023-06-26T17:44:33-07:00,23608,USD,,false,NDX/SRC/events/01922
EV001923,PG,PG_LIS,,PAYMENT_POSTED,2023-07-06T06:22:00-07:00,2023-07-06T07:36:22-07:00,23608,USD,,false,NDX/SRC/events/01923
EV001924,PG,PG_LIS,PG-R01061,SUBMITTED,2023-06-21T12:25:00-07:00,2023-06-21T14:00:52-07:00,8103,USD,,false,NDX/SRC/events/01924
EV001925,PG,PG_LIS,PG-R01062,SUBMITTED,2023-06-23T06:00:00-07:00,2023-06-25T15:56:38-07:00,7368,USD,,false,NDX/SRC/events/01925
EV001926,PG,PG_LIS,PG-R01063,SUBMITTED,2023-06-12T12:12:00-07:00,2023-06-14T23:49:49-07:00,21511,USD,,false,NDX/SRC/events/01926
EV001927,PG,PG_LIS,,PAYMENT_POSTED,2023-06-26T11:27:00-07:00,2023-06-28T02:12:24-07:00,21511,USD,,false,NDX/SRC/events/01927
EV001928,PG,PG_LIS,PG-R01064,SUBMITTED,2023-05-15T09:08:00-07:00,2023-05-21T13:29:46-07:00,56244,USD,,false,NDX/SRC/events/01928
EV001929,PG,PG_LIS,,PAYMENT_POSTED,2023-05-19T13:17:00-07:00,2023-05-28T21:31:40-07:00,56244,USD,,false,NDX/SRC/events/01929
EV001930,PG,PG_LIS,PG-R01065,SUBMITTED,2023-05-10T08:48:00-07:00,2023-05-13T03:20:19-07:00,9425,USD,,false,NDX/SRC/events/01930
EV001931,PG,PG_LIS,PG-R01066,SUBMITTED,2022-08-16T08:19:00-07:00,2022-08-16T17:46:20-07:00,39405,USD,,false,NDX/SRC/events/01931
EV001932,PG,PG_LIS,,PAYMENT_POSTED,2022-10-17T12:11:00-07:00,2022-10-20T00:21:02-07:00,39405,USD,,false,NDX/SRC/events/01932
EV001933,PG,PG_LIS,PG-R01067,SUBMITTED,2023-01-09T05:43:00-08:00,2023-01-09T10:29:58-08:00,7832,USD,,false,NDX/SRC/events/01933
EV001934,PG,PG_LIS,PG-R01068,CORRECTED,2023-01-16T05:18:00-08:00,2023-01-18T15:09:49-08:00,8126,USD,,false,NDX/SRC/events/01934
EV001935,PG,PG_LIS,PG-R01069,SUBMITTED,2023-07-04T09:50:00-07:00,2023-07-23T05:59:08-07:00,9450,USD,,false,NDX/SRC/events/01935
EV001936,PG,PG_LIS,PG-R01070,SUBMITTED,2022-08-22T12:31:00-07:00,2022-08-22T20:11:32-07:00,15150,USD,,false,NDX/SRC/events/01936
EV001937,PG,PG_LIS,,PAYMENT_POSTED,2022-09-02T09:47:00-07:00,2022-09-03T23:38:28-07:00,15150,USD,,false,NDX/SRC/events/01937
EV001938,PG,PG_LIS,PG-R01071,SUBMITTED,2022-08-22T13:49:00-07:00,2022-08-22T16:07:44-07:00,12123,USD,,false,NDX/SRC/events/01938
EV001939,PG,PG_LIS,PG-R01072,SUBMITTED,2022-10-17T05:58:00-07:00,2022-10-17T12:57:07-07:00,16619,USD,,false,NDX/SRC/events/01939
EV001940,PG,PG_LIS,,PAYMENT_POSTED,2022-12-05T09:05:00-08:00,2022-12-05T16:09:43-08:00,16619,USD,,false,NDX/SRC/events/01940
EV001941,PG,PG_LIS,PG-R01072,PAYMENT_REVERSED,2022-12-12T10:07:00-08:00,2022-12-21T08:33:42-08:00,9251,USD,EV001940,false,NDX/SRC/events/01941
EV001942,PG,PG_LIS,PG-R01073,SUBMITTED,2022-07-25T05:22:00-07:00,2022-07-25T08:26:26-07:00,11980,USD,,false,NDX/SRC/events/01942
EV001943,PG,PG_LIS,,PAYMENT_POSTED,2022-08-22T12:40:00-07:00,2022-08-22T16:39:14-07:00,11980,USD,,false,NDX/SRC/events/01943
EV001944,PG,PG_LIS,PG-R01074,SUBMITTED,2022-07-20T06:05:00-07:00,2022-07-21T16:42:51-07:00,31554,USD,,false,NDX/SRC/events/01944
EV001945,PG,PG_LIS,PG-R01075,SUBMITTED,2023-07-17T11:46:00-07:00,2023-07-17T18:04:07-07:00,98706,USD,,false,NDX/SRC/events/01945
EV001946,PG,PG_LIS,,PAYMENT_POSTED,2023-08-21T08:37:00-07:00,2023-08-25T16:41:09-07:00,98706,USD,,false,NDX/SRC/events/01946
EV001947,PG,PG_LIS,PG-R01076,SUBMITTED,2022-07-11T11:32:00-07:00,2022-07-12T21:57:30-07:00,9657,USD,,false,NDX/SRC/events/01947
EV001948,PG,PG_LIS,,PAYMENT_POSTED,2022-09-09T12:59:00-07:00,2022-09-09T18:24:14-07:00,9657,USD,,false,NDX/SRC/events/01948
EV001949,PG,PG_LIS,PG-R01077,SUBMITTED,2023-03-10T13:46:00-08:00,2023-03-10T15:02:35-08:00,37379,USD,,false,NDX/SRC/events/01949
EV001950,PG,PG_LIS,,PAYMENT_POSTED,2023-04-07T10:23:00-07:00,2023-04-07T10:38:10-07:00,37379,USD,,false,NDX/SRC/events/01950
EV001951,PG,PG_LIS,PG-R01078,SUBMITTED,2022-10-21T06:01:00-07:00,2022-10-21T08:23:36-07:00,4668,USD,,false,NDX/SRC/events/01951
EV001952,PG,PG_LIS,PG-R01079,CORRECTED,2022-10-25T10:55:00-07:00,2022-11-01T15:10:14-07:00,5825,USD,,false,NDX/SRC/events/01952
EV001953,PG,PG_LIS,PG-R01078,VOID_VERSION,2022-10-25T10:55:00-07:00,2022-10-25T16:38:55-07:00,4668,USD,,false,NDX/SRC/events/01953
EV001954,PG,PG_LIS,,PAYMENT_POSTED,2022-10-27T06:47:00-07:00,2022-10-31T08:12:04-07:00,5825,USD,,false,NDX/SRC/events/01954
EV001955,PG,PG_LIS,PG-R01080,SUBMITTED,2023-07-07T11:00:00-07:00,2023-07-09T05:32:03-07:00,50077,USD,,false,NDX/SRC/events/01955
EV001956,PG,PG_LIS,,PAYMENT_POSTED,2023-07-24T11:42:00-07:00,2023-08-05T04:57:15-07:00,50077,USD,,false,NDX/SRC/events/01956
EV001957,PG,PG_LIS,PG-R01081,SUBMITTED,2022-09-26T11:56:00-07:00,2022-09-27T13:52:14-07:00,13512,USD,,false,NDX/SRC/events/01957
EV001958,PG,PG_LIS,PG-R01082,SUBMITTED,2023-03-13T05:32:00-07:00,2023-03-14T21:17:35-07:00,31566,USD,,false,NDX/SRC/events/01958
EV001959,PG,PG_LIS,PG-R01082,CLOSED_NO_PAYMENT,2023-04-14T12:44:00-07:00,2023-04-17T18:58:38-07:00,,,,true,NDX/SRC/events/01959
EV001960,PG,PG_LIS,PG-R01083,SUBMITTED,2023-04-19T06:20:00-07:00,2023-04-25T02:10:48-07:00,11492,USD,,false,NDX/SRC/events/01960
EV001961,PG,PG_LIS,,PAYMENT_POSTED,2023-05-02T13:28:00-07:00,2023-05-03T06:49:33-07:00,11492,USD,,false,NDX/SRC/events/01961
EV001962,PG,PG_LIS,PG-R01084,SUBMITTED,2023-01-23T10:41:00-08:00,2023-01-23T14:21:58-08:00,3005,USD,,false,NDX/SRC/events/01962
EV001963,PG,PG_LIS,PG-R01084,CLOSED_NO_PAYMENT,2023-02-27T08:06:00-08:00,2023-02-27T11:21:06-08:00,,,,true,NDX/SRC/events/01963
EV001964,PG,PG_LIS,PG-R01085,SUBMITTED,2023-01-25T07:53:00-08:00,2023-01-31T23:26:02-08:00,37171,USD,,false,NDX/SRC/events/01964
EV001965,PG,PG_LIS,PG-R01086,CORRECTED,2023-02-01T08:59:00-08:00,2023-02-01T12:12:29-08:00,40572,USD,,false,NDX/SRC/events/01965
EV001966,PG,PG_LIS,PG-R01085,VOID_VERSION,2023-02-01T08:59:00-08:00,2023-02-01T16:23:44-08:00,37171,USD,,false,NDX/SRC/events/01966
EV001967,PG,PG_LIS,PG-R01087,SUBMITTED,2023-06-16T12:46:00-07:00,2023-06-19T06:43:21-07:00,5452,USD,,false,NDX/SRC/events/01967
EV001968,PG,PG_LIS,,PAYMENT_POSTED,2023-07-10T06:10:00-07:00,2023-07-10T07:55:43-07:00,5452,USD,,false,NDX/SRC/events/01968
EV001969,PG,PG_LIS,PG-R01088,SUBMITTED,2023-01-03T13:37:00-08:00,2023-01-03T20:40:37-08:00,4204,USD,,false,NDX/SRC/events/01969
EV001970,PG,PG_LIS,,PAYMENT_POSTED,2023-01-18T12:47:00-08:00,2023-01-18T17:56:09-08:00,4204,USD,,false,NDX/SRC/events/01970
EV001971,PG,PG_LIS,PG-R01089,SUBMITTED,2023-03-30T12:47:00-07:00,2023-04-01T11:44:10-07:00,9851,USD,,false,NDX/SRC/events/01971
EV001972,PG,PG_LIS,,PAYMENT_POSTED,2023-07-10T11:52:00-07:00,2023-07-14T00:05:55-07:00,9851,USD,,false,NDX/SRC/events/01972
EV001973,PG,PG_LIS,PG-R01090,SUBMITTED,2023-03-29T10:27:00-07:00,2023-03-31T09:19:28-07:00,11005,USD,,false,NDX/SRC/events/01973
EV001974,PG,PG_LIS,PG-R01091,SUBMITTED,2022-10-04T07:36:00-07:00,2022-10-04T08:53:00-07:00,9940,USD,,false,NDX/SRC/events/01974
EV001975,PG,PG_LIS,,PAYMENT_POSTED,2022-10-07T08:59:00-07:00,2022-10-14T11:20:33-07:00,9940,USD,,false,NDX/SRC/events/01975
EV001976,PG,PG_LIS,PG-R01092,SUBMITTED,2022-09-29T12:42:00-07:00,2022-10-04T10:22:45-07:00,18923,USD,,false,NDX/SRC/events/01976
EV001977,PG,PG_LIS,PG-R01093,SUBMITTED,2023-07-10T08:39:00-07:00,2023-07-15T16:51:26-07:00,23837,USD,,false,NDX/SRC/events/01977
EV001978,PG,PG_LIS,,PAYMENT_POSTED,2023-07-24T11:27:00-07:00,2023-07-25T10:02:33-07:00,23837,USD,,false,NDX/SRC/events/01978
EV001979,PG,PG_LIS,PG-R01094,SUBMITTED,2023-08-31T05:58:00-07:00,2023-08-31T13:56:34-07:00,14329,USD,,false,NDX/SRC/events/01979
EV001980,PG,PG_LIS,,PAYMENT_POSTED,2023-09-12T08:39:00-07:00,2023-09-17T18:31:45-07:00,14329,USD,,false,NDX/SRC/events/01980
EV001981,PG,PG_LIS,PG-R01095,SUBMITTED,2023-03-30T12:51:00-07:00,2023-03-30T16:10:01-07:00,12235,USD,,false,NDX/SRC/events/01981
EV001982,PG,PG_LIS,,PAYMENT_POSTED,2023-04-05T12:32:00-07:00,2023-04-05T19:14:11-07:00,12235,USD,,false,NDX/SRC/events/01982
EV001983,PG,PG_LIS,PG-R01096,SUBMITTED,2023-02-08T12:14:00-08:00,2023-02-08T15:47:42-08:00,10054,USD,,false,NDX/SRC/events/01983
EV001984,PG,PG_LIS,,PAYMENT_POSTED,2023-02-23T07:13:00-08:00,2023-02-24T09:53:20-08:00,10054,USD,,false,NDX/SRC/events/01984
EV001985,PG,PG_LIS,PG-R01097,SUBMITTED,2022-09-08T06:27:00-07:00,2022-09-11T20:29:59-07:00,16972,USD,,false,NDX/SRC/events/01985
EV001986,PG,PG_LIS,,PAYMENT_POSTED,2022-11-08T08:17:00-08:00,2022-11-08T15:12:50-08:00,16972,USD,,false,NDX/SRC/events/01986
EV001987,PG,PG_LIS,PG-R01098,SUBMITTED,2023-01-16T13:44:00-08:00,2023-01-19T07:39:40-08:00,30862,USD,,false,NDX/SRC/events/01987
EV001988,PG,PG_LIS,PG-R01099,CORRECTED,2023-01-25T06:45:00-08:00,2023-01-25T10:55:17-08:00,36736,USD,,false,NDX/SRC/events/01988
EV001989,PG,PG_LIS,,PAYMENT_POSTED,2023-02-20T06:18:00-08:00,2023-02-21T13:43:27-08:00,36736,USD,,false,NDX/SRC/events/01989
EV001990,PG,PG_LIS,PG-R01100,SUBMITTED,2023-04-11T07:50:00-07:00,2023-04-12T04:19:53-07:00,107627,USD,,false,NDX/SRC/events/01990
EV001991,PG,PG_LIS,,PAYMENT_POSTED,2023-04-24T12:52:00-07:00,2023-04-25T22:34:31-07:00,107627,USD,,false,NDX/SRC/events/01991
EV001992,PG,PG_LIS,PG-R01101,SUBMITTED,2023-07-10T09:06:00-07:00,2023-07-10T22:15:30-07:00,12103,USD,,false,NDX/SRC/events/01992
EV001993,PG,PG_LIS,,PAYMENT_POSTED,2023-07-21T07:04:00-07:00,2023-07-29T20:25:38-07:00,12103,USD,,false,NDX/SRC/events/01993
EV001994,PG,PG_LIS,PG-R01102,SUBMITTED,2023-03-29T12:55:00-07:00,2023-04-02T18:58:00-07:00,54578,USD,,false,NDX/SRC/events/01994
EV001995,PG,PG_LIS,,PAYMENT_POSTED,2023-04-10T07:30:00-07:00,2023-04-18T18:37:39-07:00,54578,USD,,false,NDX/SRC/events/01995
EV001996,PG,PG_LIS,PG-R01103,SUBMITTED,2023-05-08T11:42:00-07:00,2023-05-09T10:24:45-07:00,16907,USD,,false,NDX/SRC/events/01996
EV001997,PG,PG_LIS,,PAYMENT_POSTED,2023-05-29T06:35:00-07:00,2023-05-29T13:34:30-07:00,16907,USD,,false,NDX/SRC/events/01997
EV001998,PG,PG_LIS,PG-R01104,SUBMITTED,2023-05-03T12:48:00-07:00,2023-05-23T21:19:41-07:00,11071,USD,,false,NDX/SRC/events/01998
EV001999,PG,PG_LIS,PG-R01105,SUBMITTED,2022-09-08T09:20:00-07:00,2022-09-08T09:55:55-07:00,39462,USD,,false,NDX/SRC/events/01999
EV002000,PG,PG_LIS,,PAYMENT_POSTED,2022-09-26T12:55:00-07:00,2022-09-26T19:02:10-07:00,39462,USD,,false,NDX/SRC/events/02000
EV002001,PG,PG_LIS,PG-R01106,SUBMITTED,2023-09-06T13:57:00-07:00,2023-09-06T18:14:59-07:00,10749,USD,,false,NDX/SRC/events/02001
EV002002,PG,PG_LIS,,PAYMENT_POSTED,2023-10-02T08:11:00-07:00,2023-10-12T11:02:27-07:00,10749,USD,,false,NDX/SRC/events/02002
EV002003,PG,PG_LIS,PG-R01107,SUBMITTED,2023-07-24T13:41:00-07:00,2023-07-25T09:47:12-07:00,51890,USD,,false,NDX/SRC/events/02003
EV002004,PG,PG_LIS,PG-R01107,CLOSED_NO_PAYMENT,2023-09-07T09:12:00-07:00,2023-09-08T04:12:58-07:00,,,,true,NDX/SRC/events/02004
EV002005,PG,PG_LIS,PG-R01108,SUBMITTED,2022-12-30T12:43:00-08:00,2022-12-30T17:08:47-08:00,6508,USD,,false,NDX/SRC/events/02005
EV002006,PG,PG_LIS,,PAYMENT_POSTED,2023-01-16T13:16:00-08:00,2023-01-19T00:49:23-08:00,6508,USD,,false,NDX/SRC/events/02006
EV002007,PG,PG_LIS,PG-R01109,SUBMITTED,2023-07-18T12:25:00-07:00,2023-07-21T14:25:04-07:00,5565,USD,,false,NDX/SRC/events/02007
EV002008,PG,PG_LIS,,PAYMENT_POSTED,2023-08-22T07:10:00-07:00,2023-08-22T09:57:01-07:00,5565,USD,,false,NDX/SRC/events/02008
EV002009,PG,PG_LIS,PG-R01110,SUBMITTED,2023-05-08T05:02:00-07:00,2023-05-10T13:49:08-07:00,16322,USD,,false,NDX/SRC/events/02009
EV002010,PG,PG_LIS,,PAYMENT_POSTED,2023-06-02T11:13:00-07:00,2023-06-02T15:57:04-07:00,16322,USD,,false,NDX/SRC/events/02010
EV002011,PG,PG_LIS,PG-R01111,SUBMITTED,2023-07-20T13:34:00-07:00,2023-07-24T13:25:15-07:00,45178,USD,,false,NDX/SRC/events/02011
EV002012,PG,PG_LIS,PG-R01112,CORRECTED,2023-07-24T05:17:00-07:00,2023-07-25T18:34:13-07:00,49787,USD,,false,NDX/SRC/events/02012
EV002013,PG,PG_LIS,,PAYMENT_POSTED,2023-07-28T09:20:00-07:00,2023-07-28T10:29:17-07:00,49787,USD,,false,NDX/SRC/events/02013
EV002014,PG,PG_LIS,PG-R01113,SUBMITTED,2022-08-18T06:37:00-07:00,2022-08-21T23:13:22-07:00,14951,USD,,false,NDX/SRC/events/02014
EV002015,PG,PG_LIS,,PAYMENT_POSTED,2022-08-29T05:23:00-07:00,2022-08-29T11:43:24-07:00,14951,USD,,false,NDX/SRC/events/02015
EV002016,PG,PG_LIS,PG-R01114,SUBMITTED,2023-09-18T13:00:00-07:00,2023-09-18T20:33:07-07:00,9651,USD,,false,NDX/SRC/events/02016
EV002017,PG,PG_LIS,PG-R01115,SUBMITTED,2023-03-06T05:39:00-08:00,2023-03-14T02:36:49-07:00,62102,USD,,false,NDX/SRC/events/02017
EV002018,PG,PG_LIS,,PAYMENT_POSTED,2023-03-13T11:31:00-07:00,2023-03-14T09:40:45-07:00,62102,USD,,false,NDX/SRC/events/02018
EV002019,PG,PG_LIS,PG-R01116,SUBMITTED,2023-07-31T07:43:00-07:00,2023-08-01T19:05:41-07:00,7345,USD,,false,NDX/SRC/events/02019
EV002020,PG,PG_LIS,,PAYMENT_POSTED,2023-08-09T11:54:00-07:00,2023-08-12T08:44:45-07:00,7345,USD,,false,NDX/SRC/events/02020
EV002021,PG,PG_LIS,PG-R01117,SUBMITTED,2023-01-30T05:08:00-08:00,2023-02-02T06:08:47-08:00,11254,USD,,false,NDX/SRC/events/02021
EV002022,PG,PG_LIS,PG-R01117,CLOSED_NO_PAYMENT,2023-04-28T06:00:00-07:00,2023-05-05T03:25:38-07:00,,,,true,NDX/SRC/events/02022
EV002023,PG,PG_LIS,PG-R01118,SUBMITTED,2023-08-21T06:27:00-07:00,2023-08-21T13:23:25-07:00,7888,USD,,false,NDX/SRC/events/02023
EV002024,PG,PG_LIS,,PAYMENT_POSTED,2023-09-05T05:26:00-07:00,2023-09-14T01:21:02-07:00,7888,USD,,false,NDX/SRC/events/02024
EV002025,PG,PG_LIS,PG-R01119,SUBMITTED,2023-07-31T11:56:00-07:00,2023-07-31T12:39:26-07:00,9607,USD,,false,NDX/SRC/events/02025
EV002026,PG,PG_LIS,,PAYMENT_POSTED,2023-09-18T13:58:00-07:00,2023-09-18T14:07:22-07:00,9607,USD,,false,NDX/SRC/events/02026
EV002027,PG,PG_LIS,PG-R01120,SUBMITTED,2022-12-19T11:37:00-08:00,2022-12-22T04:05:18-08:00,29323,USD,,false,NDX/SRC/events/02027
EV002028,PG,PG_LIS,,PAYMENT_POSTED,2023-02-13T11:18:00-08:00,2023-02-13T14:53:06-08:00,29323,USD,,false,NDX/SRC/events/02028
EV002029,PG,PG_LIS,PG-R01121,SUBMITTED,2022-10-14T12:35:00-07:00,2022-10-14T22:26:19-07:00,31491,USD,,false,NDX/SRC/events/02029
EV002030,PG,PG_LIS,PG-R01122,CORRECTED,2022-10-24T06:18:00-07:00,2022-10-28T13:27:11-07:00,30365,USD,,false,NDX/SRC/events/02030
EV002031,PG,PG_LIS,PG-R01121,VOID_VERSION,2022-10-24T06:18:00-07:00,2022-10-24T11:44:58-07:00,31491,USD,,false,NDX/SRC/events/02031
EV002032,PG,PG_LIS,,PAYMENT_POSTED,2022-10-28T07:29:00-07:00,2022-10-30T00:36:58-07:00,30365,USD,,false,NDX/SRC/events/02032
EV002033,PG,PG_LIS,PG-R01123,SUBMITTED,2023-08-25T11:19:00-07:00,2023-08-25T13:45:25-07:00,28617,USD,,false,NDX/SRC/events/02033
EV002034,PG,PG_LIS,,PAYMENT_POSTED,2023-09-13T05:57:00-07:00,2023-09-13T10:58:04-07:00,28617,USD,,false,NDX/SRC/events/02034
EV002035,PG,PG_LIS,PG-R01124,SUBMITTED,2022-07-13T07:25:00-07:00,2022-07-13T10:13:22-07:00,21575,USD,,false,NDX/SRC/events/02035
EV002036,PG,PG_LIS,,PAYMENT_POSTED,2022-07-25T08:16:00-07:00,2022-07-26T11:59:42-07:00,21575,USD,,false,NDX/SRC/events/02036
EV002037,PG,PG_LIS,PG-R01124,PAYMENT_REVERSED,2022-08-04T12:02:00-07:00,2022-08-25T12:02:00-07:00,12864,USD,EV002036,false,NDX/SRC/events/02037
EV002038,PG,PG_LIS,PG-R01125,SUBMITTED,2023-01-09T12:26:00-08:00,2023-01-09T16:24:36-08:00,8627,USD,,false,NDX/SRC/events/02038
EV002039,PG,PG_LIS,PG-R01126,CORRECTED,2023-01-13T05:38:00-08:00,2023-01-15T00:40:26-08:00,8102,USD,,false,NDX/SRC/events/02039
EV002040,PG,PG_LIS,,PAYMENT_POSTED,2023-01-17T09:43:00-08:00,2023-01-17T17:00:51-08:00,8102,USD,,false,NDX/SRC/events/02040
EV002041,PG,PG_LIS,PG-R01127,SUBMITTED,2023-09-21T10:36:00-07:00,2023-09-22T06:51:55-07:00,24243,USD,,false,NDX/SRC/events/02041
EV002042,PG,PG_LIS,,PAYMENT_POSTED,2023-10-05T07:59:00-07:00,2023-10-05T11:57:53-07:00,24243,USD,,false,NDX/SRC/events/02042
EV002043,PG,PG_LIS,PG-R01128,SUBMITTED,2023-03-01T11:21:00-08:00,2023-03-09T17:28:37-08:00,9272,USD,,false,NDX/SRC/events/02043
EV002044,PG,PG_LIS,PG-R01129,SUBMITTED,2022-12-14T07:37:00-08:00,2022-12-14T11:30:21-08:00,24460,USD,,false,NDX/SRC/events/02044
EV002045,PG,PG_LIS,,PAYMENT_POSTED,2023-01-27T07:44:00-08:00,2023-01-27T09:27:55-08:00,24460,USD,,false,NDX/SRC/events/02045
EV002046,PG,PG_LIS,PG-R01130,SUBMITTED,2022-12-12T05:59:00-08:00,2022-12-12T12:48:33-08:00,9548,USD,,false,NDX/SRC/events/02046
EV002047,PG,PG_LIS,PG-R01131,SUBMITTED,2023-09-11T05:03:00-07:00,2023-09-19T07:04:01-07:00,173938,USD,,false,NDX/SRC/events/02047
EV002048,PG,PG_LIS,,PAYMENT_POSTED,2023-10-04T05:58:00-07:00,2023-10-04T10:15:07-07:00,173938,USD,,false,NDX/SRC/events/02048
EV002049,PG,PG_LIS,PG-R01132,SUBMITTED,2022-08-19T06:03:00-07:00,2022-09-05T03:37:09-07:00,5638,USD,,false,NDX/SRC/events/02049
EV002050,PG,PG_LIS,,PAYMENT_POSTED,2022-09-19T07:56:00-07:00,2022-09-19T14:37:41-07:00,5638,USD,,false,NDX/SRC/events/02050
EV002051,PG,PG_LIS,PG-R01133,SUBMITTED,2022-09-15T05:43:00-07:00,2022-09-15T06:33:48-07:00,11089,USD,,false,NDX/SRC/events/02051
EV002052,PG,PG_LIS,PG-R01134,SUBMITTED,2023-01-16T11:55:00-08:00,2023-01-16T14:36:35-08:00,17909,USD,,false,NDX/SRC/events/02052
EV002053,PG,PG_LIS,PG-R01135,CORRECTED,2023-01-23T06:47:00-08:00,2023-01-28T23:46:40-08:00,16539,USD,,false,NDX/SRC/events/02053
EV002054,PG,PG_LIS,,PAYMENT_POSTED,2023-02-20T13:03:00-08:00,2023-02-24T21:17:16-08:00,16539,USD,,false,NDX/SRC/events/02054
EV002055,PG,PG_LIS,PG-R01136,SUBMITTED,2023-01-30T11:21:00-08:00,2023-02-02T17:55:18-08:00,8346,USD,,false,NDX/SRC/events/02055
EV002056,PG,PG_LIS,,PAYMENT_POSTED,2023-02-13T07:41:00-08:00,2023-02-15T17:39:30-08:00,8346,USD,,false,NDX/SRC/events/02056
EV002057,PG,PG_LIS,PG-R01137,SUBMITTED,2023-06-14T13:45:00-07:00,2023-06-16T02:06:40-07:00,86522,USD,,false,NDX/SRC/events/02057
EV002058,PG,PG_LIS,,PAYMENT_POSTED,2023-07-27T09:05:00-07:00,2023-07-29T01:26:05-07:00,86522,USD,,false,NDX/SRC/events/02058
EV002059,PG,PG_LIS,PG-R01138,SUBMITTED,2023-01-20T10:56:00-08:00,2023-01-21T23:26:17-08:00,19245,USD,,false,NDX/SRC/events/02059
EV002060,PG,PG_LIS,PG-R01139,SUBMITTED,2023-06-30T07:59:00-07:00,2023-07-03T06:41:36-07:00,5442,USD,,false,NDX/SRC/events/02060
EV002061,PG,PG_LIS,,PAYMENT_POSTED,2023-07-12T11:54:00-07:00,2023-07-23T18:03:58-07:00,5442,USD,,false,NDX/SRC/events/02061
EV002062,PG,PG_LIS,PG-R01140,SUBMITTED,2023-02-28T09:47:00-08:00,2023-03-01T21:04:10-08:00,28435,USD,,false,NDX/SRC/events/02062
EV002063,PG,PG_LIS,,PAYMENT_POSTED,2023-03-16T10:58:00-07:00,2023-03-16T17:05:47-07:00,28435,USD,,false,NDX/SRC/events/02063
EV002064,PG,PG_LIS,PG-R01141,SUBMITTED,2023-02-06T13:43:00-08:00,2023-02-06T15:48:58-08:00,9552,USD,,false,NDX/SRC/events/02064
EV002065,PG,PG_LIS,,PAYMENT_POSTED,2023-02-27T08:58:00-08:00,2023-02-27T13:24:15-08:00,9552,USD,,false,NDX/SRC/events/02065
EV002066,PG,PG_LIS,PG-R01142,SUBMITTED,2023-06-06T11:25:00-07:00,2023-06-07T16:04:29-07:00,96381,USD,,false,NDX/SRC/events/02066
EV002067,PG,PG_LIS,PG-R01143,CORRECTED,2023-06-12T08:44:00-07:00,2023-06-12T09:41:29-07:00,125094,USD,,false,NDX/SRC/events/02067
EV002068,PG,PG_LIS,PG-R01144,SUBMITTED,2023-09-05T09:45:00-07:00,2023-09-05T14:28:32-07:00,4056,USD,,false,NDX/SRC/events/02068
EV002069,PG,PG_LIS,,PAYMENT_POSTED,2023-09-21T07:40:00-07:00,2023-09-21T08:34:28-07:00,4056,USD,,false,NDX/SRC/events/02069
EV002070,PG,PG_LIS,PG-R01145,SUBMITTED,2022-09-12T12:41:00-07:00,2022-09-14T14:35:13-07:00,10785,USD,,false,NDX/SRC/events/02070
EV002071,PG,PG_LIS,,PAYMENT_POSTED,2022-10-12T08:38:00-07:00,2022-10-12T17:02:07-07:00,10785,USD,,false,NDX/SRC/events/02071
EV002072,PG,PG_LIS,PG-R01146,SUBMITTED,2022-10-24T13:39:00-07:00,2022-10-30T09:40:58-07:00,4047,USD,,false,NDX/SRC/events/02072
EV002073,PG,PG_LIS,,PAYMENT_POSTED,2022-11-07T13:16:00-08:00,2022-11-13T22:01:54-08:00,4047,USD,,false,NDX/SRC/events/02073
EV002074,PG,PG_LIS,PG-R01147,SUBMITTED,2022-09-09T10:11:00-07:00,2022-09-09T10:17:50-07:00,168010,USD,,false,NDX/SRC/events/02074
EV002075,PG,PG_LIS,,PAYMENT_POSTED,2022-09-16T09:38:00-07:00,2022-09-18T01:43:45-07:00,168010,USD,,false,NDX/SRC/events/02075
EV002076,PG,PG_LIS,PG-R01148,SUBMITTED,2022-11-14T07:41:00-08:00,2022-11-15T12:29:54-08:00,62472,USD,,false,NDX/SRC/events/02076
EV002077,PG,PG_LIS,,PAYMENT_POSTED,2022-12-12T05:02:00-08:00,2022-12-12T11:52:34-08:00,62472,USD,,false,NDX/SRC/events/02077
EV002078,PG,PG_LIS,PG-R01149,SUBMITTED,2023-07-13T12:56:00-07:00,2023-07-13T14:33:53-07:00,8617,USD,,false,NDX/SRC/events/02078
EV002079,PG,PG_LIS,,PAYMENT_POSTED,2023-07-24T07:01:00-07:00,2023-08-01T06:00:08-07:00,8617,USD,,false,NDX/SRC/events/02079
EV002080,PG,PG_LIS,PG-R01150,SUBMITTED,2023-04-03T08:14:00-07:00,2023-04-15T23:50:07-07:00,12785,USD,,false,NDX/SRC/events/02080
EV002081,PG,PG_LIS,,PAYMENT_POSTED,2023-04-14T13:15:00-07:00,2023-04-14T14:23:14-07:00,12785,USD,,false,NDX/SRC/events/02081
EV002082,PG,PG_LIS,PG-R01151,SUBMITTED,2023-07-05T07:29:00-07:00,2023-07-09T14:44:47-07:00,15429,USD,,false,NDX/SRC/events/02082
EV002083,PG,PG_LIS,PG-R01151,CLOSED_NO_PAYMENT,2023-10-16T10:13:00-07:00,2023-10-20T09:00:04-07:00,,,,true,NDX/SRC/events/02083
EV002084,PG,PG_LIS,PG-R01152,SUBMITTED,2023-09-18T11:09:00-07:00,2023-09-23T12:14:19-07:00,11855,USD,,false,NDX/SRC/events/02084
EV002085,PG,PG_LIS,PG-R01153,SUBMITTED,2023-03-13T12:31:00-07:00,2023-03-13T17:53:44-07:00,9951,USD,,false,NDX/SRC/events/02085
EV002086,PG,PG_LIS,,PAYMENT_POSTED,2023-03-27T11:59:00-07:00,2023-04-01T23:26:37-07:00,9951,USD,,false,NDX/SRC/events/02086
EV002087,PG,PG_LIS,PG-R01154,SUBMITTED,2023-02-01T11:07:00-08:00,2023-02-03T17:12:04-08:00,15476,USD,,false,NDX/SRC/events/02087
EV002088,PG,PG_LIS,PG-R01154,CLOSED_NO_PAYMENT,2023-05-04T13:31:00-07:00,2023-05-08T09:07:20-07:00,,,,true,NDX/SRC/events/02088
EV002089,PG,PG_OR_BILLING,,PAYMENT_POSTED,2023-03-27T09:11:00-07:00,2023-03-27T10:46:17-07:00,17577,USD,,false,TRI/SRC/events/00918-DUP
EV002090,PG,PG_CLAIMS,,PAYMENT_POSTED,2023-02-08T11:24:00-08:00,2023-02-08T11:46:58-08:00,2543,USD,,false,CPL/SRC/events/00062-DUP
EV002091,PG,PG_LIS,,PAYMENT_POSTED,2023-03-21T08:30:00-07:00,2023-03-27T14:56:44-07:00,13554,USD,,false,NDX/SRC/events/01663-DUP
EV002092,PG,PG_CLAIMS,,PAYMENT_POSTED,2023-05-16T12:35:00-07:00,2023-05-19T20:25:39-07:00,2128,USD,,false,CPL/SRC/events/00387-DUP
EV002093,PG,PG_CLAIMS,PG-R00199,SUBMITTED,2022-08-29T09:17:00-07:00,2022-08-31T05:28:29-07:00,38678,USD,,false,CPL/SRC/events/00360-DUP
EV002094,PG,PG_CLAIMS,PG-R00117,SUBMITTED,2023-05-08T13:18:00-07:00,2023-05-08T20:15:55-07:00,12339,USD,,false,CPL/SRC/events/00213-DUP
EV002095,PG,PG_LIS,PG-R00912,SUBMITTED,2023-09-08T05:08:00-07:00,2023-09-19T06:25:02-07:00,31716,USD,,false,NDX/SRC/events/01658-DUP
EV002096,PG,PG_OR_BILLING,PG-R00689,SUBMITTED,2023-02-20T10:48:00-08:00,2023-02-22T08:24:16-08:00,4716,USD,,false,TRI/SRC/events/01251-DUP
EV002097,PG,PG_CLAIMS,,PAYMENT_POSTED,2023-08-14T14:46:00-07:00,2023-08-14T17:38:53-07:00,12426,USD,,false,CPL/SRC/events/00509-DUP
EV002098,PG,PG_OR_BILLING,,PAYMENT_POSTED,2023-08-14T08:21:00-07:00,2023-08-14T10:15:51-07:00,9902,USD,,false,TRI/SRC/events/00904-DUP
EV002099,PG,PG_OR_BILLING,,PAYMENT_POSTED,2022-09-19T09:02:00-07:00,2022-09-19T16:31:22-07:00,20731,USD,,false,TRI/SRC/events/01310-DUP
EV002100,PG,PG_CLAIMS,PG-R00088,PAYMENT_REVERSED,2023-10-09T13:37:00-07:00,2023-10-16T18:43:15-07:00,3702,USD,,false,CPL/SRC/events/00162-DUP
EV002101,PG,PG_LIS,,PAYMENT_POSTED,2023-06-02T10:19:00-07:00,2023-06-02T16:37:32-07:00,7704,USD,,false,NDX/SRC/events/01650-DUP
EV002102,PG,PG_CLAIMS,PG-R00353,SUBMITTED,2022-10-05T07:31:00-07:00,2022-10-07T16:11:13-07:00,8136,USD,,false,CPL/SRC/events/00641-DUP
EV002103,PG,PG_OR_BILLING,PG-R00494,SUBMITTED,2023-09-11T14:42:00-07:00,2023-09-11T22:11:33-07:00,20370,USD,,false,TRI/SRC/events/00898-DUP
EV002104,PG,PG_LIS,,PAYMENT_POSTED,2023-09-04T08:30:00-07:00,2023-09-04T09:42:38-07:00,6314,USD,,false,NDX/SRC/events/01909-DUP
EV002105,PG,PG_LIS,,PAYMENT_POSTED,2022-09-13T05:51:00-07:00,2022-09-13T10:17:01-07:00,5384,USD,,false,NDX/SRC/events/01601-DUP
EV002106,PG,PG_OR_BILLING,PG-R00543,SUBMITTED,2023-07-27T07:52:00-07:00,2023-07-27T11:34:04-07:00,19911,USD,,false,TRI/SRC/events/00986-DUP
EV002107,PG,PG_LIS,,PAYMENT_POSTED,2022-10-17T12:11:00-07:00,2022-10-20T00:21:02-07:00,39405,USD,,false,NDX/SRC/events/01932-DUP
EV002108,PG,PG_CLAIMS,PG-R00288,SUBMITTED,2023-09-05T14:42:00-07:00,2023-09-05T15:16:46-07:00,3034,USD,,false,CPL/SRC/events/00523-DUP
EV002109,PG,PG_LIS,,UNKNOWN,2023-08-28T05:19:00-07:00,2023-08-29T15:42:58-07:00,,,,false,NDX/SRC/events/02109
EV002110,PG,PG_LIS,,UNKNOWN,2023-04-21T12:13:00-07:00,2023-04-24T13:03:48-07:00,,,,false,NDX/SRC/events/02110
EV002111,PG,PG_CLAIMS,,UNKNOWN,2022-12-21T09:07:00-08:00,2022-12-22T18:39:14-08:00,,,,false,CPL/SRC/events/02111
EV002112,PG,PG_CLAIMS,,UNKNOWN,2022-10-10T11:25:00-07:00,2022-10-10T16:00:31-07:00,,,,false,CPL/SRC/events/02112
EV002113,PG,PG_CLAIMS,,UNKNOWN,2022-12-27T06:45:00-08:00,2022-12-27T09:35:59-08:00,,,,false,CPL/SRC/events/02113
EV002114,PG,PG_CLAIMS,,UNKNOWN,2023-03-27T13:25:00-07:00,2023-03-27T18:37:54-07:00,,,,false,CPL/SRC/events/02114
EV002115,PG,PG_CLAIMS,,UNKNOWN,2023-09-25T10:03:00-07:00,2023-09-25T13:04:15-07:00,,,,false,CPL/SRC/events/02115
EV002116,PG,PG_OR_BILLING,,UNKNOWN,2023-01-17T10:44:00-08:00,2023-01-17T12:14:36-08:00,,,,false,TRI/SRC/events/02116
EV002117,PG,PG_OR_BILLING,,UNKNOWN,2023-08-29T11:21:00-07:00,2023-09-02T19:47:52-07:00,,,,false,TRI/SRC/events/02117
EV002118,PG,PG_CLAIMS,,UNKNOWN,2022-12-28T09:31:00-08:00,2022-12-28T17:25:14-08:00,,,,false,CPL/SRC/events/02118
