event_id,org_token,source_system,bill_record_id,event_type,event_at,available_at,amount_minor,currency,reverses_event_id,terminal_flag,source_ref
EV000001,PM,CPL_BILLING,CPL-R00001,SUBMITTED,2023-07-07T21:01:00+00:00,2023-07-08T05:38:11+00:00,3463,USD,,false,CPL/SRC/events/00001
EV000002,PM,CPL_BILLING,CPL-R00001,CLOSED_NO_PAYMENT,2023-10-23T19:13:00+00:00,2023-10-31T00:01:37+00:00,,,,true,CPL/SRC/events/00002
EV000003,PM,CPL_BILLING,CPL-R00002,SUBMITTED,2023-09-07T13:10:00+00:00,2023-09-08T02:04:04+00:00,44333,USD,,false,CPL/SRC/events/00003
EV000004,PM,CPL_BILLING,,PAYMENT_POSTED,2023-10-05T19:30:00+00:00,2023-10-05T20:22:05+00:00,44333,USD,,false,CPL/SRC/events/00004
EV000005,PM,CPL_BILLING,CPL-R00003,SUBMITTED,2023-09-04T18:09:00+00:00,2023-09-07T13:37:49+00:00,7666,USD,,false,CPL/SRC/events/00005
EV000006,PM,CPL_BILLING,CPL-R00004,SUBMITTED,2023-06-05T16:59:00+00:00,2023-06-22T17:46:17+00:00,48176,USD,,false,CPL/SRC/events/00006
EV000007,PM,CPL_BILLING,,PAYMENT_POSTED,2023-08-10T16:12:00+00:00,2023-08-10T17:23:25+00:00,48176,USD,,false,CPL/SRC/events/00007
EV000008,PM,CPL_BILLING,CPL-R00005,SUBMITTED,2022-11-01T16:12:00+00:00,2022-11-01T19:22:20+00:00,14570,USD,,false,CPL/SRC/events/00008
EV000009,PM,CPL_BILLING,,PAYMENT_POSTED,2022-11-03T18:26:00+00:00,2022-11-04T12:47:47+00:00,14570,USD,,false,CPL/SRC/events/00009
EV000010,PM,CPL_BILLING,CPL-R00006,SUBMITTED,2022-10-31T14:56:00+00:00,2022-12-19T18:49:16+00:00,7055,USD,,false,CPL/SRC/events/00010
EV000011,PM,CPL_BILLING,CPL-R00007,SUBMITTED,2023-05-01T13:11:00+00:00,2023-05-05T06:14:26+00:00,7472,USD,,false,CPL/SRC/events/00011
EV000012,PM,CPL_BILLING,,PAYMENT_POSTED,2023-05-11T17:27:00+00:00,2023-05-11T22:55:04+00:00,7472,USD,,false,CPL/SRC/events/00012
EV000013,PM,CPL_BILLING,CPL-R00008,SUBMITTED,2023-05-04T19:54:00+00:00,2023-05-05T04:10:23+00:00,10729,USD,,false,CPL/SRC/events/00013
EV000014,PM,CPL_BILLING,,PAYMENT_POSTED,2023-05-10T13:34:00+00:00,2023-05-10T20:51:01+00:00,10729,USD,,false,CPL/SRC/events/00014
EV000015,PM,CPL_BILLING,CPL-R00009,SUBMITTED,2022-11-09T14:57:00+00:00,2022-11-10T15:03:28+00:00,11260,USD,,false,CPL/SRC/events/00015
EV000016,PM,CPL_BILLING,CPL-R00010,CORRECTED,2022-11-14T16:58:00+00:00,2022-11-14T21:35:37+00:00,12959,USD,,false,CPL/SRC/events/00016
EV000017,PM,CPL_BILLING,CPL-R00009,VOID_VERSION,2022-11-14T16:58:00+00:00,2022-11-14T17:26:51+00:00,11260,USD,,false,CPL/SRC/events/00017
EV000018,PM,CPL_BILLING,,PAYMENT_POSTED,2022-11-21T20:45:00+00:00,2022-11-23T13:14:53+00:00,12959,USD,,false,CPL/SRC/events/00018
EV000019,PM,CPL_BILLING,CPL-R00011,SUBMITTED,2022-10-10T13:03:00+00:00,2022-10-11T06:38:24+00:00,4030,USD,,false,CPL/SRC/events/00019
EV000020,PM,CPL_BILLING,CPL-R00012,CORRECTED,2022-10-17T19:56:00+00:00,2022-10-18T03:08:44+00:00,5092,USD,,false,CPL/SRC/events/00020
EV000021,PM,CPL_BILLING,CPL-R00011,VOID_VERSION,2022-10-17T19:56:00+00:00,2022-10-17T23:47:57+00:00,4030,USD,,false,CPL/SRC/events/00021
EV000022,PM,CPL_BILLING,,PAYMENT_POSTED,2022-10-21T13:39:00+00:00,2022-10-21T17:55:32+00:00,5092,USD,,false,CPL/SRC/events/00022
EV000023,PM,CPL_BILLING,CPL-R00013,SUBMITTED,2022-10-10T19:53:00+00:00,2022-10-10T21:19:28+00:00,5753,USD,,false,CPL/SRC/events/00023
EV000024,PM,CPL_BILLING,CPL-R00014,SUBMITTED,2023-05-04T19:05:00+00:00,2023-05-07T20:28:18+00:00,46815,USD,,false,CPL/SRC/events/00024
EV000025,PM,CPL_BILLING,CPL-R00015,CORRECTED,2023-05-15T20:59:00+00:00,2023-05-19T08:18:19+00:00,48523,USD,,false,CPL/SRC/events/00025
EV000026,PM,CPL_BILLING,,PAYMENT_POSTED,2023-05-19T20:04:00+00:00,2023-05-20T02:18:34+00:00,48523,USD,,false,CPL/SRC/events/00026
EV000027,PM,CPL_BILLING,CPL-R00016,SUBMITTED,2023-07-10T21:48:00+00:00,2023-07-10T23:31:11+00:00,9881,USD,,false,CPL/SRC/events/00027
EV000028,PM,CPL_BILLING,,PAYMENT_POSTED,2023-07-31T16:29:00+00:00,2023-08-08T15:58:02+00:00,9881,USD,,false,CPL/SRC/events/00028
EV000029,PM,CPL_BILLING,CPL-R00017,SUBMITTED,2022-09-05T14:31:00+00:00,2022-09-05T20:50:16+00:00,35176,USD,,false,CPL/SRC/events/00029
EV000030,PM,CPL_BILLING,,PAYMENT_POSTED,2022-10-03T21:11:00+00:00,2022-10-09T09:07:56+00:00,35176,USD,,false,CPL/SRC/events/00030
EV000031,PM,CPL_BILLING,CPL-R00018,SUBMITTED,2022-10-07T19:13:00+00:00,2022-10-12T03:01:22+00:00,13634,USD,,false,CPL/SRC/events/00031
EV000032,PM,CPL_BILLING,,PAYMENT_POSTED,2022-11-07T16:50:00+00:00,2022-11-07T18:19:41+00:00,13634,USD,,false,CPL/SRC/events/00032
EV000033,PM,CPL_BILLING,CPL-R00019,SUBMITTED,2023-07-17T16:30:00+00:00,2023-07-17T23:20:53+00:00,6658,USD,,false,CPL/SRC/events/00033
EV000034,PM,CPL_BILLING,,PAYMENT_POSTED,2023-08-07T18:48:00+00:00,2023-08-12T18:11:14+00:00,6658,USD,,false,CPL/SRC/events/00034
EV000035,PM,CPL_BILLING,CPL-R00020,SUBMITTED,2023-01-27T22:22:00+00:00,2023-02-03T08:20:01+00:00,47644,USD,,false,CPL/SRC/events/00035
EV000036,PM,CPL_BILLING,,PAYMENT_POSTED,2023-02-20T21:05:00+00:00,2023-02-21T02:54:56+00:00,47644,USD,,false,CPL/SRC/events/00036
EV000037,PM,CPL_BILLING,CPL-R00021,SUBMITTED,2023-07-17T20:09:00+00:00,2023-07-17T22:26:52+00:00,7776,USD,,false,CPL/SRC/events/00037
EV000038,PM,CPL_BILLING,,PAYMENT_POSTED,2023-07-27T18:27:00+00:00,2023-07-30T04:15:16+00:00,7776,USD,,false,CPL/SRC/events/00038
EV000039,PM,CPL_BILLING,CPL-R00022,SUBMITTED,2023-09-08T17:27:00+00:00,2023-09-09T23:49:15+00:00,43068,EUR,,false,CPL/SRC/events/00039
EV000040,PM,CPL_BILLING,,PAYMENT_POSTED,2023-10-26T13:09:00+00:00,2023-10-27T11:46:51+00:00,43068,USD,,false,CPL/SRC/events/00040
EV000041,PM,CPL_BILLING,CPL-R00023,SUBMITTED,2023-02-27T22:35:00+00:00,2023-02-28T05:20:10+00:00,3511,USD,,false,CPL/SRC/events/00041
EV000042,PM,CPL_BILLING,,PAYMENT_POSTED,2023-05-12T15:10:00+00:00,2023-05-18T16:49:38+00:00,3511,USD,,false,CPL/SRC/events/00042
EV000043,PM,CPL_BILLING,CPL-R00024,SUBMITTED,2023-05-29T21:43:00+00:00,2023-05-29T21:49:39+00:00,6293,USD,,false,CPL/SRC/events/00043
EV000044,PM,CPL_BILLING,,PAYMENT_POSTED,2023-06-19T20:56:00+00:00,2023-06-22T21:28:13+00:00,6293,USD,,false,CPL/SRC/events/00044
EV000045,PM,CPL_BILLING,CPL-R00025,SUBMITTED,2023-01-23T19:44:00+00:00,2023-01-29T06:17:23+00:00,8010,USD,,false,CPL/SRC/events/00045
EV000046,PM,CPL_BILLING,CPL-R00026,SUBMITTED,2022-07-27T15:01:00+00:00,2022-07-27T19:25:16+00:00,10441,USD,,false,CPL/SRC/events/00046
EV000047,PM,CPL_BILLING,,PAYMENT_POSTED,2022-08-11T18:53:00+00:00,2022-08-13T20:19:35+00:00,10441,USD,,false,CPL/SRC/events/00047
EV000048,PM,CPL_BILLING,CPL-R00027,SUBMITTED,2022-11-30T15:27:00+00:00,2022-12-08T02:38:48+00:00,23882,USD,,false,CPL/SRC/events/00048
EV000049,PM,CPL_BILLING,,PAYMENT_POSTED,2022-12-13T16:24:00+00:00,2022-12-21T09:32:24+00:00,23882,USD,,false,CPL/SRC/events/00049
EV000050,PM,CPL_BILLING,CPL-R00028,SUBMITTED,2022-11-14T15:51:00+00:00,2022-11-14T18:48:00+00:00,60839,USD,,false,CPL/SRC/events/00050
EV000051,PM,CPL_BILLING,,PAYMENT_POSTED,2022-11-21T15:17:00+00:00,2022-11-21T22:05:49+00:00,60839,USD,,false,CPL/SRC/events/00051
EV000052,PM,CPL_BILLING,CPL-R00029,SUBMITTED,2023-07-11T16:25:00+00:00,2023-07-11T21:25:16+00:00,21634,USD,,false,CPL/SRC/events/00052
EV000053,PM,CPL_BILLING,CPL-R00030,SUBMITTED,2023-01-30T18:01:00+00:00,2023-02-02T03:19:21+00:00,5925,USD,,false,CPL/SRC/events/00053
EV000054,PM,CPL_BILLING,,PAYMENT_POSTED,2023-02-21T15:15:00+00:00,2023-02-21T21:37:21+00:00,5925,USD,,false,CPL/SRC/events/00054
EV000055,PM,CPL_BILLING,CPL-R00031,SUBMITTED,2023-09-04T21:21:00+00:00,2023-09-25T21:21:00+00:00,6144,USD,,false,CPL/SRC/events/00055
EV000056,PM,CPL_BILLING,CPL-R00032,CORRECTED,2023-09-06T21:56:00+00:00,2023-09-07T05:24:39+00:00,5767,USD,,false,CPL/SRC/events/00056
EV000057,PM,CPL_BILLING,,PAYMENT_POSTED,2023-09-19T21:22:00+00:00,2023-09-20T02:59:53+00:00,5767,USD,,false,CPL/SRC/events/00057
EV000058,PM,CPL_BILLING,CPL-R00033,SUBMITTED,2023-08-30T16:35:00+00:00,2023-08-30T19:21:56+00:00,11783,USD,,false,CPL/SRC/events/00058
EV000059,PM,CPL_BILLING,CPL-R00034,SUBMITTED,2023-06-21T19:41:00+00:00,2023-06-22T06:00:17+00:00,10418,USD,,false,CPL/SRC/events/00059
EV000060,PM,CPL_BILLING,,PAYMENT_POSTED,2023-07-06T16:45:00+00:00,2023-07-06T19:17:49+00:00,10418,USD,,false,CPL/SRC/events/00060
EV000061,PM,CPL_BILLING,CPL-R00035,SUBMITTED,2023-06-19T15:06:00+00:00,2023-06-19T15:55:47+00:00,13713,USD,,false,CPL/SRC/events/00061
EV000062,PM,CPL_BILLING,CPL-R00036,SUBMITTED,2023-06-12T15:31:00+00:00,2023-06-13T10:25:14+00:00,29572,USD,,false,CPL/SRC/events/00062
EV000063,PM,CPL_BILLING,CPL-R00037,SUBMITTED,2022-07-27T18:51:00+00:00,2022-07-27T20:53:31+00:00,12003,USD,,false,CPL/SRC/events/00063
EV000064,PM,CPL_BILLING,,PAYMENT_POSTED,2022-09-19T15:41:00+00:00,2022-09-25T13:48:26+00:00,12003,USD,,false,CPL/SRC/events/00064
EV000065,PM,CPL_BILLING,CPL-R00037,PAYMENT_REVERSED,2022-10-03T14:27:00+00:00,2022-10-05T10:36:25+00:00,5869,USD,EV000064,false,CPL/SRC/events/00065
EV000066,PM,CPL_BILLING,CPL-R00038,SUBMITTED,2023-01-02T21:32:00+00:00,2023-01-15T06:10:13+00:00,6218,USD,,false,CPL/SRC/events/00066
EV000067,PM,CPL_BILLING,CPL-R00039,SUBMITTED,2023-01-03T14:09:00+00:00,2023-01-03T18:08:05+00:00,15425,USD,,false,CPL/SRC/events/00067
EV000068,PM,CPL_BILLING,CPL-R00040,CORRECTED,2023-01-05T21:07:00+00:00,2023-01-06T00:12:32+00:00,18987,USD,,false,CPL/SRC/events/00068
EV000069,PM,CPL_BILLING,CPL-R00039,VOID_VERSION,2023-01-05T21:07:00+00:00,2023-01-05T23:29:29+00:00,15425,USD,,false,CPL/SRC/events/00069
EV000070,PM,CPL_BILLING,,PAYMENT_POSTED,2023-01-23T14:30:00+00:00,2023-01-30T03:43:41+00:00,18987,USD,,false,CPL/SRC/events/00070
EV000071,PM,CPL_BILLING,CPL-R00041,SUBMITTED,2023-01-02T15:30:00+00:00,2023-01-02T19:53:07+00:00,19274,USD,,false,CPL/SRC/events/00071
EV000072,PM,CPL_BILLING,CPL-R00042,SUBMITTED,2023-10-02T15:47:00+00:00,2023-10-08T15:31:45+00:00,13550,USD,,false,CPL/SRC/events/00072
EV000073,PM,CPL_BILLING,CPL-R00043,SUBMITTED,2022-11-23T20:17:00+00:00,2022-11-28T17:36:11+00:00,3910,USD,,false,CPL/SRC/events/00073
EV000074,PM,CPL_BILLING,CPL-R00043,CLOSED_NO_PAYMENT,2023-01-23T14:10:00+00:00,2023-01-23T19:40:01+00:00,,,,true,CPL/SRC/events/00074
EV000075,PM,CPL_BILLING,CPL-R00044,SUBMITTED,2023-02-21T21:39:00+00:00,2023-02-23T16:48:11+00:00,4426,USD,,false,CPL/SRC/events/00075
EV000076,PM,CPL_BILLING,CPL-R00045,SUBMITTED,2023-07-04T19:15:00+00:00,2023-07-07T08:30:39+00:00,11363,USD,,false,CPL/SRC/events/00076
EV000077,PM,CPL_BILLING,CPL-R00046,SUBMITTED,2022-12-15T18:43:00+00:00,2022-12-15T20:34:27+00:00,24556,USD,,false,CPL/SRC/events/00077
EV000078,PM,CPL_BILLING,CPL-R00047,SUBMITTED,2023-06-07T18:18:00+00:00,2023-06-09T19:30:39+00:00,20359,USD,,false,CPL/SRC/events/00078
EV000079,PM,CPL_BILLING,CPL-R00047,CLOSED_NO_PAYMENT,2023-09-29T14:33:00+00:00,2023-10-01T21:08:27+00:00,,,,true,CPL/SRC/events/00079
EV000080,PM,CPL_BILLING,CPL-R00048,SUBMITTED,2023-09-27T21:53:00+00:00,2023-09-28T13:11:30+00:00,8407,USD,,false,CPL/SRC/events/00080
EV000081,PM,CPL_BILLING,,PAYMENT_POSTED,2023-10-27T15:02:00+00:00,2023-10-30T20:30:28+00:00,8407,USD,,false,CPL/SRC/events/00081
EV000082,PM,CPL_BILLING,CPL-R00048,PAYMENT_REVERSED,2023-10-30T13:12:00+00:00,2023-10-30T22:41:47+00:00,8407,USD,EV000081,false,CPL/SRC/events/00082
EV000083,PM,CPL_BILLING,CPL-R00049,SUBMITTED,2022-11-14T17:58:00+00:00,2022-11-24T09:40:48+00:00,9985,USD,,false,CPL/SRC/events/00083
EV000084,PM,CPL_BILLING,,PAYMENT_POSTED,2022-11-23T16:18:00+00:00,2022-11-24T11:38:51+00:00,9985,EUR,,false,CPL/SRC/events/00084
EV000085,PM,CPL_BILLING,CPL-R00050,SUBMITTED,2023-02-20T15:48:00+00:00,2023-02-20T21:29:45+00:00,17232,USD,,false,CPL/SRC/events/00085
EV000086,PM,CPL_BILLING,,PAYMENT_POSTED,2023-03-30T13:24:00+00:00,2023-03-30T13:38:46+00:00,17232,USD,,false,CPL/SRC/events/00086
EV000087,PM,CPL_BILLING,CPL-R00051,SUBMITTED,2022-09-19T15:52:00+00:00,2022-09-19T17:55:18+00:00,5608,USD,,false,CPL/SRC/events/00087
EV000088,PM,CPL_BILLING,,PAYMENT_POSTED,2022-09-26T18:14:00+00:00,2022-09-27T01:50:38+00:00,5608,USD,,false,CPL/SRC/events/00088
EV000089,PM,CPL_BILLING,CPL-R00052,SUBMITTED,2023-05-05T19:38:00+00:00,2023-05-06T01:48:18+00:00,12408,USD,,false,CPL/SRC/events/00089
EV000090,PM,CPL_BILLING,,PAYMENT_POSTED,2023-05-29T15:37:00+00:00,2023-05-29T22:47:23+00:00,12408,USD,,false,CPL/SRC/events/00090
EV000091,PM,CPL_BILLING,CPL-R00053,SUBMITTED,2022-11-23T16:32:00+00:00,2022-11-27T13:50:34+00:00,11985,USD,,false,CPL/SRC/events/00091
EV000092,PM,CPL_BILLING,,PAYMENT_POSTED,2022-12-19T19:35:00+00:00,2022-12-20T03:06:47+00:00,11985,USD,,false,CPL/SRC/events/00092
EV000093,PM,CPL_BILLING,CPL-R00054,SUBMITTED,2022-08-16T14:51:00+00:00,2022-08-16T16:54:10+00:00,3556,USD,,false,CPL/SRC/events/00093
EV000094,PM,CPL_BILLING,,PAYMENT_POSTED,2022-09-05T18:29:00+00:00,2022-09-09T05:00:57+00:00,3556,USD,,false,CPL/SRC/events/00094
EV000095,PM,CPL_BILLING,CPL-R00055,SUBMITTED,2023-04-17T18:54:00+00:00,2023-04-27T05:05:21+00:00,3406,USD,,false,CPL/SRC/events/00095
EV000096,PM,CPL_BILLING,,PAYMENT_POSTED,2023-05-08T16:16:00+00:00,2023-05-08T16:23:43+00:00,3406,USD,,false,CPL/SRC/events/00096
EV000097,PM,CPL_BILLING,CPL-R00056,SUBMITTED,2023-04-17T21:52:00+00:00,2023-05-07T07:37:21+00:00,19686,USD,,false,CPL/SRC/events/00097
EV000098,PM,CPL_BILLING,CPL-R00057,SUBMITTED,2023-04-10T15:59:00+00:00,2023-04-12T01:19:43+00:00,9645,USD,,false,CPL/SRC/events/00098
EV000099,PM,CPL_BILLING,,PAYMENT_POSTED,2023-04-17T21:27:00+00:00,2023-04-20T19:52:25+00:00,9645,USD,,false,CPL/SRC/events/00099
EV000100,PM,CPL_BILLING,CPL-R00058,SUBMITTED,2023-09-20T17:41:00+00:00,2023-09-22T03:14:14+00:00,19798,USD,,false,CPL/SRC/events/00100
EV000101,PM,CPL_BILLING,,PAYMENT_POSTED,2023-10-19T17:26:00+00:00,2023-10-21T05:04:45+00:00,19798,USD,,false,CPL/SRC/events/00101
EV000102,PM,CPL_BILLING,CPL-R00059,SUBMITTED,2023-09-11T16:10:00+00:00,2023-09-13T09:08:25+00:00,15888,USD,,false,CPL/SRC/events/00102
EV000103,PM,CPL_BILLING,,PAYMENT_POSTED,2023-10-16T18:38:00+00:00,2023-10-16T19:21:12+00:00,15888,USD,,false,CPL/SRC/events/00103
EV000104,PM,CPL_BILLING,CPL-R00060,SUBMITTED,2022-09-02T13:56:00+00:00,2022-09-02T21:38:56+00:00,10994,USD,,false,CPL/SRC/events/00104
EV000105,PM,CPL_BILLING,,PAYMENT_POSTED,2022-09-23T13:59:00+00:00,2022-09-26T13:07:19+00:00,10994,USD,,false,CPL/SRC/events/00105
EV000106,PM,CPL_BILLING,CPL-R00061,SUBMITTED,2023-08-09T20:55:00+00:00,2023-08-14T20:21:49+00:00,9310,USD,,false,CPL/SRC/events/00106
EV000107,PM,CPL_BILLING,,PAYMENT_POSTED,2023-08-17T20:25:00+00:00,2023-08-30T13:25:17+00:00,9310,USD,,false,CPL/SRC/events/00107
EV000108,PM,CPL_BILLING,CPL-R00062,SUBMITTED,2023-05-30T14:38:00+00:00,2023-05-30T17:43:56+00:00,2510,USD,,false,CPL/SRC/events/00108
EV000109,PM,CPL_BILLING,,PAYMENT_POSTED,2023-06-06T17:24:00+00:00,2023-06-15T10:45:11+00:00,2510,USD,,false,CPL/SRC/events/00109
EV000110,PM,CPL_BILLING,CPL-R00063,SUBMITTED,2022-10-03T16:52:00+00:00,2022-10-05T17:51:35+00:00,5271,USD,,false,CPL/SRC/events/00110
EV000111,PM,CPL_BILLING,,PAYMENT_POSTED,2022-11-14T15:48:00+00:00,2022-11-14T19:15:26+00:00,5271,USD,,false,CPL/SRC/events/00111
EV000112,PM,CPL_BILLING,CPL-R00064,SUBMITTED,2023-06-26T21:24:00+00:00,2023-06-29T06:47:30+00:00,13281,USD,,false,CPL/SRC/events/00112
EV000113,PM,CPL_BILLING,CPL-R00064,CLOSED_NO_PAYMENT,2023-08-10T18:20:00+00:00,2023-08-10T23:06:08+00:00,,,,true,CPL/SRC/events/00113
EV000114,PM,CPL_BILLING,CPL-R00065,SUBMITTED,2023-05-01T14:01:00+00:00,2023-05-05T04:13:14+00:00,9929,USD,,false,CPL/SRC/events/00114
EV000115,PM,CPL_BILLING,,PAYMENT_POSTED,2023-05-25T13:29:00+00:00,2023-05-28T14:59:46+00:00,9929,USD,,false,CPL/SRC/events/00115
EV000116,PM,CPL_BILLING,CPL-R00066,SUBMITTED,2022-12-14T22:31:00+00:00,2022-12-15T02:12:35+00:00,3615,USD,,false,CPL/SRC/events/00116
EV000117,PM,CPL_BILLING,,PAYMENT_POSTED,2023-01-11T18:50:00+00:00,2023-01-14T12:59:42+00:00,3615,USD,,false,CPL/SRC/events/00117
EV000118,PM,CPL_BILLING,CPL-R00067,SUBMITTED,2022-12-13T14:20:00+00:00,2022-12-13T18:48:48+00:00,13569,USD,,false,CPL/SRC/events/00118
EV000119,PM,CPL_BILLING,CPL-R00068,SUBMITTED,2022-08-19T16:21:00+00:00,2022-08-22T13:05:45+00:00,11751,USD,,false,CPL/SRC/events/00119
EV000120,PM,CPL_BILLING,CPL-R00069,SUBMITTED,2023-07-07T20:31:00+00:00,2023-07-18T15:08:04+00:00,122723,USD,,false,CPL/SRC/events/00120
EV000121,PM,CPL_BILLING,,PAYMENT_POSTED,2023-07-27T21:37:00+00:00,2023-07-31T22:29:05+00:00,122723,USD,,false,CPL/SRC/events/00121
EV000122,PM,CPL_BILLING,CPL-R00070,SUBMITTED,2023-05-16T19:01:00+00:00,2023-05-18T11:29:44+00:00,5035,USD,,false,CPL/SRC/events/00122
EV000123,PM,CPL_BILLING,,PAYMENT_POSTED,2023-06-29T15:46:00+00:00,2023-06-29T19:59:02+00:00,5035,USD,,false,CPL/SRC/events/00123
EV000124,PM,CPL_BILLING,CPL-R00071,SUBMITTED,2022-08-08T20:30:00+00:00,2022-08-14T23:29:01+00:00,14624,USD,,false,CPL/SRC/events/00124
EV000125,PM,CPL_BILLING,,PAYMENT_POSTED,2022-09-14T19:47:00+00:00,2022-09-15T00:29:42+00:00,14624,USD,,false,CPL/SRC/events/00125
EV000126,PM,CPL_BILLING,CPL-R00072,SUBMITTED,2023-08-14T13:11:00+00:00,2023-10-03T14:50:46+00:00,33486,USD,,false,CPL/SRC/events/00126
EV000127,PM,CPL_BILLING,,PAYMENT_POSTED,2023-09-14T14:49:00+00:00,2023-09-16T09:55:00+00:00,33486,USD,,false,CPL/SRC/events/00127
EV000128,PM,CPL_BILLING,CPL-R00073,SUBMITTED,2023-01-02T16:46:00+00:00,2023-01-02T20:13:08+00:00,5337,USD,,false,CPL/SRC/events/00128
EV000129,PM,CPL_BILLING,,PAYMENT_POSTED,2023-02-06T22:16:00+00:00,2023-02-12T07:21:22+00:00,5337,USD,,false,CPL/SRC/events/00129
EV000130,PM,CPL_BILLING,CPL-R00074,SUBMITTED,2022-07-18T16:18:00+00:00,2022-07-19T21:16:50+00:00,9995,USD,,false,CPL/SRC/events/00130
EV000131,PM,CPL_BILLING,,PAYMENT_POSTED,2022-08-04T20:43:00+00:00,2022-08-05T01:12:01+00:00,9995,USD,,false,CPL/SRC/events/00131
EV000132,PM,CPL_BILLING,CPL-R00075,SUBMITTED,2023-03-27T21:35:00+00:00,2023-03-31T19:23:58+00:00,20995,USD,,false,CPL/SRC/events/00132
EV000133,PM,CPL_BILLING,,PAYMENT_POSTED,2023-05-10T13:04:00+00:00,2023-05-12T21:50:20+00:00,20995,USD,,false,CPL/SRC/events/00133
EV000134,PM,CPL_BILLING,CPL-R00076,SUBMITTED,2023-03-20T21:13:00+00:00,2023-03-21T01:21:40+00:00,10363,USD,,false,CPL/SRC/events/00134
EV000135,PM,CPL_BILLING,,PAYMENT_POSTED,2023-03-27T17:08:00+00:00,2023-03-29T01:14:47+00:00,10363,USD,,false,CPL/SRC/events/00135
EV000137,PM,CPL_BILLING,,PAYMENT_POSTED,2023-08-21T14:23:00+00:00,2023-08-23T10:50:53+00:00,11591,USD,,false,CPL/SRC/events/00137
EV000138,PM,CPL_BILLING,CPL-R00078,SUBMITTED,2022-07-19T18:55:00+00:00,2022-07-19T22:48:31+00:00,6422,USD,,false,CPL/SRC/events/00138
EV000139,PM,CPL_BILLING,,PAYMENT_POSTED,2022-09-07T17:10:00+00:00,2022-09-19T19:26:54+00:00,6422,USD,,false,CPL/SRC/events/00139
EV000140,PM,CPL_BILLING,CPL-R00079,SUBMITTED,2022-07-19T16:05:00+00:00,2022-07-20T15:06:59+00:00,20236,USD,,false,CPL/SRC/events/00140
EV000141,PM,CPL_BILLING,CPL-R00078,PAYMENT_REVERSED,2022-09-19T18:07:00+00:00,2022-10-01T12:18:18+00:00,6422,USD,EV000139,false,CPL/SRC/events/00141
EV000142,PM,CPL_BILLING,CPL-R00080,SUBMITTED,2023-07-19T21:50:00+00:00,2023-07-22T14:11:35+00:00,2736,USD,,false,CPL/SRC/events/00142
EV000143,PM,CPL_BILLING,,PAYMENT_POSTED,2023-08-07T17:03:00+00:00,2023-08-09T20:49:55+00:00,2736,USD,,false,CPL/SRC/events/00143
EV000144,PM,CPL_BILLING,CPL-R00081,SUBMITTED,2023-08-08T19:30:00+00:00,2023-08-10T12:57:34+00:00,51150,USD,,false,CPL/SRC/events/00144
EV000145,PM,CPL_BILLING,,PAYMENT_POSTED,2023-08-21T15:44:00+00:00,2023-08-21T20:05:08+00:00,51150,USD,,false,CPL/SRC/events/00145
EV000146,PM,CPL_BILLING,CPL-R00082,SUBMITTED,2022-09-05T20:12:00+00:00,2022-09-05T20:51:45+00:00,12115,USD,,false,CPL/SRC/events/00146
EV000147,PM,CPL_BILLING,,PAYMENT_POSTED,2022-09-16T21:33:00+00:00,2022-09-18T10:00:31+00:00,12115,USD,,false,CPL/SRC/events/00147
EV000148,PM,CPL_BILLING,CPL-R00083,SUBMITTED,2022-09-05T15:13:00+00:00,2022-09-06T07:34:32+00:00,10187,USD,,false,CPL/SRC/events/00148
EV000149,PM,CPL_BILLING,CPL-R00084,SUBMITTED,2023-05-01T20:11:00+00:00,2023-05-02T00:12:44+00:00,13117,USD,,false,CPL/SRC/events/00149
EV000150,PM,CPL_BILLING,,PAYMENT_POSTED,2023-05-22T13:24:00+00:00,2023-05-22T20:52:40+00:00,13117,USD,,false,CPL/SRC/events/00150
EV000151,PM,CPL_BILLING,CPL-R00085,SUBMITTED,2022-12-26T19:35:00+00:00,2022-12-27T02:20:53+00:00,5827,USD,,false,CPL/SRC/events/00151
EV000152,PM,CPL_BILLING,,PAYMENT_POSTED,2023-02-06T19:57:00+00:00,2023-02-09T10:19:42+00:00,5827,USD,,false,CPL/SRC/events/00152
EV000153,PM,CPL_BILLING,CPL-R00086,SUBMITTED,2023-09-11T15:09:00+00:00,2023-09-12T14:41:52+00:00,3749,USD,,false,CPL/SRC/events/00153
EV000154,PM,CPL_BILLING,,PAYMENT_POSTED,2023-09-18T19:54:00+00:00,2023-09-23T21:18:40+00:00,3749,USD,,false,CPL/SRC/events/00154
EV000155,PM,CPL_BILLING,CPL-R00087,SUBMITTED,2022-11-07T17:30:00+00:00,2022-11-15T03:36:37+00:00,15331,USD,,false,CPL/SRC/events/00155
EV000156,PM,CPL_BILLING,CPL-R00088,CORRECTED,2022-11-10T22:11:00+00:00,2022-11-13T00:31:05+00:00,14814,USD,,false,CPL/SRC/events/00156
EV000157,PM,CPL_BILLING,CPL-R00087,VOID_VERSION,2022-11-10T22:11:00+00:00,2022-11-13T06:59:21+00:00,15331,USD,,false,CPL/SRC/events/00157
EV000158,PM,CPL_BILLING,,PAYMENT_POSTED,2022-12-26T19:08:00+00:00,2022-12-30T20:23:31+00:00,14814,USD,,false,CPL/SRC/events/00158
EV000159,PM,CPL_BILLING,CPL-R00089,SUBMITTED,2022-10-25T20:59:00+00:00,2022-11-01T22:08:35+00:00,16317,USD,,false,CPL/SRC/events/00159
EV000160,PM,CPL_BILLING,,PAYMENT_POSTED,2022-11-10T14:21:00+00:00,2022-11-10T15:10:11+00:00,16317,USD,,false,CPL/SRC/events/00160
EV000161,PM,CPL_BILLING,CPL-R00090,SUBMITTED,2022-08-04T19:08:00+00:00,2022-08-05T02:18:28+00:00,8651,USD,,false,CPL/SRC/events/00161
EV000162,PM,CPL_BILLING,,PAYMENT_POSTED,2022-08-12T16:40:00+00:00,2022-09-21T19:51:21+00:00,8651,USD,,false,CPL/SRC/events/00162
EV000163,PM,CPL_BILLING,CPL-R00091,SUBMITTED,2023-05-31T13:01:00+00:00,2023-06-01T21:42:09+00:00,4094,USD,,false,CPL/SRC/events/00163
EV000164,PM,CPL_BILLING,,PAYMENT_POSTED,2023-06-19T17:52:00+00:00,2023-06-24T09:42:19+00:00,4094,USD,,false,CPL/SRC/events/00164
EV000165,PM,CPL_BILLING,CPL-R00092,SUBMITTED,2023-01-23T20:33:00+00:00,2023-02-23T06:50:57+00:00,4992,USD,,false,CPL/SRC/events/00165
EV000166,PM,CPL_BILLING,CPL-R00092,CLOSED_NO_PAYMENT,2023-05-16T14:39:00+00:00,2023-05-16T15:05:14+00:00,,,,true,CPL/SRC/events/00166
EV000167,PM,CPL_BILLING,CPL-R00093,SUBMITTED,2023-02-01T14:40:00+00:00,2023-02-01T17:32:11+00:00,41398,USD,,false,CPL/SRC/events/00167
EV000168,PM,CPL_BILLING,,PAYMENT_POSTED,2023-02-13T21:27:00+00:00,2023-02-13T22:42:11+00:00,41398,USD,,false,CPL/SRC/events/00168
EV000169,PM,CPL_BILLING,CPL-R00094,SUBMITTED,2023-03-27T21:01:00+00:00,2023-03-31T01:06:44+00:00,11112,USD,,false,CPL/SRC/events/00169
EV000170,PM,CPL_BILLING,,PAYMENT_POSTED,2023-04-17T17:36:00+00:00,2023-04-17T17:49:42+00:00,11112,USD,,false,CPL/SRC/events/00170
EV000171,PM,CPL_BILLING,CPL-R00095,SUBMITTED,2022-11-14T14:40:00+00:00,2022-11-14T20:43:18+00:00,10252,USD,,false,CPL/SRC/events/00171
EV000172,PM,CPL_BILLING,CPL-R00096,SUBMITTED,2023-07-31T19:58:00+00:00,2023-08-04T02:58:20+00:00,27424,USD,,false,CPL/SRC/events/00172
EV000173,PM,CPL_BILLING,CPL-R00097,SUBMITTED,2023-08-23T19:30:00+00:00,2023-08-27T20:55:31+00:00,12196,USD,,false,CPL/SRC/events/00173
EV000174,PM,CPL_BILLING,,PAYMENT_POSTED,2023-09-07T16:56:00+00:00,2023-09-09T15:53:41+00:00,12196,USD,,false,CPL/SRC/events/00174
EV000175,PM,CPL_BILLING,CPL-R00097,PAYMENT_REVERSED,2023-09-12T18:56:00+00:00,2023-09-14T20:08:05+00:00,12196,USD,EV000174,false,CPL/SRC/events/00175
EV000176,PM,CPL_BILLING,CPL-R00098,SUBMITTED,2022-09-13T18:04:00+00:00,2022-09-13T23:15:13+00:00,8159,USD,,false,CPL/SRC/events/00176
EV000177,PM,CPL_BILLING,,PAYMENT_POSTED,2022-10-17T15:07:00+00:00,2022-10-17T22:41:22+00:00,8159,USD,,false,CPL/SRC/events/00177
EV000178,PM,CPL_BILLING,CPL-R00099,SUBMITTED,2023-09-22T19:55:00+00:00,2023-09-22T21:13:47+00:00,75776,USD,,false,CPL/SRC/events/00178
EV000179,PM,CPL_BILLING,,PAYMENT_POSTED,2023-10-02T20:56:00+00:00,2023-10-02T22:58:26+00:00,75776,USD,,false,CPL/SRC/events/00179
EV000180,PM,CPL_BILLING,CPL-R00100,SUBMITTED,2022-10-17T15:46:00+00:00,2022-10-22T11:37:31+00:00,13342,USD,,false,CPL/SRC/events/00180
EV000181,PM,CPL_BILLING,,PAYMENT_POSTED,2022-10-31T21:44:00+00:00,2022-11-01T00:44:02+00:00,13342,USD,,false,CPL/SRC/events/00181
EV000182,PM,CPL_BILLING,CPL-R00101,SUBMITTED,2023-04-10T17:11:00+00:00,2023-04-11T03:17:19+00:00,5317,USD,,false,CPL/SRC/events/00182
EV000183,PM,CPL_BILLING,,PAYMENT_POSTED,2023-05-15T18:12:00+00:00,2023-05-19T11:53:41+00:00,5317,USD,,false,CPL/SRC/events/00183
EV000184,PM,CPL_BILLING,CPL-R00102,SUBMITTED,2023-05-29T17:04:00+00:00,2023-05-29T22:20:20+00:00,7774,USD,,false,CPL/SRC/events/00184
EV000185,PM,CPL_BILLING,CPL-R00103,CORRECTED,2023-06-05T15:48:00+00:00,2023-06-05T15:56:53+00:00,8752,USD,,false,CPL/SRC/events/00185
EV000186,PM,CPL_BILLING,,PAYMENT_POSTED,2023-07-04T14:08:00+00:00,2023-07-04T22:07:38+00:00,8752,USD,,false,CPL/SRC/events/00186
EV000187,PM,CPL_BILLING,CPL-R00104,SUBMITTED,2023-07-31T18:14:00+00:00,2023-08-05T06:18:50+00:00,17267,USD,,false,CPL/SRC/events/00187
EV000188,PM,CPL_BILLING,,PAYMENT_POSTED,2023-11-09T19:21:00+00:00,2023-11-09T22:29:18+00:00,17267,USD,,false,CPL/SRC/events/00188
EV000189,PM,CPL_BILLING,CPL-R00105,SUBMITTED,2023-08-14T21:52:00+00:00,2023-09-26T12:32:15+00:00,22589,USD,,false,CPL/SRC/events/00189
EV000190,PM,CPL_BILLING,,PAYMENT_POSTED,2023-08-28T14:53:00+00:00,2023-08-28T19:38:44+00:00,22589,USD,,false,CPL/SRC/events/00190
EV000191,PM,CPL_BILLING,CPL-R00106,SUBMITTED,2022-10-24T16:30:00+00:00,2022-10-24T19:09:00+00:00,27075,USD,,false,CPL/SRC/events/00191
EV000192,PM,CPL_BILLING,,PAYMENT_POSTED,2022-11-04T19:23:00+00:00,2022-11-04T20:51:46+00:00,27075,USD,,false,CPL/SRC/events/00192
EV000193,PM,CPL_BILLING,CPL-R00107,SUBMITTED,2022-08-22T19:19:00+00:00,2022-08-23T02:45:19+00:00,69668,USD,,false,CPL/SRC/events/00193
EV000194,PM,CPL_BILLING,CPL-R00108,SUBMITTED,2023-04-10T16:25:00+00:00,2023-04-15T16:06:34+00:00,14621,USD,,false,CPL/SRC/events/00194
EV000195,PM,CPL_BILLING,,PAYMENT_POSTED,2023-04-26T21:01:00+00:00,2023-04-28T03:45:02+00:00,14621,USD,,false,CPL/SRC/events/00195
EV000196,PM,CPL_BILLING,CPL-R00109,SUBMITTED,2022-09-22T14:35:00+00:00,2022-09-24T03:38:35+00:00,10623,USD,,false,CPL/SRC/events/00196
EV000197,PM,CPL_BILLING,CPL-R00109,CLOSED_NO_PAYMENT,2022-11-15T20:05:00+00:00,2022-11-17T10:12:23+00:00,,,,true,CPL/SRC/events/00197
EV000198,PM,CPL_BILLING,CPL-R00110,SUBMITTED,2022-11-10T15:19:00+00:00,2022-11-10T18:54:07+00:00,12064,USD,,false,CPL/SRC/events/00198
EV000199,PM,CPL_BILLING,,PAYMENT_POSTED,2023-01-17T16:32:00+00:00,2023-01-20T06:35:17+00:00,12064,USD,,false,CPL/SRC/events/00199
EV000200,PM,CPL_BILLING,CPL-R00111,SUBMITTED,2022-11-10T20:07:00+00:00,2022-11-20T14:40:06+00:00,7718,USD,,false,CPL/SRC/events/00200
EV000201,PM,CPL_BILLING,CPL-R00112,SUBMITTED,2023-03-13T19:01:00+00:00,2023-03-22T19:15:07+00:00,11201,USD,,false,CPL/SRC/events/00201
EV000202,PM,CPL_BILLING,,PAYMENT_POSTED,2023-03-28T16:54:00+00:00,2023-04-02T02:43:31+00:00,11201,USD,,false,CPL/SRC/events/00202
EV000203,PM,CPL_BILLING,CPL-R00113,SUBMITTED,2022-11-07T16:16:00+00:00,2022-11-12T04:11:26+00:00,44833,USD,,false,CPL/SRC/events/00203
EV000204,PM,CPL_BILLING,,PAYMENT_POSTED,2023-01-05T15:45:00+00:00,2023-01-05T22:24:44+00:00,44833,USD,,false,CPL/SRC/events/00204
EV000205,PM,CPL_BILLING,CPL-R00113,PAYMENT_REVERSED,2023-01-10T17:29:00+00:00,2023-01-11T16:48:04+00:00,10064,USD,EV000204,false,CPL/SRC/events/00205
EV000206,PM,CPL_BILLING,CPL-R00114,SUBMITTED,2023-09-08T17:31:00+00:00,2023-09-09T19:55:17+00:00,28253,USD,,false,CPL/SRC/events/00206
EV000207,PM,CPL_BILLING,,PAYMENT_POSTED,2023-09-25T16:40:00+00:00,2023-09-28T18:52:45+00:00,28253,USD,,false,CPL/SRC/events/00207
EV000208,PM,CPL_BILLING,CPL-R00115,SUBMITTED,2023-02-13T14:45:00+00:00,2023-02-16T01:50:52+00:00,62720,USD,,false,CPL/SRC/events/00208
EV000209,PM,CPL_BILLING,,PAYMENT_POSTED,2023-02-20T16:12:00+00:00,2023-02-20T17:08:36+00:00,62720,USD,,false,CPL/SRC/events/00209
EV000210,PM,CPL_BILLING,CPL-R00116,SUBMITTED,2022-10-10T18:50:00+00:00,2022-10-13T08:45:05+00:00,29224,USD,,false,CPL/SRC/events/00210
EV000211,PM,CPL_BILLING,CPL-R00116,CLOSED_NO_PAYMENT,2023-01-20T15:21:00+00:00,2023-01-25T05:48:31+00:00,,,,true,CPL/SRC/events/00211
EV000212,PM,CPL_BILLING,CPL-R00117,SUBMITTED,2022-12-19T19:57:00+00:00,2022-12-20T02:45:57+00:00,7873,USD,,false,CPL/SRC/events/00212
EV000213,PM,CPL_BILLING,,PAYMENT_POSTED,2023-02-03T16:36:00+00:00,2023-02-10T01:14:19+00:00,7873,USD,,false,CPL/SRC/events/00213
EV000214,PM,CPL_BILLING,CPL-R00118,SUBMITTED,2022-12-16T18:10:00+00:00,2023-01-06T18:10:00+00:00,7348,USD,,false,CPL/SRC/events/00214
EV000215,PM,CPL_BILLING,CPL-R00119,SUBMITTED,2023-02-09T22:12:00+00:00,2023-02-10T04:31:13+00:00,14578,USD,,false,CPL/SRC/events/00215
EV000216,PM,CPL_BILLING,,PAYMENT_POSTED,2023-02-28T19:23:00+00:00,2023-03-01T01:30:17+00:00,14578,USD,,false,CPL/SRC/events/00216
EV000217,PM,CPL_BILLING,CPL-R00120,SUBMITTED,2022-09-16T16:14:00+00:00,2022-09-19T22:40:59+00:00,3601,USD,,false,CPL/SRC/events/00217
EV000218,PM,CPL_BILLING,,PAYMENT_POSTED,2022-10-11T17:18:00+00:00,2022-10-20T10:35:51+00:00,3601,USD,,false,CPL/SRC/events/00218
EV000219,PM,CPL_BILLING,CPL-R00121,SUBMITTED,2023-06-12T16:24:00+00:00,2023-06-12T21:40:03+00:00,5687,USD,,false,CPL/SRC/events/00219
EV000220,PM,CPL_BILLING,,PAYMENT_POSTED,2023-07-05T17:58:00+00:00,2023-07-12T10:53:54+00:00,5687,USD,,false,CPL/SRC/events/00220
EV000221,PM,CPL_BILLING,CPL-R00122,SUBMITTED,2023-09-29T15:47:00+00:00,2023-10-03T05:04:29+00:00,6520,USD,,false,CPL/SRC/events/00221
EV000222,PM,CPL_BILLING,,PAYMENT_POSTED,2023-10-13T21:47:00+00:00,2023-10-19T05:28:36+00:00,6520,USD,,false,CPL/SRC/events/00222
EV000223,PM,CPL_BILLING,CPL-R00123,SUBMITTED,2023-02-21T14:02:00+00:00,2023-02-24T11:20:24+00:00,7028,USD,,false,CPL/SRC/events/00223
EV000224,PM,CPL_BILLING,,PAYMENT_POSTED,2023-02-27T20:48:00+00:00,2023-03-01T16:12:28+00:00,7028,USD,,false,CPL/SRC/events/00224
EV000225,PM,CPL_BILLING,CPL-R00124,SUBMITTED,2023-02-06T21:44:00+00:00,2023-02-08T02:37:39+00:00,35435,USD,,false,CPL/SRC/events/00225
EV000226,PM,CPL_BILLING,,PAYMENT_POSTED,2023-03-06T14:15:00+00:00,2023-03-06T15:49:18+00:00,35435,USD,,false,CPL/SRC/events/00226
EV000227,PM,CPL_BILLING,CPL-R00125,SUBMITTED,2022-12-12T20:03:00+00:00,2022-12-14T04:31:26+00:00,13329,USD,,false,CPL/SRC/events/00227
EV000228,PM,CPL_BILLING,CPL-R00125,CLOSED_NO_PAYMENT,2023-02-01T14:39:00+00:00,2023-02-01T18:36:04+00:00,,,,true,CPL/SRC/events/00228
EV000229,PM,CPL_BILLING,CPL-R00126,SUBMITTED,2023-07-13T21:11:00+00:00,2023-07-14T02:09:50+00:00,9055,USD,,false,CPL/SRC/events/00229
EV000230,PM,CPL_BILLING,CPL-R00127,SUBMITTED,2023-04-26T17:03:00+00:00,2023-04-30T13:34:45+00:00,6580,USD,,false,CPL/SRC/events/00230
EV000231,PM,CPL_BILLING,,PAYMENT_POSTED,2023-06-14T18:06:00+00:00,2023-06-14T18:57:53+00:00,6580,USD,,false,CPL/SRC/events/00231
EV000232,PM,CPL_BILLING,CPL-R00128,SUBMITTED,2023-05-01T13:18:00+00:00,2023-05-01T13:34:16+00:00,10244,USD,,false,CPL/SRC/events/00232
EV000233,PM,CPL_BILLING,,PAYMENT_POSTED,2023-05-24T16:58:00+00:00,2023-05-27T05:04:21+00:00,10244,USD,,false,CPL/SRC/events/00233
EV000234,PM,CPL_BILLING,CPL-R00129,SUBMITTED,2023-01-12T17:57:00+00:00,2023-01-12T21:31:44+00:00,9030,USD,,false,CPL/SRC/events/00234
EV000235,PM,CPL_BILLING,,PAYMENT_POSTED,2023-02-08T19:06:00+00:00,2023-02-10T16:29:30+00:00,9030,USD,,false,CPL/SRC/events/00235
EV000236,PM,CPL_BILLING,CPL-R00130,SUBMITTED,2022-08-01T20:24:00+00:00,2022-08-02T00:31:02+00:00,15217,USD,,false,CPL/SRC/events/00236
EV000237,PM,CPL_BILLING,,PAYMENT_POSTED,2022-09-12T17:31:00+00:00,2022-09-13T12:44:35+00:00,15217,USD,,false,CPL/SRC/events/00237
EV000238,PM,CPL_BILLING,CPL-R00131,SUBMITTED,2023-09-01T15:47:00+00:00,2023-09-06T14:32:37+00:00,13344,USD,,false,CPL/SRC/events/00238
EV000239,PM,CPL_BILLING,,PAYMENT_POSTED,2023-09-20T20:15:00+00:00,2023-09-21T02:12:20+00:00,13344,USD,,false,CPL/SRC/events/00239
EV000240,PM,CPL_BILLING,CPL-R00132,SUBMITTED,2022-11-11T15:13:00+00:00,2022-11-11T22:52:50+00:00,14027,USD,,false,CPL/SRC/events/00240
EV000241,PM,CPL_BILLING,,PAYMENT_POSTED,2022-11-21T15:17:00+00:00,2022-11-27T01:38:59+00:00,14027,USD,,false,CPL/SRC/events/00241
EV000242,PM,CPL_BILLING,CPL-R00133,SUBMITTED,2023-05-08T21:20:00+00:00,2023-05-11T09:42:07+00:00,14785,USD,,false,CPL/SRC/events/00242
EV000243,PM,CPL_BILLING,,PAYMENT_POSTED,2023-05-18T17:47:00+00:00,2023-05-18T18:13:37+00:00,14785,USD,,false,CPL/SRC/events/00243
EV000244,PM,CPL_BILLING,CPL-R00134,SUBMITTED,2023-05-08T17:22:00+00:00,2023-05-09T00:27:30+00:00,19836,USD,,false,CPL/SRC/events/00244
EV000245,PM,CPL_BILLING,CPL-R00135,SUBMITTED,2023-08-21T16:01:00+00:00,2023-08-27T06:27:03+00:00,5484,USD,,false,CPL/SRC/events/00245
EV000246,PM,CPL_BILLING,,PAYMENT_POSTED,2023-09-04T16:57:00+00:00,2023-09-06T08:22:18+00:00,5484,USD,,false,CPL/SRC/events/00246
EV000247,PM,CPL_BILLING,CPL-R00136,SUBMITTED,2023-02-28T15:43:00+00:00,2023-02-28T19:14:37+00:00,33607,USD,,false,CPL/SRC/events/00247
EV000248,PM,CPL_BILLING,,PAYMENT_POSTED,2023-03-20T18:33:00+00:00,2023-03-24T14:28:37+00:00,33607,USD,,false,CPL/SRC/events/00248
EV000249,PM,CPL_BILLING,CPL-R00137,SUBMITTED,2023-02-06T15:08:00+00:00,2023-02-07T15:35:57+00:00,3884,USD,,false,CPL/SRC/events/00249
EV000250,PM,CPL_BILLING,,PAYMENT_POSTED,2023-03-09T20:35:00+00:00,2023-03-10T00:19:03+00:00,3884,USD,,false,CPL/SRC/events/00250
EV000251,PM,CPL_BILLING,CPL-R00138,SUBMITTED,2023-04-11T19:36:00+00:00,2023-04-12T01:09:21+00:00,14472,USD,,false,CPL/SRC/events/00251
EV000252,PM,CPL_BILLING,,PAYMENT_POSTED,2023-05-23T19:50:00+00:00,2023-05-23T21:57:07+00:00,14472,USD,,false,CPL/SRC/events/00252
EV000253,PM,CPL_BILLING,CPL-R00139,SUBMITTED,2023-06-12T14:25:00+00:00,2023-06-18T08:52:32+00:00,11539,USD,,false,CPL/SRC/events/00253
EV000254,PM,CPL_BILLING,,PAYMENT_POSTED,2023-07-14T18:15:00+00:00,2023-07-15T22:48:48+00:00,11539,USD,,false,CPL/SRC/events/00254
EV000255,PM,CPL_BILLING,CPL-R00140,SUBMITTED,2023-06-08T17:53:00+00:00,2023-06-08T20:58:04+00:00,12111,USD,,false,CPL/SRC/events/00255
EV000256,PM,CPL_BILLING,CPL-R00141,SUBMITTED,2023-06-12T19:37:00+00:00,2023-06-22T14:14:29+00:00,9078,USD,,false,CPL/SRC/events/00256
EV000257,PM,CPL_BILLING,,PAYMENT_POSTED,2023-07-17T13:02:00+00:00,2023-07-19T08:50:25+00:00,9078,USD,,false,CPL/SRC/events/00257
EV000258,PM,CPL_BILLING,CPL-R00142,SUBMITTED,2022-11-21T22:17:00+00:00,2022-11-22T04:18:17+00:00,30401,USD,,false,CPL/SRC/events/00258
EV000259,PM,CPL_BILLING,,PAYMENT_POSTED,2022-11-28T15:25:00+00:00,2022-11-29T03:57:07+00:00,30401,USD,,false,CPL/SRC/events/00259
EV000260,PM,CPL_BILLING,CPL-R00143,SUBMITTED,2022-07-11T18:51:00+00:00,2022-07-11T22:51:31+00:00,29314,USD,,false,CPL/SRC/events/00260
EV000261,PM,CPL_BILLING,CPL-R00144,SUBMITTED,2023-08-25T15:50:00+00:00,2023-08-28T16:43:29+00:00,22243,USD,,false,CPL/SRC/events/00261
EV000262,PM,CPL_BILLING,,PAYMENT_POSTED,2023-09-07T17:33:00+00:00,2023-09-07T20:09:21+00:00,22243,USD,,false,CPL/SRC/events/00262
EV000263,PM,CPL_BILLING,CPL-R00145,SUBMITTED,2023-06-23T13:20:00+00:00,2023-06-25T09:18:28+00:00,27009,USD,,false,CPL/SRC/events/00263
EV000264,PM,CPL_BILLING,,PAYMENT_POSTED,2023-07-06T21:50:00+00:00,2023-07-06T23:24:13+00:00,27009,USD,,false,CPL/SRC/events/00264
EV000265,PM,CPL_BILLING,CPL-R00146,SUBMITTED,2023-01-30T15:38:00+00:00,2023-01-31T02:54:06+00:00,32878,USD,,false,CPL/SRC/events/00265
EV000266,PM,CPL_BILLING,,PAYMENT_POSTED,2023-03-13T16:31:00+00:00,2023-03-13T19:06:38+00:00,32878,USD,,false,CPL/SRC/events/00266
EV000267,PM,CPL_BILLING,CPL-R00147,SUBMITTED,2023-03-28T17:15:00+00:00,2023-03-28T17:26:06+00:00,36039,USD,,false,CPL/SRC/events/00267
EV000268,PM,CPL_BILLING,,PAYMENT_POSTED,2023-07-17T13:31:00+00:00,2023-07-26T09:30:24+00:00,36039,USD,,false,CPL/SRC/events/00268
EV000269,PM,CPL_BILLING,CPL-R00148,SUBMITTED,2022-10-12T19:57:00+00:00,2022-10-12T22:37:11+00:00,34681,USD,,false,CPL/SRC/events/00269
EV000270,PM,CPL_BILLING,CPL-R00149,CORRECTED,2022-10-14T18:16:00+00:00,2022-10-16T00:16:07+00:00,39199,USD,,false,CPL/SRC/events/00270
EV000271,PM,CPL_BILLING,CPL-R00148,VOID_VERSION,2022-10-14T18:16:00+00:00,2022-11-04T15:05:26+00:00,34681,USD,,false,CPL/SRC/events/00271
EV000272,PM,CPL_BILLING,,PAYMENT_POSTED,2022-10-27T13:42:00+00:00,2022-10-29T15:00:27+00:00,39199,USD,,false,CPL/SRC/events/00272
EV000273,PM,CPL_BILLING,CPL-R00150,SUBMITTED,2023-02-01T15:35:00+00:00,2023-02-22T15:35:00+00:00,15545,USD,,false,CPL/SRC/events/00273
EV000274,PM,CPL_BILLING,,PAYMENT_POSTED,2023-02-08T19:56:00+00:00,2023-02-10T08:09:51+00:00,15545,USD,,false,CPL/SRC/events/00274
EV000275,PM,CPL_BILLING,CPL-R00151,SUBMITTED,2023-07-31T14:26:00+00:00,2023-08-10T13:58:10+00:00,30358,USD,,false,CPL/SRC/events/00275
EV000276,PM,CPL_BILLING,,PAYMENT_POSTED,2023-08-08T14:31:00+00:00,2023-08-08T20:25:20+00:00,30358,USD,,false,CPL/SRC/events/00276
EV000277,PM,CPL_BILLING,CPL-R00152,SUBMITTED,2023-02-09T19:17:00+00:00,2023-02-10T00:27:04+00:00,7665,USD,,false,CPL/SRC/events/00277
EV000278,PM,CPL_BILLING,CPL-R00153,CORRECTED,2023-02-14T22:34:00+00:00,2023-02-15T04:01:29+00:00,8321,USD,,false,CPL/SRC/events/00278
EV000279,PM,CPL_BILLING,CPL-R00152,VOID_VERSION,2023-02-14T22:34:00+00:00,2023-02-15T05:07:39+00:00,7665,USD,,false,CPL/SRC/events/00279
EV000280,PM,CPL_BILLING,,PAYMENT_POSTED,2023-02-20T16:03:00+00:00,2023-03-13T15:03:00+00:00,8321,USD,,false,CPL/SRC/events/00280
EV000281,PM,CPL_BILLING,CPL-R00154,SUBMITTED,2022-11-11T14:29:00+00:00,2022-11-17T01:13:47+00:00,7774,USD,,false,CPL/SRC/events/00281
EV000282,PM,CPL_BILLING,,PAYMENT_POSTED,2022-12-05T16:04:00+00:00,2022-12-06T04:37:27+00:00,7774,USD,,false,CPL/SRC/events/00282
EV000283,PM,CPL_BILLING,CPL-R00155,SUBMITTED,2023-02-24T15:09:00+00:00,2023-02-24T22:43:52+00:00,57074,USD,,false,CPL/SRC/events/00283
EV000284,PM,CPL_BILLING,,PAYMENT_POSTED,2023-03-02T18:01:00+00:00,2023-03-03T22:37:05+00:00,57074,USD,,false,CPL/SRC/events/00284
EV000285,PM,CPL_BILLING,CPL-R00156,SUBMITTED,2023-05-04T19:16:00+00:00,2023-05-08T03:09:19+00:00,8271,USD,,false,CPL/SRC/events/00285
EV000286,PM,CPL_BILLING,CPL-R00157,SUBMITTED,2023-07-17T15:47:00+00:00,2023-07-17T21:04:32+00:00,25732,USD,,false,CPL/SRC/events/00286
EV000287,PM,CPL_BILLING,,PAYMENT_POSTED,2023-08-14T15:00:00+00:00,2023-08-20T16:02:45+00:00,25732,USD,,false,CPL/SRC/events/00287
EV000288,PM,CPL_BILLING,CPL-R00158,SUBMITTED,2023-07-18T13:00:00+00:00,2023-07-18T18:04:15+00:00,7211,USD,,false,CPL/SRC/events/00288
EV000289,PM,CPL_BILLING,,PAYMENT_POSTED,2023-08-28T21:03:00+00:00,2023-08-29T01:49:47+00:00,7211,USD,,false,CPL/SRC/events/00289
EV000290,PM,CPL_BILLING,CPL-R00159,SUBMITTED,2023-09-19T21:05:00+00:00,2023-09-19T21:38:24+00:00,12646,USD,,false,CPL/SRC/events/00290
EV000291,PM,CPL_BILLING,CPL-R00160,SUBMITTED,2023-05-10T19:50:00+00:00,2023-05-11T00:59:53+00:00,96900,USD,,false,CPL/SRC/events/00291
EV000292,PM,CPL_BILLING,,PAYMENT_POSTED,2023-05-15T21:03:00+00:00,2023-05-17T22:46:48+00:00,96900,USD,,false,CPL/SRC/events/00292
EV000294,PM,CPL_BILLING,,PAYMENT_POSTED,2023-08-15T15:39:00+00:00,2023-08-18T18:59:08+00:00,31934,USD,,false,CPL/SRC/events/00294
EV000295,PM,CPL_BILLING,CPL-R00162,SUBMITTED,2023-07-17T13:38:00+00:00,2023-07-18T20:46:50+00:00,153888,USD,,false,CPL/SRC/events/00295
EV000296,PM,CPL_BILLING,,PAYMENT_POSTED,2023-09-18T20:58:00+00:00,2023-09-18T23:28:44+00:00,153888,USD,,false,CPL/SRC/events/00296
EV000297,PM,CPL_BILLING,CPL-R00163,SUBMITTED,2023-07-13T18:06:00+00:00,2023-07-13T18:30:43+00:00,10595,USD,,false,CPL/SRC/events/00297
EV000298,PM,CPL_BILLING,CPL-R00164,SUBMITTED,2023-05-09T15:25:00+00:00,2023-05-13T00:11:08+00:00,18360,USD,,false,CPL/SRC/events/00298
EV000299,PM,CPL_BILLING,CPL-R00165,CORRECTED,2023-05-19T18:11:00+00:00,2023-05-19T21:10:02+00:00,22828,USD,,false,CPL/SRC/events/00299
EV000300,PM,CPL_BILLING,,PAYMENT_POSTED,2023-06-09T14:27:00+00:00,2023-06-09T23:52:27+00:00,22828,USD,,false,CPL/SRC/events/00300
EV000301,PM,CPL_BILLING,CPL-R00166,SUBMITTED,2023-09-22T18:59:00+00:00,2023-09-25T13:46:32+00:00,17104,USD,,false,CPL/SRC/events/00301
EV000302,PM,CPL_BILLING,CPL-R00167,SUBMITTED,2022-07-11T15:42:00+00:00,2022-07-11T19:38:14+00:00,9018,USD,,false,CPL/SRC/events/00302
EV000303,PM,CPL_BILLING,,PAYMENT_POSTED,2022-08-22T19:02:00+00:00,2022-08-26T04:44:05+00:00,9018,USD,,false,CPL/SRC/events/00303
EV000304,PM,CPL_BILLING,CPL-R00168,SUBMITTED,2023-08-17T13:13:00+00:00,2023-08-17T16:48:55+00:00,8239,USD,,false,CPL/SRC/events/00304
EV000305,PM,CPL_BILLING,CPL-R00169,CORRECTED,2023-08-23T15:43:00+00:00,2023-08-23T22:45:46+00:00,7936,USD,,false,CPL/SRC/events/00305
EV000306,PM,CPL_BILLING,,PAYMENT_POSTED,2023-09-11T20:22:00+00:00,2023-09-12T03:17:17+00:00,7936,USD,,false,CPL/SRC/events/00306
EV000307,PM,CPL_BILLING,CPL-R00170,SUBMITTED,2022-07-18T13:20:00+00:00,2022-07-30T02:01:44+00:00,16775,USD,,false,CPL/SRC/events/00307
EV000308,PM,CPL_BILLING,,PAYMENT_POSTED,2022-08-09T16:12:00+00:00,2022-08-09T17:43:35+00:00,16775,USD,,false,CPL/SRC/events/00308
EV000309,PM,CPL_BILLING,CPL-R00171,SUBMITTED,2023-03-02T15:53:00+00:00,2023-03-03T14:08:53+00:00,9124,USD,,false,CPL/SRC/events/00309
EV000310,PM,CPL_BILLING,,PAYMENT_POSTED,2023-03-13T20:31:00+00:00,2023-03-13T21:13:02+00:00,9124,USD,,false,CPL/SRC/events/00310
EV000311,PM,CPL_BILLING,CPL-R00172,SUBMITTED,2022-08-22T13:18:00+00:00,2022-08-27T07:03:37+00:00,14538,USD,,false,CPL/SRC/events/00311
EV000312,PM,CPL_BILLING,,PAYMENT_POSTED,2022-08-29T14:26:00+00:00,2022-08-29T15:42:43+00:00,14538,USD,,false,CPL/SRC/events/00312
EV000313,PM,CPL_BILLING,CPL-R00173,SUBMITTED,2023-03-16T15:05:00+00:00,2023-03-23T14:48:27+00:00,8980,USD,,false,CPL/SRC/events/00313
EV000314,PM,CPL_BILLING,,PAYMENT_POSTED,2023-03-24T13:10:00+00:00,2023-03-26T17:49:45+00:00,8980,USD,,false,CPL/SRC/events/00314
EV000315,PM,CPL_BILLING,CPL-R00174,SUBMITTED,2022-08-02T21:24:00+00:00,2022-08-02T21:44:24+00:00,44201,USD,,false,CPL/SRC/events/00315
EV000316,PM,CPL_BILLING,,PAYMENT_POSTED,2022-09-05T16:17:00+00:00,2022-09-05T16:31:54+00:00,44201,USD,,false,CPL/SRC/events/00316
EV000317,PM,CPL_BILLING,CPL-R00175,SUBMITTED,2023-02-06T21:47:00+00:00,2023-02-09T10:55:54+00:00,25368,USD,,false,CPL/SRC/events/00317
EV000318,PM,CPL_BILLING,,PAYMENT_POSTED,2023-03-29T17:24:00+00:00,2023-03-29T19:38:39+00:00,25368,USD,,false,CPL/SRC/events/00318
EV000319,PM,CPL_BILLING,CPL-R00176,SUBMITTED,2023-05-29T18:10:00+00:00,2023-06-06T08:31:00+00:00,12353,USD,,false,CPL/SRC/events/00319
EV000320,PM,CPL_BILLING,,PAYMENT_POSTED,2023-06-14T19:00:00+00:00,2023-06-22T16:03:24+00:00,12353,USD,,false,CPL/SRC/events/00320
EV000321,PM,CPL_BILLING,CPL-R00177,SUBMITTED,2022-09-14T19:23:00+00:00,2022-09-16T01:52:02+00:00,5348,USD,,false,CPL/SRC/events/00321
EV000322,PM,CPL_BILLING,,PAYMENT_POSTED,2022-10-17T21:35:00+00:00,2022-10-17T22:21:26+00:00,5348,USD,,false,CPL/SRC/events/00322
EV000323,PM,CPL_BILLING,CPL-R00178,SUBMITTED,2023-05-15T19:37:00+00:00,2023-05-16T00:10:38+00:00,2753,USD,,false,CPL/SRC/events/00323
EV000324,PM,CPL_BILLING,,PAYMENT_POSTED,2023-05-29T14:38:00+00:00,2023-06-01T15:18:31+00:00,2753,USD,,false,CPL/SRC/events/00324
EV000325,PM,CPL_BILLING,CPL-R00179,SUBMITTED,2022-11-07T15:38:00+00:00,2022-11-07T19:00:47+00:00,242772,USD,,false,CPL/SRC/events/00325
EV000326,PM,CPL_BILLING,,PAYMENT_POSTED,2022-11-30T15:50:00+00:00,2022-12-04T10:51:34+00:00,242772,USD,,false,CPL/SRC/events/00326
EV000327,PM,CPL_BILLING,CPL-R00180,SUBMITTED,2023-05-03T21:00:00+00:00,2023-05-04T04:33:24+00:00,4665,USD,,false,CPL/SRC/events/00327
EV000328,PM,CPL_BILLING,,PAYMENT_POSTED,2023-05-19T20:54:00+00:00,2023-06-09T20:54:00+00:00,4665,USD,,false,CPL/SRC/events/00328
EV000329,PM,CPL_BILLING,CPL-R00181,SUBMITTED,2023-04-04T14:15:00+00:00,2023-04-11T16:03:24+00:00,10213,USD,,false,CPL/SRC/events/00329
EV000330,PM,CPL_BILLING,,PAYMENT_POSTED,2023-04-13T15:35:00+00:00,2023-04-13T18:26:58+00:00,10213,USD,,false,CPL/SRC/events/00330
EV000331,PM,CPL_BILLING,CPL-R00182,SUBMITTED,2022-10-13T17:16:00+00:00,2022-10-14T06:36:42+00:00,9760,USD,,false,CPL/SRC/events/00331
EV000332,PM,CPL_BILLING,CPL-R00183,SUBMITTED,2022-08-15T20:12:00+00:00,2022-08-15T20:36:20+00:00,15132,USD,,false,CPL/SRC/events/00332
EV000333,PM,CPL_BILLING,,PAYMENT_POSTED,2022-08-29T13:26:00+00:00,2022-08-30T18:15:55+00:00,15132,USD,,false,CPL/SRC/events/00333
EV000334,PM,CPL_BILLING,CPL-R00184,SUBMITTED,2023-04-04T18:33:00+00:00,2023-04-05T00:02:39+00:00,7546,USD,,false,CPL/SRC/events/00334
EV000335,PM,CPL_BILLING,,PAYMENT_POSTED,2023-05-09T17:00:00+00:00,2023-05-09T18:25:58+00:00,7546,USD,,false,CPL/SRC/events/00335
EV000336,PM,CPL_BILLING,CPL-R00185,SUBMITTED,2023-01-09T20:51:00+00:00,2023-01-10T01:01:17+00:00,6756,USD,,false,CPL/SRC/events/00336
EV000337,PM,CPL_BILLING,CPL-R00186,CORRECTED,2023-01-16T22:46:00+00:00,2023-01-17T03:48:07+00:00,8256,USD,,false,CPL/SRC/events/00337
EV000338,PM,CPL_BILLING,,PAYMENT_POSTED,2023-01-18T16:35:00+00:00,2023-01-20T06:53:14+00:00,8256,USD,,false,CPL/SRC/events/00338
EV000339,PM,CPL_BILLING,CPL-R00187,SUBMITTED,2023-01-25T17:30:00+00:00,2023-01-31T07:16:56+00:00,7493,USD,,false,CPL/SRC/events/00339
EV000340,PM,CPL_BILLING,CPL-R00188,CORRECTED,2023-01-26T18:35:00+00:00,2023-01-28T14:25:51+00:00,6664,USD,,false,CPL/SRC/events/00340
EV000341,PM,CPL_BILLING,CPL-R00187,VOID_VERSION,2023-01-26T18:35:00+00:00,2023-01-26T19:02:58+00:00,7493,USD,,false,CPL/SRC/events/00341
EV000342,PM,CPL_BILLING,,PAYMENT_POSTED,2023-02-06T15:08:00+00:00,2023-02-07T23:24:23+00:00,6664,USD,,false,CPL/SRC/events/00342
EV000343,PM,CPL_BILLING,CPL-R00189,SUBMITTED,2023-08-10T15:58:00+00:00,2023-09-27T20:43:20+00:00,35220,USD,,false,CPL/SRC/events/00343
EV000344,PM,CPL_BILLING,CPL-R00190,SUBMITTED,2023-03-03T21:39:00+00:00,2023-03-04T05:21:17+00:00,9970,USD,,false,CPL/SRC/events/00344
EV000345,PM,CPL_BILLING,,PAYMENT_POSTED,2023-03-13T19:40:00+00:00,2023-03-13T20:42:23+00:00,9970,USD,,false,CPL/SRC/events/00345
EV000346,PM,CPL_BILLING,CPL-R00191,SUBMITTED,2023-03-03T17:02:00+00:00,2023-03-03T18:13:23+00:00,10321,USD,,false,CPL/SRC/events/00346
EV000347,PM,CPL_BILLING,,PAYMENT_POSTED,2023-03-28T21:06:00+00:00,2023-03-29T01:45:14+00:00,10321,USD,,false,CPL/SRC/events/00347
EV000348,PM,CPL_BILLING,CPL-R00192,SUBMITTED,2023-06-19T17:34:00+00:00,2023-06-19T19:34:20+00:00,31803,USD,,false,CPL/SRC/events/00348
EV000349,PM,CPL_BILLING,,PAYMENT_POSTED,2023-07-04T13:40:00+00:00,2023-07-04T13:46:04+00:00,31803,USD,,false,CPL/SRC/events/00349
EV000350,PM,CPL_BILLING,CPL-R00193,SUBMITTED,2022-12-14T21:54:00+00:00,2022-12-14T23:02:12+00:00,6859,USD,,false,CPL/SRC/events/00350
EV000351,PM,CPL_BILLING,,PAYMENT_POSTED,2023-01-30T21:20:00+00:00,2023-01-31T20:54:15+00:00,6859,USD,,false,CPL/SRC/events/00351
EV000352,PM,CPL_BILLING,CPL-R00194,SUBMITTED,2023-05-09T18:52:00+00:00,2023-05-09T19:02:57+00:00,64449,USD,,false,CPL/SRC/events/00352
EV000353,PM,CPL_BILLING,,PAYMENT_POSTED,2023-05-30T15:08:00+00:00,2023-05-30T16:21:27+00:00,64449,USD,,false,CPL/SRC/events/00353
EV000354,PM,CPL_BILLING,CPL-R00195,SUBMITTED,2023-05-12T13:00:00+00:00,2023-05-12T14:17:30+00:00,33662,USD,,false,CPL/SRC/events/00354
EV000355,PM,CPL_BILLING,,PAYMENT_POSTED,2023-06-15T17:36:00+00:00,2023-06-15T22:27:35+00:00,33662,USD,,false,CPL/SRC/events/00355
EV000356,PM,CPL_BILLING,CPL-R00196,SUBMITTED,2023-02-24T17:39:00+00:00,2023-03-07T05:22:18+00:00,8075,USD,,false,CPL/SRC/events/00356
EV000357,PM,CPL_BILLING,CPL-R00197,SUBMITTED,2023-09-04T15:16:00+00:00,2023-09-08T20:26:29+00:00,205385,USD,,false,CPL/SRC/events/00357
EV000358,PM,CPL_BILLING,,PAYMENT_POSTED,2023-10-20T17:57:00+00:00,2023-10-25T10:18:05+00:00,205385,USD,,false,CPL/SRC/events/00358
EV000359,PM,CPL_BILLING,CPL-R00198,SUBMITTED,2023-03-20T18:23:00+00:00,2023-03-22T13:07:25+00:00,25446,USD,,false,CPL/SRC/events/00359
EV000360,PM,CPL_BILLING,,PAYMENT_POSTED,2023-04-12T14:21:00+00:00,2023-04-12T16:51:42+00:00,25446,USD,,false,CPL/SRC/events/00360
EV000361,PM,CPL_BILLING,CPL-R00199,SUBMITTED,2023-07-19T13:15:00+00:00,2023-07-19T20:48:43+00:00,7263,USD,,false,CPL/SRC/events/00361
EV000362,PM,CPL_BILLING,CPL-R00200,SUBMITTED,2023-08-03T15:26:00+00:00,2023-08-05T23:21:03+00:00,30650,USD,,false,CPL/SRC/events/00362
EV000363,PM,CPL_BILLING,,PAYMENT_POSTED,2023-08-18T13:26:00+00:00,2023-08-20T11:14:56+00:00,30650,USD,,false,CPL/SRC/events/00363
EV000364,PM,CPL_BILLING,CPL-R00201,SUBMITTED,2023-07-25T16:37:00+00:00,2023-07-29T14:06:33+00:00,45872,USD,,false,CPL/SRC/events/00364
EV000366,PM,CPL_BILLING,CPL-R00202,SUBMITTED,2022-12-26T16:05:00+00:00,2022-12-27T07:02:27+00:00,178961,USD,,false,CPL/SRC/events/00366
EV000367,PM,CPL_BILLING,,PAYMENT_POSTED,2022-12-30T22:11:00+00:00,2023-01-01T19:03:34+00:00,178961,USD,,false,CPL/SRC/events/00367
EV000368,PM,CPL_BILLING,CPL-R00203,SUBMITTED,2022-11-21T17:15:00+00:00,2022-11-21T21:34:05+00:00,9854,USD,,false,CPL/SRC/events/00368
EV000369,PM,CPL_BILLING,,PAYMENT_POSTED,2022-12-19T14:58:00+00:00,2022-12-25T20:45:01+00:00,9854,USD,,false,CPL/SRC/events/00369
EV000370,PM,CPL_BILLING,CPL-R00204,SUBMITTED,2023-05-29T14:00:00+00:00,2023-05-29T15:20:06+00:00,12372,USD,,false,CPL/SRC/events/00370
EV000371,PM,CPL_BILLING,,PAYMENT_POSTED,2023-06-12T18:45:00+00:00,2023-06-12T21:36:36+00:00,12372,USD,,false,CPL/SRC/events/00371
EV000372,PM,CPL_BILLING,CPL-R00205,SUBMITTED,2022-07-18T20:57:00+00:00,2022-07-27T04:33:48+00:00,11933,USD,,false,CPL/SRC/events/00372
EV000373,PM,CPL_BILLING,CPL-R00205,CLOSED_NO_PAYMENT,2022-10-31T16:37:00+00:00,2022-11-01T00:55:00+00:00,,,,true,CPL/SRC/events/00373
EV000374,PM,CPL_BILLING,CPL-R00206,SUBMITTED,2022-10-20T18:04:00+00:00,2022-10-22T06:23:55+00:00,20717,USD,,false,CPL/SRC/events/00374
EV000375,PM,CPL_BILLING,CPL-R00207,SUBMITTED,2022-08-08T16:13:00+00:00,2022-08-08T17:21:53+00:00,7889,USD,,false,CPL/SRC/events/00375
EV000376,PM,CPL_BILLING,CPL-R00208,CORRECTED,2022-08-15T19:21:00+00:00,2022-08-16T01:33:16+00:00,9863,USD,,false,CPL/SRC/events/00376
EV000377,PM,CPL_BILLING,,PAYMENT_POSTED,2022-08-24T18:16:00+00:00,2022-08-24T21:58:11+00:00,9863,USD,,false,CPL/SRC/events/00377
EV000378,PM,CPL_BILLING,CPL-R00209,SUBMITTED,2023-02-01T20:26:00+00:00,2023-02-02T01:43:31+00:00,6532,USD,,false,CPL/SRC/events/00378
EV000379,PM,CPL_BILLING,,PAYMENT_POSTED,2023-04-18T13:38:00+00:00,2023-04-20T17:09:38+00:00,6532,USD,,false,CPL/SRC/events/00379
EV000380,PM,CPL_BILLING,CPL-R00210,SUBMITTED,2023-08-08T13:22:00+00:00,2023-08-08T13:59:47+00:00,16381,USD,,false,CPL/SRC/events/00380
EV000381,PM,CPL_BILLING,,PAYMENT_POSTED,2023-08-14T18:58:00+00:00,2023-08-14T20:40:17+00:00,16381,USD,,false,CPL/SRC/events/00381
EV000382,PM,CPL_BILLING,CPL-R00211,SUBMITTED,2023-05-23T14:31:00+00:00,2023-05-23T16:30:37+00:00,17934,USD,,false,CPL/SRC/events/00382
EV000383,PM,CPL_BILLING,,PAYMENT_POSTED,2023-06-30T18:53:00+00:00,2023-06-30T20:29:46+00:00,17934,USD,,false,CPL/SRC/events/00383
EV000384,PM,CPL_BILLING,CPL-R00212,SUBMITTED,2022-11-25T18:12:00+00:00,2022-11-25T18:52:34+00:00,4507,USD,,false,CPL/SRC/events/00384
EV000385,PM,CPL_BILLING,,PAYMENT_POSTED,2022-12-09T22:45:00+00:00,2023-02-11T09:16:44+00:00,4507,USD,,false,CPL/SRC/events/00385
EV000386,PM,CPL_BILLING,CPL-R00213,SUBMITTED,2022-11-25T17:36:00+00:00,2022-11-27T07:20:34+00:00,43066,USD,,false,CPL/SRC/events/00386
EV000387,PM,CPL_BILLING,,PAYMENT_POSTED,2023-01-12T22:38:00+00:00,2023-01-12T22:56:14+00:00,43066,USD,,false,CPL/SRC/events/00387
EV000388,PM,CPL_BILLING,CPL-R00214,SUBMITTED,2022-11-22T14:48:00+00:00,2022-11-23T15:06:12+00:00,19858,USD,,false,CPL/SRC/events/00388
EV000389,PM,CPL_BILLING,CPL-R00215,SUBMITTED,2022-09-26T17:50:00+00:00,2022-10-14T06:49:16+00:00,15960,USD,,false,CPL/SRC/events/00389
EV000390,PM,CPL_BILLING,,PAYMENT_POSTED,2022-10-05T13:06:00+00:00,2022-10-21T06:21:38+00:00,15960,USD,,false,CPL/SRC/events/00390
EV000391,PM,CPL_BILLING,CPL-R00216,SUBMITTED,2022-12-29T14:30:00+00:00,2023-01-02T23:48:20+00:00,5361,USD,,false,CPL/SRC/events/00391
EV000392,PM,CPL_BILLING,,PAYMENT_POSTED,2023-01-10T22:33:00+00:00,2023-01-13T06:43:30+00:00,5361,USD,,false,CPL/SRC/events/00392
EV000393,PM,CPL_BILLING,CPL-R00217,SUBMITTED,2023-07-03T13:52:00+00:00,2023-07-06T11:17:07+00:00,7952,USD,,false,CPL/SRC/events/00393
EV000394,PM,CPL_BILLING,,PAYMENT_POSTED,2023-08-03T18:27:00+00:00,2023-08-03T23:57:50+00:00,7952,USD,,false,CPL/SRC/events/00394
EV000395,PM,CPL_BILLING,CPL-R00218,SUBMITTED,2023-05-29T21:07:00+00:00,2023-05-29T22:27:31+00:00,3867,USD,,false,CPL/SRC/events/00395
EV000396,PM,CPL_BILLING,,PAYMENT_POSTED,2023-06-07T15:05:00+00:00,2023-06-10T20:13:44+00:00,3867,USD,,false,CPL/SRC/events/00396
EV000397,PM,CPL_BILLING,CPL-R00219,SUBMITTED,2023-05-26T13:04:00+00:00,2023-06-01T12:14:14+00:00,11486,USD,,false,CPL/SRC/events/00397
EV000398,PM,CPL_BILLING,CPL-R00220,SUBMITTED,2022-11-29T20:58:00+00:00,2022-11-30T00:32:20+00:00,7677,USD,,false,CPL/SRC/events/00398
EV000399,PM,CPL_BILLING,CPL-R00221,SUBMITTED,2022-08-15T14:54:00+00:00,2022-08-15T19:30:14+00:00,60552,USD,,false,CPL/SRC/events/00399
EV000400,PM,CPL_BILLING,,PAYMENT_POSTED,2022-08-19T14:16:00+00:00,2022-08-19T18:45:09+00:00,60552,USD,,false,CPL/SRC/events/00400
EV000401,PM,CPL_BILLING,CPL-R00222,SUBMITTED,2023-08-28T13:44:00+00:00,2023-08-28T14:59:03+00:00,6855,USD,,false,CPL/SRC/events/00401
EV000403,PM,CPL_BILLING,CPL-R00223,SUBMITTED,2023-04-24T13:57:00+00:00,2023-04-26T02:22:58+00:00,4155,USD,,false,CPL/SRC/events/00403
EV000404,PM,CPL_BILLING,CPL-R00224,CORRECTED,2023-04-28T16:09:00+00:00,2023-04-28T17:21:00+00:00,3835,USD,,false,CPL/SRC/events/00404
EV000405,PM,CPL_BILLING,CPL-R00223,VOID_VERSION,2023-04-28T16:09:00+00:00,2023-05-02T03:13:38+00:00,4155,USD,,false,CPL/SRC/events/00405
EV000406,PM,CPL_BILLING,,PAYMENT_POSTED,2023-04-28T16:20:00+00:00,2023-04-28T18:33:51+00:00,3835,USD,,false,CPL/SRC/events/00406
EV000407,PM,CPL_BILLING,CPL-R00225,SUBMITTED,2023-07-31T14:54:00+00:00,2023-07-31T18:08:20+00:00,9983,USD,,false,CPL/SRC/events/00407
EV000408,PM,CPL_BILLING,,PAYMENT_POSTED,2023-09-04T19:13:00+00:00,2023-09-07T17:41:34+00:00,9983,USD,,false,CPL/SRC/events/00408
EV000409,PM,CPL_BILLING,CPL-R00226,SUBMITTED,2023-07-14T17:59:00+00:00,2023-07-16T14:46:15+00:00,9207,USD,,false,CPL/SRC/events/00409
EV000410,PM,CPL_BILLING,,PAYMENT_POSTED,2023-08-28T14:47:00+00:00,2023-08-29T19:36:53+00:00,9207,USD,,false,CPL/SRC/events/00410
EV000411,PM,CPL_BILLING,CPL-R00227,SUBMITTED,2023-09-04T16:05:00+00:00,2023-09-04T17:31:55+00:00,5970,USD,,false,CPL/SRC/events/00411
EV000412,PM,CPL_BILLING,,PAYMENT_POSTED,2023-09-18T14:38:00+00:00,2023-09-18T15:35:40+00:00,5970,USD,,false,CPL/SRC/events/00412
EV000413,PM,CPL_BILLING,CPL-R00228,SUBMITTED,2023-08-28T13:54:00+00:00,2023-09-03T13:34:53+00:00,9880,USD,,false,CPL/SRC/events/00413
EV000414,PM,CPL_BILLING,,PAYMENT_POSTED,2023-10-09T14:24:00+00:00,2023-10-30T14:24:00+00:00,9880,USD,,false,CPL/SRC/events/00414
EV000415,PM,CPL_BILLING,CPL-R00229,SUBMITTED,2022-09-30T14:47:00+00:00,2022-10-03T19:43:59+00:00,11688,USD,,false,CPL/SRC/events/00415
EV000416,PM,CPL_BILLING,,PAYMENT_POSTED,2022-10-31T14:49:00+00:00,2022-11-04T13:37:59+00:00,11688,USD,,false,CPL/SRC/events/00416
EV000417,PM,CPL_BILLING,CPL-R00230,SUBMITTED,2023-05-08T17:35:00+00:00,2023-05-12T14:05:28+00:00,13715,USD,,false,CPL/SRC/events/00417
EV000418,PM,CPL_BILLING,CPL-R00230,CLOSED_NO_PAYMENT,2023-09-04T19:06:00+00:00,2023-09-04T21:57:13+00:00,,,,true,CPL/SRC/events/00418
EV000419,PM,CPL_BILLING,CPL-R00231,SUBMITTED,2022-08-26T17:26:00+00:00,2022-08-27T18:43:15+00:00,11350,USD,,false,CPL/SRC/events/00419
EV000420,PM,CPL_BILLING,,PAYMENT_POSTED,2022-09-01T16:47:00+00:00,2022-09-02T00:24:30+00:00,11350,USD,,false,CPL/SRC/events/00420
EV000421,PM,CPL_BILLING,CPL-R00232,SUBMITTED,2022-09-07T20:06:00+00:00,2022-09-09T00:05:36+00:00,2596,USD,,false,CPL/SRC/events/00421
EV000422,PM,CPL_BILLING,CPL-R00233,SUBMITTED,2023-06-19T16:50:00+00:00,2023-06-19T18:24:43+00:00,66123,USD,,false,CPL/SRC/events/00422
EV000423,PM,CPL_BILLING,CPL-R00233,CLOSED_NO_PAYMENT,2023-07-31T13:25:00+00:00,2023-08-02T17:54:13+00:00,,,,true,CPL/SRC/events/00423
EV000424,PM,CPL_BILLING,CPL-R00234,SUBMITTED,2023-05-05T17:56:00+00:00,2023-05-06T00:02:28+00:00,10767,USD,,false,CPL/SRC/events/00424
EV000425,PM,CPL_BILLING,,PAYMENT_POSTED,2023-05-09T16:09:00+00:00,2023-05-21T13:07:58+00:00,10767,USD,,false,CPL/SRC/events/00425
EV000426,PM,CPL_BILLING,CPL-R00234,PAYMENT_REVERSED,2023-05-17T18:04:00+00:00,2023-05-22T14:38:24+00:00,8600,USD,EV000425,false,CPL/SRC/events/00426
EV000427,PM,CPL_BILLING,CPL-R00235,SUBMITTED,2022-07-15T20:16:00+00:00,2022-07-21T20:25:17+00:00,10232,USD,,false,CPL/SRC/events/00427
EV000428,PM,CPL_BILLING,CPL-R00236,CORRECTED,2022-07-26T16:59:00+00:00,2022-08-02T12:13:33+00:00,9021,USD,,false,CPL/SRC/events/00428
EV000429,PM,CPL_BILLING,CPL-R00235,VOID_VERSION,2022-07-26T16:59:00+00:00,2022-07-27T08:42:38+00:00,10232,USD,,false,CPL/SRC/events/00429
EV000430,PM,CPL_BILLING,,PAYMENT_POSTED,2022-07-19T20:26:00+00:00,2022-07-19T23:19:58+00:00,9021,USD,,false,CPL/SRC/events/00430
EV000431,PM,CPL_BILLING,CPL-R00237,SUBMITTED,2022-11-16T18:14:00+00:00,2022-11-17T00:48:50+00:00,6154,USD,,false,CPL/SRC/events/00431
EV000432,PM,CPL_BILLING,CPL-R00238,CORRECTED,2022-11-23T19:49:00+00:00,2022-11-24T01:09:34+00:00,5691,USD,,false,CPL/SRC/events/00432
EV000433,PM,CPL_BILLING,,PAYMENT_POSTED,2022-11-22T18:52:00+00:00,2022-12-07T10:57:11+00:00,5691,USD,,false,CPL/SRC/events/00433
EV000434,PM,CPL_BILLING,CPL-R00239,SUBMITTED,2023-08-15T15:01:00+00:00,2023-08-16T18:43:11+00:00,2500,USD,,false,CPL/SRC/events/00434
EV000435,PM,CPL_BILLING,CPL-R00240,CORRECTED,2023-08-17T15:25:00+00:00,2023-08-19T23:20:12+00:00,2234,USD,,false,CPL/SRC/events/00435
EV000436,PM,CPL_BILLING,,PAYMENT_POSTED,2023-08-30T20:51:00+00:00,2023-09-03T19:44:49+00:00,2234,USD,,false,CPL/SRC/events/00436
EV000437,PM,CPL_BILLING,CPL-R00241,SUBMITTED,2023-09-26T19:55:00+00:00,2023-10-02T19:20:43+00:00,56098,USD,,false,CPL/SRC/events/00437
EV000438,PM,CPL_BILLING,,PAYMENT_POSTED,2023-10-10T21:31:00+00:00,2023-10-11T15:24:44+00:00,56098,USD,,false,CPL/SRC/events/00438
EV000439,PM,CPL_BILLING,CPL-R00242,SUBMITTED,2023-09-26T20:07:00+00:00,2023-09-30T07:54:01+00:00,9349,USD,,false,CPL/SRC/events/00439
EV000440,PM,CPL_BILLING,CPL-R00243,SUBMITTED,2023-05-18T17:35:00+00:00,2023-05-19T23:12:26+00:00,11050,USD,,false,CPL/SRC/events/00440
EV000441,PM,CPL_BILLING,,PAYMENT_POSTED,2023-05-29T14:51:00+00:00,2023-06-03T06:47:47+00:00,11050,USD,,false,CPL/SRC/events/00441
EV000442,PM,CPL_BILLING,CPL-R00244,SUBMITTED,2023-01-02T21:13:00+00:00,2023-01-05T07:19:27+00:00,17407,USD,,false,CPL/SRC/events/00442
EV000443,PM,CPL_BILLING,,PAYMENT_POSTED,2023-01-17T16:56:00+00:00,2023-01-17T18:54:15+00:00,17407,USD,,false,CPL/SRC/events/00443
EV000444,PM,CPL_BILLING,CPL-R00245,SUBMITTED,2023-03-27T20:48:00+00:00,2023-03-28T01:11:27+00:00,6217,USD,,false,CPL/SRC/events/00444
EV000445,PM,CPL_BILLING,,PAYMENT_POSTED,2023-04-10T21:12:00+00:00,2023-04-11T03:12:37+00:00,6217,USD,,false,CPL/SRC/events/00445
EV000446,PM,CPL_BILLING,CPL-R00246,SUBMITTED,2022-10-11T19:17:00+00:00,2022-10-13T06:24:01+00:00,14632,USD,,false,CPL/SRC/events/00446
EV000447,PM,CPL_BILLING,,PAYMENT_POSTED,2022-11-04T17:11:00+00:00,2022-11-04T21:12:38+00:00,14632,USD,,false,CPL/SRC/events/00447
EV000448,PM,CPL_BILLING,CPL-R00247,SUBMITTED,2022-10-17T18:19:00+00:00,2022-10-17T23:31:33+00:00,37184,USD,,false,CPL/SRC/events/00448
EV000449,PM,CPL_BILLING,,PAYMENT_POSTED,2022-11-11T21:40:00+00:00,2022-11-14T21:23:47+00:00,37184,USD,,false,CPL/SRC/events/00449
EV000450,PM,CPL_BILLING,CPL-R00248,SUBMITTED,2022-12-22T19:52:00+00:00,2022-12-24T05:39:00+00:00,11409,USD,,false,CPL/SRC/events/00450
EV000451,PM,CPL_BILLING,,PAYMENT_POSTED,2023-01-09T21:20:00+00:00,2023-01-13T12:37:13+00:00,11409,USD,,false,CPL/SRC/events/00451
EV000452,PM,CPL_BILLING,CPL-R00249,SUBMITTED,2023-05-15T20:25:00+00:00,2023-05-16T21:26:18+00:00,32257,USD,,false,CPL/SRC/events/00452
EV000453,PM,CPL_BILLING,,PAYMENT_POSTED,2023-06-06T20:12:00+00:00,2023-06-08T15:48:54+00:00,32257,USD,,false,CPL/SRC/events/00453
EV000454,PM,CPL_BILLING,CPL-R00250,SUBMITTED,2022-09-09T17:58:00+00:00,2022-09-09T23:28:26+00:00,22159,USD,,false,CPL/SRC/events/00454
EV000455,PM,CPL_BILLING,,PAYMENT_POSTED,2022-10-03T18:29:00+00:00,2022-10-05T01:57:27+00:00,22159,USD,,false,CPL/SRC/events/00455
EV000456,PM,CPL_BILLING,CPL-R00251,SUBMITTED,2023-02-21T22:44:00+00:00,2023-03-03T15:39:08+00:00,8822,USD,,false,CPL/SRC/events/00456
EV000457,PM,CPL_BILLING,,PAYMENT_POSTED,2023-03-15T14:24:00+00:00,2023-03-15T15:31:05+00:00,8822,USD,,false,CPL/SRC/events/00457
EV000458,PM,CPL_BILLING,CPL-R00252,SUBMITTED,2023-08-14T20:30:00+00:00,2023-08-19T07:36:40+00:00,7362,USD,,false,CPL/SRC/events/00458
EV000459,PM,CPL_BILLING,,PAYMENT_POSTED,2023-09-11T20:10:00+00:00,2023-09-11T20:55:07+00:00,7362,USD,,false,CPL/SRC/events/00459
EV000460,PM,CPL_BILLING,CPL-R00253,SUBMITTED,2023-07-31T16:06:00+00:00,2023-08-04T05:10:21+00:00,13046,USD,,false,CPL/SRC/events/00460
EV000461,PM,CPL_BILLING,,PAYMENT_POSTED,2023-08-28T16:17:00+00:00,2023-08-28T18:14:59+00:00,13046,USD,,false,CPL/SRC/events/00461
EV000462,PM,CPL_BILLING,CPL-R00254,SUBMITTED,2023-01-23T19:23:00+00:00,2023-01-25T17:58:28+00:00,20854,USD,,false,CPL/SRC/events/00462
EV000463,PM,CPL_BILLING,,PAYMENT_POSTED,2023-02-28T14:03:00+00:00,2023-02-28T20:33:10+00:00,20854,USD,,false,CPL/SRC/events/00463
EV000464,PM,CPL_BILLING,CPL-R00255,SUBMITTED,2023-05-31T15:21:00+00:00,2023-05-31T16:20:14+00:00,5602,USD,,false,CPL/SRC/events/00464
EV000465,PM,CPL_BILLING,CPL-R00256,SUBMITTED,2023-06-05T17:52:00+00:00,2023-06-11T06:02:49+00:00,42278,USD,,false,CPL/SRC/events/00465
EV000466,PM,CPL_BILLING,CPL-R00257,CORRECTED,2023-06-12T13:29:00+00:00,2023-06-16T04:00:40+00:00,53924,USD,,false,CPL/SRC/events/00466
EV000467,PM,CPL_BILLING,CPL-R00257,CLOSED_NO_PAYMENT,2023-08-30T15:35:00+00:00,2023-09-04T07:05:43+00:00,,,,true,CPL/SRC/events/00467
EV000468,PM,CPL_BILLING,CPL-R00258,SUBMITTED,2022-08-26T21:09:00+00:00,2022-08-30T13:20:50+00:00,9221,USD,,false,CPL/SRC/events/00468
EV000469,PM,CPL_BILLING,,PAYMENT_POSTED,2022-10-19T14:01:00+00:00,2022-10-20T08:43:54+00:00,9221,USD,,false,CPL/SRC/events/00469
EV000470,PM,CPL_BILLING,CPL-R00259,SUBMITTED,2023-04-11T21:35:00+00:00,2023-05-02T03:47:14+00:00,30210,USD,,false,CPL/SRC/events/00470
EV000471,PM,CPL_BILLING,,PAYMENT_POSTED,2023-05-15T14:56:00+00:00,2023-05-15T18:09:20+00:00,30210,USD,,false,CPL/SRC/events/00471
EV000472,PM,CPL_BILLING,CPL-R00260,SUBMITTED,2022-09-01T20:14:00+00:00,2022-09-05T08:54:15+00:00,20421,USD,,false,CPL/SRC/events/00472
EV000473,PM,CPL_BILLING,,PAYMENT_POSTED,2022-09-19T13:10:00+00:00,2022-09-19T19:27:00+00:00,20421,USD,,false,CPL/SRC/events/00473
EV000474,PM,CPL_BILLING,CPL-R00261,SUBMITTED,2022-11-11T14:34:00+00:00,2022-11-16T14:49:29+00:00,9123,USD,,false,CPL/SRC/events/00474
EV000475,PM,CPL_BILLING,,PAYMENT_POSTED,2022-11-23T20:48:00+00:00,2022-11-24T04:14:19+00:00,9123,USD,,false,CPL/SRC/events/00475
EV000476,PM,CPL_BILLING,CPL-R00262,SUBMITTED,2022-07-01T14:24:00+00:00,2022-07-01T18:22:51+00:00,11319,USD,,false,CPL/SRC/events/00476
EV000477,PM,CPL_BILLING,,PAYMENT_POSTED,2022-08-01T19:08:00+00:00,2022-08-02T00:33:16+00:00,11319,USD,,false,CPL/SRC/events/00477
EV000478,PM,CPL_BILLING,CPL-R00263,SUBMITTED,2023-06-01T19:40:00+00:00,2023-06-03T08:06:18+00:00,6658,USD,,false,CPL/SRC/events/00478
EV000479,PM,CPL_BILLING,,PAYMENT_POSTED,2023-06-12T16:54:00+00:00,2023-06-12T21:39:11+00:00,6658,USD,,false,CPL/SRC/events/00479
EV000480,PM,CPL_BILLING,CPL-R00264,SUBMITTED,2023-01-23T15:49:00+00:00,2023-01-23T23:05:25+00:00,8472,USD,,false,CPL/SRC/events/00480
EV000481,PM,CPL_BILLING,CPL-R00265,CORRECTED,2023-01-25T22:03:00+00:00,2023-01-25T22:13:48+00:00,10185,USD,,false,CPL/SRC/events/00481
EV000482,PM,CPL_BILLING,CPL-R00264,VOID_VERSION,2023-01-25T22:03:00+00:00,2023-01-26T03:46:51+00:00,8472,USD,,false,CPL/SRC/events/00482
EV000483,PM,CPL_BILLING,,PAYMENT_POSTED,2023-03-06T18:24:00+00:00,2023-03-07T10:00:38+00:00,10185,USD,,false,CPL/SRC/events/00483
EV000484,PM,CPL_BILLING,CPL-R00266,SUBMITTED,2023-08-14T15:22:00+00:00,2023-08-17T22:49:59+00:00,34400,USD,,false,CPL/SRC/events/00484
EV000485,PM,CPL_BILLING,,PAYMENT_POSTED,2023-09-07T17:08:00+00:00,2023-09-07T17:43:44+00:00,34400,USD,,false,CPL/SRC/events/00485
EV000486,PM,CPL_BILLING,CPL-R00267,SUBMITTED,2022-09-27T17:28:00+00:00,2022-09-27T23:28:27+00:00,2505,USD,,false,CPL/SRC/events/00486
EV000487,PM,CPL_BILLING,CPL-R00268,CORRECTED,2022-10-03T21:05:00+00:00,2022-10-06T04:01:31+00:00,2855,USD,,false,CPL/SRC/events/00487
EV000488,PM,CPL_BILLING,,PAYMENT_POSTED,2022-10-03T15:23:00+00:00,2022-10-03T19:49:59+00:00,2855,USD,,false,CPL/SRC/events/00488
EV000489,PM,CPL_BILLING,CPL-R00269,SUBMITTED,2022-08-05T20:01:00+00:00,2022-08-11T21:18:49+00:00,11425,USD,,false,CPL/SRC/events/00489
EV000490,PM,CPL_BILLING,CPL-R00270,CORRECTED,2022-08-08T18:33:00+00:00,2022-08-10T05:12:50+00:00,11098,USD,,false,CPL/SRC/events/00490
EV000491,PM,CPL_BILLING,CPL-R00271,SUBMITTED,2022-07-18T16:54:00+00:00,2022-07-18T21:42:29+00:00,12315,USD,,false,CPL/SRC/events/00491
EV000492,PM,CPL_BILLING,CPL-R00272,SUBMITTED,2022-07-22T21:10:00+00:00,2022-07-26T03:31:34+00:00,16365,USD,,false,CPL/SRC/events/00492
EV000493,PM,CPL_BILLING,CPL-R00272,CLOSED_NO_PAYMENT,2022-09-12T13:22:00+00:00,2022-09-12T14:55:44+00:00,,,,true,CPL/SRC/events/00493
EV000494,PM,CPL_BILLING,CPL-R00273,SUBMITTED,2023-02-13T18:54:00+00:00,2023-02-14T02:14:32+00:00,63097,USD,,false,CPL/SRC/events/00494
EV000495,PM,CPL_BILLING,,PAYMENT_POSTED,2023-03-02T16:50:00+00:00,2023-03-02T18:05:30+00:00,63097,USD,,false,CPL/SRC/events/00495
EV000496,PM,CPL_BILLING,CPL-R00274,SUBMITTED,2023-09-04T18:41:00+00:00,2023-09-08T12:30:34+00:00,38772,USD,,false,CPL/SRC/events/00496
EV000497,PM,CPL_BILLING,CPL-R00275,SUBMITTED,2023-04-21T20:29:00+00:00,2023-04-29T19:10:35+00:00,13159,USD,,false,CPL/SRC/events/00497
EV000498,PM,CPL_BILLING,,PAYMENT_POSTED,2023-05-05T14:01:00+00:00,2023-05-05T20:13:23+00:00,13159,USD,,false,CPL/SRC/events/00498
EV000499,PM,CPL_BILLING,CPL-R00276,SUBMITTED,2022-12-01T17:26:00+00:00,2022-12-19T17:03:03+00:00,8594,USD,,false,CPL/SRC/events/00499
EV000500,PM,CPL_BILLING,,PAYMENT_POSTED,2022-12-12T21:05:00+00:00,2022-12-25T17:17:56+00:00,8594,USD,,false,CPL/SRC/events/00500
EV000501,PM,CPL_BILLING,CPL-R00277,SUBMITTED,2023-07-17T19:46:00+00:00,2023-07-17T23:48:12+00:00,32144,USD,,false,CPL/SRC/events/00501
EV000502,PM,CPL_BILLING,,PAYMENT_POSTED,2023-07-28T21:47:00+00:00,2023-07-29T04:29:02+00:00,32144,USD,,false,CPL/SRC/events/00502
EV000503,PM,CPL_BILLING,CPL-R00278,SUBMITTED,2023-09-29T19:05:00+00:00,2023-09-29T20:48:14+00:00,89753,USD,,false,CPL/SRC/events/00503
EV000504,PM,CPL_BILLING,,PAYMENT_POSTED,2023-10-16T17:56:00+00:00,2023-10-16T23:58:08+00:00,89753,USD,,false,CPL/SRC/events/00504
EV000505,PM,CPL_BILLING,CPL-R00279,SUBMITTED,2023-03-14T21:25:00+00:00,2023-03-19T20:37:21+00:00,13505,USD,,false,CPL/SRC/events/00505
EV000506,PM,CPL_BILLING,,PAYMENT_POSTED,2023-03-23T21:26:00+00:00,2023-03-26T02:17:50+00:00,13505,USD,,false,CPL/SRC/events/00506
EV000507,PM,CPL_BILLING,CPL-R00280,SUBMITTED,2023-07-14T15:57:00+00:00,2023-07-14T23:09:31+00:00,8697,USD,,false,CPL/SRC/events/00507
EV000508,PM,CPL_BILLING,,PAYMENT_POSTED,2023-08-07T14:00:00+00:00,2023-08-18T20:17:40+00:00,8697,USD,,false,CPL/SRC/events/00508
EV000509,PM,CPL_BILLING,CPL-R00281,SUBMITTED,2023-01-09T14:50:00+00:00,2023-01-09T17:29:47+00:00,56902,USD,,false,CPL/SRC/events/00509
EV000510,PM,CPL_BILLING,,PAYMENT_POSTED,2023-02-09T16:53:00+00:00,2023-02-12T07:47:38+00:00,56902,USD,,false,CPL/SRC/events/00510
EV000511,PM,CPL_BILLING,CPL-R00282,SUBMITTED,2023-03-01T18:54:00+00:00,2023-03-01T20:14:10+00:00,200919,USD,,false,CPL/SRC/events/00511
EV000512,PM,CPL_BILLING,,PAYMENT_POSTED,2023-03-27T18:45:00+00:00,2023-03-31T02:27:11+00:00,200919,USD,,false,CPL/SRC/events/00512
EV000513,PM,CPL_BILLING,CPL-R00283,SUBMITTED,2022-08-22T21:00:00+00:00,2022-08-24T11:12:54+00:00,22051,USD,,false,CPL/SRC/events/00513
EV000514,PM,CPL_BILLING,CPL-R00283,CLOSED_NO_PAYMENT,2022-12-14T17:06:00+00:00,2022-12-14T20:54:50+00:00,,,,true,CPL/SRC/events/00514
EV000515,PM,CPL_BILLING,CPL-R00284,SUBMITTED,2023-04-10T17:05:00+00:00,2023-04-12T18:33:49+00:00,20917,USD,,false,CPL/SRC/events/00515
EV000516,PM,CPL_BILLING,,PAYMENT_POSTED,2023-05-05T20:10:00+00:00,2023-05-07T12:44:28+00:00,20917,USD,,false,CPL/SRC/events/00516
EV000517,PM,CPL_BILLING,CPL-R00285,SUBMITTED,2022-09-23T21:52:00+00:00,2022-09-24T22:23:35+00:00,11255,USD,,false,CPL/SRC/events/00517
EV000518,PM,CPL_BILLING,,PAYMENT_POSTED,2022-09-29T21:42:00+00:00,2022-09-30T04:49:42+00:00,11255,USD,,false,CPL/SRC/events/00518
EV000519,PM,CPL_BILLING,CPL-R00286,SUBMITTED,2022-12-16T19:24:00+00:00,2022-12-19T08:12:32+00:00,6745,USD,,false,CPL/SRC/events/00519
EV000520,PM,CPL_BILLING,,PAYMENT_POSTED,2023-01-24T20:08:00+00:00,2023-01-25T01:15:28+00:00,6745,USD,,false,CPL/SRC/events/00520
EV000521,PM,CPL_BILLING,CPL-R00287,SUBMITTED,2023-01-25T21:30:00+00:00,2023-01-26T00:44:08+00:00,3875,USD,,false,CPL/SRC/events/00521
EV000522,PM,CPL_BILLING,CPL-R00288,SUBMITTED,2022-11-17T16:04:00+00:00,2022-11-20T17:03:42+00:00,17360,USD,,false,CPL/SRC/events/00522
EV000523,PM,CPL_BILLING,,PAYMENT_POSTED,2022-11-30T16:17:00+00:00,2022-12-06T17:31:07+00:00,17360,USD,,false,CPL/SRC/events/00523
EV000524,PM,CPL_BILLING,CPL-R00289,SUBMITTED,2023-03-24T13:58:00+00:00,2023-03-25T02:32:52+00:00,13802,USD,,false,CPL/SRC/events/00524
EV000525,PM,CPL_BILLING,,PAYMENT_POSTED,2023-05-09T14:23:00+00:00,2023-05-09T17:22:33+00:00,13802,USD,,false,CPL/SRC/events/00525
EV000526,PM,CPL_BILLING,CPL-R00290,SUBMITTED,2023-03-27T14:44:00+00:00,2023-03-27T15:12:21+00:00,4936,USD,,false,CPL/SRC/events/00526
EV000527,PM,CPL_BILLING,CPL-R00291,CORRECTED,2023-04-03T18:56:00+00:00,2023-04-07T22:54:52+00:00,5960,USD,,false,CPL/SRC/events/00527
EV000528,PM,CPL_BILLING,,PAYMENT_POSTED,2023-04-06T14:16:00+00:00,2023-04-09T05:42:18+00:00,5960,USD,,false,CPL/SRC/events/00528
EV000529,PM,CPL_BILLING,CPL-R00292,SUBMITTED,2022-11-17T22:49:00+00:00,2022-11-21T08:06:16+00:00,3095,USD,,false,CPL/SRC/events/00529
EV000530,PM,CPL_BILLING,,PAYMENT_POSTED,2022-12-15T16:22:00+00:00,2022-12-18T19:22:18+00:00,3095,USD,,false,CPL/SRC/events/00530
EV000531,PM,CPL_BILLING,CPL-R00293,SUBMITTED,2023-01-17T15:55:00+00:00,2023-01-18T07:39:10+00:00,26771,USD,,false,CPL/SRC/events/00531
EV000532,PM,CPL_BILLING,,PAYMENT_POSTED,2023-02-15T19:32:00+00:00,2023-02-16T01:46:57+00:00,26771,USD,,false,CPL/SRC/events/00532
EV000534,PM,CPL_BILLING,CPL-R00295,CORRECTED,2022-10-31T19:06:00+00:00,2022-11-01T00:56:48+00:00,17012,USD,,false,CPL/SRC/events/00534
EV000535,PM,CPL_BILLING,CPL-R00295,CLOSED_NO_PAYMENT,2022-11-15T19:24:00+00:00,2022-11-17T10:58:22+00:00,,,,true,CPL/SRC/events/00535
EV000536,PM,CPL_BILLING,CPL-R00296,SUBMITTED,2022-09-07T16:25:00+00:00,2022-09-13T03:08:51+00:00,8503,USD,,false,CPL/SRC/events/00536
EV000537,PM,CPL_BILLING,CPL-R00297,CORRECTED,2022-09-08T17:59:00+00:00,2022-09-21T01:32:34+00:00,9735,USD,,false,CPL/SRC/events/00537
EV000538,PM,CPL_BILLING,CPL-R00296,VOID_VERSION,2022-09-08T17:59:00+00:00,2022-10-31T14:16:19+00:00,8503,USD,,false,CPL/SRC/events/00538
EV000539,PM,CPL_BILLING,,PAYMENT_POSTED,2022-10-03T19:42:00+00:00,2022-10-04T01:16:44+00:00,9735,USD,,false,CPL/SRC/events/00539
EV000540,PM,CPL_BILLING,CPL-R00298,SUBMITTED,2023-02-20T16:24:00+00:00,2023-02-22T02:17:11+00:00,11285,USD,,false,CPL/SRC/events/00540
EV000541,PM,CPL_BILLING,,PAYMENT_POSTED,2023-05-29T16:49:00+00:00,2023-06-01T21:56:11+00:00,11285,USD,,false,CPL/SRC/events/00541
EV000542,PM,CPL_BILLING,CPL-R00299,SUBMITTED,2022-07-18T17:24:00+00:00,2022-07-18T23:43:59+00:00,28986,USD,,false,CPL/SRC/events/00542
EV000543,PM,CPL_BILLING,,PAYMENT_POSTED,2022-07-27T21:11:00+00:00,2022-07-28T03:53:45+00:00,28986,USD,,false,CPL/SRC/events/00543
EV000544,PM,CPL_BILLING,CPL-R00300,SUBMITTED,2023-06-08T21:08:00+00:00,2023-06-25T09:11:19+00:00,47243,USD,,false,CPL/SRC/events/00544
EV000545,PM,CPL_BILLING,,PAYMENT_POSTED,2023-06-20T17:29:00+00:00,2023-06-21T20:17:13+00:00,47243,USD,,false,CPL/SRC/events/00545
EV000546,PM,CPL_BILLING,CPL-R00301,SUBMITTED,2022-07-18T13:27:00+00:00,2022-07-18T15:03:36+00:00,14579,USD,,false,CPL/SRC/events/00546
EV000547,PM,CPL_BILLING,,PAYMENT_POSTED,2022-08-04T17:23:00+00:00,2022-08-08T20:46:49+00:00,14579,USD,,false,CPL/SRC/events/00547
EV000548,PM,CPL_BILLING,CPL-R00302,SUBMITTED,2023-03-01T20:50:00+00:00,2023-03-02T18:45:20+00:00,12389,USD,,false,CPL/SRC/events/00548
EV000549,PM,CPL_BILLING,,PAYMENT_POSTED,2023-04-03T17:45:00+00:00,2023-04-03T23:10:48+00:00,12389,USD,,false,CPL/SRC/events/00549
EV000550,PM,CPL_BILLING,CPL-R00303,SUBMITTED,2023-07-21T13:29:00+00:00,2023-07-21T13:55:00+00:00,5656,USD,,false,CPL/SRC/events/00550
EV000551,PM,CPL_BILLING,,PAYMENT_POSTED,2023-08-07T21:23:00+00:00,2023-08-13T09:37:04+00:00,5656,USD,,false,CPL/SRC/events/00551
EV000552,PM,CPL_BILLING,CPL-R00304,SUBMITTED,2022-11-28T18:58:00+00:00,2023-01-01T06:55:45+00:00,150163,USD,,false,CPL/SRC/events/00552
EV000553,PM,CPL_BILLING,,PAYMENT_POSTED,2022-12-08T18:35:00+00:00,2022-12-15T01:38:53+00:00,150163,USD,,false,CPL/SRC/events/00553
EV000554,PM,CPL_BILLING,CPL-R00305,SUBMITTED,2022-11-23T17:40:00+00:00,2022-12-09T15:41:23+00:00,21263,USD,,false,CPL/SRC/events/00554
EV000555,PM,CPL_BILLING,CPL-R00306,SUBMITTED,2023-03-06T14:51:00+00:00,2023-03-06T21:08:13+00:00,4476,USD,,false,CPL/SRC/events/00555
EV000556,PM,CPL_BILLING,,PAYMENT_POSTED,2023-03-28T18:08:00+00:00,2023-04-03T14:14:55+00:00,4476,USD,,false,CPL/SRC/events/00556
EV000557,PM,CPL_BILLING,CPL-R00307,SUBMITTED,2022-11-21T22:06:00+00:00,2022-11-25T17:18:20+00:00,67698,USD,,false,CPL/SRC/events/00557
EV000558,PM,CPL_BILLING,CPL-R00308,CORRECTED,2022-11-28T17:56:00+00:00,2022-11-28T21:42:42+00:00,67665,USD,,false,CPL/SRC/events/00558
EV000559,PM,CPL_BILLING,,PAYMENT_POSTED,2023-01-05T19:53:00+00:00,2023-01-07T09:32:28+00:00,67665,USD,,false,CPL/SRC/events/00559
EV000560,PM,CPL_BILLING,CPL-R00309,SUBMITTED,2022-12-02T19:32:00+00:00,2023-02-07T07:19:40+00:00,6333,USD,,false,CPL/SRC/events/00560
EV000561,PM,CPL_BILLING,,PAYMENT_POSTED,2022-12-23T19:59:00+00:00,2023-01-03T14:51:48+00:00,6333,USD,,false,CPL/SRC/events/00561
EV000562,PM,CPL_BILLING,CPL-R00310,SUBMITTED,2023-02-27T18:02:00+00:00,2023-02-28T16:15:16+00:00,9247,USD,,false,CPL/SRC/events/00562
EV000563,PM,CPL_BILLING,,PAYMENT_POSTED,2023-07-17T18:50:00+00:00,2023-07-17T22:27:12+00:00,9247,USD,,false,CPL/SRC/events/00563
EV000564,PM,CPL_BILLING,CPL-R00311,SUBMITTED,2022-11-28T17:42:00+00:00,2022-11-28T22:51:43+00:00,2500,USD,,false,CPL/SRC/events/00564
EV000565,PM,CPL_BILLING,,PAYMENT_POSTED,2022-12-19T15:45:00+00:00,2022-12-19T19:28:45+00:00,2500,USD,,false,CPL/SRC/events/00565
EV000566,PM,CPL_BILLING,CPL-R00312,SUBMITTED,2022-11-23T19:20:00+00:00,2022-11-25T11:49:25+00:00,9126,USD,,false,CPL/SRC/events/00566
EV000567,PM,CPL_BILLING,CPL-R00313,SUBMITTED,2023-02-15T21:50:00+00:00,2023-02-17T07:15:25+00:00,53482,USD,,false,CPL/SRC/events/00567
EV000568,PM,CPL_BILLING,,PAYMENT_POSTED,2023-03-01T15:14:00+00:00,2023-03-01T22:20:34+00:00,53482,USD,,false,CPL/SRC/events/00568
EV000569,PM,CPL_BILLING,CPL-R00314,SUBMITTED,2022-09-05T17:58:00+00:00,2022-09-15T01:02:13+00:00,16769,USD,,false,CPL/SRC/events/00569
EV000570,PM,CPL_BILLING,CPL-R00315,SUBMITTED,2022-07-04T17:36:00+00:00,2022-07-04T21:50:01+00:00,40044,USD,,false,CPL/SRC/events/00570
EV000571,PM,CPL_BILLING,,PAYMENT_POSTED,2022-07-28T20:07:00+00:00,2022-07-31T18:46:24+00:00,40044,USD,,false,CPL/SRC/events/00571
EV000572,PM,CPL_BILLING,CPL-R00316,SUBMITTED,2022-07-19T14:31:00+00:00,2022-07-19T20:38:23+00:00,4002,USD,,false,CPL/SRC/events/00572
EV000573,PM,CPL_BILLING,,PAYMENT_POSTED,2022-08-05T19:34:00+00:00,2022-08-05T22:16:51+00:00,4002,USD,,false,CPL/SRC/events/00573
EV000574,PM,CPL_BILLING,CPL-R00317,SUBMITTED,2023-09-12T14:31:00+00:00,2023-09-17T14:36:18+00:00,63529,USD,,false,CPL/SRC/events/00574
EV000575,PM,CPL_BILLING,,PAYMENT_POSTED,2023-10-10T13:08:00+00:00,2023-10-24T08:40:12+00:00,63529,USD,,false,CPL/SRC/events/00575
EV000576,PM,CPL_BILLING,CPL-R00318,SUBMITTED,2023-01-23T15:03:00+00:00,2023-01-26T05:35:28+00:00,11702,USD,,false,CPL/SRC/events/00576
EV000577,PM,CPL_BILLING,,PAYMENT_POSTED,2023-02-01T19:17:00+00:00,2023-02-01T21:05:19+00:00,11702,USD,,false,CPL/SRC/events/00577
EV000578,PM,CPL_BILLING,CPL-R00319,SUBMITTED,2022-07-18T16:46:00+00:00,2022-07-18T18:22:35+00:00,14458,USD,,false,CPL/SRC/events/00578
EV000579,PM,CPL_BILLING,,PAYMENT_POSTED,2022-08-31T18:43:00+00:00,2022-09-04T16:02:53+00:00,14458,USD,,false,CPL/SRC/events/00579
EV000580,PM,CPL_BILLING,CPL-R00320,SUBMITTED,2023-08-04T18:11:00+00:00,2023-08-05T01:34:18+00:00,7150,USD,,false,CPL/SRC/events/00580
EV000581,PM,CPL_BILLING,,PAYMENT_POSTED,2023-08-17T15:23:00+00:00,2023-08-17T21:06:04+00:00,7150,USD,,false,CPL/SRC/events/00581
EV000582,PM,CPL_BILLING,CPL-R00321,SUBMITTED,2023-04-04T15:38:00+00:00,2023-04-09T19:55:12+00:00,35990,USD,,false,CPL/SRC/events/00582
EV000583,PM,CPL_BILLING,CPL-R00322,CORRECTED,2023-04-14T19:33:00+00:00,2023-04-14T23:20:05+00:00,36269,USD,,false,CPL/SRC/events/00583
EV000584,PM,CPL_BILLING,CPL-R00321,VOID_VERSION,2023-04-14T19:33:00+00:00,2023-04-15T01:50:17+00:00,35990,USD,,false,CPL/SRC/events/00584
EV000585,PM,CPL_BILLING,,PAYMENT_POSTED,2023-04-20T17:52:00+00:00,2023-04-20T20:03:54+00:00,36269,USD,,false,CPL/SRC/events/00585
EV000586,PM,CPL_BILLING,CPL-R00323,SUBMITTED,2023-07-10T18:14:00+00:00,2023-07-11T05:14:34+00:00,19237,USD,,false,CPL/SRC/events/00586
EV000587,PM,CPL_BILLING,,PAYMENT_POSTED,2023-08-01T19:28:00+00:00,2023-08-04T08:51:52+00:00,19237,USD,,false,CPL/SRC/events/00587
EV000588,PM,CPL_BILLING,CPL-R00324,SUBMITTED,2023-06-19T16:53:00+00:00,2023-06-21T00:46:31+00:00,3895,USD,,false,CPL/SRC/events/00588
EV000589,PM,CPL_BILLING,,PAYMENT_POSTED,2023-07-17T20:36:00+00:00,2023-07-18T03:28:43+00:00,3895,USD,,false,CPL/SRC/events/00589
EV000590,PM,CPL_BILLING,CPL-R00325,SUBMITTED,2022-10-18T21:26:00+00:00,2022-10-20T05:38:07+00:00,11693,USD,,false,CPL/SRC/events/00590
EV000591,PM,CPL_BILLING,,PAYMENT_POSTED,2023-01-10T21:05:00+00:00,2023-01-10T22:35:01+00:00,11693,USD,,false,CPL/SRC/events/00591
EV000592,PM,CPL_BILLING,CPL-R00326,SUBMITTED,2022-10-17T18:16:00+00:00,2022-10-18T01:26:07+00:00,13656,USD,,false,CPL/SRC/events/00592
EV000593,PM,CPL_BILLING,CPL-R00327,SUBMITTED,2023-08-24T19:24:00+00:00,2023-08-26T11:18:57+00:00,130278,USD,,false,CPL/SRC/events/00593
EV000594,PM,CPL_BILLING,,PAYMENT_POSTED,2023-08-28T15:45:00+00:00,2023-08-28T21:49:03+00:00,130278,USD,,false,CPL/SRC/events/00594
EV000595,PM,CPL_BILLING,CPL-R00328,SUBMITTED,2023-08-21T15:17:00+00:00,2023-08-23T23:55:21+00:00,8939,USD,,false,CPL/SRC/events/00595
EV000596,PM,CPL_BILLING,CPL-R00329,SUBMITTED,2023-05-05T17:58:00+00:00,2023-05-05T20:13:23+00:00,38341,USD,,false,CPL/SRC/events/00596
EV000597,PM,CPL_BILLING,,PAYMENT_POSTED,2023-05-22T21:28:00+00:00,2023-05-23T01:32:20+00:00,38341,USD,,false,CPL/SRC/events/00597
EV000598,PM,CPL_BILLING,CPL-R00330,SUBMITTED,2023-03-13T17:51:00+00:00,2023-04-03T17:51:00+00:00,9314,USD,,false,CPL/SRC/events/00598
EV000599,PM,CPL_BILLING,,PAYMENT_POSTED,2023-04-27T13:38:00+00:00,2023-04-27T18:48:20+00:00,9314,USD,,false,CPL/SRC/events/00599
EV000600,PM,CPL_BILLING,CPL-R00331,SUBMITTED,2022-11-14T22:57:00+00:00,2022-11-16T03:39:57+00:00,12222,USD,,false,CPL/SRC/events/00600
EV000601,PM,CPL_BILLING,,PAYMENT_POSTED,2022-12-05T20:48:00+00:00,2022-12-08T00:38:59+00:00,12222,USD,,false,CPL/SRC/events/00601
EV000602,PM,CPL_BILLING,CPL-R00332,SUBMITTED,2022-11-10T15:19:00+00:00,2022-11-10T17:45:01+00:00,5107,USD,,false,CPL/SRC/events/00602
EV000603,PM,CPL_BILLING,CPL-R00333,SUBMITTED,2023-01-27T17:03:00+00:00,2023-02-03T08:59:17+00:00,9315,USD,,false,CPL/SRC/events/00603
EV000604,PM,CPL_BILLING,CPL-R00334,CORRECTED,2023-02-07T15:29:00+00:00,2023-02-08T14:32:36+00:00,9798,USD,,false,CPL/SRC/events/00604
EV000605,PM,CPL_BILLING,CPL-R00333,VOID_VERSION,2023-02-07T15:29:00+00:00,2023-02-08T13:44:54+00:00,9315,USD,,false,CPL/SRC/events/00605
EV000606,PM,CPL_BILLING,,PAYMENT_POSTED,2023-02-08T14:44:00+00:00,2023-02-08T15:25:30+00:00,9798,USD,,false,CPL/SRC/events/00606
EV000607,PM,CPL_BILLING,CPL-R00335,SUBMITTED,2023-09-11T19:19:00+00:00,2023-09-12T00:53:03+00:00,23482,EUR,,false,CPL/SRC/events/00607
EV000608,PM,CPL_BILLING,CPL-R00336,SUBMITTED,2023-03-20T16:42:00+00:00,2023-03-26T15:52:16+00:00,5089,USD,,false,CPL/SRC/events/00608
EV000609,PM,CPL_BILLING,,PAYMENT_POSTED,2023-04-17T15:34:00+00:00,2023-04-23T08:00:00+00:00,5089,USD,,false,CPL/SRC/events/00609
EV000610,PM,CPL_BILLING,CPL-R00337,SUBMITTED,2022-11-07T20:02:00+00:00,2022-11-08T02:48:57+00:00,16247,USD,,false,CPL/SRC/events/00610
EV000611,PM,CPL_BILLING,CPL-R00338,CORRECTED,2022-11-15T22:11:00+00:00,2022-11-17T09:33:29+00:00,14483,USD,,false,CPL/SRC/events/00611
EV000612,PM,CPL_BILLING,CPL-R00337,VOID_VERSION,2022-11-15T22:11:00+00:00,2022-11-28T13:08:11+00:00,16247,USD,,false,CPL/SRC/events/00612
EV000613,PM,CPL_BILLING,,PAYMENT_POSTED,2022-12-26T19:11:00+00:00,2022-12-26T22:55:46+00:00,14483,USD,,false,CPL/SRC/events/00613
EV000614,PM,CPL_BILLING,CPL-R00339,SUBMITTED,2022-10-21T15:21:00+00:00,2022-10-21T19:07:02+00:00,12247,USD,,false,CPL/SRC/events/00614
EV000615,PM,CPL_BILLING,,PAYMENT_POSTED,2023-01-26T15:15:00+00:00,2023-01-26T21:58:47+00:00,12247,USD,,false,CPL/SRC/events/00615
EV000616,PM,CPL_BILLING,CPL-R00340,SUBMITTED,2022-08-02T15:26:00+00:00,2022-08-23T15:26:00+00:00,19679,USD,,false,CPL/SRC/events/00616
EV000617,PM,CPL_BILLING,,PAYMENT_POSTED,2022-08-23T13:57:00+00:00,2022-08-23T14:17:38+00:00,19679,USD,,false,CPL/SRC/events/00617
EV000618,PM,CPL_BILLING,CPL-R00341,SUBMITTED,2022-10-10T14:38:00+00:00,2022-10-11T03:36:43+00:00,3872,USD,,false,CPL/SRC/events/00618
EV000619,PM,CPL_BILLING,,PAYMENT_POSTED,2023-01-31T15:36:00+00:00,2023-01-31T21:19:56+00:00,3872,USD,,false,CPL/SRC/events/00619
EV000620,PM,CPL_BILLING,CPL-R00342,SUBMITTED,2023-08-09T13:50:00+00:00,2023-08-09T15:23:26+00:00,6871,USD,,false,CPL/SRC/events/00620
EV000621,PM,CPL_BILLING,,PAYMENT_POSTED,2023-10-06T16:25:00+00:00,2023-10-06T18:29:48+00:00,6871,USD,,false,CPL/SRC/events/00621
EV000622,PM,CPL_BILLING,CPL-R00343,SUBMITTED,2023-03-02T14:48:00+00:00,2023-03-12T06:22:33+00:00,20970,USD,,false,CPL/SRC/events/00622
EV000623,PM,CPL_BILLING,,PAYMENT_POSTED,2023-03-21T15:01:00+00:00,2023-03-21T18:05:35+00:00,20970,USD,,false,CPL/SRC/events/00623
EV000624,PM,CPL_BILLING,CPL-R00344,SUBMITTED,2023-03-02T14:42:00+00:00,2023-03-02T16:24:44+00:00,6955,USD,,false,CPL/SRC/events/00624
EV000625,PM,CPL_BILLING,CPL-R00345,SUBMITTED,2023-04-24T13:55:00+00:00,2023-04-30T03:01:14+00:00,10620,USD,,false,CPL/SRC/events/00625
EV000626,PM,CPL_BILLING,,PAYMENT_POSTED,2023-05-31T14:19:00+00:00,2023-05-31T15:43:44+00:00,10620,USD,,false,CPL/SRC/events/00626
EV000627,PM,CPL_BILLING,CPL-R00346,SUBMITTED,2023-03-28T14:03:00+00:00,2023-03-28T19:42:21+00:00,18197,USD,,false,CPL/SRC/events/00627
EV000628,PM,CPL_BILLING,,PAYMENT_POSTED,2023-04-10T18:14:00+00:00,2023-04-10T19:23:54+00:00,18197,USD,,false,CPL/SRC/events/00628
EV000629,PM,CPL_BILLING,CPL-R00347,SUBMITTED,2023-01-17T17:23:00+00:00,2023-01-25T16:28:58+00:00,20545,USD,,false,CPL/SRC/events/00629
EV000630,PM,CPL_BILLING,,PAYMENT_POSTED,2023-03-27T21:16:00+00:00,2023-03-28T00:02:04+00:00,20545,USD,,false,CPL/SRC/events/00630
EV000631,PM,CPL_BILLING,CPL-R00348,SUBMITTED,2023-09-12T13:51:00+00:00,2023-09-17T20:14:07+00:00,9857,USD,,false,CPL/SRC/events/00631
EV000632,PM,CPL_BILLING,,PAYMENT_POSTED,2023-10-02T16:14:00+00:00,2023-10-06T09:47:58+00:00,9857,USD,,false,CPL/SRC/events/00632
EV000633,PM,CPL_BILLING,CPL-R00349,SUBMITTED,2022-12-12T22:04:00+00:00,2022-12-25T12:06:24+00:00,53554,USD,,false,CPL/SRC/events/00633
EV000634,PM,CPL_BILLING,,PAYMENT_POSTED,2022-12-26T19:53:00+00:00,2023-01-01T16:34:22+00:00,53554,USD,,false,CPL/SRC/events/00634
EV000635,PM,CPL_BILLING,CPL-R00350,SUBMITTED,2023-05-01T15:55:00+00:00,2023-05-02T23:23:26+00:00,30327,USD,,false,CPL/SRC/events/00635
EV000636,PM,CPL_BILLING,CPL-R00351,SUBMITTED,2022-10-13T17:05:00+00:00,2022-10-19T21:11:48+00:00,9665,USD,,false,CPL/SRC/events/00636
EV000637,PM,CPL_BILLING,,PAYMENT_POSTED,2022-10-24T18:52:00+00:00,2022-10-24T19:58:03+00:00,9665,USD,,false,CPL/SRC/events/00637
EV000638,PM,CPL_BILLING,CPL-R00352,SUBMITTED,2022-10-10T13:22:00+00:00,2022-10-10T20:33:09+00:00,16313,USD,,false,CPL/SRC/events/00638
EV000639,PM,CPL_BILLING,CPL-R00353,SUBMITTED,2022-11-14T14:03:00+00:00,2022-11-21T00:22:55+00:00,27774,USD,,false,CPL/SRC/events/00639
EV000640,PM,CPL_BILLING,,PAYMENT_POSTED,2022-12-22T16:24:00+00:00,2022-12-22T23:42:02+00:00,27774,USD,,false,CPL/SRC/events/00640
EV000641,PM,CPL_BILLING,CPL-R00354,SUBMITTED,2023-04-24T20:43:00+00:00,2023-04-27T10:45:51+00:00,7721,USD,,false,CPL/SRC/events/00641
EV000642,PM,CPL_BILLING,,PAYMENT_POSTED,2023-05-04T20:13:00+00:00,2023-05-05T11:47:47+00:00,7721,USD,,false,CPL/SRC/events/00642
EV000643,PM,CPL_BILLING,CPL-R00355,SUBMITTED,2023-05-18T15:14:00+00:00,2023-05-18T17:23:42+00:00,38107,USD,,false,CPL/SRC/events/00643
EV000644,PM,CPL_BILLING,CPL-R00356,CORRECTED,2023-05-26T17:18:00+00:00,2023-05-28T19:17:46+00:00,42766,USD,,false,CPL/SRC/events/00644
EV000645,PM,CPL_BILLING,CPL-R00357,SUBMITTED,2023-02-16T18:32:00+00:00,2023-02-18T05:15:17+00:00,88530,USD,,false,CPL/SRC/events/00645
EV000646,PM,CPL_BILLING,,PAYMENT_POSTED,2023-03-03T18:40:00+00:00,2023-03-04T02:16:31+00:00,88530,USD,,false,CPL/SRC/events/00646
EV000647,PM,CPL_BILLING,CPL-R00358,SUBMITTED,2022-07-29T15:01:00+00:00,2022-07-31T02:50:53+00:00,9426,USD,,false,CPL/SRC/events/00647
EV000648,PM,CPL_BILLING,,PAYMENT_POSTED,2022-08-15T18:00:00+00:00,2022-08-15T19:16:51+00:00,9426,USD,,false,CPL/SRC/events/00648
EV000649,PM,CPL_BILLING,CPL-R00359,SUBMITTED,2022-12-06T18:33:00+00:00,2022-12-07T01:16:44+00:00,6612,USD,,false,CPL/SRC/events/00649
EV000650,PM,CPL_BILLING,,PAYMENT_POSTED,2023-01-02T17:16:00+00:00,2023-01-04T05:24:29+00:00,6612,USD,,false,CPL/SRC/events/00650
EV000651,PM,CPL_BILLING,CPL-R00360,SUBMITTED,2022-11-21T21:10:00+00:00,2022-11-22T04:58:09+00:00,42923,USD,,false,CPL/SRC/events/00651
EV000652,PM,CPL_BILLING,,PAYMENT_POSTED,2022-11-28T20:31:00+00:00,2022-11-29T03:41:57+00:00,42923,USD,,false,CPL/SRC/events/00652
EV000653,PM,CPL_BILLING,CPL-R00361,SUBMITTED,2023-04-11T21:13:00+00:00,2023-04-11T21:37:20+00:00,4368,USD,,false,CPL/SRC/events/00653
EV000654,PM,CPL_BILLING,,PAYMENT_POSTED,2023-05-16T16:00:00+00:00,2023-05-18T02:04:29+00:00,4368,USD,,false,CPL/SRC/events/00654
EV000655,PM,CPL_BILLING,CPL-R00362,SUBMITTED,2023-05-15T20:24:00+00:00,2023-05-16T03:12:48+00:00,4294,USD,,false,CPL/SRC/events/00655
EV000656,PM,CPL_BILLING,CPL-R00362,CLOSED_NO_PAYMENT,2023-07-24T21:14:00+00:00,2023-07-25T00:15:59+00:00,,,,true,CPL/SRC/events/00656
EV000657,PM,CPL_BILLING,CPL-R00363,SUBMITTED,2022-09-21T20:19:00+00:00,2022-09-23T03:03:35+00:00,12391,USD,,false,CPL/SRC/events/00657
EV000658,PM,CPL_BILLING,CPL-R00364,SUBMITTED,2023-03-07T22:51:00+00:00,2023-03-09T13:22:07+00:00,9695,USD,,false,CPL/SRC/events/00658
EV000659,PM,CPL_BILLING,,PAYMENT_POSTED,2023-03-20T16:33:00+00:00,2023-03-20T23:13:47+00:00,9695,USD,,false,CPL/SRC/events/00659
EV000660,PM,CPL_BILLING,CPL-R00365,SUBMITTED,2023-05-24T20:55:00+00:00,2023-05-24T23:18:49+00:00,3788,USD,,false,CPL/SRC/events/00660
EV000661,PM,CPL_BILLING,,PAYMENT_POSTED,2023-06-15T17:18:00+00:00,2023-07-06T09:28:04+00:00,3788,USD,,false,CPL/SRC/events/00661
EV000662,PM,CPL_BILLING,CPL-R00366,SUBMITTED,2022-11-08T21:05:00+00:00,2022-11-11T17:36:08+00:00,17064,USD,,false,CPL/SRC/events/00662
EV000663,PM,CPL_BILLING,,PAYMENT_POSTED,2022-11-21T22:32:00+00:00,2022-11-21T23:17:59+00:00,17064,USD,,false,CPL/SRC/events/00663
EV000664,PM,CPL_BILLING,CPL-R00366,PAYMENT_REVERSED,2022-11-28T21:35:00+00:00,2022-11-29T01:24:44+00:00,8467,USD,EV000663,false,CPL/SRC/events/00664
EV000665,PM,CPL_BILLING,CPL-R00367,SUBMITTED,2023-04-10T14:02:00+00:00,2023-04-10T19:41:54+00:00,5428,USD,,false,CPL/SRC/events/00665
EV000666,PM,CPL_BILLING,CPL-R00367,CLOSED_NO_PAYMENT,2023-07-07T16:38:00+00:00,2023-07-07T20:54:27+00:00,,,,true,CPL/SRC/events/00666
EV000667,PM,CPL_BILLING,CPL-R00368,SUBMITTED,2023-09-05T19:40:00+00:00,2023-09-05T21:27:02+00:00,3504,USD,,false,CPL/SRC/events/00667
EV000668,PM,CPL_BILLING,,PAYMENT_POSTED,2023-09-21T13:03:00+00:00,2023-09-26T13:25:18+00:00,3504,USD,,false,CPL/SRC/events/00668
EV000669,PM,CPL_BILLING,CPL-R00369,SUBMITTED,2023-01-16T17:51:00+00:00,2023-01-16T23:09:08+00:00,81120,USD,,false,CPL/SRC/events/00669
EV000670,PM,CPL_BILLING,,PAYMENT_POSTED,2023-01-26T15:10:00+00:00,2023-01-26T22:15:53+00:00,81120,USD,,false,CPL/SRC/events/00670
EV000671,PM,CPL_BILLING,CPL-R00370,SUBMITTED,2023-03-17T21:00:00+00:00,2023-03-21T10:07:14+00:00,3388,USD,,false,CPL/SRC/events/00671
EV000672,PM,CPL_BILLING,,PAYMENT_POSTED,2023-05-03T21:43:00+00:00,2023-05-04T17:16:29+00:00,3388,USD,,false,CPL/SRC/events/00672
EV000673,PM,CPL_BILLING,CPL-R00371,SUBMITTED,2023-05-04T21:11:00+00:00,2023-05-05T02:42:53+00:00,11966,USD,,false,CPL/SRC/events/00673
EV000674,PM,CPL_BILLING,,PAYMENT_POSTED,2023-05-22T18:51:00+00:00,2023-05-23T02:34:50+00:00,11966,USD,,false,CPL/SRC/events/00674
EV000675,PM,CPL_BILLING,CPL-R00372,SUBMITTED,2022-12-12T17:48:00+00:00,2022-12-13T01:42:09+00:00,9017,USD,,false,CPL/SRC/events/00675
EV000676,PM,CPL_BILLING,CPL-R00373,SUBMITTED,2022-08-03T20:39:00+00:00,2022-08-03T21:14:04+00:00,43667,USD,,false,CPL/SRC/events/00676
EV000677,PM,CPL_BILLING,,PAYMENT_POSTED,2022-08-22T18:46:00+00:00,2022-08-22T21:29:00+00:00,43667,USD,,false,CPL/SRC/events/00677
EV000678,PM,CPL_BILLING,CPL-R00374,SUBMITTED,2022-10-17T13:19:00+00:00,2022-10-17T20:28:39+00:00,2821,USD,,false,CPL/SRC/events/00678
EV000679,PM,CPL_BILLING,,PAYMENT_POSTED,2022-11-14T19:48:00+00:00,2023-01-26T13:36:55+00:00,2821,USD,,false,CPL/SRC/events/00679
EV000680,PM,CPL_BILLING,CPL-R00375,SUBMITTED,2023-06-22T21:39:00+00:00,2023-06-23T04:50:34+00:00,3710,USD,,false,CPL/SRC/events/00680
EV000681,PM,CPL_BILLING,CPL-R00376,CORRECTED,2023-07-03T20:40:00+00:00,2023-07-03T23:09:47+00:00,3287,USD,,false,CPL/SRC/events/00681
EV000682,PM,CPL_BILLING,CPL-R00377,SUBMITTED,2023-09-18T14:03:00+00:00,2023-09-25T21:56:01+00:00,179706,USD,,false,CPL/SRC/events/00682
EV000683,PM,CPL_BILLING,,PAYMENT_POSTED,2023-10-23T13:49:00+00:00,2023-10-24T17:15:33+00:00,179706,USD,,false,CPL/SRC/events/00683
EV000684,PM,CPL_BILLING,CPL-R00378,SUBMITTED,2022-12-14T17:28:00+00:00,2022-12-15T00:06:36+00:00,20355,USD,,false,CPL/SRC/events/00684
EV000685,PM,CPL_BILLING,,PAYMENT_POSTED,2022-12-21T15:06:00+00:00,2022-12-25T09:54:28+00:00,20355,USD,,false,CPL/SRC/events/00685
EV000686,PM,CPL_BILLING,CPL-R00379,SUBMITTED,2023-03-28T13:22:00+00:00,2023-03-28T19:32:16+00:00,15674,USD,,false,CPL/SRC/events/00686
EV000687,PM,CPL_BILLING,,PAYMENT_POSTED,2023-04-18T18:20:00+00:00,2023-04-23T21:09:00+00:00,15674,USD,,false,CPL/SRC/events/00687
EV000688,PM,CPL_BILLING,CPL-R00380,SUBMITTED,2023-07-25T21:13:00+00:00,2023-08-01T18:25:39+00:00,9979,USD,,false,CPL/SRC/events/00688
EV000689,PM,CPL_BILLING,,PAYMENT_POSTED,2023-08-22T21:02:00+00:00,2023-08-23T00:25:31+00:00,9979,USD,,false,CPL/SRC/events/00689
EV000690,PM,CPL_BILLING,CPL-R00381,SUBMITTED,2023-07-24T15:00:00+00:00,2023-07-25T17:33:18+00:00,11213,USD,,false,CPL/SRC/events/00690
EV000691,PM,CPL_BILLING,,PAYMENT_POSTED,2023-07-31T14:09:00+00:00,2023-08-07T15:24:20+00:00,11213,USD,,false,CPL/SRC/events/00691
EV000692,PM,CPL_BILLING,CPL-R00382,SUBMITTED,2023-08-07T21:10:00+00:00,2023-08-14T03:27:27+00:00,18311,USD,,false,CPL/SRC/events/00692
EV000693,PM,CPL_BILLING,,PAYMENT_POSTED,2023-09-29T20:02:00+00:00,2023-10-02T06:15:53+00:00,18311,USD,,false,CPL/SRC/events/00693
EV000694,PM,CPL_BILLING,CPL-R00383,SUBMITTED,2022-11-02T16:21:00+00:00,2022-11-02T19:01:23+00:00,28032,USD,,false,CPL/SRC/events/00694
EV000695,PM,CPL_BILLING,,PAYMENT_POSTED,2022-11-29T15:05:00+00:00,2022-11-29T20:27:30+00:00,28032,USD,,false,CPL/SRC/events/00695
EV000696,PM,CPL_BILLING,CPL-R00384,SUBMITTED,2022-07-18T18:14:00+00:00,2022-07-18T22:09:51+00:00,54905,USD,,false,CPL/SRC/events/00696
EV000697,PM,CPL_BILLING,,PAYMENT_POSTED,2022-09-26T17:06:00+00:00,2022-09-26T18:40:08+00:00,54905,USD,,false,CPL/SRC/events/00697
EV000698,PM,CPL_BILLING,CPL-R00385,SUBMITTED,2023-03-21T21:38:00+00:00,2023-03-25T08:45:24+00:00,32147,USD,,false,CPL/SRC/events/00698
EV000699,PM,CPL_BILLING,,PAYMENT_POSTED,2023-05-01T15:51:00+00:00,2023-05-01T19:29:02+00:00,32147,USD,,false,CPL/SRC/events/00699
EV000700,PM,CPL_BILLING,CPL-R00386,SUBMITTED,2022-09-14T19:50:00+00:00,2022-09-16T12:11:10+00:00,6869,USD,,false,CPL/SRC/events/00700
EV000701,PM,CPL_BILLING,,PAYMENT_POSTED,2022-12-02T17:37:00+00:00,2022-12-02T23:29:15+00:00,6869,USD,,false,CPL/SRC/events/00701
EV000702,PM,CPL_BILLING,CPL-R00387,SUBMITTED,2022-12-28T20:47:00+00:00,2022-12-28T22:23:31+00:00,8104,USD,,false,CPL/SRC/events/00702
EV000703,PM,CPL_BILLING,,PAYMENT_POSTED,2023-01-02T16:57:00+00:00,2023-01-02T19:38:53+00:00,8104,USD,,false,CPL/SRC/events/00703
EV000704,PM,CPL_BILLING,CPL-R00388,SUBMITTED,2022-11-03T21:12:00+00:00,2022-11-05T05:05:51+00:00,39209,USD,,false,CPL/SRC/events/00704
EV000705,PM,CPL_BILLING,,PAYMENT_POSTED,2022-11-14T20:04:00+00:00,2022-11-17T07:47:31+00:00,39209,USD,,false,CPL/SRC/events/00705
EV000706,PM,CPL_BILLING,CPL-R00389,SUBMITTED,2022-10-31T15:42:00+00:00,2022-11-08T22:11:12+00:00,38955,USD,,false,CPL/SRC/events/00706
EV000707,PM,CPL_BILLING,CPL-R00390,SUBMITTED,2023-01-09T16:52:00+00:00,2023-01-11T14:40:16+00:00,144951,USD,,false,CPL/SRC/events/00707
EV000708,PM,CPL_BILLING,CPL-R00391,CORRECTED,2023-01-17T14:52:00+00:00,2023-01-23T09:59:44+00:00,186281,USD,,false,CPL/SRC/events/00708
EV000709,PM,CPL_BILLING,CPL-R00390,VOID_VERSION,2023-01-17T14:52:00+00:00,2023-01-17T17:26:58+00:00,144951,USD,,false,CPL/SRC/events/00709
EV000710,PM,CPL_BILLING,,PAYMENT_POSTED,2023-01-26T17:42:00+00:00,2023-01-28T09:44:49+00:00,186281,USD,,false,CPL/SRC/events/00710
EV000711,PM,CPL_BILLING,CPL-R00392,SUBMITTED,2023-01-23T16:09:00+00:00,2023-01-25T20:34:01+00:00,7880,USD,,false,CPL/SRC/events/00711
EV000712,PM,CPL_BILLING,,PAYMENT_POSTED,2023-03-01T14:26:00+00:00,2023-03-01T16:00:49+00:00,7880,USD,,false,CPL/SRC/events/00712
EV000713,PM,CPL_BILLING,CPL-R00393,SUBMITTED,2023-06-01T20:55:00+00:00,2023-06-01T21:55:38+00:00,34377,USD,,false,CPL/SRC/events/00713
EV000714,PM,CPL_BILLING,,PAYMENT_POSTED,2023-06-26T14:30:00+00:00,2023-06-26T20:58:53+00:00,34377,USD,,false,CPL/SRC/events/00714
EV000715,PM,CPL_BILLING,CPL-R00394,SUBMITTED,2022-11-16T20:35:00+00:00,2022-11-16T21:03:15+00:00,10098,USD,,false,CPL/SRC/events/00715
EV000716,PM,CPL_BILLING,CPL-R00395,CORRECTED,2022-11-17T18:02:00+00:00,2022-11-20T18:20:26+00:00,10021,USD,,false,CPL/SRC/events/00716
EV000717,PM,CPL_BILLING,CPL-R00396,SUBMITTED,2022-09-12T16:17:00+00:00,2022-09-12T20:49:28+00:00,5466,USD,,false,CPL/SRC/events/00717
EV000718,PM,CPL_BILLING,,PAYMENT_POSTED,2022-10-07T21:56:00+00:00,2022-10-08T00:13:52+00:00,5466,USD,,false,CPL/SRC/events/00718
EV000719,PM,CPL_BILLING,CPL-R00397,SUBMITTED,2023-06-26T19:32:00+00:00,2023-06-28T13:25:10+00:00,6353,USD,,false,CPL/SRC/events/00719
EV000720,PM,CPL_BILLING,CPL-R00397,CLOSED_NO_PAYMENT,2023-10-05T17:28:00+00:00,2023-10-07T07:30:45+00:00,,,,true,CPL/SRC/events/00720
EV000721,PM,CPL_BILLING,CPL-R00398,SUBMITTED,2023-02-15T17:04:00+00:00,2023-02-15T23:53:49+00:00,4005,USD,,false,CPL/SRC/events/00721
EV000722,PM,CPL_BILLING,,PAYMENT_POSTED,2023-03-06T18:25:00+00:00,2023-03-07T06:07:33+00:00,4005,USD,,false,CPL/SRC/events/00722
EV000723,PM,CPL_BILLING,CPL-R00399,SUBMITTED,2022-11-30T14:48:00+00:00,2022-12-04T00:08:20+00:00,26409,USD,,false,CPL/SRC/events/00723
EV000724,PM,CPL_BILLING,,PAYMENT_POSTED,2022-12-12T18:00:00+00:00,2022-12-12T19:24:26+00:00,26409,USD,,false,CPL/SRC/events/00724
EV000725,PM,CPL_BILLING,CPL-R00400,SUBMITTED,2023-04-24T15:55:00+00:00,2023-04-24T22:06:46+00:00,16188,USD,,false,CPL/SRC/events/00725
EV000726,PM,CPL_BILLING,,PAYMENT_POSTED,2023-08-08T13:14:00+00:00,2023-08-08T20:06:55+00:00,16188,USD,,false,CPL/SRC/events/00726
EV000727,PM,CPL_BILLING,CPL-R00401,SUBMITTED,2022-09-28T15:19:00+00:00,2022-09-28T22:35:56+00:00,14135,USD,,false,CPL/SRC/events/00727
EV000728,PM,CPL_BILLING,,PAYMENT_POSTED,2022-11-01T18:59:00+00:00,2022-11-03T05:41:29+00:00,14135,USD,,false,CPL/SRC/events/00728
EV000729,PM,CPL_BILLING,CPL-R00402,SUBMITTED,2022-11-07T16:31:00+00:00,2022-11-10T19:26:48+00:00,26001,USD,,false,CPL/SRC/events/00729
EV000730,PM,CPL_BILLING,,PAYMENT_POSTED,2022-11-21T21:42:00+00:00,2022-11-22T05:37:16+00:00,26001,USD,,false,CPL/SRC/events/00730
EV000731,PM,CPL_BILLING,CPL-R00403,SUBMITTED,2023-09-06T14:13:00+00:00,2023-09-13T14:03:50+00:00,7324,USD,,false,CPL/SRC/events/00731
EV000732,PM,CPL_BILLING,,PAYMENT_POSTED,2023-11-09T14:31:00+00:00,2023-11-09T17:15:41+00:00,7324,USD,,false,CPL/SRC/events/00732
EV000733,PM,CPL_BILLING,CPL-R00404,SUBMITTED,2023-05-16T21:59:00+00:00,2023-05-21T22:52:39+00:00,2500,USD,,false,CPL/SRC/events/00733
EV000734,PM,CPL_BILLING,,PAYMENT_POSTED,2023-06-08T17:21:00+00:00,2023-06-08T18:04:20+00:00,2500,USD,,false,CPL/SRC/events/00734
EV000735,PM,CPL_BILLING,CPL-R00405,SUBMITTED,2023-02-10T15:32:00+00:00,2023-02-22T08:27:37+00:00,28452,USD,,false,CPL/SRC/events/00735
EV000736,PM,CPL_BILLING,,PAYMENT_POSTED,2023-02-20T18:20:00+00:00,2023-02-20T20:39:19+00:00,28452,USD,,false,CPL/SRC/events/00736
EV000737,PM,CPL_BILLING,CPL-R00406,SUBMITTED,2022-12-26T16:55:00+00:00,2022-12-26T22:58:14+00:00,2500,USD,,false,CPL/SRC/events/00737
EV000738,PM,CPL_BILLING,,PAYMENT_POSTED,2023-01-24T17:39:00+00:00,2023-01-24T23:16:37+00:00,2500,USD,,false,CPL/SRC/events/00738
EV000739,PM,CPL_BILLING,CPL-R00407,SUBMITTED,2023-08-01T20:09:00+00:00,2023-08-02T02:25:49+00:00,6174,USD,,false,CPL/SRC/events/00739
EV000740,PM,CPL_BILLING,,PAYMENT_POSTED,2023-08-15T13:40:00+00:00,2023-08-15T13:59:58+00:00,6174,USD,,false,CPL/SRC/events/00740
EV000741,PM,CPL_BILLING,CPL-R00408,SUBMITTED,2023-09-04T15:52:00+00:00,2023-09-04T19:35:58+00:00,12228,USD,,false,CPL/SRC/events/00741
EV000742,PM,CPL_BILLING,,PAYMENT_POSTED,2023-10-16T21:21:00+00:00,2023-10-28T20:24:32+00:00,12228,USD,,false,CPL/SRC/events/00742
EV000743,PM,CPL_BILLING,CPL-R00409,SUBMITTED,2022-12-09T19:57:00+00:00,2022-12-10T00:53:34+00:00,8991,USD,,false,CPL/SRC/events/00743
EV000744,PM,CPL_BILLING,,PAYMENT_POSTED,2022-12-26T21:13:00+00:00,2022-12-27T04:32:58+00:00,8991,USD,,false,CPL/SRC/events/00744
EV000745,PM,CPL_BILLING,CPL-R00410,SUBMITTED,2023-04-10T18:33:00+00:00,2023-04-17T12:09:11+00:00,12720,USD,,false,CPL/SRC/events/00745
EV000746,PM,CPL_BILLING,,PAYMENT_POSTED,2023-05-16T15:29:00+00:00,2023-05-16T20:59:52+00:00,12720,USD,,false,CPL/SRC/events/00746
EV000747,PM,CPL_BILLING,CPL-R00411,SUBMITTED,2023-02-09T14:38:00+00:00,2023-02-09T17:42:22+00:00,11843,USD,,false,CPL/SRC/events/00747
EV000748,PM,CPL_BILLING,CPL-R00412,SUBMITTED,2023-01-12T20:19:00+00:00,2023-01-17T12:10:29+00:00,14621,USD,,false,CPL/SRC/events/00748
EV000749,PM,CPL_BILLING,CPL-R00412,CLOSED_NO_PAYMENT,2023-04-03T18:42:00+00:00,2023-04-05T17:18:01+00:00,,,,true,CPL/SRC/events/00749
EV000750,PM,CPL_BILLING,CPL-R00413,SUBMITTED,2022-12-20T17:35:00+00:00,2022-12-23T11:43:00+00:00,48705,USD,,false,CPL/SRC/events/00750
EV000751,PM,CPL_BILLING,,PAYMENT_POSTED,2023-01-10T21:17:00+00:00,2023-01-11T01:09:03+00:00,48705,USD,,false,CPL/SRC/events/00751
EV000752,PM,CPL_BILLING,CPL-R00414,SUBMITTED,2023-08-07T15:58:00+00:00,2023-08-23T02:03:35+00:00,9700,USD,,false,CPL/SRC/events/00752
EV000753,PM,CPL_BILLING,,PAYMENT_POSTED,2023-08-14T16:12:00+00:00,2023-08-14T17:44:50+00:00,9700,USD,,false,CPL/SRC/events/00753
EV000754,PM,CPL_BILLING,CPL-R00415,SUBMITTED,2023-05-08T14:26:00+00:00,2023-05-11T22:20:53+00:00,37101,USD,,false,CPL/SRC/events/00754
EV000755,PM,CPL_BILLING,,PAYMENT_POSTED,2023-05-31T17:37:00+00:00,2023-06-03T16:43:26+00:00,37101,USD,,false,CPL/SRC/events/00755
EV000756,PM,CPL_BILLING,CPL-R00416,SUBMITTED,2023-08-03T18:31:00+00:00,2023-08-07T16:50:06+00:00,138621,USD,,false,CPL/SRC/events/00756
EV000757,PM,CPL_BILLING,,PAYMENT_POSTED,2023-08-17T18:35:00+00:00,2023-08-18T20:58:42+00:00,138621,USD,,false,CPL/SRC/events/00757
EV000758,PM,CPL_BILLING,CPL-R00417,SUBMITTED,2023-01-03T18:51:00+00:00,2023-01-05T03:15:36+00:00,30096,USD,,false,CPL/SRC/events/00758
EV000759,PM,CPL_BILLING,CPL-R00418,CORRECTED,2023-01-05T17:32:00+00:00,2023-01-08T16:45:14+00:00,26629,USD,,false,CPL/SRC/events/00759
EV000760,PM,CPL_BILLING,,PAYMENT_POSTED,2023-02-06T17:24:00+00:00,2023-02-06T22:06:53+00:00,26629,USD,,false,CPL/SRC/events/00760
EV000761,PM,CPL_BILLING,CPL-R00419,SUBMITTED,2023-04-26T16:19:00+00:00,2023-04-28T02:29:04+00:00,6261,USD,,false,CPL/SRC/events/00761
EV000762,PM,CPL_BILLING,CPL-R00420,CORRECTED,2023-05-08T17:47:00+00:00,2023-05-08T23:04:19+00:00,6613,USD,,false,CPL/SRC/events/00762
EV000763,PM,CPL_BILLING,CPL-R00419,VOID_VERSION,2023-05-08T17:47:00+00:00,2023-05-10T05:19:02+00:00,6261,USD,,false,CPL/SRC/events/00763
EV000764,PM,CPL_BILLING,CPL-R00421,SUBMITTED,2023-08-25T20:00:00+00:00,2023-08-28T18:38:46+00:00,6632,USD,,false,CPL/SRC/events/00764
EV000766,PM,TRI_BILLING,TRI-R00422,SUBMITTED,2022-10-19T17:27:00+00:00,2022-10-19T17:45:33+00:00,20828,USD,,false,TRI/SRC/events/00766
EV000767,PM,TRI_BILLING,,PAYMENT_POSTED,2022-11-07T23:47:00+00:00,2022-11-08T04:11:13+00:00,20828,USD,,false,TRI/SRC/events/00767
EV000768,PM,TRI_BILLING,TRI-R00423,SUBMITTED,2023-05-25T19:14:00+00:00,2023-05-29T07:44:32+00:00,3294,USD,,false,TRI/SRC/events/00768
EV000769,PM,TRI_BILLING,,PAYMENT_POSTED,2023-06-19T17:04:00+00:00,2023-06-19T22:46:17+00:00,3294,USD,,false,TRI/SRC/events/00769
EV000770,PM,TRI_BILLING,TRI-R00424,SUBMITTED,2023-07-21T22:36:00+00:00,2023-07-22T01:38:30+00:00,2500,USD,,false,TRI/SRC/events/00770
EV000771,PM,TRI_BILLING,,PAYMENT_POSTED,2023-09-01T20:12:00+00:00,2023-09-01T20:43:13+00:00,2500,USD,,false,TRI/SRC/events/00771
EV000772,PM,TRI_BILLING,TRI-R00425,SUBMITTED,2022-09-19T16:50:00+00:00,2022-09-25T14:54:20+00:00,5578,USD,,false,TRI/SRC/events/00772
EV000773,PM,TRI_BILLING,TRI-R00426,SUBMITTED,2023-09-05T22:03:00+00:00,2023-09-11T09:54:00+00:00,78380,USD,,false,TRI/SRC/events/00773
EV000774,PM,TRI_BILLING,,PAYMENT_POSTED,2023-09-26T21:24:00+00:00,2023-09-27T00:17:42+00:00,78380,USD,,false,TRI/SRC/events/00774
EV000775,PM,TRI_BILLING,TRI-R00427,SUBMITTED,2023-03-30T17:23:00+00:00,2023-04-05T12:30:16+00:00,2500,USD,,false,TRI/SRC/events/00775
EV000776,PM,TRI_BILLING,,PAYMENT_POSTED,2023-04-07T19:28:00+00:00,2023-04-12T13:54:34+00:00,2500,USD,,false,TRI/SRC/events/00776
EV000777,PM,TRI_BILLING,TRI-R00428,SUBMITTED,2023-05-15T17:02:00+00:00,2023-05-15T23:32:40+00:00,7986,USD,,false,TRI/SRC/events/00777
EV000778,PM,TRI_BILLING,TRI-R00429,CORRECTED,2023-05-16T21:58:00+00:00,2023-05-17T02:05:48+00:00,8603,USD,,false,TRI/SRC/events/00778
EV000779,PM,TRI_BILLING,TRI-R00428,VOID_VERSION,2023-05-16T21:58:00+00:00,2023-05-16T22:47:50+00:00,7986,USD,,false,TRI/SRC/events/00779
EV000780,PM,TRI_BILLING,,PAYMENT_POSTED,2023-06-05T19:56:00+00:00,2023-06-07T21:24:27+00:00,8603,USD,,false,TRI/SRC/events/00780
EV000781,PM,TRI_BILLING,TRI-R00430,SUBMITTED,2023-01-10T21:48:00+00:00,2023-01-11T00:50:14+00:00,16681,USD,,false,TRI/SRC/events/00781
EV000782,PM,TRI_BILLING,TRI-R00431,CORRECTED,2023-01-20T18:49:00+00:00,2023-01-21T00:18:21+00:00,15448,USD,,false,TRI/SRC/events/00782
EV000783,PM,TRI_BILLING,,PAYMENT_POSTED,2023-02-07T16:17:00+00:00,2023-02-13T20:13:54+00:00,15448,USD,,false,TRI/SRC/events/00783
EV000784,PM,TRI_BILLING,TRI-R00432,SUBMITTED,2023-02-13T20:07:00+00:00,2023-02-13T21:26:28+00:00,6995,USD,,false,TRI/SRC/events/00784
EV000785,PM,TRI_BILLING,,PAYMENT_POSTED,2023-02-17T20:10:00+00:00,2023-02-17T21:32:16+00:00,6995,USD,,false,TRI/SRC/events/00785
EV000786,PM,TRI_BILLING,TRI-R00433,SUBMITTED,2023-07-12T22:52:00+00:00,2023-07-16T18:07:27+00:00,23459,USD,,false,TRI/SRC/events/00786
EV000787,PM,TRI_BILLING,,PAYMENT_POSTED,2023-10-31T16:04:00+00:00,2023-11-02T15:35:03+00:00,23459,USD,,false,TRI/SRC/events/00787
EV000788,PM,TRI_BILLING,TRI-R00434,SUBMITTED,2023-06-05T21:03:00+00:00,2023-06-06T03:41:38+00:00,7664,USD,,false,TRI/SRC/events/00788
EV000789,PM,TRI_BILLING,,PAYMENT_POSTED,2023-07-03T22:48:00+00:00,2023-07-06T21:35:08+00:00,7664,USD,,false,TRI/SRC/events/00789
EV000790,PM,TRI_BILLING,TRI-R00435,SUBMITTED,2022-10-24T22:22:00+00:00,2022-10-25T21:53:50+00:00,7318,USD,,false,TRI/SRC/events/00790
EV000791,PM,TRI_BILLING,TRI-R00436,SUBMITTED,2023-05-04T21:34:00+00:00,2023-05-05T00:26:23+00:00,153324,USD,,false,TRI/SRC/events/00791
EV000792,PM,TRI_BILLING,,PAYMENT_POSTED,2023-05-18T14:18:00+00:00,2023-05-19T14:33:53+00:00,153324,USD,,false,TRI/SRC/events/00792
EV000793,PM,TRI_BILLING,TRI-R00437,SUBMITTED,2022-09-20T18:03:00+00:00,2022-09-23T16:48:25+00:00,8047,USD,,false,TRI/SRC/events/00793
EV000794,PM,TRI_BILLING,,PAYMENT_POSTED,2022-10-14T21:21:00+00:00,2022-10-17T19:43:19+00:00,8047,USD,,false,TRI/SRC/events/00794
EV000795,PM,TRI_BILLING,TRI-R00438,SUBMITTED,2023-09-04T15:06:00+00:00,2023-09-06T11:28:56+00:00,39332,USD,,false,TRI/SRC/events/00795
EV000797,PM,TRI_BILLING,TRI-R00439,SUBMITTED,2023-03-15T20:43:00+00:00,2023-03-15T23:32:17+00:00,21278,USD,,false,TRI/SRC/events/00797
EV000798,PM,TRI_BILLING,,PAYMENT_POSTED,2023-05-15T17:37:00+00:00,2023-05-25T06:29:18+00:00,21278,USD,,false,TRI/SRC/events/00798
EV000799,PM,TRI_BILLING,TRI-R00440,SUBMITTED,2022-07-25T18:44:00+00:00,2022-07-29T17:00:56+00:00,35958,USD,,false,TRI/SRC/events/00799
EV000800,PM,TRI_BILLING,,PAYMENT_POSTED,2022-08-08T16:31:00+00:00,2022-08-11T10:19:20+00:00,35958,USD,,false,TRI/SRC/events/00800
EV000801,PM,TRI_BILLING,TRI-R00441,SUBMITTED,2022-07-11T18:06:00+00:00,2022-07-11T23:45:42+00:00,67632,USD,,false,TRI/SRC/events/00801
EV000802,PM,TRI_BILLING,TRI-R00442,SUBMITTED,2023-08-22T17:42:00+00:00,2023-08-22T20:14:35+00:00,19145,USD,,false,TRI/SRC/events/00802
EV000804,PM,TRI_BILLING,TRI-R00443,SUBMITTED,2023-01-09T20:00:00+00:00,2023-01-10T04:51:33+00:00,12198,USD,,false,TRI/SRC/events/00804
EV000805,PM,TRI_BILLING,,PAYMENT_POSTED,2023-01-19T16:28:00+00:00,2023-01-28T13:54:20+00:00,12198,USD,,false,TRI/SRC/events/00805
EV000806,PM,TRI_BILLING,TRI-R00444,SUBMITTED,2023-01-09T23:11:00+00:00,2023-01-09T23:30:50+00:00,22075,USD,,false,TRI/SRC/events/00806
EV000807,PM,TRI_BILLING,TRI-R00445,SUBMITTED,2022-07-11T16:44:00+00:00,2022-07-11T23:58:57+00:00,24466,USD,,false,TRI/SRC/events/00807
EV000808,PM,TRI_BILLING,,PAYMENT_POSTED,2022-08-01T19:00:00+00:00,2022-08-12T12:02:04+00:00,24466,USD,,false,TRI/SRC/events/00808
EV000809,PM,TRI_BILLING,TRI-R00446,SUBMITTED,2022-07-15T17:45:00+00:00,2022-08-02T03:04:39+00:00,76108,USD,,false,TRI/SRC/events/00809
EV000810,PM,TRI_BILLING,TRI-R00447,CORRECTED,2022-07-25T14:27:00+00:00,2022-07-26T20:37:23+00:00,90925,USD,,false,TRI/SRC/events/00810
EV000811,PM,TRI_BILLING,,PAYMENT_POSTED,2022-07-20T14:59:00+00:00,2022-07-22T17:04:31+00:00,90925,USD,,false,TRI/SRC/events/00811
EV000812,PM,TRI_BILLING,TRI-R00448,SUBMITTED,2022-11-28T23:14:00+00:00,2022-12-04T18:55:25+00:00,23546,USD,,false,TRI/SRC/events/00812
EV000813,PM,TRI_BILLING,TRI-R00449,CORRECTED,2022-12-09T15:58:00+00:00,2022-12-10T23:59:40+00:00,30465,USD,,false,TRI/SRC/events/00813
EV000814,PM,TRI_BILLING,,PAYMENT_POSTED,2022-12-19T19:14:00+00:00,2022-12-22T14:26:05+00:00,30465,USD,,false,TRI/SRC/events/00814
EV000815,PM,TRI_BILLING,TRI-R00450,SUBMITTED,2023-05-17T22:06:00+00:00,2023-05-20T10:14:03+00:00,24646,USD,,false,TRI/SRC/events/00815
EV000816,PM,TRI_BILLING,,PAYMENT_POSTED,2023-06-02T21:27:00+00:00,2023-06-03T16:39:18+00:00,24646,USD,,false,TRI/SRC/events/00816
EV000817,PM,TRI_BILLING,TRI-R00451,SUBMITTED,2023-05-12T20:19:00+00:00,2023-07-13T19:20:22+00:00,6013,USD,,false,TRI/SRC/events/00817
EV000818,PM,TRI_BILLING,TRI-R00452,SUBMITTED,2023-08-25T14:55:00+00:00,2023-08-27T13:56:40+00:00,56570,USD,,false,TRI/SRC/events/00818
EV000819,PM,TRI_BILLING,,PAYMENT_POSTED,2023-08-28T19:28:00+00:00,2023-08-28T21:04:13+00:00,56570,USD,,false,TRI/SRC/events/00819
EV000820,PM,TRI_BILLING,TRI-R00453,SUBMITTED,2023-08-21T18:10:00+00:00,2023-08-24T18:57:50+00:00,13687,USD,,false,TRI/SRC/events/00820
EV000821,PM,TRI_BILLING,TRI-R00454,SUBMITTED,2023-06-26T19:49:00+00:00,2023-06-27T02:23:43+00:00,52061,USD,,false,TRI/SRC/events/00821
EV000822,PM,TRI_BILLING,,PAYMENT_POSTED,2023-07-17T18:46:00+00:00,2023-07-19T01:21:58+00:00,52061,USD,,false,TRI/SRC/events/00822
EV000823,PM,TRI_BILLING,TRI-R00455,SUBMITTED,2023-01-16T18:30:00+00:00,2023-01-16T20:03:18+00:00,5753,USD,,false,TRI/SRC/events/00823
EV000824,PM,TRI_BILLING,,PAYMENT_POSTED,2023-01-26T19:18:00+00:00,2023-01-30T06:51:37+00:00,5753,USD,,false,TRI/SRC/events/00824
EV000825,PM,TRI_BILLING,TRI-R00456,SUBMITTED,2023-01-12T21:31:00+00:00,2023-01-13T01:40:16+00:00,16569,USD,,false,TRI/SRC/events/00825
EV000826,PM,TRI_BILLING,TRI-R00457,SUBMITTED,2022-11-01T14:27:00+00:00,2022-11-03T03:36:57+00:00,7904,USD,,false,TRI/SRC/events/00826
EV000827,PM,TRI_BILLING,,PAYMENT_POSTED,2022-11-07T17:14:00+00:00,2022-11-16T10:12:57+00:00,7904,USD,,false,TRI/SRC/events/00827
EV000828,PM,TRI_BILLING,TRI-R00458,SUBMITTED,2022-12-05T20:40:00+00:00,2022-12-09T18:39:56+00:00,13117,USD,,false,TRI/SRC/events/00828
EV000829,PM,TRI_BILLING,,PAYMENT_POSTED,2022-12-27T19:51:00+00:00,2022-12-27T21:58:06+00:00,13117,USD,,false,TRI/SRC/events/00829
EV000830,PM,TRI_BILLING,TRI-R00459,SUBMITTED,2023-02-14T16:55:00+00:00,2023-02-14T23:57:25+00:00,7703,USD,,false,TRI/SRC/events/00830
EV000831,PM,TRI_BILLING,,PAYMENT_POSTED,2023-04-24T18:58:00+00:00,2023-05-02T17:10:39+00:00,7703,USD,,false,TRI/SRC/events/00831
EV000832,PM,TRI_BILLING,TRI-R00460,SUBMITTED,2022-10-17T15:32:00+00:00,2022-10-22T02:54:04+00:00,15684,USD,,false,TRI/SRC/events/00832
EV000833,PM,TRI_BILLING,,PAYMENT_POSTED,2022-11-14T16:17:00+00:00,2022-11-14T21:02:48+00:00,15684,USD,,false,TRI/SRC/events/00833
EV000834,PM,TRI_BILLING,TRI-R00461,SUBMITTED,2023-02-27T15:09:00+00:00,2023-03-02T01:10:10+00:00,3865,USD,,false,TRI/SRC/events/00834
EV000835,PM,TRI_BILLING,,PAYMENT_POSTED,2023-03-06T20:02:00+00:00,2023-03-07T17:47:45+00:00,3865,USD,,false,TRI/SRC/events/00835
EV000836,PM,TRI_BILLING,TRI-R00462,SUBMITTED,2022-10-19T21:57:00+00:00,2022-10-23T23:42:15+00:00,5831,USD,,false,TRI/SRC/events/00836
EV000837,PM,TRI_BILLING,,PAYMENT_POSTED,2022-11-07T16:16:00+00:00,2022-11-07T20:04:16+00:00,5831,USD,,false,TRI/SRC/events/00837
EV000838,PM,TRI_BILLING,TRI-R00463,SUBMITTED,2023-05-01T18:06:00+00:00,2023-05-04T18:54:10+00:00,15258,USD,,false,TRI/SRC/events/00838
EV000839,PM,TRI_BILLING,TRI-R00464,CORRECTED,2023-05-08T14:19:00+00:00,2023-05-12T05:50:22+00:00,19508,USD,,false,TRI/SRC/events/00839
EV000840,PM,TRI_BILLING,TRI-R00463,VOID_VERSION,2023-05-08T14:19:00+00:00,2023-05-14T00:23:14+00:00,15258,USD,,false,TRI/SRC/events/00840
EV000841,PM,TRI_BILLING,,PAYMENT_POSTED,2023-05-22T22:42:00+00:00,2023-05-23T20:17:51+00:00,19508,USD,,false,TRI/SRC/events/00841
EV000842,PM,TRI_BILLING,TRI-R00465,SUBMITTED,2023-06-09T17:32:00+00:00,2023-06-13T00:57:46+00:00,10012,USD,,false,TRI/SRC/events/00842
EV000843,PM,TRI_BILLING,,PAYMENT_POSTED,2023-06-16T21:43:00+00:00,2023-06-17T03:39:12+00:00,10012,USD,,false,TRI/SRC/events/00843
EV000844,PM,TRI_BILLING,TRI-R00466,SUBMITTED,2022-10-31T21:53:00+00:00,2022-11-04T00:22:57+00:00,103066,USD,,false,TRI/SRC/events/00844
EV000845,PM,TRI_BILLING,,PAYMENT_POSTED,2022-12-19T19:27:00+00:00,2022-12-19T22:44:07+00:00,103066,USD,,false,TRI/SRC/events/00845
EV000846,PM,TRI_BILLING,TRI-R00467,SUBMITTED,2023-07-31T18:22:00+00:00,2023-07-31T21:38:11+00:00,198420,USD,,false,TRI/SRC/events/00846
EV000847,PM,TRI_BILLING,,PAYMENT_POSTED,2023-08-16T15:19:00+00:00,2023-08-19T09:33:16+00:00,198420,USD,,false,TRI/SRC/events/00847
EV000848,PM,TRI_BILLING,TRI-R00468,SUBMITTED,2022-12-23T20:47:00+00:00,2022-12-24T12:20:09+00:00,30566,USD,,false,TRI/SRC/events/00848
EV000849,PM,TRI_BILLING,,PAYMENT_POSTED,2023-01-18T21:04:00+00:00,2023-01-21T18:53:03+00:00,30566,USD,,false,TRI/SRC/events/00849
EV000850,PM,TRI_BILLING,TRI-R00469,SUBMITTED,2023-09-08T21:34:00+00:00,2023-09-08T22:48:01+00:00,28787,USD,,false,TRI/SRC/events/00850
EV000851,PM,TRI_BILLING,,PAYMENT_POSTED,2023-10-04T14:19:00+00:00,2023-10-04T17:40:11+00:00,28787,USD,,false,TRI/SRC/events/00851
EV000852,PM,TRI_BILLING,TRI-R00470,SUBMITTED,2023-08-28T22:58:00+00:00,2023-08-29T05:50:32+00:00,78800,USD,,false,TRI/SRC/events/00852
EV000853,PM,TRI_BILLING,,PAYMENT_POSTED,2023-09-11T22:28:00+00:00,2023-09-15T02:57:24+00:00,78800,USD,,false,TRI/SRC/events/00853
EV000854,PM,TRI_BILLING,TRI-R00471,SUBMITTED,2022-10-31T17:59:00+00:00,2022-11-06T14:28:33+00:00,15697,USD,,false,TRI/SRC/events/00854
EV000855,PM,TRI_BILLING,,PAYMENT_POSTED,2022-11-17T18:01:00+00:00,2022-11-17T19:08:50+00:00,15697,USD,,false,TRI/SRC/events/00855
EV000856,PM,TRI_BILLING,TRI-R00472,SUBMITTED,2022-09-14T19:26:00+00:00,2022-09-14T22:44:23+00:00,52883,USD,,false,TRI/SRC/events/00856
EV000857,PM,TRI_BILLING,,PAYMENT_POSTED,2022-10-10T21:47:00+00:00,2022-10-13T23:48:35+00:00,52883,USD,,false,TRI/SRC/events/00857
EV000858,PM,TRI_BILLING,TRI-R00473,SUBMITTED,2022-09-20T18:16:00+00:00,2022-09-21T00:53:46+00:00,7018,USD,,false,TRI/SRC/events/00858
EV000859,PM,TRI_BILLING,,PAYMENT_POSTED,2022-10-07T16:21:00+00:00,2022-10-12T06:31:42+00:00,7018,USD,,false,TRI/SRC/events/00859
EV000860,PM,TRI_BILLING,TRI-R00474,SUBMITTED,2023-09-27T14:03:00+00:00,2023-09-28T07:57:07+00:00,4168,USD,,false,TRI/SRC/events/00860
EV000861,PM,TRI_BILLING,,PAYMENT_POSTED,2023-10-25T17:55:00+00:00,2023-10-25T21:20:40+00:00,4168,USD,,false,TRI/SRC/events/00861
EV000862,PM,TRI_BILLING,TRI-R00475,SUBMITTED,2022-11-04T14:18:00+00:00,2022-11-04T20:03:30+00:00,4890,USD,,false,TRI/SRC/events/00862
EV000863,PM,TRI_BILLING,,PAYMENT_POSTED,2023-02-13T21:49:00+00:00,2023-02-13T22:14:52+00:00,4890,USD,,false,TRI/SRC/events/00863
EV000864,PM,TRI_BILLING,TRI-R00476,SUBMITTED,2023-06-12T14:09:00+00:00,2023-06-14T17:47:52+00:00,58747,USD,,false,TRI/SRC/events/00864
EV000865,PM,TRI_BILLING,,PAYMENT_POSTED,2023-07-03T22:26:00+00:00,2023-07-04T05:07:44+00:00,58747,USD,,false,TRI/SRC/events/00865
EV000866,PM,TRI_BILLING,TRI-R00477,SUBMITTED,2023-06-09T18:43:00+00:00,2023-06-09T20:55:58+00:00,17898,USD,,false,TRI/SRC/events/00866
EV000867,PM,TRI_BILLING,TRI-R00478,SUBMITTED,2022-08-17T21:18:00+00:00,2022-08-18T04:33:38+00:00,7346,USD,,false,TRI/SRC/events/00867
EV000868,PM,TRI_BILLING,,PAYMENT_POSTED,2022-08-26T21:19:00+00:00,2022-09-04T12:55:40+00:00,7346,USD,,false,TRI/SRC/events/00868
EV000869,PM,TRI_BILLING,TRI-R00479,SUBMITTED,2023-04-19T16:06:00+00:00,2023-04-24T14:25:29+00:00,3887,USD,,false,TRI/SRC/events/00869
EV000870,PM,TRI_BILLING,TRI-R00479,CLOSED_NO_PAYMENT,2023-08-08T19:14:00+00:00,2023-08-12T21:23:51+00:00,,,,true,TRI/SRC/events/00870
EV000871,PM,TRI_BILLING,TRI-R00480,SUBMITTED,2023-01-16T22:44:00+00:00,2023-01-17T04:04:54+00:00,2868,USD,,false,TRI/SRC/events/00871
EV000872,PM,TRI_BILLING,,PAYMENT_POSTED,2023-03-06T17:55:00+00:00,2023-03-07T00:42:42+00:00,2868,USD,,false,TRI/SRC/events/00872
EV000873,PM,TRI_BILLING,TRI-R00481,SUBMITTED,2022-11-15T18:16:00+00:00,2022-11-16T01:17:43+00:00,2697,USD,,false,TRI/SRC/events/00873
EV000874,PM,TRI_BILLING,,PAYMENT_POSTED,2022-12-12T15:07:00+00:00,2022-12-12T16:38:31+00:00,2697,USD,,false,TRI/SRC/events/00874
EV000875,PM,TRI_BILLING,TRI-R00482,SUBMITTED,2023-08-28T16:23:00+00:00,2023-09-01T12:56:41+00:00,9152,USD,,false,TRI/SRC/events/00875
EV000876,PM,TRI_BILLING,TRI-R00483,SUBMITTED,2023-05-15T19:02:00+00:00,2023-05-16T00:26:59+00:00,14145,USD,,false,TRI/SRC/events/00876
EV000877,PM,TRI_BILLING,,PAYMENT_POSTED,2023-05-24T16:39:00+00:00,2023-05-30T19:53:00+00:00,14145,USD,,false,TRI/SRC/events/00877
EV000878,PM,TRI_BILLING,TRI-R00484,SUBMITTED,2023-07-31T18:42:00+00:00,2023-07-31T20:14:33+00:00,11894,USD,,false,TRI/SRC/events/00878
EV000879,PM,TRI_BILLING,,PAYMENT_POSTED,2023-08-15T21:33:00+00:00,2023-08-16T04:30:12+00:00,11894,USD,,false,TRI/SRC/events/00879
EV000880,PM,TRI_BILLING,TRI-R00485,SUBMITTED,2023-01-30T16:52:00+00:00,2023-01-31T11:11:47+00:00,14453,USD,,false,TRI/SRC/events/00880
EV000881,PM,TRI_BILLING,,PAYMENT_POSTED,2023-03-06T18:02:00+00:00,2023-03-06T20:55:44+00:00,14453,USD,,false,TRI/SRC/events/00881
EV000882,PM,TRI_BILLING,TRI-R00486,SUBMITTED,2022-07-13T21:41:00+00:00,2022-07-13T22:11:16+00:00,5457,USD,,false,TRI/SRC/events/00882
EV000883,PM,TRI_BILLING,,PAYMENT_POSTED,2022-08-08T21:24:00+00:00,2022-08-09T01:06:00+00:00,5457,USD,,false,TRI/SRC/events/00883
EV000884,PM,TRI_BILLING,TRI-R00487,SUBMITTED,2023-06-06T19:30:00+00:00,2023-06-11T01:29:28+00:00,9245,USD,,false,TRI/SRC/events/00884
EV000885,PM,TRI_BILLING,,PAYMENT_POSTED,2023-06-14T19:46:00+00:00,2023-06-15T03:35:34+00:00,9245,USD,,false,TRI/SRC/events/00885
EV000886,PM,TRI_BILLING,TRI-R00488,SUBMITTED,2023-06-28T17:26:00+00:00,2023-07-03T21:38:56+00:00,49316,USD,,false,TRI/SRC/events/00886
EV000887,PM,TRI_BILLING,TRI-R00489,CORRECTED,2023-07-04T15:01:00+00:00,2023-07-04T16:58:34+00:00,52254,USD,,false,TRI/SRC/events/00887
EV000888,PM,TRI_BILLING,,PAYMENT_POSTED,2023-07-18T17:44:00+00:00,2023-07-19T01:40:56+00:00,52254,USD,,false,TRI/SRC/events/00888
EV000889,PM,TRI_BILLING,TRI-R00490,SUBMITTED,2022-12-29T16:38:00+00:00,2023-01-03T04:40:15+00:00,10181,USD,,false,TRI/SRC/events/00889
EV000890,PM,TRI_BILLING,,PAYMENT_POSTED,2023-01-27T19:12:00+00:00,2023-02-06T09:49:55+00:00,10181,USD,,false,TRI/SRC/events/00890
EV000891,PM,TRI_BILLING,TRI-R00491,SUBMITTED,2023-05-08T16:54:00+00:00,2023-05-15T11:44:32+00:00,5283,USD,,false,TRI/SRC/events/00891
EV000892,PM,TRI_BILLING,,PAYMENT_POSTED,2023-05-22T22:27:00+00:00,2023-05-23T06:07:24+00:00,5283,USD,,false,TRI/SRC/events/00892
EV000893,PM,TRI_BILLING,TRI-R00492,SUBMITTED,2023-08-01T16:35:00+00:00,2023-08-01T19:24:30+00:00,12460,USD,,false,TRI/SRC/events/00893
EV000894,PM,TRI_BILLING,,PAYMENT_POSTED,2023-08-14T19:28:00+00:00,2023-08-14T21:26:48+00:00,12460,USD,,false,TRI/SRC/events/00894
EV000895,PM,TRI_BILLING,TRI-R00493,SUBMITTED,2023-01-23T23:05:00+00:00,2023-01-25T09:55:59+00:00,63683,USD,,false,TRI/SRC/events/00895
EV000896,PM,TRI_BILLING,TRI-R00494,CORRECTED,2023-01-30T22:18:00+00:00,2023-01-31T00:43:05+00:00,77742,USD,,false,TRI/SRC/events/00896
EV000897,PM,TRI_BILLING,,PAYMENT_POSTED,2023-03-16T15:35:00+00:00,2023-03-16T22:14:31+00:00,77742,USD,,false,TRI/SRC/events/00897
EV000898,PM,TRI_BILLING,TRI-R00495,SUBMITTED,2023-08-15T14:20:00+00:00,2023-08-15T20:12:10+00:00,28030,USD,,false,TRI/SRC/events/00898
EV000899,PM,TRI_BILLING,,PAYMENT_POSTED,2023-09-08T14:39:00+00:00,2023-09-08T16:02:14+00:00,28030,USD,,false,TRI/SRC/events/00899
EV000900,PM,TRI_BILLING,TRI-R00496,SUBMITTED,2023-04-19T19:43:00+00:00,2023-04-27T01:15:20+00:00,151198,USD,,false,TRI/SRC/events/00900
EV000901,PM,TRI_BILLING,,PAYMENT_POSTED,2023-05-16T21:25:00+00:00,2023-05-20T13:17:47+00:00,151198,USD,,false,TRI/SRC/events/00901
EV000902,PM,TRI_BILLING,TRI-R00497,SUBMITTED,2022-08-03T21:23:00+00:00,2022-08-05T02:39:21+00:00,17945,USD,,false,TRI/SRC/events/00902
EV000903,PM,TRI_BILLING,,PAYMENT_POSTED,2022-08-12T22:30:00+00:00,2022-08-18T19:35:29+00:00,17945,USD,,false,TRI/SRC/events/00903
EV000904,PM,TRI_BILLING,TRI-R00498,SUBMITTED,2023-08-30T14:12:00+00:00,2023-08-30T15:33:52+00:00,6910,USD,,false,TRI/SRC/events/00904
EV000905,PM,TRI_BILLING,,PAYMENT_POSTED,2023-09-06T18:01:00+00:00,2023-09-07T18:46:34+00:00,6910,USD,,false,TRI/SRC/events/00905
EV000906,PM,TRI_BILLING,TRI-R00499,SUBMITTED,2023-03-20T16:34:00+00:00,2023-04-06T18:23:29+00:00,11936,USD,,false,TRI/SRC/events/00906
EV000907,PM,TRI_BILLING,,PAYMENT_POSTED,2023-03-27T16:31:00+00:00,2023-03-31T08:10:34+00:00,11936,USD,,false,TRI/SRC/events/00907
EV000908,PM,TRI_BILLING,TRI-R00500,SUBMITTED,2022-12-06T15:13:00+00:00,2022-12-06T22:00:13+00:00,23689,USD,,false,TRI/SRC/events/00908
EV000909,PM,TRI_BILLING,,PAYMENT_POSTED,2023-01-30T20:45:00+00:00,2023-01-30T22:16:24+00:00,23689,USD,,false,TRI/SRC/events/00909
EV000910,PM,TRI_BILLING,TRI-R00501,SUBMITTED,2023-01-16T17:23:00+00:00,2023-01-17T18:51:35+00:00,19693,USD,,false,TRI/SRC/events/00910
EV000911,PM,TRI_BILLING,,PAYMENT_POSTED,2023-02-13T18:12:00+00:00,2023-02-26T08:48:56+00:00,19693,USD,,false,TRI/SRC/events/00911
EV000912,PM,TRI_BILLING,TRI-R00502,SUBMITTED,2022-08-11T15:55:00+00:00,2022-08-11T22:08:09+00:00,6991,USD,,false,TRI/SRC/events/00912
EV000913,PM,TRI_BILLING,,PAYMENT_POSTED,2022-08-25T17:18:00+00:00,2022-08-26T22:45:16+00:00,6991,USD,,false,TRI/SRC/events/00913
EV000914,PM,TRI_BILLING,TRI-R00503,SUBMITTED,2023-02-13T15:13:00+00:00,2023-02-15T13:33:51+00:00,11613,USD,,false,TRI/SRC/events/00914
EV000915,PM,TRI_BILLING,,PAYMENT_POSTED,2023-04-19T21:52:00+00:00,2023-04-20T03:30:26+00:00,11613,USD,,false,TRI/SRC/events/00915
EV000916,PM,TRI_BILLING,TRI-R00504,SUBMITTED,2023-01-25T18:24:00+00:00,2023-01-25T18:42:44+00:00,22273,USD,,false,TRI/SRC/events/00916
EV000917,PM,TRI_BILLING,,PAYMENT_POSTED,2023-02-02T21:07:00+00:00,2023-02-04T03:31:16+00:00,22273,USD,,false,TRI/SRC/events/00917
EV000918,PM,TRI_BILLING,TRI-R00505,SUBMITTED,2023-09-22T14:27:00+00:00,2023-09-30T10:16:08+00:00,14406,USD,,false,TRI/SRC/events/00918
EV000919,PM,TRI_BILLING,,PAYMENT_POSTED,2023-10-16T20:19:00+00:00,2023-10-23T04:00:52+00:00,14406,USD,,false,TRI/SRC/events/00919
EV000920,PM,TRI_BILLING,TRI-R00506,SUBMITTED,2023-05-22T21:27:00+00:00,2023-05-23T01:12:15+00:00,8199,USD,,false,TRI/SRC/events/00920
EV000921,PM,TRI_BILLING,,PAYMENT_POSTED,2023-07-06T14:54:00+00:00,2023-07-06T21:50:41+00:00,8199,USD,,false,TRI/SRC/events/00921
EV000922,PM,TRI_BILLING,TRI-R00507,SUBMITTED,2022-08-11T22:54:00+00:00,2022-08-12T22:09:02+00:00,9036,USD,,false,TRI/SRC/events/00922
EV000923,PM,TRI_BILLING,,PAYMENT_POSTED,2022-08-22T14:20:00+00:00,2022-08-26T07:12:36+00:00,9036,USD,,false,TRI/SRC/events/00923
EV000924,PM,TRI_BILLING,TRI-R00508,SUBMITTED,2022-08-08T21:42:00+00:00,2022-08-09T05:10:30+00:00,3580,USD,,false,TRI/SRC/events/00924
EV000925,PM,TRI_BILLING,,PAYMENT_POSTED,2022-08-19T16:45:00+00:00,2022-08-20T22:37:12+00:00,3580,USD,,false,TRI/SRC/events/00925
EV000926,PM,TRI_BILLING,TRI-R00509,SUBMITTED,2022-07-05T22:57:00+00:00,2022-07-09T03:25:23+00:00,14935,USD,,false,TRI/SRC/events/00926
EV000927,PM,TRI_BILLING,,PAYMENT_POSTED,2022-07-15T15:48:00+00:00,2022-07-15T21:49:31+00:00,14935,USD,,false,TRI/SRC/events/00927
EV000928,PM,TRI_BILLING,TRI-R00510,SUBMITTED,2022-10-10T17:44:00+00:00,2022-10-16T19:11:19+00:00,6448,USD,,false,TRI/SRC/events/00928
EV000929,PM,TRI_BILLING,,PAYMENT_POSTED,2022-10-14T15:37:00+00:00,2022-10-17T14:43:19+00:00,6448,USD,,false,TRI/SRC/events/00929
EV000930,PM,TRI_BILLING,TRI-R00511,SUBMITTED,2022-12-27T23:04:00+00:00,2022-12-31T06:54:50+00:00,21117,USD,,false,TRI/SRC/events/00930
EV000931,PM,TRI_BILLING,,PAYMENT_POSTED,2023-01-16T23:44:00+00:00,2023-01-17T04:08:14+00:00,21117,USD,,false,TRI/SRC/events/00931
EV000932,PM,TRI_BILLING,TRI-R00512,SUBMITTED,2022-09-01T15:24:00+00:00,2022-09-01T22:30:07+00:00,12017,USD,,false,TRI/SRC/events/00932
EV000933,PM,TRI_BILLING,,PAYMENT_POSTED,2022-09-19T16:51:00+00:00,2022-09-20T00:02:22+00:00,12017,USD,,false,TRI/SRC/events/00933
EV000934,PM,TRI_BILLING,TRI-R00513,SUBMITTED,2023-05-11T21:55:00+00:00,2023-05-12T01:46:34+00:00,12113,USD,,false,TRI/SRC/events/00934
EV000935,PM,TRI_BILLING,TRI-R00514,CORRECTED,2023-05-18T22:01:00+00:00,2023-05-21T22:24:11+00:00,12799,USD,,false,TRI/SRC/events/00935
EV000936,PM,TRI_BILLING,,PAYMENT_POSTED,2023-05-18T17:50:00+00:00,2023-05-18T20:19:14+00:00,12799,USD,,false,TRI/SRC/events/00936
EV000937,PM,TRI_BILLING,TRI-R00515,SUBMITTED,2023-05-08T20:24:00+00:00,2023-05-08T23:10:38+00:00,10963,USD,,false,TRI/SRC/events/00937
EV000938,PM,TRI_BILLING,,PAYMENT_POSTED,2023-05-29T14:58:00+00:00,2023-05-29T18:15:36+00:00,10963,USD,,false,TRI/SRC/events/00938
EV000939,PM,TRI_BILLING,TRI-R00516,SUBMITTED,2022-11-17T21:32:00+00:00,2022-11-17T22:49:29+00:00,5599,USD,,false,TRI/SRC/events/00939
EV000940,PM,TRI_BILLING,,PAYMENT_POSTED,2022-12-27T16:10:00+00:00,2022-12-27T20:44:21+00:00,5599,USD,,false,TRI/SRC/events/00940
EV000941,PM,TRI_BILLING,TRI-R00517,SUBMITTED,2023-08-30T19:13:00+00:00,2023-08-30T20:47:46+00:00,6285,USD,,false,TRI/SRC/events/00941
EV000942,PM,TRI_BILLING,TRI-R00518,SUBMITTED,2022-11-18T16:02:00+00:00,2022-11-18T22:35:43+00:00,11406,USD,,false,TRI/SRC/events/00942
EV000943,PM,TRI_BILLING,,PAYMENT_POSTED,2022-12-23T15:53:00+00:00,2023-02-21T09:34:55+00:00,11406,USD,,false,TRI/SRC/events/00943
EV000944,PM,TRI_BILLING,TRI-R00519,SUBMITTED,2023-02-15T15:06:00+00:00,2023-02-23T11:04:46+00:00,19940,USD,,false,TRI/SRC/events/00944
EV000945,PM,TRI_BILLING,,PAYMENT_POSTED,2023-02-23T21:39:00+00:00,2023-02-26T13:32:41+00:00,19940,USD,,false,TRI/SRC/events/00945
EV000946,PM,TRI_BILLING,TRI-R00520,SUBMITTED,2023-04-03T15:57:00+00:00,2023-04-05T14:41:10+00:00,95981,USD,,false,TRI/SRC/events/00946
EV000947,PM,TRI_BILLING,,PAYMENT_POSTED,2023-04-21T14:53:00+00:00,2023-04-26T16:36:53+00:00,95981,USD,,false,TRI/SRC/events/00947
EV000948,PM,TRI_BILLING,TRI-R00521,SUBMITTED,2023-05-18T22:43:00+00:00,2023-05-19T12:27:39+00:00,36735,USD,,false,TRI/SRC/events/00948
EV000949,PM,TRI_BILLING,,PAYMENT_POSTED,2023-05-25T18:26:00+00:00,2023-05-26T02:19:40+00:00,36735,USD,,false,TRI/SRC/events/00949
EV000950,PM,TRI_BILLING,TRI-R00522,SUBMITTED,2023-05-15T21:34:00+00:00,2023-05-16T03:55:51+00:00,27186,USD,,false,TRI/SRC/events/00950
EV000951,PM,TRI_BILLING,,PAYMENT_POSTED,2023-06-05T17:12:00+00:00,2023-06-12T10:45:52+00:00,27186,USD,,false,TRI/SRC/events/00951
EV000952,PM,TRI_BILLING,TRI-R00523,SUBMITTED,2023-05-16T17:47:00+00:00,2023-05-17T00:52:15+00:00,30634,USD,,false,TRI/SRC/events/00952
EV000953,PM,TRI_BILLING,,PAYMENT_POSTED,2023-05-19T17:18:00+00:00,2023-05-25T11:43:11+00:00,30634,USD,,false,TRI/SRC/events/00953
EV000954,PM,TRI_BILLING,TRI-R00524,SUBMITTED,2022-08-03T16:59:00+00:00,2022-08-04T00:01:36+00:00,11809,USD,,false,TRI/SRC/events/00954
EV000955,PM,TRI_BILLING,,PAYMENT_POSTED,2022-08-16T19:50:00+00:00,2022-08-17T01:54:45+00:00,11809,USD,,false,TRI/SRC/events/00955
EV000956,PM,TRI_BILLING,TRI-R00525,SUBMITTED,2023-05-29T20:28:00+00:00,2023-05-30T01:25:26+00:00,35286,USD,,false,TRI/SRC/events/00956
EV000957,PM,TRI_BILLING,TRI-R00526,SUBMITTED,2023-06-14T20:17:00+00:00,2023-06-16T20:48:25+00:00,43854,USD,,false,TRI/SRC/events/00957
EV000958,PM,TRI_BILLING,,PAYMENT_POSTED,2023-06-26T17:27:00+00:00,2023-06-26T17:44:36+00:00,43854,USD,,false,TRI/SRC/events/00958
EV000959,PM,TRI_BILLING,TRI-R00527,SUBMITTED,2022-10-28T17:39:00+00:00,2022-10-29T01:24:52+00:00,26652,USD,,false,TRI/SRC/events/00959
EV000960,PM,TRI_BILLING,,PAYMENT_POSTED,2022-11-04T17:32:00+00:00,2022-11-07T06:02:30+00:00,26652,USD,,false,TRI/SRC/events/00960
EV000961,PM,TRI_BILLING,TRI-R00528,SUBMITTED,2022-10-26T17:10:00+00:00,2022-10-29T22:23:52+00:00,11796,USD,,false,TRI/SRC/events/00961
EV000962,PM,TRI_BILLING,TRI-R00529,SUBMITTED,2023-06-05T16:27:00+00:00,2023-06-06T23:10:29+00:00,8019,USD,,false,TRI/SRC/events/00962
EV000963,PM,TRI_BILLING,,PAYMENT_POSTED,2023-06-20T14:13:00+00:00,2023-07-07T08:01:32+00:00,8019,USD,,false,TRI/SRC/events/00963
EV000964,PM,TRI_BILLING,TRI-R00530,SUBMITTED,2023-05-29T15:22:00+00:00,2023-05-29T21:07:33+00:00,15703,USD,,false,TRI/SRC/events/00964
EV000965,PM,TRI_BILLING,,PAYMENT_POSTED,2023-06-07T19:26:00+00:00,2023-06-10T17:23:46+00:00,15703,USD,,false,TRI/SRC/events/00965
EV000966,PM,TRI_BILLING,TRI-R00531,SUBMITTED,2023-06-12T14:30:00+00:00,2023-06-12T17:46:14+00:00,12343,USD,,false,TRI/SRC/events/00966
EV000967,PM,TRI_BILLING,,PAYMENT_POSTED,2023-06-15T16:19:00+00:00,2023-06-17T01:09:30+00:00,12343,USD,,false,TRI/SRC/events/00967
EV000968,PM,TRI_BILLING,TRI-R00532,SUBMITTED,2023-05-22T21:18:00+00:00,2023-05-25T14:52:32+00:00,4678,USD,,false,TRI/SRC/events/00968
EV000969,PM,TRI_BILLING,,PAYMENT_POSTED,2023-06-02T15:26:00+00:00,2023-06-07T10:18:02+00:00,4678,USD,,false,TRI/SRC/events/00969
EV000970,PM,TRI_BILLING,TRI-R00532,PAYMENT_REVERSED,2023-06-15T19:37:00+00:00,2023-06-16T01:40:56+00:00,4678,USD,EV000969,false,TRI/SRC/events/00970
EV000971,PM,TRI_BILLING,TRI-R00533,SUBMITTED,2023-09-11T14:12:00+00:00,2023-09-11T16:54:32+00:00,15178,USD,,false,TRI/SRC/events/00971
EV000972,PM,TRI_BILLING,TRI-R00534,CORRECTED,2023-09-18T18:41:00+00:00,2023-09-21T15:13:42+00:00,18498,USD,,false,TRI/SRC/events/00972
EV000973,PM,TRI_BILLING,,PAYMENT_POSTED,2023-09-25T20:30:00+00:00,2023-09-25T22:48:24+00:00,18498,USD,,false,TRI/SRC/events/00973
EV000974,PM,TRI_BILLING,TRI-R00535,SUBMITTED,2023-04-11T20:38:00+00:00,2023-04-11T21:46:22+00:00,22699,USD,,false,TRI/SRC/events/00974
EV000975,PM,TRI_BILLING,TRI-R00536,CORRECTED,2023-04-20T20:47:00+00:00,2023-04-21T21:56:19+00:00,25730,USD,,false,TRI/SRC/events/00975
EV000976,PM,TRI_BILLING,TRI-R00535,VOID_VERSION,2023-04-20T20:47:00+00:00,2023-04-20T21:56:39+00:00,22699,USD,,false,TRI/SRC/events/00976
EV000977,PM,TRI_BILLING,,PAYMENT_POSTED,2023-04-21T19:06:00+00:00,2023-04-22T01:06:09+00:00,25730,USD,,false,TRI/SRC/events/00977
EV000978,PM,TRI_BILLING,TRI-R00537,SUBMITTED,2023-06-22T20:35:00+00:00,2023-08-05T07:09:36+00:00,43451,USD,,false,TRI/SRC/events/00978
EV000979,PM,TRI_BILLING,,PAYMENT_POSTED,2023-07-11T21:16:00+00:00,2023-07-19T15:38:47+00:00,43451,USD,,false,TRI/SRC/events/00979
EV000980,PM,TRI_BILLING,TRI-R00538,SUBMITTED,2023-01-31T15:07:00+00:00,2023-02-13T22:18:20+00:00,17435,USD,,false,TRI/SRC/events/00980
EV000981,PM,TRI_BILLING,,PAYMENT_POSTED,2023-02-10T15:08:00+00:00,2023-02-21T06:51:10+00:00,17435,USD,,false,TRI/SRC/events/00981
EV000982,PM,TRI_BILLING,TRI-R00539,SUBMITTED,2022-08-11T15:50:00+00:00,2022-08-19T23:50:17+00:00,15418,USD,,false,TRI/SRC/events/00982
EV000983,PM,TRI_BILLING,,PAYMENT_POSTED,2022-08-22T20:17:00+00:00,2022-08-23T02:16:36+00:00,15418,USD,,false,TRI/SRC/events/00983
EV000984,PM,TRI_BILLING,TRI-R00540,SUBMITTED,2022-08-09T21:10:00+00:00,2022-08-10T04:44:50+00:00,9450,USD,,false,TRI/SRC/events/00984
EV000985,PM,TRI_BILLING,TRI-R00541,SUBMITTED,2023-03-27T15:52:00+00:00,2023-03-28T21:33:38+00:00,15537,USD,,false,TRI/SRC/events/00985
EV000986,PM,TRI_BILLING,,PAYMENT_POSTED,2023-04-04T15:33:00+00:00,2023-04-04T16:40:53+00:00,15537,USD,,false,TRI/SRC/events/00986
EV000987,PM,TRI_BILLING,TRI-R00542,SUBMITTED,2023-05-02T19:16:00+00:00,2023-05-04T18:00:56+00:00,21047,USD,,false,TRI/SRC/events/00987
EV000988,PM,TRI_BILLING,,PAYMENT_POSTED,2023-05-15T22:14:00+00:00,2023-07-17T23:37:48+00:00,21047,USD,,false,TRI/SRC/events/00988
EV000989,PM,TRI_BILLING,TRI-R00543,SUBMITTED,2022-07-18T17:01:00+00:00,2022-07-23T03:56:22+00:00,11197,USD,,false,TRI/SRC/events/00989
EV000990,PM,TRI_BILLING,,PAYMENT_POSTED,2022-08-15T17:45:00+00:00,2022-08-17T00:27:16+00:00,11197,USD,,false,TRI/SRC/events/00990
EV000991,PM,TRI_BILLING,TRI-R00544,SUBMITTED,2022-09-16T22:07:00+00:00,2022-09-17T01:01:34+00:00,20391,USD,,false,TRI/SRC/events/00991
EV000992,PM,TRI_BILLING,TRI-R00545,CORRECTED,2022-09-23T20:40:00+00:00,2022-09-24T01:34:35+00:00,24953,USD,,false,TRI/SRC/events/00992
EV000993,PM,TRI_BILLING,,PAYMENT_POSTED,2022-10-17T17:58:00+00:00,2022-10-18T00:27:29+00:00,24953,USD,,false,TRI/SRC/events/00993
EV000994,PM,TRI_BILLING,TRI-R00546,SUBMITTED,2022-07-29T17:40:00+00:00,2022-08-04T17:28:11+00:00,14496,USD,,false,TRI/SRC/events/00994
EV000995,PM,TRI_BILLING,,PAYMENT_POSTED,2022-08-17T16:42:00+00:00,2022-08-18T10:14:16+00:00,14496,USD,,false,TRI/SRC/events/00995
EV000996,PM,TRI_BILLING,TRI-R00547,SUBMITTED,2023-07-31T14:28:00+00:00,2023-08-03T23:28:54+00:00,114383,USD,,false,TRI/SRC/events/00996
EV000997,PM,TRI_BILLING,TRI-R00548,SUBMITTED,2023-05-15T18:05:00+00:00,2023-05-20T16:21:35+00:00,9449,USD,,false,TRI/SRC/events/00997
EV000998,PM,TRI_BILLING,,PAYMENT_POSTED,2023-06-06T21:50:00+00:00,2023-06-07T05:33:24+00:00,9449,USD,,false,TRI/SRC/events/00998
EV000999,PM,TRI_BILLING,TRI-R00549,SUBMITTED,2023-07-19T16:11:00+00:00,2023-07-19T19:23:57+00:00,15661,USD,,false,TRI/SRC/events/00999
EV001000,PM,TRI_BILLING,,PAYMENT_POSTED,2023-08-01T19:27:00+00:00,2023-08-05T01:04:28+00:00,15661,USD,,false,TRI/SRC/events/01000
EV001001,PM,TRI_BILLING,TRI-R00550,SUBMITTED,2022-10-28T20:04:00+00:00,2022-11-02T04:18:05+00:00,7121,USD,,false,TRI/SRC/events/01001
EV001002,PM,TRI_BILLING,,PAYMENT_POSTED,2022-11-23T17:35:00+00:00,2022-11-25T20:55:56+00:00,7121,USD,,false,TRI/SRC/events/01002
EV001003,PM,TRI_BILLING,TRI-R00551,SUBMITTED,2022-12-23T21:06:00+00:00,2022-12-30T09:55:21+00:00,3963,USD,,false,TRI/SRC/events/01003
EV001004,PM,TRI_BILLING,,PAYMENT_POSTED,2023-03-14T19:01:00+00:00,2023-03-21T06:05:54+00:00,3963,USD,,false,TRI/SRC/events/01004
EV001005,PM,TRI_BILLING,TRI-R00552,SUBMITTED,2023-02-17T19:10:00+00:00,2023-02-19T12:49:36+00:00,76572,USD,,false,TRI/SRC/events/01005
EV001006,PM,TRI_BILLING,,PAYMENT_POSTED,2023-03-07T21:12:00+00:00,2023-03-09T21:02:32+00:00,76572,USD,,false,TRI/SRC/events/01006
EV001007,PM,TRI_BILLING,TRI-R00553,SUBMITTED,2022-11-24T19:19:00+00:00,2022-11-25T09:03:27+00:00,117819,USD,,false,TRI/SRC/events/01007
EV001008,PM,TRI_BILLING,,PAYMENT_POSTED,2023-01-06T20:16:00+00:00,2023-01-06T21:45:31+00:00,117819,USD,,false,TRI/SRC/events/01008
EV001009,PM,TRI_BILLING,TRI-R00554,SUBMITTED,2023-05-22T16:06:00+00:00,2023-05-29T21:41:08+00:00,14494,USD,,false,TRI/SRC/events/01009
EV001010,PM,TRI_BILLING,,PAYMENT_POSTED,2023-06-12T16:32:00+00:00,2023-06-12T16:52:21+00:00,14494,USD,,false,TRI/SRC/events/01010
EV001011,PM,TRI_BILLING,TRI-R00555,SUBMITTED,2023-05-23T16:04:00+00:00,2023-05-23T20:58:19+00:00,4916,USD,,false,TRI/SRC/events/01011
EV001012,PM,TRI_BILLING,,PAYMENT_POSTED,2023-06-07T14:28:00+00:00,2023-06-07T21:44:15+00:00,4916,USD,,false,TRI/SRC/events/01012
EV001013,PM,TRI_BILLING,TRI-R00556,SUBMITTED,2023-05-30T16:49:00+00:00,2023-05-30T18:33:14+00:00,13110,USD,,false,TRI/SRC/events/01013
EV001014,PM,TRI_BILLING,,PAYMENT_POSTED,2023-06-19T14:57:00+00:00,2023-06-19T20:07:38+00:00,13110,USD,,false,TRI/SRC/events/01014
EV001015,PM,TRI_BILLING,TRI-R00557,SUBMITTED,2023-09-15T14:08:00+00:00,2023-09-15T17:09:40+00:00,40659,USD,,false,TRI/SRC/events/01015
EV001016,PM,TRI_BILLING,,PAYMENT_POSTED,2023-10-02T14:38:00+00:00,2023-10-04T23:34:54+00:00,40659,USD,,false,TRI/SRC/events/01016
EV001017,PM,TRI_BILLING,TRI-R00558,SUBMITTED,2023-03-29T18:23:00+00:00,2023-03-30T01:48:03+00:00,2500,USD,,false,TRI/SRC/events/01017
EV001018,PM,TRI_BILLING,,PAYMENT_POSTED,2023-05-16T14:31:00+00:00,2023-05-16T16:26:23+00:00,2500,USD,,false,TRI/SRC/events/01018
EV001019,PM,TRI_BILLING,TRI-R00559,SUBMITTED,2023-03-13T21:08:00+00:00,2023-03-13T21:59:24+00:00,4478,USD,,false,TRI/SRC/events/01019
EV001020,PM,TRI_BILLING,,PAYMENT_POSTED,2023-04-17T21:54:00+00:00,2023-04-29T14:42:09+00:00,4478,USD,,false,TRI/SRC/events/01020
EV001021,PM,TRI_BILLING,TRI-R00560,SUBMITTED,2023-05-08T14:56:00+00:00,2023-05-13T16:31:09+00:00,3058,USD,,false,TRI/SRC/events/01021
EV001022,PM,TRI_BILLING,,PAYMENT_POSTED,2023-05-29T14:30:00+00:00,2023-06-08T18:43:40+00:00,3058,USD,,false,TRI/SRC/events/01022
EV001023,PM,TRI_BILLING,TRI-R00561,SUBMITTED,2023-01-31T21:05:00+00:00,2023-02-01T02:01:21+00:00,8649,USD,,false,TRI/SRC/events/01023
EV001024,PM,TRI_BILLING,,PAYMENT_POSTED,2023-02-27T23:03:00+00:00,2023-02-28T04:20:43+00:00,8649,USD,,false,TRI/SRC/events/01024
EV001025,PM,TRI_BILLING,TRI-R00562,SUBMITTED,2023-03-17T20:27:00+00:00,2023-03-25T00:41:51+00:00,9388,USD,,false,TRI/SRC/events/01025
EV001026,PM,TRI_BILLING,,PAYMENT_POSTED,2023-03-27T14:38:00+00:00,2023-04-02T20:42:23+00:00,9388,USD,,false,TRI/SRC/events/01026
EV001027,PM,TRI_BILLING,TRI-R00563,SUBMITTED,2023-01-30T18:14:00+00:00,2023-02-04T14:07:21+00:00,93011,USD,,false,TRI/SRC/events/01027
EV001028,PM,TRI_BILLING,TRI-R00564,CORRECTED,2023-02-01T19:04:00+00:00,2023-02-01T22:12:00+00:00,84676,USD,,false,TRI/SRC/events/01028
EV001029,PM,TRI_BILLING,,PAYMENT_POSTED,2023-02-06T19:19:00+00:00,2023-02-09T03:14:05+00:00,84676,USD,,false,TRI/SRC/events/01029
EV001030,PM,TRI_BILLING,TRI-R00565,SUBMITTED,2023-01-30T15:45:00+00:00,2023-02-03T18:42:26+00:00,14388,USD,,false,TRI/SRC/events/01030
EV001031,PM,TRI_BILLING,,PAYMENT_POSTED,2023-04-06T20:17:00+00:00,2023-04-06T22:10:45+00:00,14388,USD,,false,TRI/SRC/events/01031
EV001032,PM,TRI_BILLING,TRI-R00566,SUBMITTED,2023-06-22T19:50:00+00:00,2023-06-25T05:01:53+00:00,13406,USD,,false,TRI/SRC/events/01032
EV001033,PM,TRI_BILLING,,PAYMENT_POSTED,2023-08-04T18:38:00+00:00,2023-08-04T20:13:35+00:00,13406,USD,,false,TRI/SRC/events/01033
EV001034,PM,TRI_BILLING,TRI-R00567,SUBMITTED,2023-01-20T17:14:00+00:00,2023-01-20T20:04:58+00:00,16208,USD,,false,TRI/SRC/events/01034
EV001035,PM,TRI_BILLING,,PAYMENT_POSTED,2023-05-04T19:51:00+00:00,2023-05-06T14:55:06+00:00,16208,USD,,false,TRI/SRC/events/01035
EV001036,PM,TRI_BILLING,TRI-R00568,SUBMITTED,2023-08-07T16:08:00+00:00,2023-08-07T20:17:48+00:00,7886,USD,,false,TRI/SRC/events/01036
EV001037,PM,TRI_BILLING,,PAYMENT_POSTED,2023-08-30T21:53:00+00:00,2023-08-31T04:02:24+00:00,7886,USD,,false,TRI/SRC/events/01037
EV001038,PM,TRI_BILLING,TRI-R00569,SUBMITTED,2023-07-19T15:41:00+00:00,2023-07-19T16:47:26+00:00,7359,USD,,false,TRI/SRC/events/01038
EV001039,PM,TRI_BILLING,,PAYMENT_POSTED,2023-08-03T15:49:00+00:00,2023-08-03T20:33:51+00:00,7359,USD,,false,TRI/SRC/events/01039
EV001040,PM,TRI_BILLING,TRI-R00570,SUBMITTED,2023-06-06T16:17:00+00:00,2023-06-06T16:26:10+00:00,89997,USD,,false,TRI/SRC/events/01040
EV001041,PM,TRI_BILLING,,PAYMENT_POSTED,2023-07-17T19:22:00+00:00,2023-07-18T01:41:44+00:00,89997,USD,,false,TRI/SRC/events/01041
EV001042,PM,TRI_BILLING,TRI-R00571,SUBMITTED,2023-09-11T16:45:00+00:00,2023-09-19T21:59:37+00:00,128297,USD,,false,TRI/SRC/events/01042
EV001043,PM,TRI_BILLING,,PAYMENT_POSTED,2023-10-23T20:40:00+00:00,2023-10-25T05:09:32+00:00,128297,USD,,false,TRI/SRC/events/01043
EV001044,PM,TRI_BILLING,TRI-R00571,PAYMENT_REVERSED,2023-10-25T17:25:00+00:00,2023-10-30T00:24:47+00:00,83198,USD,,false,TRI/SRC/events/01044
EV001045,PM,TRI_BILLING,TRI-R00572,SUBMITTED,2023-07-03T18:06:00+00:00,2023-07-03T20:27:55+00:00,9488,USD,,false,TRI/SRC/events/01045
EV001046,PM,TRI_BILLING,,PAYMENT_POSTED,2023-07-26T18:15:00+00:00,2023-07-27T23:34:15+00:00,9488,USD,,false,TRI/SRC/events/01046
EV001047,PM,TRI_BILLING,TRI-R00573,SUBMITTED,2023-09-11T17:23:00+00:00,2023-09-12T21:11:39+00:00,6772,USD,,false,TRI/SRC/events/01047
EV001048,PM,TRI_BILLING,,PAYMENT_POSTED,2023-10-23T20:19:00+00:00,2023-10-24T01:17:26+00:00,6772,USD,,false,TRI/SRC/events/01048
EV001049,PM,TRI_BILLING,TRI-R00574,SUBMITTED,2023-01-09T18:58:00+00:00,2023-01-15T08:31:01+00:00,3232,USD,,false,TRI/SRC/events/01049
EV001050,PM,TRI_BILLING,,PAYMENT_POSTED,2023-01-25T21:45:00+00:00,2023-01-27T08:18:10+00:00,3232,USD,,false,TRI/SRC/events/01050
EV001051,PM,TRI_BILLING,TRI-R00575,SUBMITTED,2022-08-25T22:06:00+00:00,2022-08-28T11:28:01+00:00,4734,USD,,false,TRI/SRC/events/01051
EV001052,PM,TRI_BILLING,,PAYMENT_POSTED,2022-09-14T18:32:00+00:00,2022-09-14T20:40:02+00:00,4734,USD,,false,TRI/SRC/events/01052
EV001053,PM,TRI_BILLING,TRI-R00576,SUBMITTED,2022-07-06T20:07:00+00:00,2022-07-06T22:38:39+00:00,7413,USD,,false,TRI/SRC/events/01053
EV001054,PM,TRI_BILLING,,PAYMENT_POSTED,2022-07-11T14:56:00+00:00,2022-07-11T20:40:39+00:00,7413,USD,,false,TRI/SRC/events/01054
EV001055,PM,TRI_BILLING,TRI-R00577,SUBMITTED,2023-07-17T17:52:00+00:00,2023-07-19T08:33:07+00:00,21706,USD,,false,TRI/SRC/events/01055
EV001056,PM,TRI_BILLING,TRI-R00578,SUBMITTED,2023-05-19T19:07:00+00:00,2023-05-19T19:23:11+00:00,11867,USD,,false,TRI/SRC/events/01056
EV001057,PM,TRI_BILLING,TRI-R00579,SUBMITTED,2022-10-28T15:20:00+00:00,2022-10-31T09:24:07+00:00,21232,USD,,false,TRI/SRC/events/01057
EV001058,PM,TRI_BILLING,,PAYMENT_POSTED,2022-11-17T23:15:00+00:00,2022-11-20T19:32:31+00:00,21232,USD,,false,TRI/SRC/events/01058
EV001059,PM,TRI_BILLING,TRI-R00580,SUBMITTED,2023-08-15T18:11:00+00:00,2023-08-16T22:50:11+00:00,7346,USD,,false,TRI/SRC/events/01059
EV001060,PM,TRI_BILLING,,PAYMENT_POSTED,2023-09-06T18:57:00+00:00,2023-09-08T18:36:56+00:00,7346,USD,,false,TRI/SRC/events/01060
EV001061,PM,TRI_BILLING,TRI-R00581,SUBMITTED,2023-08-14T18:14:00+00:00,2023-08-19T09:34:20+00:00,7313,USD,,false,TRI/SRC/events/01061
EV001062,PM,TRI_BILLING,TRI-R00582,SUBMITTED,2023-02-24T23:24:00+00:00,2023-02-25T03:08:42+00:00,9589,USD,,false,TRI/SRC/events/01062
EV001063,PM,TRI_BILLING,,PAYMENT_POSTED,2023-03-15T16:45:00+00:00,2023-03-15T17:03:10+00:00,9589,USD,,false,TRI/SRC/events/01063
EV001064,PM,TRI_BILLING,TRI-R00583,SUBMITTED,2023-02-15T22:47:00+00:00,2023-02-24T00:29:17+00:00,18658,USD,,false,TRI/SRC/events/01064
EV001065,PM,TRI_BILLING,,PAYMENT_POSTED,2023-03-02T21:08:00+00:00,2023-03-02T21:24:49+00:00,18658,USD,,false,TRI/SRC/events/01065
EV001066,PM,TRI_BILLING,TRI-R00584,SUBMITTED,2023-02-13T21:43:00+00:00,2023-02-13T22:26:50+00:00,7381,USD,,false,TRI/SRC/events/01066
EV001067,PM,TRI_BILLING,TRI-R00585,SUBMITTED,2022-11-15T18:58:00+00:00,2022-11-16T01:35:48+00:00,6803,USD,,false,TRI/SRC/events/01067
EV001068,PM,TRI_BILLING,TRI-R00585,CLOSED_NO_PAYMENT,2023-03-10T20:22:00+00:00,2023-03-10T23:16:53+00:00,,,,true,TRI/SRC/events/01068
EV001069,PM,TRI_BILLING,TRI-R00586,SUBMITTED,2023-02-17T16:43:00+00:00,2023-02-17T17:32:07+00:00,12976,USD,,false,TRI/SRC/events/01069
EV001070,PM,TRI_BILLING,,PAYMENT_POSTED,2023-03-22T22:52:00+00:00,2023-03-23T23:00:29+00:00,12976,USD,,false,TRI/SRC/events/01070
EV001071,PM,TRI_BILLING,TRI-R00587,SUBMITTED,2022-08-24T20:29:00+00:00,2022-08-27T22:09:39+00:00,6287,USD,,false,TRI/SRC/events/01071
EV001072,PM,TRI_BILLING,,PAYMENT_POSTED,2022-09-16T19:25:00+00:00,2022-09-17T13:51:24+00:00,6287,USD,,false,TRI/SRC/events/01072
EV001073,PM,TRI_BILLING,TRI-R00588,SUBMITTED,2022-08-22T20:30:00+00:00,2022-09-06T22:13:29+00:00,16296,USD,,false,TRI/SRC/events/01073
EV001074,PM,TRI_BILLING,TRI-R00589,SUBMITTED,2022-12-22T23:55:00+00:00,2022-12-23T06:03:48+00:00,121821,USD,,false,TRI/SRC/events/01074
EV001075,PM,TRI_BILLING,,PAYMENT_POSTED,2023-01-16T21:57:00+00:00,2023-01-17T02:35:15+00:00,121821,USD,,false,TRI/SRC/events/01075
EV001076,PM,TRI_BILLING,TRI-R00590,SUBMITTED,2023-03-29T22:07:00+00:00,2023-03-31T08:02:55+00:00,9795,USD,,false,TRI/SRC/events/01076
EV001077,PM,TRI_BILLING,,PAYMENT_POSTED,2023-04-26T16:42:00+00:00,2023-04-27T16:58:57+00:00,9795,USD,,false,TRI/SRC/events/01077
EV001078,PM,TRI_BILLING,TRI-R00591,SUBMITTED,2023-09-11T15:25:00+00:00,2023-09-13T17:14:22+00:00,95418,USD,,false,TRI/SRC/events/01078
EV001079,PM,TRI_BILLING,,PAYMENT_POSTED,2023-09-22T22:43:00+00:00,2023-09-23T02:04:53+00:00,95418,USD,,false,TRI/SRC/events/01079
EV001080,PM,TRI_BILLING,TRI-R00592,SUBMITTED,2022-09-20T22:27:00+00:00,2022-09-21T02:41:43+00:00,15056,USD,,false,TRI/SRC/events/01080
EV001081,PM,TRI_BILLING,,PAYMENT_POSTED,2022-11-18T17:38:00+00:00,2022-11-19T00:02:26+00:00,15056,USD,,false,TRI/SRC/events/01081
EV001082,PM,TRI_BILLING,TRI-R00593,SUBMITTED,2022-09-19T20:43:00+00:00,2022-09-22T08:41:02+00:00,13381,USD,,false,TRI/SRC/events/01082
EV001083,PM,TRI_BILLING,TRI-R00594,SUBMITTED,2023-04-14T20:18:00+00:00,2023-04-14T21:37:57+00:00,8264,USD,,false,TRI/SRC/events/01083
EV001084,PM,TRI_BILLING,,PAYMENT_POSTED,2023-04-27T14:13:00+00:00,2023-05-03T05:54:04+00:00,8264,USD,,false,TRI/SRC/events/01084
EV001085,PM,TRI_BILLING,TRI-R00595,SUBMITTED,2022-12-19T17:11:00+00:00,2022-12-19T22:46:03+00:00,51702,USD,,false,TRI/SRC/events/01085
EV001086,PM,TRI_BILLING,TRI-R00596,CORRECTED,2022-12-23T18:15:00+00:00,2022-12-25T14:02:38+00:00,44858,USD,,false,TRI/SRC/events/01086
EV001087,PM,TRI_BILLING,,PAYMENT_POSTED,2023-01-12T22:38:00+00:00,2023-01-15T01:35:50+00:00,44858,USD,,false,TRI/SRC/events/01087
EV001088,PM,TRI_BILLING,TRI-R00597,SUBMITTED,2023-03-06T15:04:00+00:00,2023-03-06T17:17:16+00:00,46239,USD,,false,TRI/SRC/events/01088
EV001089,PM,TRI_BILLING,,PAYMENT_POSTED,2023-04-10T15:15:00+00:00,2023-04-14T02:11:21+00:00,46239,USD,,false,TRI/SRC/events/01089
EV001090,PM,TRI_BILLING,TRI-R00598,SUBMITTED,2023-03-02T20:03:00+00:00,2023-03-05T21:53:13+00:00,7179,USD,,false,TRI/SRC/events/01090
EV001091,PM,TRI_BILLING,TRI-R00599,SUBMITTED,2023-01-04T23:26:00+00:00,2023-01-05T00:12:42+00:00,9746,USD,,false,TRI/SRC/events/01091
EV001092,PM,TRI_BILLING,,PAYMENT_POSTED,2023-01-31T21:00:00+00:00,2023-02-01T00:18:32+00:00,9746,USD,,false,TRI/SRC/events/01092
EV001093,PM,TRI_BILLING,TRI-R00600,SUBMITTED,2023-05-08T14:45:00+00:00,2023-05-23T05:44:49+00:00,97594,USD,,false,TRI/SRC/events/01093
EV001094,PM,TRI_BILLING,TRI-R00600,CLOSED_NO_PAYMENT,2023-09-04T22:02:00+00:00,2023-09-15T15:28:01+00:00,,,,true,TRI/SRC/events/01094
EV001095,PM,TRI_BILLING,TRI-R00601,SUBMITTED,2023-09-25T17:32:00+00:00,2023-09-25T19:28:50+00:00,211390,USD,,false,TRI/SRC/events/01095
EV001096,PM,TRI_BILLING,,PAYMENT_POSTED,2023-10-11T14:12:00+00:00,2023-10-13T09:02:14+00:00,211390,USD,,false,TRI/SRC/events/01096
EV001097,PM,TRI_BILLING,TRI-R00602,SUBMITTED,2023-08-21T14:55:00+00:00,2023-08-26T02:24:53+00:00,21168,USD,,false,TRI/SRC/events/01097
EV001098,PM,TRI_BILLING,,PAYMENT_POSTED,2023-09-18T20:25:00+00:00,2023-09-19T02:02:47+00:00,21168,USD,,false,TRI/SRC/events/01098
EV001099,PM,TRI_BILLING,TRI-R00603,SUBMITTED,2023-08-16T15:14:00+00:00,2023-08-19T03:35:33+00:00,9655,USD,,false,TRI/SRC/events/01099
EV001100,PM,TRI_BILLING,TRI-R00604,SUBMITTED,2023-03-23T20:15:00+00:00,2023-03-24T12:15:06+00:00,6771,USD,,false,TRI/SRC/events/01100
EV001101,PM,TRI_BILLING,,PAYMENT_POSTED,2023-04-28T15:50:00+00:00,2023-05-14T13:23:56+00:00,6771,USD,,false,TRI/SRC/events/01101
EV001102,PM,TRI_BILLING,TRI-R00605,SUBMITTED,2023-03-20T18:37:00+00:00,2023-03-20T23:53:11+00:00,13048,USD,,false,TRI/SRC/events/01102
EV001103,PM,TRI_BILLING,TRI-R00604,PAYMENT_REVERSED,2023-05-10T20:50:00+00:00,2023-05-12T22:04:46+00:00,2520,USD,EV001101,false,TRI/SRC/events/01103
EV001104,PM,TRI_BILLING,TRI-R00606,SUBMITTED,2023-02-03T21:08:00+00:00,2023-02-03T21:26:32+00:00,4029,USD,,false,TRI/SRC/events/01104
EV001105,PM,TRI_BILLING,,PAYMENT_POSTED,2023-03-07T16:04:00+00:00,2023-03-07T23:41:35+00:00,4029,USD,,false,TRI/SRC/events/01105
EV001106,PM,TRI_BILLING,TRI-R00606,PAYMENT_REVERSED,2023-03-21T15:48:00+00:00,2023-03-21T17:50:07+00:00,2273,USD,,false,TRI/SRC/events/01106
EV001107,PM,TRI_BILLING,TRI-R00607,SUBMITTED,2022-12-12T18:02:00+00:00,2023-02-14T12:39:27+00:00,9572,USD,,false,TRI/SRC/events/01107
EV001108,PM,TRI_BILLING,TRI-R00607,CLOSED_NO_PAYMENT,2023-01-24T20:32:00+00:00,2023-01-27T23:14:58+00:00,,,,true,TRI/SRC/events/01108
EV001109,PM,TRI_BILLING,TRI-R00608,SUBMITTED,2022-12-20T21:19:00+00:00,2022-12-23T15:00:07+00:00,4372,USD,,false,TRI/SRC/events/01109
EV001110,PM,TRI_BILLING,,PAYMENT_POSTED,2023-01-20T15:19:00+00:00,2023-01-20T19:04:50+00:00,4372,USD,,false,TRI/SRC/events/01110
EV001111,PM,TRI_BILLING,TRI-R00609,SUBMITTED,2023-04-27T21:34:00+00:00,2023-04-27T23:48:35+00:00,6951,USD,,false,TRI/SRC/events/01111
EV001112,PM,TRI_BILLING,TRI-R00610,SUBMITTED,2022-09-29T19:21:00+00:00,2022-10-01T06:14:38+00:00,7274,USD,,false,TRI/SRC/events/01112
EV001113,PM,TRI_BILLING,TRI-R00611,SUBMITTED,2022-11-28T16:48:00+00:00,2022-11-28T18:49:24+00:00,16677,USD,,false,TRI/SRC/events/01113
EV001114,PM,TRI_BILLING,TRI-R00612,CORRECTED,2022-11-29T17:28:00+00:00,2022-12-01T11:55:49+00:00,19610,USD,,false,TRI/SRC/events/01114
EV001115,PM,TRI_BILLING,,PAYMENT_POSTED,2022-12-19T18:00:00+00:00,2022-12-21T16:59:57+00:00,19610,USD,,false,TRI/SRC/events/01115
EV001116,PM,TRI_BILLING,TRI-R00613,SUBMITTED,2023-06-09T14:34:00+00:00,2023-06-09T21:21:25+00:00,10911,USD,,false,TRI/SRC/events/01116
EV001117,PM,TRI_BILLING,,PAYMENT_POSTED,2023-07-03T17:20:00+00:00,2023-07-05T06:41:12+00:00,10911,USD,,false,TRI/SRC/events/01117
EV001118,PM,TRI_BILLING,TRI-R00614,SUBMITTED,2023-06-08T19:25:00+00:00,2023-06-08T21:15:29+00:00,16976,USD,,false,TRI/SRC/events/01118
EV001119,PM,TRI_BILLING,TRI-R00615,SUBMITTED,2023-04-25T20:39:00+00:00,2023-04-29T19:52:58+00:00,3380,USD,,false,TRI/SRC/events/01119
EV001120,PM,TRI_BILLING,,PAYMENT_POSTED,2023-05-10T22:03:00+00:00,2023-05-13T03:01:16+00:00,3380,USD,,false,TRI/SRC/events/01120
EV001121,PM,TRI_BILLING,TRI-R00616,SUBMITTED,2023-03-13T20:32:00+00:00,2023-03-14T00:07:04+00:00,27875,USD,,false,TRI/SRC/events/01121
EV001122,PM,TRI_BILLING,,PAYMENT_POSTED,2023-04-14T19:05:00+00:00,2023-04-15T18:26:46+00:00,27875,USD,,false,TRI/SRC/events/01122
EV001123,PM,TRI_BILLING,TRI-R00617,SUBMITTED,2022-09-19T18:22:00+00:00,2022-09-23T02:22:28+00:00,39734,USD,,false,TRI/SRC/events/01123
EV001124,PM,TRI_BILLING,,PAYMENT_POSTED,2022-10-06T15:55:00+00:00,2022-10-07T21:28:59+00:00,39734,USD,,false,TRI/SRC/events/01124
EV001125,PM,TRI_BILLING,TRI-R00618,SUBMITTED,2023-04-24T19:21:00+00:00,2023-04-24T20:57:06+00:00,43675,USD,,false,TRI/SRC/events/01125
EV001126,PM,TRI_BILLING,TRI-R00619,SUBMITTED,2023-06-05T22:27:00+00:00,2023-06-06T15:28:23+00:00,8556,USD,,false,TRI/SRC/events/01126
EV001127,PM,TRI_BILLING,TRI-R00620,SUBMITTED,2022-11-25T19:08:00+00:00,2022-11-26T06:03:00+00:00,30136,USD,,false,TRI/SRC/events/01127
EV001128,PM,TRI_BILLING,TRI-R00621,CORRECTED,2022-12-05T23:45:00+00:00,2022-12-13T05:36:28+00:00,36998,USD,,false,TRI/SRC/events/01128
EV001129,PM,TRI_BILLING,,PAYMENT_POSTED,2022-12-20T21:43:00+00:00,2022-12-23T09:20:09+00:00,36998,USD,,false,TRI/SRC/events/01129
EV001130,PM,TRI_BILLING,TRI-R00622,SUBMITTED,2023-01-17T17:09:00+00:00,2023-01-17T17:51:43+00:00,89257,USD,,false,TRI/SRC/events/01130
EV001131,PM,TRI_BILLING,,PAYMENT_POSTED,2023-02-01T23:08:00+00:00,2023-02-02T01:21:37+00:00,89257,USD,,false,TRI/SRC/events/01131
EV001132,PM,TRI_BILLING,TRI-R00623,SUBMITTED,2023-05-22T18:19:00+00:00,2023-05-22T20:07:33+00:00,5094,USD,,false,TRI/SRC/events/01132
EV001133,PM,TRI_BILLING,,PAYMENT_POSTED,2023-06-22T21:29:00+00:00,2023-06-26T17:16:16+00:00,5094,USD,,false,TRI/SRC/events/01133
EV001134,PM,TRI_BILLING,TRI-R00624,SUBMITTED,2022-12-15T17:54:00+00:00,2022-12-15T23:25:58+00:00,4931,USD,,false,TRI/SRC/events/01134
EV001135,PM,TRI_BILLING,,PAYMENT_POSTED,2023-01-09T16:39:00+00:00,2023-01-09T21:23:18+00:00,4931,USD,,false,TRI/SRC/events/01135
EV001136,PM,TRI_BILLING,TRI-R00625,SUBMITTED,2023-02-01T16:27:00+00:00,2023-02-07T03:28:46+00:00,18685,USD,,false,TRI/SRC/events/01136
EV001137,PM,TRI_BILLING,,PAYMENT_POSTED,2023-03-01T20:14:00+00:00,2023-03-04T18:45:21+00:00,18685,USD,,false,TRI/SRC/events/01137
EV001138,PM,TRI_BILLING,TRI-R00626,SUBMITTED,2023-06-22T15:39:00+00:00,2023-06-23T16:45:07+00:00,11621,USD,,false,TRI/SRC/events/01138
EV001139,PM,TRI_BILLING,,PAYMENT_POSTED,2023-07-03T15:12:00+00:00,2023-07-10T03:59:06+00:00,11621,USD,,false,TRI/SRC/events/01139
EV001140,PM,TRI_BILLING,TRI-R00627,SUBMITTED,2022-12-05T23:13:00+00:00,2022-12-08T14:06:58+00:00,20623,USD,,false,TRI/SRC/events/01140
EV001141,PM,TRI_BILLING,,PAYMENT_POSTED,2022-12-20T23:08:00+00:00,2022-12-21T02:59:16+00:00,20623,USD,,false,TRI/SRC/events/01141
EV001142,PM,TRI_BILLING,TRI-R00628,SUBMITTED,2022-11-10T16:22:00+00:00,2022-11-13T17:07:06+00:00,12347,USD,,false,TRI/SRC/events/01142
EV001143,PM,TRI_BILLING,,PAYMENT_POSTED,2022-11-23T17:16:00+00:00,2022-11-23T23:48:54+00:00,12347,USD,,false,TRI/SRC/events/01143
EV001144,PM,TRI_BILLING,TRI-R00629,SUBMITTED,2023-08-23T21:38:00+00:00,2023-08-25T23:18:07+00:00,5913,USD,,false,TRI/SRC/events/01144
EV001145,PM,TRI_BILLING,,PAYMENT_POSTED,2023-09-15T18:08:00+00:00,2023-09-15T21:50:29+00:00,5913,USD,,false,TRI/SRC/events/01145
EV001146,PM,TRI_BILLING,TRI-R00630,SUBMITTED,2022-08-01T14:20:00+00:00,2022-08-01T21:12:11+00:00,9743,USD,,false,TRI/SRC/events/01146
EV001147,PM,TRI_BILLING,,PAYMENT_POSTED,2022-08-15T18:51:00+00:00,2022-08-18T00:40:51+00:00,9743,USD,,false,TRI/SRC/events/01147
EV001148,PM,TRI_BILLING,TRI-R00631,SUBMITTED,2022-07-15T19:18:00+00:00,2022-07-19T11:49:55+00:00,5934,USD,,false,TRI/SRC/events/01148
EV001149,PM,TRI_BILLING,,PAYMENT_POSTED,2022-07-25T22:12:00+00:00,2022-07-26T02:38:50+00:00,5934,USD,,false,TRI/SRC/events/01149
EV001150,PM,TRI_BILLING,TRI-R00632,SUBMITTED,2023-03-15T20:48:00+00:00,2023-03-19T19:36:53+00:00,10358,USD,,false,TRI/SRC/events/01150
EV001151,PM,TRI_BILLING,,PAYMENT_POSTED,2023-05-08T19:24:00+00:00,2023-05-19T14:23:50+00:00,10358,USD,,false,TRI/SRC/events/01151
EV001152,PM,TRI_BILLING,TRI-R00633,SUBMITTED,2022-11-03T20:30:00+00:00,2022-11-04T10:08:14+00:00,74753,USD,,false,TRI/SRC/events/01152
EV001153,PM,TRI_BILLING,,PAYMENT_POSTED,2022-11-15T22:39:00+00:00,2022-11-15T23:56:48+00:00,74753,USD,,false,TRI/SRC/events/01153
EV001154,PM,TRI_BILLING,TRI-R00634,SUBMITTED,2023-04-25T20:23:00+00:00,2023-04-26T01:51:59+00:00,8137,USD,,false,TRI/SRC/events/01154
EV001155,PM,TRI_BILLING,,PAYMENT_POSTED,2023-05-08T17:44:00+00:00,2023-05-08T22:39:17+00:00,8137,USD,,false,TRI/SRC/events/01155
EV001156,PM,TRI_BILLING,TRI-R00635,SUBMITTED,2023-01-12T20:42:00+00:00,2023-01-13T03:16:25+00:00,26190,USD,,false,TRI/SRC/events/01156
EV001157,PM,TRI_BILLING,,PAYMENT_POSTED,2023-01-26T20:50:00+00:00,2023-01-26T23:28:53+00:00,26190,USD,,false,TRI/SRC/events/01157
EV001158,PM,TRI_BILLING,TRI-R00636,SUBMITTED,2023-07-28T17:17:00+00:00,2023-07-30T08:03:16+00:00,17936,USD,,false,TRI/SRC/events/01158
EV001159,PM,TRI_BILLING,,PAYMENT_POSTED,2023-09-11T14:24:00+00:00,2023-09-11T19:47:53+00:00,17936,USD,,false,TRI/SRC/events/01159
EV001160,PM,TRI_BILLING,TRI-R00637,SUBMITTED,2023-09-27T21:48:00+00:00,2023-10-02T04:31:14+00:00,36307,USD,,false,TRI/SRC/events/01160
EV001161,PM,TRI_BILLING,TRI-R00638,SUBMITTED,2023-08-07T17:24:00+00:00,2023-08-08T15:07:02+00:00,15510,USD,,false,TRI/SRC/events/01161
EV001163,PM,TRI_BILLING,TRI-R00639,SUBMITTED,2023-04-10T18:11:00+00:00,2023-04-17T00:24:17+00:00,5647,USD,,false,TRI/SRC/events/01163
EV001164,PM,TRI_BILLING,,PAYMENT_POSTED,2023-04-17T18:46:00+00:00,2023-04-20T22:09:17+00:00,5647,USD,,false,TRI/SRC/events/01164
EV001165,PM,TRI_BILLING,TRI-R00640,SUBMITTED,2022-07-25T18:08:00+00:00,2022-07-28T02:50:49+00:00,321064,USD,,false,TRI/SRC/events/01165
EV001166,PM,TRI_BILLING,,PAYMENT_POSTED,2022-08-08T14:39:00+00:00,2022-08-08T22:15:11+00:00,321064,USD,,false,TRI/SRC/events/01166
EV001167,PM,TRI_BILLING,TRI-R00641,SUBMITTED,2023-03-15T22:30:00+00:00,2023-03-16T01:27:02+00:00,16485,USD,,false,TRI/SRC/events/01167
EV001168,PM,TRI_BILLING,,PAYMENT_POSTED,2023-04-10T20:49:00+00:00,2023-04-10T22:01:50+00:00,16485,USD,,false,TRI/SRC/events/01168
EV001169,PM,TRI_BILLING,TRI-R00642,SUBMITTED,2023-07-18T17:05:00+00:00,2023-07-20T14:47:02+00:00,12015,USD,,false,TRI/SRC/events/01169
EV001170,PM,TRI_BILLING,,PAYMENT_POSTED,2023-09-08T21:41:00+00:00,2023-09-17T23:20:34+00:00,12015,USD,,false,TRI/SRC/events/01170
EV001171,PM,TRI_BILLING,TRI-R00643,SUBMITTED,2023-07-14T22:25:00+00:00,2023-07-14T23:38:50+00:00,31625,USD,,false,TRI/SRC/events/01171
EV001172,PM,TRI_BILLING,,PAYMENT_POSTED,2023-08-07T18:13:00+00:00,2023-08-19T10:59:44+00:00,31625,USD,,false,TRI/SRC/events/01172
EV001173,PM,TRI_BILLING,TRI-R00644,SUBMITTED,2023-04-06T20:41:00+00:00,2023-04-16T05:12:51+00:00,7542,USD,,false,TRI/SRC/events/01173
EV001174,PM,TRI_BILLING,,PAYMENT_POSTED,2023-04-17T15:22:00+00:00,2023-04-19T17:50:48+00:00,7542,USD,,false,TRI/SRC/events/01174
EV001175,PM,TRI_BILLING,TRI-R00645,SUBMITTED,2022-12-19T17:26:00+00:00,2022-12-20T10:56:45+00:00,54487,USD,,false,TRI/SRC/events/01175
EV001176,PM,TRI_BILLING,,PAYMENT_POSTED,2023-01-05T19:44:00+00:00,2023-01-08T09:11:57+00:00,54487,USD,,false,TRI/SRC/events/01176
EV001177,PM,TRI_BILLING,TRI-R00646,SUBMITTED,2023-01-24T19:19:00+00:00,2023-02-01T06:18:22+00:00,3256,USD,,false,TRI/SRC/events/01177
EV001178,PM,TRI_BILLING,,PAYMENT_POSTED,2023-02-17T20:34:00+00:00,2023-02-19T21:21:34+00:00,3256,USD,,false,TRI/SRC/events/01178
EV001179,PM,TRI_BILLING,TRI-R00647,SUBMITTED,2023-03-17T21:40:00+00:00,2023-03-18T19:43:28+00:00,95465,USD,,false,TRI/SRC/events/01179
EV001180,PM,TRI_BILLING,,PAYMENT_POSTED,2023-04-24T15:42:00+00:00,2023-05-11T08:33:33+00:00,95465,USD,,false,TRI/SRC/events/01180
EV001181,PM,TRI_BILLING,TRI-R00648,SUBMITTED,2022-09-05T22:46:00+00:00,2022-09-06T01:20:53+00:00,125682,USD,,false,TRI/SRC/events/01181
EV001182,PM,TRI_BILLING,,PAYMENT_POSTED,2022-09-12T17:24:00+00:00,2022-09-12T23:43:17+00:00,125682,USD,,false,TRI/SRC/events/01182
EV001183,PM,TRI_BILLING,TRI-R00649,SUBMITTED,2022-09-01T20:21:00+00:00,2022-09-06T07:35:20+00:00,9279,USD,,false,TRI/SRC/events/01183
EV001184,PM,TRI_BILLING,TRI-R00650,SUBMITTED,2022-11-23T16:35:00+00:00,2022-11-28T15:39:47+00:00,4982,USD,,false,TRI/SRC/events/01184
EV001185,PM,TRI_BILLING,,PAYMENT_POSTED,2022-11-28T22:43:00+00:00,2022-12-01T19:26:50+00:00,4982,USD,,false,TRI/SRC/events/01185
EV001186,PM,TRI_BILLING,TRI-R00651,SUBMITTED,2023-08-14T21:20:00+00:00,2023-08-16T03:48:33+00:00,5090,USD,,false,TRI/SRC/events/01186
EV001187,PM,TRI_BILLING,,PAYMENT_POSTED,2023-08-22T14:18:00+00:00,2023-08-22T14:48:21+00:00,5090,USD,,false,TRI/SRC/events/01187
EV001188,PM,TRI_BILLING,TRI-R00652,SUBMITTED,2023-05-22T17:44:00+00:00,2023-05-29T23:31:58+00:00,7070,USD,,false,TRI/SRC/events/01188
EV001189,PM,TRI_BILLING,,PAYMENT_POSTED,2023-07-12T22:35:00+00:00,2023-07-13T02:19:49+00:00,7070,USD,,false,TRI/SRC/events/01189
EV001190,PM,TRI_BILLING,TRI-R00653,SUBMITTED,2023-04-13T22:49:00+00:00,2023-04-14T00:55:30+00:00,20416,USD,,false,TRI/SRC/events/01190
EV001191,PM,TRI_BILLING,,PAYMENT_POSTED,2023-05-08T20:07:00+00:00,2023-05-09T00:35:19+00:00,20416,USD,,false,TRI/SRC/events/01191
EV001192,PM,TRI_BILLING,TRI-R00654,SUBMITTED,2023-05-26T18:14:00+00:00,2023-05-26T23:55:57+00:00,50542,USD,,false,TRI/SRC/events/01192
EV001193,PM,TRI_BILLING,,PAYMENT_POSTED,2023-06-05T17:22:00+00:00,2023-06-05T19:37:15+00:00,50542,USD,,false,TRI/SRC/events/01193
EV001194,PM,TRI_BILLING,TRI-R00655,SUBMITTED,2023-05-01T21:57:00+00:00,2023-05-04T11:48:36+00:00,19401,USD,,false,TRI/SRC/events/01194
EV001195,PM,TRI_BILLING,,PAYMENT_POSTED,2023-05-08T15:29:00+00:00,2023-05-08T15:42:59+00:00,19401,USD,,false,TRI/SRC/events/01195
EV001196,PM,TRI_BILLING,TRI-R00656,SUBMITTED,2023-05-19T15:45:00+00:00,2023-05-23T20:22:22+00:00,14278,USD,,false,TRI/SRC/events/01196
EV001197,PM,TRI_BILLING,TRI-R00657,CORRECTED,2023-05-30T17:54:00+00:00,2023-05-31T16:09:04+00:00,14228,USD,,false,TRI/SRC/events/01197
EV001198,PM,TRI_BILLING,TRI-R00656,VOID_VERSION,2023-05-30T17:54:00+00:00,2023-06-01T04:31:39+00:00,14278,USD,,false,TRI/SRC/events/01198
EV001199,PM,TRI_BILLING,,PAYMENT_POSTED,2023-06-05T22:24:00+00:00,2023-06-06T05:30:54+00:00,14228,USD,,false,TRI/SRC/events/01199
EV001200,PM,TRI_BILLING,TRI-R00658,SUBMITTED,2023-08-10T20:16:00+00:00,2023-08-10T23:15:31+00:00,28412,USD,,false,TRI/SRC/events/01200
EV001201,PM,TRI_BILLING,,PAYMENT_POSTED,2023-08-23T19:48:00+00:00,2023-08-28T07:48:29+00:00,28412,USD,,false,TRI/SRC/events/01201
EV001202,PM,TRI_BILLING,TRI-R00659,SUBMITTED,2022-10-18T15:02:00+00:00,2022-12-24T19:06:22+00:00,7702,USD,,false,TRI/SRC/events/01202
EV001203,PM,TRI_BILLING,,PAYMENT_POSTED,2022-11-11T19:45:00+00:00,2022-11-11T23:05:05+00:00,7702,USD,,false,TRI/SRC/events/01203
EV001204,PM,TRI_BILLING,TRI-R00660,SUBMITTED,2023-04-17T22:40:00+00:00,2023-04-22T19:32:57+00:00,167103,USD,,false,TRI/SRC/events/01204
EV001205,PM,TRI_BILLING,,PAYMENT_POSTED,2023-05-08T19:22:00+00:00,2023-05-10T09:19:38+00:00,167103,USD,,false,TRI/SRC/events/01205
EV001206,PM,TRI_BILLING,TRI-R00661,SUBMITTED,2022-12-01T22:54:00+00:00,2022-12-02T06:05:41+00:00,3517,USD,,false,TRI/SRC/events/01206
EV001207,PM,TRI_BILLING,,PAYMENT_POSTED,2022-12-26T15:49:00+00:00,2022-12-27T22:43:27+00:00,3517,USD,,false,TRI/SRC/events/01207
EV001208,PM,TRI_BILLING,TRI-R00662,SUBMITTED,2022-11-18T18:44:00+00:00,2022-11-18T19:59:57+00:00,132399,USD,,false,TRI/SRC/events/01208
EV001209,PM,TRI_BILLING,,PAYMENT_POSTED,2023-01-20T21:45:00+00:00,2023-01-22T14:54:01+00:00,132399,USD,,false,TRI/SRC/events/01209
EV001210,PM,TRI_BILLING,TRI-R00663,SUBMITTED,2022-11-15T19:43:00+00:00,2022-11-19T07:07:51+00:00,12679,USD,,false,TRI/SRC/events/01210
EV001211,PM,TRI_BILLING,TRI-R00664,SUBMITTED,2022-09-02T22:43:00+00:00,2022-09-07T19:31:29+00:00,57752,USD,,false,TRI/SRC/events/01211
EV001212,PM,TRI_BILLING,,PAYMENT_POSTED,2022-10-10T22:38:00+00:00,2022-10-13T01:08:36+00:00,57752,USD,,false,TRI/SRC/events/01212
EV001213,PM,TRI_BILLING,TRI-R00665,SUBMITTED,2023-05-08T20:41:00+00:00,2023-05-10T08:11:11+00:00,60751,USD,,false,TRI/SRC/events/01213
EV001214,PM,TRI_BILLING,TRI-R00666,SUBMITTED,2023-02-27T19:28:00+00:00,2023-02-28T00:39:00+00:00,8782,USD,,false,TRI/SRC/events/01214
EV001215,PM,TRI_BILLING,,PAYMENT_POSTED,2023-03-15T21:25:00+00:00,2023-03-15T23:33:26+00:00,8782,USD,,false,TRI/SRC/events/01215
EV001216,PM,TRI_BILLING,TRI-R00667,SUBMITTED,2022-07-13T15:04:00+00:00,2022-07-13T19:57:54+00:00,12195,USD,,false,TRI/SRC/events/01216
EV001217,PM,TRI_BILLING,,PAYMENT_POSTED,2022-07-28T14:15:00+00:00,2022-07-28T18:37:49+00:00,12195,USD,,false,TRI/SRC/events/01217
EV001218,PM,TRI_BILLING,TRI-R00668,SUBMITTED,2023-09-04T18:10:00+00:00,2023-09-05T23:55:30+00:00,20761,USD,,false,TRI/SRC/events/01218
EV001219,PM,TRI_BILLING,TRI-R00669,SUBMITTED,2022-11-23T17:30:00+00:00,2022-11-30T00:02:13+00:00,13850,USD,,false,TRI/SRC/events/01219
EV001220,PM,TRI_BILLING,,PAYMENT_POSTED,2022-12-12T20:17:00+00:00,2022-12-13T20:49:31+00:00,13850,USD,,false,TRI/SRC/events/01220
EV001221,PM,TRI_BILLING,TRI-R00670,SUBMITTED,2022-11-21T15:43:00+00:00,2022-11-22T22:40:20+00:00,14693,USD,,false,TRI/SRC/events/01221
EV001222,PM,TRI_BILLING,TRI-R00671,SUBMITTED,2023-05-18T17:46:00+00:00,2023-05-20T20:17:20+00:00,166653,USD,,false,TRI/SRC/events/01222
EV001223,PM,TRI_BILLING,TRI-R00672,SUBMITTED,2023-02-13T16:57:00+00:00,2023-02-13T20:53:34+00:00,12660,USD,,false,TRI/SRC/events/01223
EV001224,PM,TRI_BILLING,TRI-R00673,CORRECTED,2023-02-20T18:06:00+00:00,2023-02-24T04:16:49+00:00,15177,USD,,false,TRI/SRC/events/01224
EV001225,PM,TRI_BILLING,,PAYMENT_POSTED,2023-02-28T19:37:00+00:00,2023-03-02T13:47:42+00:00,15177,USD,,false,TRI/SRC/events/01225
EV001226,PM,TRI_BILLING,TRI-R00674,SUBMITTED,2023-04-26T21:53:00+00:00,2023-04-27T23:42:08+00:00,14158,USD,,false,TRI/SRC/events/01226
EV001227,PM,TRI_BILLING,TRI-R00675,CORRECTED,2023-05-01T19:26:00+00:00,2023-05-05T08:27:51+00:00,16149,USD,,false,TRI/SRC/events/01227
EV001228,PM,TRI_BILLING,,PAYMENT_POSTED,2023-05-22T16:55:00+00:00,2023-05-22T17:18:18+00:00,16149,USD,,false,TRI/SRC/events/01228
EV001229,PM,TRI_BILLING,TRI-R00676,SUBMITTED,2023-02-07T21:46:00+00:00,2023-02-08T22:40:29+00:00,6334,USD,,false,TRI/SRC/events/01229
EV001230,PM,TRI_BILLING,,PAYMENT_POSTED,2023-03-06T22:24:00+00:00,2023-03-10T12:38:00+00:00,6334,USD,,false,TRI/SRC/events/01230
EV001231,PM,TRI_BILLING,TRI-R00677,SUBMITTED,2023-04-07T19:05:00+00:00,2023-04-08T02:49:16+00:00,30084,USD,,false,TRI/SRC/events/01231
EV001232,PM,TRI_BILLING,,PAYMENT_POSTED,2023-04-18T15:24:00+00:00,2023-05-03T07:26:50+00:00,30084,USD,,false,TRI/SRC/events/01232
EV001233,PM,TRI_BILLING,TRI-R00678,SUBMITTED,2023-08-28T22:05:00+00:00,2023-09-01T15:31:49+00:00,13745,USD,,false,TRI/SRC/events/01233
EV001234,PM,TRI_BILLING,,PAYMENT_POSTED,2023-09-14T16:27:00+00:00,2023-09-14T20:44:07+00:00,13745,USD,,false,TRI/SRC/events/01234
EV001235,PM,TRI_BILLING,TRI-R00679,SUBMITTED,2023-01-13T19:35:00+00:00,2023-01-14T13:32:43+00:00,10651,USD,,false,TRI/SRC/events/01235
EV001236,PM,TRI_BILLING,,PAYMENT_POSTED,2023-01-24T19:25:00+00:00,2023-01-25T03:14:57+00:00,10651,USD,,false,TRI/SRC/events/01236
EV001237,PM,TRI_BILLING,TRI-R00680,SUBMITTED,2022-10-10T20:31:00+00:00,2022-10-11T01:24:31+00:00,34278,USD,,false,TRI/SRC/events/01237
EV001238,PM,TRI_BILLING,,PAYMENT_POSTED,2022-10-27T14:07:00+00:00,2022-10-27T15:47:15+00:00,34278,EUR,,false,TRI/SRC/events/01238
EV001239,PM,TRI_BILLING,TRI-R00681,SUBMITTED,2023-01-30T18:13:00+00:00,2023-02-02T17:51:05+00:00,11770,USD,,false,TRI/SRC/events/01239
EV001240,PM,TRI_BILLING,,PAYMENT_POSTED,2023-02-27T18:50:00+00:00,2023-02-28T01:06:48+00:00,11770,USD,,false,TRI/SRC/events/01240
EV001241,PM,TRI_BILLING,TRI-R00682,SUBMITTED,2023-04-21T22:12:00+00:00,2023-04-22T03:53:28+00:00,71612,USD,,false,TRI/SRC/events/01241
EV001242,PM,TRI_BILLING,,PAYMENT_POSTED,2023-06-26T19:35:00+00:00,2023-07-08T21:16:51+00:00,71612,USD,,false,TRI/SRC/events/01242
EV001243,PM,TRI_BILLING,TRI-R00683,SUBMITTED,2022-08-22T14:07:00+00:00,2022-08-22T17:54:53+00:00,17606,USD,,false,TRI/SRC/events/01243
EV001244,PM,TRI_BILLING,,PAYMENT_POSTED,2022-09-05T19:02:00+00:00,2022-09-05T19:37:44+00:00,17606,USD,,false,TRI/SRC/events/01244
EV001245,PM,TRI_BILLING,TRI-R00684,SUBMITTED,2023-02-06T19:16:00+00:00,2023-02-06T23:54:04+00:00,5710,USD,,false,TRI/SRC/events/01245
EV001246,PM,TRI_BILLING,TRI-R00685,SUBMITTED,2022-07-21T15:09:00+00:00,2022-07-27T07:10:35+00:00,11605,USD,,false,TRI/SRC/events/01246
EV001247,PM,TRI_BILLING,,PAYMENT_POSTED,2022-07-28T14:30:00+00:00,2022-07-28T19:04:03+00:00,11605,USD,,false,TRI/SRC/events/01247
EV001248,PM,TRI_BILLING,TRI-R00686,SUBMITTED,2022-12-13T20:55:00+00:00,2022-12-14T03:36:35+00:00,23981,USD,,false,TRI/SRC/events/01248
EV001249,PM,TRI_BILLING,,PAYMENT_POSTED,2022-12-19T16:41:00+00:00,2022-12-19T17:45:11+00:00,23981,USD,,false,TRI/SRC/events/01249
EV001250,PM,TRI_BILLING,TRI-R00687,SUBMITTED,2023-01-10T21:21:00+00:00,2023-01-29T09:17:31+00:00,5888,USD,,false,TRI/SRC/events/01250
EV001251,PM,TRI_BILLING,TRI-R00688,SUBMITTED,2023-03-31T20:38:00+00:00,2023-04-08T16:11:11+00:00,4499,USD,,false,TRI/SRC/events/01251
EV001252,PM,TRI_BILLING,TRI-R00689,CORRECTED,2023-04-03T14:52:00+00:00,2023-04-06T15:28:18+00:00,4817,USD,,false,TRI/SRC/events/01252
EV001253,PM,TRI_BILLING,,PAYMENT_POSTED,2023-04-13T19:31:00+00:00,2023-04-14T00:29:55+00:00,4817,USD,,false,TRI/SRC/events/01253
EV001254,PM,TRI_BILLING,TRI-R00690,SUBMITTED,2022-12-05T15:41:00+00:00,2022-12-10T15:49:04+00:00,6989,USD,,false,TRI/SRC/events/01254
EV001255,PM,TRI_BILLING,,PAYMENT_POSTED,2023-01-11T16:17:00+00:00,2023-01-11T19:14:41+00:00,6989,USD,,false,TRI/SRC/events/01255
EV001256,PM,TRI_BILLING,TRI-R00691,SUBMITTED,2022-12-05T20:12:00+00:00,2022-12-06T04:11:29+00:00,17830,USD,,false,TRI/SRC/events/01256
EV001257,PM,TRI_BILLING,TRI-R00692,SUBMITTED,2023-07-31T20:25:00+00:00,2023-08-08T14:46:40+00:00,7228,USD,,false,TRI/SRC/events/01257
EV001258,PM,TRI_BILLING,,PAYMENT_POSTED,2023-08-09T20:26:00+00:00,2023-08-10T00:58:29+00:00,7228,USD,,false,TRI/SRC/events/01258
EV001259,PM,TRI_BILLING,TRI-R00693,SUBMITTED,2023-03-06T22:01:00+00:00,2023-03-09T06:04:29+00:00,83139,USD,,false,TRI/SRC/events/01259
EV001260,PM,TRI_BILLING,,PAYMENT_POSTED,2023-03-20T17:45:00+00:00,2023-03-24T05:26:49+00:00,83139,USD,,false,TRI/SRC/events/01260
EV001261,PM,TRI_BILLING,TRI-R00694,SUBMITTED,2023-06-01T20:37:00+00:00,2023-06-06T03:31:33+00:00,3379,USD,,false,TRI/SRC/events/01261
EV001262,PM,TRI_BILLING,,PAYMENT_POSTED,2023-06-12T18:23:00+00:00,2023-06-15T12:20:43+00:00,3379,USD,,false,TRI/SRC/events/01262
EV001263,PM,TRI_BILLING,TRI-R00695,SUBMITTED,2023-05-09T15:45:00+00:00,2023-05-09T17:00:02+00:00,8359,USD,,false,TRI/SRC/events/01263
EV001264,PM,TRI_BILLING,,PAYMENT_POSTED,2023-05-22T22:14:00+00:00,2023-06-12T22:14:00+00:00,8359,USD,,false,TRI/SRC/events/01264
EV001265,PM,TRI_BILLING,TRI-R00696,SUBMITTED,2023-06-02T21:40:00+00:00,2023-06-13T07:03:52+00:00,171212,USD,,false,TRI/SRC/events/01265
EV001266,PM,TRI_BILLING,TRI-R00696,CLOSED_NO_PAYMENT,2023-09-11T21:05:00+00:00,2023-09-15T23:28:29+00:00,,,,true,TRI/SRC/events/01266
EV001267,PM,TRI_BILLING,TRI-R00697,SUBMITTED,2022-07-26T19:29:00+00:00,2022-07-26T21:51:33+00:00,11031,USD,,false,TRI/SRC/events/01267
EV001268,PM,TRI_BILLING,,PAYMENT_POSTED,2022-08-04T17:53:00+00:00,2022-08-06T12:12:11+00:00,11031,USD,,false,TRI/SRC/events/01268
EV001269,PM,TRI_BILLING,TRI-R00698,SUBMITTED,2022-12-21T17:33:00+00:00,2022-12-23T17:54:18+00:00,7382,USD,,false,TRI/SRC/events/01269
EV001270,PM,TRI_BILLING,,PAYMENT_POSTED,2023-02-14T23:16:00+00:00,2023-02-18T09:59:50+00:00,7382,USD,,false,TRI/SRC/events/01270
EV001271,PM,TRI_BILLING,TRI-R00699,SUBMITTED,2023-04-03T14:48:00+00:00,2023-04-03T17:24:19+00:00,25788,USD,,false,TRI/SRC/events/01271
EV001272,PM,TRI_BILLING,TRI-R00699,CLOSED_NO_PAYMENT,2023-06-06T18:21:00+00:00,2023-06-06T23:12:09+00:00,,EUR,,true,TRI/SRC/events/01272
EV001273,PM,TRI_BILLING,TRI-R00700,SUBMITTED,2022-08-04T19:34:00+00:00,2022-08-06T10:05:50+00:00,5597,USD,,false,TRI/SRC/events/01273
EV001274,PM,TRI_BILLING,TRI-R00701,CORRECTED,2022-08-08T16:27:00+00:00,2022-08-12T05:12:57+00:00,4778,USD,,false,TRI/SRC/events/01274
EV001275,PM,TRI_BILLING,TRI-R00700,VOID_VERSION,2022-08-08T16:27:00+00:00,2022-08-09T18:05:02+00:00,5597,USD,,false,TRI/SRC/events/01275
EV001276,PM,TRI_BILLING,,PAYMENT_POSTED,2022-10-20T20:04:00+00:00,2022-10-30T14:54:27+00:00,4778,USD,,false,TRI/SRC/events/01276
EV001277,PM,TRI_BILLING,TRI-R00702,SUBMITTED,2022-11-01T22:20:00+00:00,2022-11-02T04:00:28+00:00,19456,USD,,false,TRI/SRC/events/01277
EV001278,PM,TRI_BILLING,,PAYMENT_POSTED,2022-11-11T15:04:00+00:00,2022-11-11T16:09:26+00:00,19456,USD,,false,TRI/SRC/events/01278
EV001279,PM,TRI_BILLING,TRI-R00703,SUBMITTED,2022-12-26T18:16:00+00:00,2022-12-26T23:33:56+00:00,14742,USD,,false,TRI/SRC/events/01279
EV001280,PM,TRI_BILLING,,PAYMENT_POSTED,2023-01-16T20:40:00+00:00,2023-01-17T04:08:39+00:00,14742,USD,,false,TRI/SRC/events/01280
EV001281,PM,TRI_BILLING,TRI-R00704,SUBMITTED,2023-07-07T16:25:00+00:00,2023-07-09T01:20:23+00:00,37700,EUR,,false,TRI/SRC/events/01281
EV001282,PM,TRI_BILLING,,PAYMENT_POSTED,2023-08-16T18:41:00+00:00,2023-08-16T20:16:42+00:00,37700,USD,,false,TRI/SRC/events/01282
EV001283,PM,TRI_BILLING,TRI-R00705,SUBMITTED,2022-11-11T17:27:00+00:00,2022-11-12T16:20:54+00:00,6924,USD,,false,TRI/SRC/events/01283
EV001284,PM,TRI_BILLING,,PAYMENT_POSTED,2022-12-01T18:14:00+00:00,2022-12-02T20:46:11+00:00,6924,USD,,false,TRI/SRC/events/01284
EV001285,PM,TRI_BILLING,TRI-R00706,SUBMITTED,2023-09-11T16:48:00+00:00,2023-09-27T17:55:18+00:00,15886,USD,,false,TRI/SRC/events/01285
EV001286,PM,TRI_BILLING,,PAYMENT_POSTED,2023-09-21T14:53:00+00:00,2023-09-21T22:01:40+00:00,15886,USD,,false,TRI/SRC/events/01286
EV001287,PM,TRI_BILLING,TRI-R00707,SUBMITTED,2023-09-11T14:21:00+00:00,2023-09-15T08:50:54+00:00,19375,USD,,false,TRI/SRC/events/01287
EV001289,PM,TRI_BILLING,TRI-R00708,SUBMITTED,2023-06-26T15:53:00+00:00,2023-06-26T19:23:51+00:00,7052,USD,,false,TRI/SRC/events/01289
EV001290,PM,TRI_BILLING,,PAYMENT_POSTED,2023-07-10T18:13:00+00:00,2023-07-12T23:13:58+00:00,7052,USD,,false,TRI/SRC/events/01290
EV001291,PM,TRI_BILLING,TRI-R00709,SUBMITTED,2023-07-12T17:17:00+00:00,2023-07-12T17:45:55+00:00,26894,USD,,false,TRI/SRC/events/01291
EV001292,PM,TRI_BILLING,,PAYMENT_POSTED,2023-07-25T17:31:00+00:00,2023-07-28T16:54:59+00:00,26894,USD,,false,TRI/SRC/events/01292
EV001293,PM,TRI_BILLING,TRI-R00710,SUBMITTED,2022-08-24T22:38:00+00:00,2022-08-25T01:48:48+00:00,7539,EUR,,false,TRI/SRC/events/01293
EV001294,PM,TRI_BILLING,TRI-R00711,CORRECTED,2022-08-29T20:46:00+00:00,2022-08-31T11:03:37+00:00,7624,USD,,false,TRI/SRC/events/01294
EV001295,PM,TRI_BILLING,TRI-R00710,VOID_VERSION,2022-08-29T20:46:00+00:00,2022-09-01T15:22:14+00:00,7539,USD,,false,TRI/SRC/events/01295
EV001296,PM,TRI_BILLING,,PAYMENT_POSTED,2022-09-15T20:10:00+00:00,2022-09-26T00:09:13+00:00,7624,USD,,false,TRI/SRC/events/01296
EV001297,PM,TRI_BILLING,TRI-R00711,PAYMENT_REVERSED,2022-09-19T14:34:00+00:00,2022-09-22T00:35:49+00:00,6030,USD,EV001296,false,TRI/SRC/events/01297
EV001298,PM,TRI_BILLING,TRI-R00712,SUBMITTED,2022-10-28T19:49:00+00:00,2022-10-30T00:15:56+00:00,4439,USD,,false,TRI/SRC/events/01298
EV001299,PM,TRI_BILLING,,PAYMENT_POSTED,2022-11-30T18:43:00+00:00,2022-12-07T10:17:37+00:00,4439,USD,,false,TRI/SRC/events/01299
EV001300,PM,TRI_BILLING,TRI-R00713,SUBMITTED,2023-05-08T21:47:00+00:00,2023-05-13T16:14:19+00:00,13797,USD,,false,TRI/SRC/events/01300
EV001301,PM,TRI_BILLING,,PAYMENT_POSTED,2023-05-22T16:03:00+00:00,2023-05-24T13:17:56+00:00,13797,USD,,false,TRI/SRC/events/01301
EV001302,PM,TRI_BILLING,TRI-R00714,SUBMITTED,2023-09-08T14:07:00+00:00,2023-09-09T05:02:49+00:00,9450,USD,,false,TRI/SRC/events/01302
EV001303,PM,TRI_BILLING,,PAYMENT_POSTED,2023-09-13T20:58:00+00:00,2023-09-16T04:28:41+00:00,9450,USD,,false,TRI/SRC/events/01303
EV001304,PM,TRI_BILLING,TRI-R00715,SUBMITTED,2023-08-21T18:44:00+00:00,2023-08-21T22:06:17+00:00,19403,USD,,false,TRI/SRC/events/01304
EV001305,PM,TRI_BILLING,,PAYMENT_POSTED,2023-09-13T16:24:00+00:00,2023-09-13T18:33:42+00:00,19403,USD,,false,TRI/SRC/events/01305
EV001306,PM,TRI_BILLING,TRI-R00716,SUBMITTED,2023-09-04T17:46:00+00:00,2023-09-06T10:05:12+00:00,19055,USD,,false,TRI/SRC/events/01306
EV001307,PM,TRI_BILLING,TRI-R00717,SUBMITTED,2022-11-24T15:52:00+00:00,2022-11-24T20:02:17+00:00,12446,USD,,false,TRI/SRC/events/01307
EV001308,PM,TRI_BILLING,,PAYMENT_POSTED,2023-02-06T21:25:00+00:00,2023-02-09T10:31:47+00:00,12446,USD,,false,TRI/SRC/events/01308
EV001309,PM,TRI_BILLING,TRI-R00718,SUBMITTED,2022-09-28T14:39:00+00:00,2022-09-28T15:46:27+00:00,22792,USD,,false,TRI/SRC/events/01309
EV001310,PM,TRI_BILLING,,PAYMENT_POSTED,2022-10-10T15:02:00+00:00,2022-10-10T18:24:41+00:00,22792,USD,,false,TRI/SRC/events/01310
EV001311,PM,TRI_BILLING,TRI-R00719,SUBMITTED,2023-04-19T21:49:00+00:00,2023-04-22T01:07:00+00:00,13284,USD,,false,TRI/SRC/events/01311
EV001312,PM,TRI_BILLING,TRI-R00720,SUBMITTED,2023-05-22T16:00:00+00:00,2023-05-24T18:06:39+00:00,5496,USD,,false,TRI/SRC/events/01312
EV001313,PM,TRI_BILLING,,PAYMENT_POSTED,2023-07-05T20:59:00+00:00,2023-07-07T07:21:07+00:00,5496,USD,,false,TRI/SRC/events/01313
EV001314,PM,TRI_BILLING,TRI-R00721,SUBMITTED,2023-04-10T21:57:00+00:00,2023-04-11T04:07:30+00:00,4432,USD,,false,TRI/SRC/events/01314
EV001315,PM,TRI_BILLING,,PAYMENT_POSTED,2023-04-17T15:55:00+00:00,2023-04-17T17:30:31+00:00,4432,USD,,false,TRI/SRC/events/01315
EV001316,PM,TRI_BILLING,TRI-R00722,SUBMITTED,2022-08-29T15:49:00+00:00,2022-09-02T08:53:16+00:00,9356,USD,,false,TRI/SRC/events/01316
EV001317,PM,TRI_BILLING,,PAYMENT_POSTED,2022-09-21T19:03:00+00:00,2022-09-21T22:41:38+00:00,9356,USD,,false,TRI/SRC/events/01317
EV001318,PM,TRI_BILLING,TRI-R00723,SUBMITTED,2023-02-01T17:03:00+00:00,2023-02-05T21:27:31+00:00,9308,USD,,false,TRI/SRC/events/01318
EV001319,PM,TRI_BILLING,,PAYMENT_POSTED,2023-02-15T17:16:00+00:00,2023-02-15T23:02:37+00:00,9308,USD,,false,TRI/SRC/events/01319
EV001320,PM,TRI_BILLING,TRI-R00724,SUBMITTED,2023-03-16T20:40:00+00:00,2023-03-16T22:47:04+00:00,9588,USD,,false,TRI/SRC/events/01320
EV001321,PM,TRI_BILLING,,PAYMENT_POSTED,2023-03-31T14:33:00+00:00,2023-03-31T21:01:26+00:00,9588,USD,,false,TRI/SRC/events/01321
EV001322,PM,TRI_BILLING,TRI-R00725,SUBMITTED,2022-11-17T17:00:00+00:00,2022-11-17T20:47:09+00:00,5862,USD,,false,TRI/SRC/events/01322
EV001323,PM,TRI_BILLING,,PAYMENT_POSTED,2022-12-13T21:00:00+00:00,2022-12-17T00:26:07+00:00,5862,USD,,false,TRI/SRC/events/01323
EV001324,PM,TRI_BILLING,TRI-R00726,SUBMITTED,2023-03-30T19:18:00+00:00,2023-03-30T23:58:33+00:00,79590,USD,,false,TRI/SRC/events/01324
EV001325,PM,TRI_BILLING,,PAYMENT_POSTED,2023-04-14T22:27:00+00:00,2023-04-16T07:22:21+00:00,79590,USD,,false,TRI/SRC/events/01325
EV001326,PM,TRI_BILLING,TRI-R00727,SUBMITTED,2022-08-12T22:09:00+00:00,2022-08-20T09:05:55+00:00,13834,USD,,false,TRI/SRC/events/01326
EV001327,PM,TRI_BILLING,,PAYMENT_POSTED,2022-08-18T14:12:00+00:00,2022-08-18T14:19:10+00:00,13834,USD,,false,TRI/SRC/events/01327
EV001328,PM,TRI_BILLING,TRI-R00728,SUBMITTED,2022-07-01T15:25:00+00:00,2022-07-05T00:50:04+00:00,7717,USD,,false,TRI/SRC/events/01328
EV001329,PM,TRI_BILLING,,PAYMENT_POSTED,2022-07-21T14:05:00+00:00,2022-07-21T14:45:51+00:00,7717,USD,,false,TRI/SRC/events/01329
EV001330,PM,TRI_BILLING,TRI-R00729,SUBMITTED,2022-11-16T15:29:00+00:00,2022-11-16T17:55:16+00:00,31047,USD,,false,TRI/SRC/events/01330
EV001331,PM,TRI_BILLING,,PAYMENT_POSTED,2022-11-18T19:43:00+00:00,2022-11-23T18:37:47+00:00,31047,USD,,false,TRI/SRC/events/01331
EV001332,PM,TRI_BILLING,TRI-R00730,SUBMITTED,2023-08-03T15:28:00+00:00,2023-08-08T18:03:35+00:00,12967,USD,,false,TRI/SRC/events/01332
EV001333,PM,TRI_BILLING,,PAYMENT_POSTED,2023-08-22T21:41:00+00:00,2023-08-23T04:43:41+00:00,12967,USD,,false,TRI/SRC/events/01333
EV001334,PM,TRI_BILLING,TRI-R00731,SUBMITTED,2023-06-15T15:29:00+00:00,2023-06-15T15:45:58+00:00,61375,USD,,false,TRI/SRC/events/01334
EV001335,PM,TRI_BILLING,,PAYMENT_POSTED,2023-08-15T21:05:00+00:00,2023-08-16T01:20:07+00:00,61375,USD,,false,TRI/SRC/events/01335
EV001336,PM,TRI_BILLING,TRI-R00732,SUBMITTED,2022-11-10T19:16:00+00:00,2022-11-11T02:46:24+00:00,114816,USD,,false,TRI/SRC/events/01336
EV001337,PM,TRI_BILLING,,PAYMENT_POSTED,2022-12-06T15:09:00+00:00,2022-12-06T19:24:25+00:00,114816,USD,,false,TRI/SRC/events/01337
EV001338,PM,TRI_BILLING,TRI-R00733,SUBMITTED,2023-09-07T16:27:00+00:00,2023-09-10T19:59:25+00:00,11163,USD,,false,TRI/SRC/events/01338
EV001339,PM,TRI_BILLING,,PAYMENT_POSTED,2023-10-11T20:21:00+00:00,2023-10-12T00:20:37+00:00,11163,USD,,false,TRI/SRC/events/01339
EV001340,PM,TRI_BILLING,TRI-R00734,SUBMITTED,2023-02-23T21:11:00+00:00,2023-02-23T22:37:20+00:00,15820,USD,,false,TRI/SRC/events/01340
EV001341,PM,TRI_BILLING,TRI-R00734,CLOSED_NO_PAYMENT,2023-04-13T17:31:00+00:00,2023-04-14T01:08:48+00:00,,,,true,TRI/SRC/events/01341
EV001342,PM,TRI_BILLING,TRI-R00735,SUBMITTED,2022-12-06T19:31:00+00:00,2022-12-07T03:01:34+00:00,9825,USD,,false,TRI/SRC/events/01342
EV001343,PM,TRI_BILLING,TRI-R00736,SUBMITTED,2023-09-19T14:46:00+00:00,2023-09-23T05:33:22+00:00,13510,USD,,false,TRI/SRC/events/01343
EV001344,PM,TRI_BILLING,,PAYMENT_POSTED,2023-10-09T14:04:00+00:00,2023-10-11T15:25:49+00:00,13510,USD,,false,TRI/SRC/events/01344
EV001345,PM,TRI_BILLING,TRI-R00737,SUBMITTED,2023-01-16T16:51:00+00:00,2023-01-16T22:21:42+00:00,2728,USD,,false,TRI/SRC/events/01345
EV001346,PM,TRI_BILLING,,PAYMENT_POSTED,2023-01-23T15:37:00+00:00,2023-01-28T03:30:49+00:00,2728,USD,,false,TRI/SRC/events/01346
EV001347,PM,TRI_BILLING,TRI-R00738,SUBMITTED,2023-08-14T20:31:00+00:00,2023-10-05T17:43:03+00:00,12207,USD,,false,TRI/SRC/events/01347
EV001348,PM,TRI_BILLING,,PAYMENT_POSTED,2023-09-21T18:06:00+00:00,2023-09-22T01:25:37+00:00,12207,USD,,false,TRI/SRC/events/01348
EV001349,PM,TRI_BILLING,TRI-R00739,SUBMITTED,2023-06-07T19:57:00+00:00,2023-06-15T22:43:15+00:00,4326,USD,,false,TRI/SRC/events/01349
EV001350,PM,TRI_BILLING,,PAYMENT_POSTED,2023-07-24T19:07:00+00:00,2023-07-24T22:30:53+00:00,4326,USD,,false,TRI/SRC/events/01350
EV001351,PM,TRI_BILLING,TRI-R00740,SUBMITTED,2023-05-29T15:10:00+00:00,2023-06-02T19:47:52+00:00,19307,USD,,false,TRI/SRC/events/01351
EV001352,PM,TRI_BILLING,,PAYMENT_POSTED,2023-06-13T18:02:00+00:00,2023-06-19T02:52:26+00:00,19307,USD,,false,TRI/SRC/events/01352
EV001353,PM,TRI_BILLING,TRI-R00741,SUBMITTED,2023-09-19T21:59:00+00:00,2023-09-20T01:21:35+00:00,32608,USD,,false,TRI/SRC/events/01353
EV001354,PM,TRI_BILLING,TRI-R00742,SUBMITTED,2023-10-02T14:24:00+00:00,2023-10-04T06:06:58+00:00,15582,USD,,false,TRI/SRC/events/01354
EV001355,PM,TRI_BILLING,,PAYMENT_POSTED,2023-10-18T16:11:00+00:00,2023-10-24T17:29:02+00:00,15582,USD,,false,TRI/SRC/events/01355
EV001356,PM,TRI_BILLING,TRI-R00743,SUBMITTED,2022-10-13T14:08:00+00:00,2022-10-14T13:45:49+00:00,94130,EUR,,false,TRI/SRC/events/01356
EV001357,PM,TRI_BILLING,,PAYMENT_POSTED,2022-10-27T19:52:00+00:00,2022-10-27T21:34:26+00:00,94130,USD,,false,TRI/SRC/events/01357
EV001358,PM,TRI_BILLING,TRI-R00744,SUBMITTED,2023-07-14T20:37:00+00:00,2023-07-14T21:46:25+00:00,3309,USD,,false,TRI/SRC/events/01358
EV001359,PM,TRI_BILLING,TRI-R00745,SUBMITTED,2023-01-05T15:16:00+00:00,2023-01-08T13:29:41+00:00,6840,USD,,false,TRI/SRC/events/01359
EV001360,PM,TRI_BILLING,,PAYMENT_POSTED,2023-02-13T16:39:00+00:00,2023-02-13T20:25:30+00:00,6840,USD,,false,TRI/SRC/events/01360
EV001361,PM,TRI_BILLING,TRI-R00746,SUBMITTED,2023-01-10T23:54:00+00:00,2023-01-11T02:05:12+00:00,13390,USD,,false,TRI/SRC/events/01361
EV001362,PM,TRI_BILLING,TRI-R00746,CLOSED_NO_PAYMENT,2023-02-27T20:18:00+00:00,2023-03-10T08:05:30+00:00,,,,true,TRI/SRC/events/01362
EV001363,PM,TRI_BILLING,TRI-R00747,SUBMITTED,2023-08-31T15:12:00+00:00,2023-09-01T18:04:19+00:00,3529,USD,,false,TRI/SRC/events/01363
EV001364,PM,TRI_BILLING,TRI-R00748,SUBMITTED,2023-06-14T22:53:00+00:00,2023-06-18T00:20:31+00:00,81710,USD,,false,TRI/SRC/events/01364
EV001366,PM,TRI_BILLING,TRI-R00749,SUBMITTED,2023-07-10T17:12:00+00:00,2023-07-10T17:29:18+00:00,13986,USD,,false,TRI/SRC/events/01366
EV001367,PM,TRI_BILLING,,PAYMENT_POSTED,2023-07-31T18:59:00+00:00,2023-08-05T07:59:26+00:00,13986,USD,,false,TRI/SRC/events/01367
EV001368,PM,TRI_BILLING,TRI-R00750,SUBMITTED,2023-09-04T21:20:00+00:00,2023-09-05T00:17:00+00:00,3849,USD,,false,TRI/SRC/events/01368
EV001369,PM,TRI_BILLING,,PAYMENT_POSTED,2023-09-21T17:44:00+00:00,2023-09-21T20:52:47+00:00,3849,USD,,false,TRI/SRC/events/01369
EV001370,PM,TRI_BILLING,TRI-R00751,SUBMITTED,2023-08-31T17:26:00+00:00,2023-09-02T21:23:34+00:00,12063,USD,,false,TRI/SRC/events/01370
EV001371,PM,TRI_BILLING,,PAYMENT_POSTED,2023-09-13T18:00:00+00:00,2023-09-14T00:55:46+00:00,12063,USD,,false,TRI/SRC/events/01371
EV001372,PM,TRI_BILLING,TRI-R00752,SUBMITTED,2022-09-19T15:51:00+00:00,2022-09-25T00:17:16+00:00,6413,USD,,false,TRI/SRC/events/01372
EV001373,PM,TRI_BILLING,TRI-R00753,CORRECTED,2022-09-22T20:55:00+00:00,2022-09-23T02:02:14+00:00,7441,USD,,false,TRI/SRC/events/01373
EV001374,PM,TRI_BILLING,,PAYMENT_POSTED,2022-10-03T22:53:00+00:00,2022-10-07T00:40:55+00:00,7441,USD,,false,TRI/SRC/events/01374
EV001375,PM,TRI_BILLING,TRI-R00754,SUBMITTED,2023-06-05T20:01:00+00:00,2023-06-05T23:07:16+00:00,5394,USD,,false,TRI/SRC/events/01375
EV001376,PM,TRI_BILLING,TRI-R00755,SUBMITTED,2022-07-18T18:59:00+00:00,2022-08-08T18:59:00+00:00,38046,USD,,false,TRI/SRC/events/01376
EV001377,PM,TRI_BILLING,,PAYMENT_POSTED,2022-10-06T14:55:00+00:00,2022-10-06T21:14:45+00:00,38046,USD,,false,TRI/SRC/events/01377
EV001378,PM,TRI_BILLING,TRI-R00756,SUBMITTED,2023-03-01T18:18:00+00:00,2023-03-05T04:18:46+00:00,26088,USD,,false,TRI/SRC/events/01378
EV001379,PM,TRI_BILLING,,PAYMENT_POSTED,2023-03-27T15:45:00+00:00,2023-03-27T17:33:18+00:00,26088,USD,,false,TRI/SRC/events/01379
EV001380,PM,TRI_BILLING,TRI-R00757,SUBMITTED,2023-01-02T21:15:00+00:00,2023-01-02T23:19:03+00:00,63141,USD,,false,TRI/SRC/events/01380
EV001381,PM,TRI_BILLING,,PAYMENT_POSTED,2023-02-16T18:55:00+00:00,2023-02-20T03:37:03+00:00,63141,USD,,false,TRI/SRC/events/01381
EV001382,PM,TRI_BILLING,TRI-R00758,SUBMITTED,2023-08-15T16:43:00+00:00,2023-08-15T23:57:36+00:00,40626,USD,,false,TRI/SRC/events/01382
EV001383,PM,TRI_BILLING,,PAYMENT_POSTED,2023-08-31T17:00:00+00:00,2023-08-31T17:21:01+00:00,40626,USD,,false,TRI/SRC/events/01383
EV001384,PM,TRI_BILLING,TRI-R00759,SUBMITTED,2023-04-14T20:51:00+00:00,2023-04-16T15:17:07+00:00,3630,USD,,false,TRI/SRC/events/01384
EV001385,PM,TRI_BILLING,TRI-R00759,CLOSED_NO_PAYMENT,2023-06-23T14:04:00+00:00,2023-07-04T05:11:10+00:00,,,,true,TRI/SRC/events/01385
EV001386,PM,TRI_BILLING,TRI-R00760,SUBMITTED,2023-07-31T19:45:00+00:00,2023-08-03T15:10:04+00:00,243911,USD,,false,TRI/SRC/events/01386
EV001387,PM,TRI_BILLING,,PAYMENT_POSTED,2023-08-30T20:02:00+00:00,2023-08-30T21:07:10+00:00,243911,USD,,false,TRI/SRC/events/01387
EV001388,PM,TRI_BILLING,TRI-R00761,SUBMITTED,2022-07-07T18:04:00+00:00,2022-07-13T23:01:46+00:00,7374,USD,,false,TRI/SRC/events/01388
EV001389,PM,TRI_BILLING,,PAYMENT_POSTED,2022-07-15T18:38:00+00:00,2022-07-17T21:14:26+00:00,7374,USD,,false,TRI/SRC/events/01389
EV001390,PM,TRI_BILLING,TRI-R00762,SUBMITTED,2023-09-05T16:17:00+00:00,2023-09-05T18:32:25+00:00,5703,USD,,false,TRI/SRC/events/01390
EV001391,PM,TRI_BILLING,TRI-R00763,CORRECTED,2023-09-11T15:11:00+00:00,2023-09-11T15:24:49+00:00,5421,USD,,false,TRI/SRC/events/01391
EV001392,PM,TRI_BILLING,,PAYMENT_POSTED,2023-10-17T17:54:00+00:00,2023-10-22T01:47:30+00:00,5421,USD,,false,TRI/SRC/events/01392
EV001393,PM,TRI_BILLING,TRI-R00764,SUBMITTED,2023-04-18T17:16:00+00:00,2023-04-22T19:42:45+00:00,18976,USD,,false,TRI/SRC/events/01393
EV001394,PM,TRI_BILLING,,PAYMENT_POSTED,2023-08-01T19:48:00+00:00,2023-08-02T03:27:38+00:00,18976,USD,,false,TRI/SRC/events/01394
EV001395,PM,TRI_BILLING,TRI-R00765,SUBMITTED,2022-07-06T14:08:00+00:00,2022-07-06T16:59:18+00:00,12888,USD,,false,TRI/SRC/events/01395
EV001396,PM,TRI_BILLING,,PAYMENT_POSTED,2022-08-29T21:23:00+00:00,2022-08-29T23:31:16+00:00,12888,USD,,false,TRI/SRC/events/01396
EV001397,PM,TRI_BILLING,TRI-R00766,SUBMITTED,2023-03-20T19:27:00+00:00,2023-03-20T21:51:40+00:00,13627,USD,,false,TRI/SRC/events/01397
EV001398,PM,TRI_BILLING,,PAYMENT_POSTED,2023-05-22T20:09:00+00:00,2023-05-23T23:55:05+00:00,13627,USD,,false,TRI/SRC/events/01398
EV001399,PM,TRI_BILLING,TRI-R00767,SUBMITTED,2023-03-15T20:16:00+00:00,2023-03-16T16:00:12+00:00,14367,USD,,false,TRI/SRC/events/01399
EV001400,PM,TRI_BILLING,TRI-R00768,SUBMITTED,2023-03-10T16:54:00+00:00,2023-03-11T19:11:39+00:00,5709,USD,,false,TRI/SRC/events/01400
EV001401,PM,TRI_BILLING,,PAYMENT_POSTED,2023-03-29T19:13:00+00:00,2023-04-19T19:13:00+00:00,5709,USD,,false,TRI/SRC/events/01401
EV001403,PM,TRI_BILLING,TRI-R00770,CORRECTED,2022-09-12T19:31:00+00:00,2022-09-12T23:23:38+00:00,4412,USD,,false,TRI/SRC/events/01403
EV001404,PM,TRI_BILLING,,PAYMENT_POSTED,2022-09-19T18:42:00+00:00,2022-09-20T02:28:38+00:00,4412,USD,,false,TRI/SRC/events/01404
EV001405,PM,TRI_BILLING,TRI-R00771,SUBMITTED,2023-06-19T21:38:00+00:00,2023-06-20T09:56:57+00:00,3662,USD,,false,TRI/SRC/events/01405
EV001406,PM,TRI_BILLING,,PAYMENT_POSTED,2023-07-11T17:08:00+00:00,2023-07-11T20:01:12+00:00,3662,USD,,false,TRI/SRC/events/01406
EV001407,PM,TRI_BILLING,TRI-R00772,SUBMITTED,2022-07-18T20:28:00+00:00,2022-07-19T19:05:19+00:00,65261,USD,,false,TRI/SRC/events/01407
EV001408,PM,TRI_BILLING,TRI-R00773,SUBMITTED,2023-07-20T22:17:00+00:00,2023-07-24T23:41:24+00:00,12312,USD,,false,TRI/SRC/events/01408
EV001409,PM,TRI_BILLING,,PAYMENT_POSTED,2023-07-25T15:10:00+00:00,2023-07-25T18:26:29+00:00,12312,USD,,false,TRI/SRC/events/01409
EV001410,PM,TRI_BILLING,TRI-R00774,SUBMITTED,2022-11-14T18:33:00+00:00,2022-11-17T18:54:41+00:00,2500,USD,,false,TRI/SRC/events/01410
EV001411,PM,TRI_BILLING,TRI-R00775,CORRECTED,2022-11-23T18:56:00+00:00,2022-11-25T06:45:40+00:00,2942,USD,,false,TRI/SRC/events/01411
EV001412,PM,TRI_BILLING,,PAYMENT_POSTED,2022-11-21T20:53:00+00:00,2022-11-21T23:19:27+00:00,2942,USD,,false,TRI/SRC/events/01412
EV001413,PM,TRI_BILLING,TRI-R00776,SUBMITTED,2023-06-29T16:25:00+00:00,2023-07-04T11:19:36+00:00,12146,USD,,false,TRI/SRC/events/01413
EV001414,PM,TRI_BILLING,TRI-R00777,CORRECTED,2023-07-03T21:29:00+00:00,2023-07-07T08:15:51+00:00,10642,USD,,false,TRI/SRC/events/01414
EV001415,PM,TRI_BILLING,TRI-R00776,VOID_VERSION,2023-07-03T21:29:00+00:00,2023-07-05T20:04:55+00:00,12146,USD,,false,TRI/SRC/events/01415
EV001416,PM,TRI_BILLING,,PAYMENT_POSTED,2023-08-25T20:17:00+00:00,2023-08-26T03:45:50+00:00,10642,USD,,false,TRI/SRC/events/01416
EV001417,PM,TRI_BILLING,TRI-R00778,SUBMITTED,2023-06-27T16:28:00+00:00,2023-06-27T18:28:29+00:00,8311,USD,,false,TRI/SRC/events/01417
EV001418,PM,TRI_BILLING,TRI-R00777,PAYMENT_REVERSED,2023-09-07T15:57:00+00:00,2023-09-07T18:49:31+00:00,10642,USD,,false,TRI/SRC/events/01418
EV001419,PM,TRI_BILLING,TRI-R00779,SUBMITTED,2023-06-12T16:19:00+00:00,2023-06-14T00:01:17+00:00,4434,USD,,false,TRI/SRC/events/01419
EV001420,PM,TRI_BILLING,,PAYMENT_POSTED,2023-07-03T17:01:00+00:00,2023-07-04T00:02:32+00:00,4434,USD,,false,TRI/SRC/events/01420
EV001421,PM,TRI_BILLING,TRI-R00780,SUBMITTED,2023-03-31T19:42:00+00:00,2023-04-04T04:06:32+00:00,9337,USD,,false,TRI/SRC/events/01421
EV001422,PM,TRI_BILLING,,PAYMENT_POSTED,2023-06-27T16:17:00+00:00,2023-06-27T17:35:51+00:00,9337,USD,,false,TRI/SRC/events/01422
EV001423,PM,TRI_BILLING,TRI-R00781,SUBMITTED,2023-05-19T18:49:00+00:00,2023-05-31T03:01:12+00:00,66577,USD,,false,TRI/SRC/events/01423
EV001424,PM,TRI_BILLING,,PAYMENT_POSTED,2023-05-29T16:19:00+00:00,2023-05-29T23:17:52+00:00,66577,USD,,false,TRI/SRC/events/01424
EV001425,PM,TRI_BILLING,TRI-R00782,SUBMITTED,2023-08-09T18:52:00+00:00,2023-08-09T23:10:36+00:00,6451,USD,,false,TRI/SRC/events/01425
EV001426,PM,TRI_BILLING,TRI-R00782,CLOSED_NO_PAYMENT,2023-09-14T14:48:00+00:00,2023-09-17T22:25:08+00:00,,,,true,TRI/SRC/events/01426
EV001427,PM,TRI_BILLING,TRI-R00783,SUBMITTED,2022-08-15T21:35:00+00:00,2022-08-15T21:57:19+00:00,6902,USD,,false,TRI/SRC/events/01427
EV001429,PM,NDX_BILLING,NDX-R00784,SUBMITTED,2023-08-10T12:42:00+00:00,2023-08-11T05:53:34+00:00,4628,USD,,false,NDX/SRC/events/01429
EV001430,PM,NDX_BILLING,NDX-R00785,SUBMITTED,2022-12-15T16:53:00+00:00,2022-12-16T09:05:04+00:00,133558,USD,,false,NDX/SRC/events/01430
EV001431,PM,NDX_BILLING,,PAYMENT_POSTED,2023-01-02T15:09:00+00:00,2023-01-02T20:02:12+00:00,133558,USD,,false,NDX/SRC/events/01431
EV001432,PM,NDX_BILLING,NDX-R00786,SUBMITTED,2023-02-02T13:04:00+00:00,2023-02-04T09:15:38+00:00,7243,USD,,false,NDX/SRC/events/01432
EV001433,PM,NDX_BILLING,,PAYMENT_POSTED,2023-02-22T19:06:00+00:00,2023-03-05T13:56:52+00:00,7243,USD,,false,NDX/SRC/events/01433
EV001434,PM,NDX_BILLING,NDX-R00787,SUBMITTED,2023-01-23T17:59:00+00:00,2023-01-23T19:54:34+00:00,7891,USD,,false,NDX/SRC/events/01434
EV001435,PM,NDX_BILLING,,PAYMENT_POSTED,2023-02-13T14:15:00+00:00,2023-04-24T10:10:53+00:00,7891,USD,,false,NDX/SRC/events/01435
EV001436,PM,NDX_BILLING,NDX-R00788,SUBMITTED,2022-09-02T20:22:00+00:00,2022-09-03T02:26:50+00:00,79880,USD,,false,NDX/SRC/events/01436
EV001437,PM,NDX_BILLING,NDX-R00789,CORRECTED,2022-09-09T20:04:00+00:00,2022-09-20T09:58:36+00:00,79165,USD,,false,NDX/SRC/events/01437
EV001438,PM,NDX_BILLING,NDX-R00788,VOID_VERSION,2022-09-09T20:04:00+00:00,2022-09-09T20:22:55+00:00,79880,USD,,false,NDX/SRC/events/01438
EV001439,PM,NDX_BILLING,NDX-R00789,CLOSED_NO_PAYMENT,2022-10-10T19:13:00+00:00,2022-10-10T23:33:34+00:00,,,,true,NDX/SRC/events/01439
EV001440,PM,NDX_BILLING,NDX-R00790,SUBMITTED,2022-12-26T17:26:00+00:00,2022-12-29T06:45:06+00:00,4227,USD,,false,NDX/SRC/events/01440
EV001441,PM,NDX_BILLING,,PAYMENT_POSTED,2023-01-20T14:23:00+00:00,2023-01-20T16:34:31+00:00,4227,USD,,false,NDX/SRC/events/01441
EV001442,PM,NDX_BILLING,NDX-R00791,SUBMITTED,2023-02-21T16:15:00+00:00,2023-02-23T04:48:52+00:00,90958,USD,,false,NDX/SRC/events/01442
EV001443,PM,NDX_BILLING,,PAYMENT_POSTED,2023-03-13T17:19:00+00:00,2023-03-13T19:20:08+00:00,90958,USD,,false,NDX/SRC/events/01443
EV001444,PM,NDX_BILLING,NDX-R00792,SUBMITTED,2023-08-16T19:51:00+00:00,2023-08-17T01:31:25+00:00,15519,USD,,false,NDX/SRC/events/01444
EV001445,PM,NDX_BILLING,,PAYMENT_POSTED,2023-09-04T13:03:00+00:00,2023-09-06T18:36:53+00:00,15519,USD,,false,NDX/SRC/events/01445
EV001446,PM,NDX_BILLING,NDX-R00793,SUBMITTED,2022-09-05T14:42:00+00:00,2022-09-05T17:14:31+00:00,7937,USD,,false,NDX/SRC/events/01446
EV001447,PM,NDX_BILLING,,PAYMENT_POSTED,2022-10-24T16:06:00+00:00,2022-10-29T11:36:40+00:00,7937,USD,,false,NDX/SRC/events/01447
EV001448,PM,NDX_BILLING,NDX-R00794,SUBMITTED,2023-05-04T18:13:00+00:00,2023-05-04T23:15:32+00:00,8007,USD,,false,NDX/SRC/events/01448
EV001449,PM,NDX_BILLING,,PAYMENT_POSTED,2023-05-15T18:56:00+00:00,2023-05-17T13:29:56+00:00,8007,USD,,false,NDX/SRC/events/01449
EV001450,PM,NDX_BILLING,NDX-R00795,SUBMITTED,2023-09-18T19:48:00+00:00,2023-09-19T00:04:16+00:00,18591,USD,,false,NDX/SRC/events/01450
EV001452,PM,NDX_BILLING,NDX-R00796,SUBMITTED,2023-04-03T16:50:00+00:00,2023-04-03T21:37:28+00:00,7979,USD,,false,NDX/SRC/events/01452
EV001453,PM,NDX_BILLING,,PAYMENT_POSTED,2023-04-10T15:48:00+00:00,2023-06-25T11:42:54+00:00,7979,USD,,false,NDX/SRC/events/01453
EV001454,PM,NDX_BILLING,NDX-R00797,SUBMITTED,2022-11-30T19:24:00+00:00,2022-12-08T02:35:49+00:00,14047,USD,,false,NDX/SRC/events/01454
EV001455,PM,NDX_BILLING,,PAYMENT_POSTED,2023-01-23T17:42:00+00:00,2023-01-23T20:57:22+00:00,14047,USD,,false,NDX/SRC/events/01455
EV001456,PM,NDX_BILLING,NDX-R00798,SUBMITTED,2022-11-21T16:09:00+00:00,2022-11-22T17:29:06+00:00,4498,USD,,false,NDX/SRC/events/01456
EV001457,PM,NDX_BILLING,,PAYMENT_POSTED,2022-12-02T14:51:00+00:00,2022-12-07T11:27:51+00:00,4498,USD,,false,NDX/SRC/events/01457
EV001458,PM,NDX_BILLING,NDX-R00799,SUBMITTED,2023-02-08T17:51:00+00:00,2023-02-08T21:50:13+00:00,20732,USD,,false,NDX/SRC/events/01458
EV001459,PM,NDX_BILLING,NDX-R00800,CORRECTED,2023-02-20T20:58:00+00:00,2023-02-20T22:24:39+00:00,18103,USD,,false,NDX/SRC/events/01459
EV001460,PM,NDX_BILLING,,PAYMENT_POSTED,2023-02-21T16:41:00+00:00,2023-02-21T20:31:40+00:00,18103,USD,,false,NDX/SRC/events/01460
EV001461,PM,NDX_BILLING,NDX-R00801,SUBMITTED,2023-05-05T16:37:00+00:00,2023-05-05T23:41:23+00:00,24712,USD,,false,NDX/SRC/events/01461
EV001462,PM,NDX_BILLING,NDX-R00802,SUBMITTED,2022-12-15T17:17:00+00:00,2022-12-17T02:49:16+00:00,10584,USD,,false,NDX/SRC/events/01462
EV001463,PM,NDX_BILLING,NDX-R00803,CORRECTED,2022-12-26T18:59:00+00:00,2022-12-26T23:11:27+00:00,10512,USD,,false,NDX/SRC/events/01463
EV001464,PM,NDX_BILLING,NDX-R00804,SUBMITTED,2023-06-30T18:19:00+00:00,2023-07-13T06:23:33+00:00,7506,USD,,false,NDX/SRC/events/01464
EV001465,PM,NDX_BILLING,,PAYMENT_POSTED,2023-07-10T17:29:00+00:00,2023-07-11T01:08:45+00:00,7506,USD,,false,NDX/SRC/events/01465
EV001466,PM,NDX_BILLING,NDX-R00805,SUBMITTED,2023-05-22T17:58:00+00:00,2023-06-12T17:58:00+00:00,26419,USD,,false,NDX/SRC/events/01466
EV001467,PM,NDX_BILLING,NDX-R00805,CLOSED_NO_PAYMENT,2023-09-18T18:47:00+00:00,2023-09-19T08:17:44+00:00,,,,true,NDX/SRC/events/01467
EV001468,PM,NDX_BILLING,NDX-R00806,SUBMITTED,2022-08-08T18:17:00+00:00,2022-08-09T15:57:57+00:00,16531,USD,,false,NDX/SRC/events/01468
EV001469,PM,NDX_BILLING,,PAYMENT_POSTED,2022-08-29T16:26:00+00:00,2022-09-06T17:43:01+00:00,16531,USD,,false,NDX/SRC/events/01469
EV001470,PM,NDX_BILLING,NDX-R00807,SUBMITTED,2023-04-17T20:54:00+00:00,2023-04-18T01:25:10+00:00,34035,USD,,false,NDX/SRC/events/01470
EV001471,PM,NDX_BILLING,,PAYMENT_POSTED,2023-05-29T12:07:00+00:00,2023-06-01T16:43:15+00:00,34035,USD,,false,NDX/SRC/events/01471
EV001472,PM,NDX_BILLING,NDX-R00808,SUBMITTED,2022-08-18T17:29:00+00:00,2022-08-21T10:07:35+00:00,5445,USD,,false,NDX/SRC/events/01472
EV001473,PM,NDX_BILLING,,PAYMENT_POSTED,2022-09-05T19:51:00+00:00,2022-09-08T09:31:10+00:00,5445,USD,,false,NDX/SRC/events/01473
EV001474,PM,NDX_BILLING,NDX-R00809,SUBMITTED,2023-06-05T14:55:00+00:00,2023-06-06T23:38:09+00:00,11905,USD,,false,NDX/SRC/events/01474
EV001475,PM,NDX_BILLING,NDX-R00810,SUBMITTED,2022-12-15T15:27:00+00:00,2022-12-16T09:35:58+00:00,7186,USD,,false,NDX/SRC/events/01475
EV001476,PM,NDX_BILLING,NDX-R00811,CORRECTED,2022-12-19T15:09:00+00:00,2022-12-19T17:04:40+00:00,6264,USD,,false,NDX/SRC/events/01476
EV001477,PM,NDX_BILLING,NDX-R00810,VOID_VERSION,2022-12-19T15:09:00+00:00,2022-12-21T20:29:26+00:00,7186,USD,,false,NDX/SRC/events/01477
EV001478,PM,NDX_BILLING,,PAYMENT_POSTED,2023-01-12T18:56:00+00:00,2023-01-13T03:59:28+00:00,6264,USD,,false,NDX/SRC/events/01478
EV001479,PM,NDX_BILLING,NDX-R00812,SUBMITTED,2023-06-22T12:01:00+00:00,2023-06-25T12:59:28+00:00,4910,USD,,false,NDX/SRC/events/01479
EV001480,PM,NDX_BILLING,,PAYMENT_POSTED,2023-07-10T18:22:00+00:00,2023-07-12T09:06:34+00:00,4910,USD,,false,NDX/SRC/events/01480
EV001481,PM,NDX_BILLING,NDX-R00813,SUBMITTED,2022-08-03T14:10:00+00:00,2022-08-03T21:23:06+00:00,13397,USD,,false,NDX/SRC/events/01481
EV001482,PM,NDX_BILLING,,PAYMENT_POSTED,2022-08-26T17:04:00+00:00,2022-08-26T19:01:26+00:00,13397,USD,,false,NDX/SRC/events/01482
EV001483,PM,NDX_BILLING,NDX-R00814,SUBMITTED,2023-08-28T12:07:00+00:00,2023-08-28T17:37:56+00:00,7167,USD,,false,NDX/SRC/events/01483
EV001484,PM,NDX_BILLING,NDX-R00815,CORRECTED,2023-08-30T15:45:00+00:00,2023-08-31T15:30:02+00:00,7650,USD,,false,NDX/SRC/events/01484
EV001485,PM,NDX_BILLING,,PAYMENT_POSTED,2023-09-15T17:50:00+00:00,2023-09-16T12:31:10+00:00,7650,USD,,false,NDX/SRC/events/01485
EV001486,PM,NDX_BILLING,NDX-R00816,SUBMITTED,2023-08-25T19:45:00+00:00,2023-08-28T02:41:11+00:00,10669,USD,,false,NDX/SRC/events/01486
EV001487,PM,NDX_BILLING,,PAYMENT_POSTED,2023-08-31T20:08:00+00:00,2023-09-01T08:57:55+00:00,10669,USD,,false,NDX/SRC/events/01487
EV001488,PM,NDX_BILLING,NDX-R00817,SUBMITTED,2022-10-07T12:11:00+00:00,2022-10-10T23:34:27+00:00,273022,USD,,false,NDX/SRC/events/01488
EV001489,PM,NDX_BILLING,NDX-R00818,SUBMITTED,2023-05-02T14:52:00+00:00,2023-05-06T23:44:08+00:00,3291,USD,,false,NDX/SRC/events/01489
EV001490,PM,NDX_BILLING,,PAYMENT_POSTED,2023-05-15T15:58:00+00:00,2023-05-21T08:25:30+00:00,3291,USD,,false,NDX/SRC/events/01490
EV001491,PM,NDX_BILLING,NDX-R00819,SUBMITTED,2022-07-05T20:43:00+00:00,2022-07-06T04:23:46+00:00,13345,USD,,false,NDX/SRC/events/01491
EV001492,PM,NDX_BILLING,,PAYMENT_POSTED,2022-07-28T17:50:00+00:00,2022-07-28T22:32:12+00:00,13345,USD,,false,NDX/SRC/events/01492
EV001493,PM,NDX_BILLING,NDX-R00820,SUBMITTED,2022-10-28T12:26:00+00:00,2022-10-28T17:47:31+00:00,36745,USD,,false,NDX/SRC/events/01493
EV001494,PM,NDX_BILLING,,PAYMENT_POSTED,2022-11-07T19:23:00+00:00,2022-11-09T01:36:16+00:00,36745,USD,,false,NDX/SRC/events/01494
EV001495,PM,NDX_BILLING,NDX-R00821,SUBMITTED,2023-03-14T13:58:00+00:00,2023-03-18T20:24:22+00:00,52902,USD,,false,NDX/SRC/events/01495
EV001496,PM,NDX_BILLING,,PAYMENT_POSTED,2023-03-27T12:14:00+00:00,2023-03-30T01:40:17+00:00,52902,USD,,false,NDX/SRC/events/01496
EV001497,PM,NDX_BILLING,NDX-R00822,SUBMITTED,2023-07-24T15:47:00+00:00,2023-08-04T22:54:33+00:00,49525,USD,,false,NDX/SRC/events/01497
EV001498,PM,NDX_BILLING,NDX-R00822,CLOSED_NO_PAYMENT,2023-08-24T19:56:00+00:00,2023-08-24T20:46:44+00:00,,,,true,NDX/SRC/events/01498
EV001499,PM,NDX_BILLING,NDX-R00823,SUBMITTED,2022-12-02T15:04:00+00:00,2022-12-02T15:15:38+00:00,31300,USD,,false,NDX/SRC/events/01499
EV001500,PM,NDX_BILLING,,PAYMENT_POSTED,2022-12-22T19:45:00+00:00,2022-12-23T00:37:24+00:00,31300,USD,,false,NDX/SRC/events/01500
EV001501,PM,NDX_BILLING,NDX-R00824,SUBMITTED,2023-01-05T19:41:00+00:00,2023-01-07T02:35:44+00:00,18689,USD,,false,NDX/SRC/events/01501
EV001502,PM,NDX_BILLING,,PAYMENT_POSTED,2023-01-18T13:21:00+00:00,2023-01-25T08:19:47+00:00,18689,USD,,false,NDX/SRC/events/01502
EV001503,PM,NDX_BILLING,NDX-R00825,SUBMITTED,2023-06-06T12:19:00+00:00,2023-06-17T03:57:03+00:00,4165,USD,,false,NDX/SRC/events/01503
EV001504,PM,NDX_BILLING,NDX-R00826,SUBMITTED,2022-08-17T19:10:00+00:00,2022-08-25T13:33:34+00:00,47085,USD,,false,NDX/SRC/events/01504
EV001505,PM,NDX_BILLING,,PAYMENT_POSTED,2022-08-24T16:45:00+00:00,2022-08-24T21:03:35+00:00,47085,USD,,false,NDX/SRC/events/01505
EV001506,PM,NDX_BILLING,NDX-R00827,SUBMITTED,2023-08-10T18:28:00+00:00,2023-08-16T17:34:46+00:00,66640,USD,,false,NDX/SRC/events/01506
EV001507,PM,NDX_BILLING,,PAYMENT_POSTED,2023-09-01T13:38:00+00:00,2023-09-03T02:11:59+00:00,66640,USD,,false,NDX/SRC/events/01507
EV001508,PM,NDX_BILLING,NDX-R00828,SUBMITTED,2023-03-21T19:42:00+00:00,2023-03-22T01:34:46+00:00,8733,USD,,false,NDX/SRC/events/01508
EV001509,PM,NDX_BILLING,,PAYMENT_POSTED,2023-04-26T19:59:00+00:00,2023-04-28T23:55:26+00:00,8733,USD,,false,NDX/SRC/events/01509
EV001510,PM,NDX_BILLING,NDX-R00829,SUBMITTED,2023-05-22T12:13:00+00:00,2023-05-23T11:23:18+00:00,5757,USD,,false,NDX/SRC/events/01510
EV001511,PM,NDX_BILLING,,PAYMENT_POSTED,2023-06-02T18:45:00+00:00,2023-06-04T03:34:52+00:00,5757,USD,,false,NDX/SRC/events/01511
EV001512,PM,NDX_BILLING,NDX-R00830,SUBMITTED,2022-12-26T21:16:00+00:00,2022-12-27T06:24:00+00:00,15457,USD,,false,NDX/SRC/events/01512
EV001513,PM,NDX_BILLING,,PAYMENT_POSTED,2023-01-26T13:54:00+00:00,2023-01-31T16:24:31+00:00,15457,USD,,false,NDX/SRC/events/01513
EV001514,PM,NDX_BILLING,NDX-R00831,SUBMITTED,2023-01-17T16:14:00+00:00,2023-01-17T17:57:52+00:00,8630,USD,,false,NDX/SRC/events/01514
EV001515,PM,NDX_BILLING,,PAYMENT_POSTED,2023-02-01T15:28:00+00:00,2023-02-01T18:32:31+00:00,8630,USD,,false,NDX/SRC/events/01515
EV001516,PM,NDX_BILLING,NDX-R00832,SUBMITTED,2023-01-16T21:28:00+00:00,2023-01-17T04:57:07+00:00,18344,USD,,false,NDX/SRC/events/01516
EV001517,PM,NDX_BILLING,NDX-R00833,SUBMITTED,2022-08-03T17:40:00+00:00,2022-08-24T17:40:00+00:00,10203,USD,,false,NDX/SRC/events/01517
EV001518,PM,NDX_BILLING,NDX-R00833,CLOSED_NO_PAYMENT,2022-11-24T18:23:00+00:00,2022-12-11T19:44:39+00:00,,,,true,NDX/SRC/events/01518
EV001519,PM,NDX_BILLING,NDX-R00834,SUBMITTED,2023-07-10T19:10:00+00:00,2023-07-11T01:30:04+00:00,15505,USD,,false,NDX/SRC/events/01519
EV001520,PM,NDX_BILLING,,PAYMENT_POSTED,2023-08-03T17:08:00+00:00,2023-08-03T22:03:40+00:00,15505,USD,,false,NDX/SRC/events/01520
EV001521,PM,NDX_BILLING,NDX-R00835,SUBMITTED,2023-01-23T14:34:00+00:00,2023-01-23T22:28:01+00:00,22944,USD,,false,NDX/SRC/events/01521
EV001522,PM,NDX_BILLING,,PAYMENT_POSTED,2023-02-22T17:02:00+00:00,2023-02-23T13:06:17+00:00,22944,USD,,false,NDX/SRC/events/01522
EV001523,PM,NDX_BILLING,NDX-R00836,SUBMITTED,2023-07-27T18:31:00+00:00,2023-07-27T19:33:16+00:00,14752,USD,,false,NDX/SRC/events/01523
EV001524,PM,NDX_BILLING,NDX-R00837,SUBMITTED,2023-04-27T20:03:00+00:00,2023-04-29T19:50:10+00:00,6330,USD,,false,NDX/SRC/events/01524
EV001525,PM,NDX_BILLING,,PAYMENT_POSTED,2023-05-15T13:58:00+00:00,2023-05-18T20:23:44+00:00,6330,USD,,false,NDX/SRC/events/01525
EV001526,PM,NDX_BILLING,NDX-R00838,SUBMITTED,2022-07-04T17:52:00+00:00,2022-07-06T07:31:05+00:00,99731,USD,,false,NDX/SRC/events/01526
EV001527,PM,NDX_BILLING,,PAYMENT_POSTED,2022-07-20T20:06:00+00:00,2022-07-21T03:59:36+00:00,99731,USD,,false,NDX/SRC/events/01527
EV001528,PM,NDX_BILLING,NDX-R00839,SUBMITTED,2022-08-19T17:23:00+00:00,2022-08-31T01:51:18+00:00,71422,USD,,false,NDX/SRC/events/01528
EV001529,PM,NDX_BILLING,,PAYMENT_POSTED,2022-10-10T15:33:00+00:00,2022-10-11T22:43:36+00:00,71422,USD,,false,NDX/SRC/events/01529
EV001530,PM,NDX_BILLING,NDX-R00840,SUBMITTED,2023-05-29T20:04:00+00:00,2023-05-31T12:21:20+00:00,6140,USD,,false,NDX/SRC/events/01530
EV001531,PM,NDX_BILLING,,PAYMENT_POSTED,2023-06-22T18:04:00+00:00,2023-06-24T01:14:12+00:00,6140,USD,,false,NDX/SRC/events/01531
EV001532,PM,NDX_BILLING,NDX-R00841,SUBMITTED,2023-05-29T12:46:00+00:00,2023-05-31T13:34:42+00:00,13543,USD,,false,NDX/SRC/events/01532
EV001533,PM,NDX_BILLING,NDX-R00842,SUBMITTED,2023-08-28T14:22:00+00:00,2023-08-29T06:38:26+00:00,6727,USD,,false,NDX/SRC/events/01533
EV001534,PM,NDX_BILLING,NDX-R00843,CORRECTED,2023-09-08T17:09:00+00:00,2023-09-09T00:26:00+00:00,6867,USD,,false,NDX/SRC/events/01534
EV001535,PM,NDX_BILLING,NDX-R00842,VOID_VERSION,2023-09-08T17:09:00+00:00,2023-09-08T20:11:46+00:00,6727,USD,,false,NDX/SRC/events/01535
EV001536,PM,NDX_BILLING,NDX-R00844,SUBMITTED,2023-01-16T15:34:00+00:00,2023-01-16T23:23:24+00:00,19042,USD,,false,NDX/SRC/events/01536
EV001537,PM,NDX_BILLING,,PAYMENT_POSTED,2023-01-31T14:49:00+00:00,2023-01-31T16:11:58+00:00,19042,USD,,false,NDX/SRC/events/01537
EV001538,PM,NDX_BILLING,NDX-R00845,SUBMITTED,2023-09-11T18:04:00+00:00,2023-09-11T18:58:54+00:00,17768,USD,,false,NDX/SRC/events/01538
EV001539,PM,NDX_BILLING,,PAYMENT_POSTED,2023-09-21T18:48:00+00:00,2023-09-22T12:00:33+00:00,17768,USD,,false,NDX/SRC/events/01539
EV001540,PM,NDX_BILLING,NDX-R00846,SUBMITTED,2023-03-21T16:09:00+00:00,2023-03-29T23:41:19+00:00,4624,USD,,false,NDX/SRC/events/01540
EV001541,PM,NDX_BILLING,,PAYMENT_POSTED,2023-06-01T13:16:00+00:00,2023-06-03T12:19:15+00:00,4624,USD,,false,NDX/SRC/events/01541
EV001542,PM,NDX_BILLING,NDX-R00847,SUBMITTED,2023-09-27T14:28:00+00:00,2023-09-28T11:21:04+00:00,24726,USD,,false,NDX/SRC/events/01542
EV001543,PM,NDX_BILLING,,PAYMENT_POSTED,2023-10-16T12:23:00+00:00,2023-10-18T13:16:02+00:00,24726,USD,,false,NDX/SRC/events/01543
EV001544,PM,NDX_BILLING,NDX-R00848,SUBMITTED,2022-07-12T15:22:00+00:00,2022-07-14T10:10:18+00:00,8287,USD,,false,NDX/SRC/events/01544
EV001545,PM,NDX_BILLING,NDX-R00849,CORRECTED,2022-07-13T18:57:00+00:00,2022-07-13T21:21:37+00:00,7523,USD,,false,NDX/SRC/events/01545
EV001546,PM,NDX_BILLING,,PAYMENT_POSTED,2022-07-28T17:15:00+00:00,2022-10-11T07:18:17+00:00,7523,USD,,false,NDX/SRC/events/01546
EV001547,PM,NDX_BILLING,NDX-R00850,SUBMITTED,2022-09-20T14:20:00+00:00,2022-09-20T21:48:34+00:00,145668,USD,,false,NDX/SRC/events/01547
EV001548,PM,NDX_BILLING,,PAYMENT_POSTED,2022-10-06T12:13:00+00:00,2022-10-10T01:28:12+00:00,145668,USD,,false,NDX/SRC/events/01548
EV001549,PM,NDX_BILLING,NDX-R00851,SUBMITTED,2023-09-11T13:09:00+00:00,2023-09-11T18:19:00+00:00,59642,USD,,false,NDX/SRC/events/01549
EV001550,PM,NDX_BILLING,,PAYMENT_POSTED,2023-11-06T19:49:00+00:00,2023-11-09T02:54:10+00:00,59642,EUR,,false,NDX/SRC/events/01550
EV001551,PM,NDX_BILLING,NDX-R00852,SUBMITTED,2022-07-15T15:27:00+00:00,2022-07-15T23:06:35+00:00,504417,USD,,false,NDX/SRC/events/01551
EV001552,PM,NDX_BILLING,,PAYMENT_POSTED,2022-08-09T13:39:00+00:00,2022-08-10T05:36:21+00:00,504417,USD,,false,NDX/SRC/events/01552
EV001553,PM,NDX_BILLING,NDX-R00853,SUBMITTED,2022-10-03T18:02:00+00:00,2022-10-08T20:33:41+00:00,8592,USD,,false,NDX/SRC/events/01553
EV001554,PM,NDX_BILLING,,PAYMENT_POSTED,2022-10-21T19:54:00+00:00,2022-10-24T01:16:13+00:00,8592,USD,,false,NDX/SRC/events/01554
EV001555,PM,NDX_BILLING,NDX-R00854,SUBMITTED,2023-03-29T16:26:00+00:00,2023-03-29T16:40:22+00:00,88871,USD,,false,NDX/SRC/events/01555
EV001556,PM,NDX_BILLING,,PAYMENT_POSTED,2023-04-05T15:50:00+00:00,2023-04-09T12:29:27+00:00,88871,USD,,false,NDX/SRC/events/01556
EV001557,PM,NDX_BILLING,NDX-R00855,SUBMITTED,2023-02-20T14:06:00+00:00,2023-02-20T18:25:29+00:00,10334,USD,,false,NDX/SRC/events/01557
EV001558,PM,NDX_BILLING,,PAYMENT_POSTED,2023-06-05T15:40:00+00:00,2023-06-06T22:20:36+00:00,10334,USD,,false,NDX/SRC/events/01558
EV001559,PM,NDX_BILLING,NDX-R00856,SUBMITTED,2022-11-08T20:04:00+00:00,2022-11-08T21:02:14+00:00,13151,USD,,false,NDX/SRC/events/01559
EV001560,PM,NDX_BILLING,,PAYMENT_POSTED,2023-02-15T19:20:00+00:00,2023-02-16T00:18:06+00:00,13151,USD,,false,NDX/SRC/events/01560
EV001561,PM,NDX_BILLING,NDX-R00857,SUBMITTED,2022-11-17T19:05:00+00:00,2022-11-18T19:14:50+00:00,132202,USD,,false,NDX/SRC/events/01561
EV001562,PM,NDX_BILLING,,PAYMENT_POSTED,2022-12-01T19:24:00+00:00,2022-12-05T20:32:59+00:00,132202,USD,,false,NDX/SRC/events/01562
EV001563,PM,NDX_BILLING,NDX-R00858,SUBMITTED,2022-11-04T18:59:00+00:00,2022-11-06T14:23:36+00:00,30707,USD,,false,NDX/SRC/events/01563
EV001564,PM,NDX_BILLING,,PAYMENT_POSTED,2023-01-04T21:19:00+00:00,2023-01-21T13:03:34+00:00,30707,USD,,false,NDX/SRC/events/01564
EV001565,PM,NDX_BILLING,NDX-R00859,SUBMITTED,2023-03-10T14:52:00+00:00,2023-03-10T20:54:35+00:00,5031,USD,,false,NDX/SRC/events/01565
EV001566,PM,NDX_BILLING,NDX-R00860,CORRECTED,2023-03-20T15:02:00+00:00,2023-03-20T20:01:13+00:00,5943,USD,,false,NDX/SRC/events/01566
EV001567,PM,NDX_BILLING,NDX-R00860,CLOSED_NO_PAYMENT,2023-07-05T16:25:00+00:00,2023-07-08T13:35:19+00:00,,,,true,NDX/SRC/events/01567
EV001568,PM,NDX_BILLING,NDX-R00861,SUBMITTED,2023-05-15T17:12:00+00:00,2023-05-17T10:20:39+00:00,11865,USD,,false,NDX/SRC/events/01568
EV001569,PM,NDX_BILLING,,PAYMENT_POSTED,2023-06-19T18:38:00+00:00,2023-07-05T16:50:34+00:00,11865,USD,,false,NDX/SRC/events/01569
EV001570,PM,NDX_BILLING,NDX-R00862,SUBMITTED,2023-08-22T20:55:00+00:00,2023-08-25T15:04:36+00:00,22769,USD,,false,NDX/SRC/events/01570
EV001571,PM,NDX_BILLING,NDX-R00863,SUBMITTED,2022-07-20T15:47:00+00:00,2022-07-22T20:10:33+00:00,33259,USD,,false,NDX/SRC/events/01571
EV001572,PM,NDX_BILLING,NDX-R00864,SUBMITTED,2023-06-26T18:37:00+00:00,2023-06-26T20:50:16+00:00,6637,USD,,false,NDX/SRC/events/01572
EV001573,PM,NDX_BILLING,,PAYMENT_POSTED,2023-07-20T18:36:00+00:00,2023-07-20T23:49:58+00:00,6637,USD,,false,NDX/SRC/events/01573
EV001574,PM,NDX_BILLING,NDX-R00865,SUBMITTED,2023-07-25T13:14:00+00:00,2023-07-27T03:44:00+00:00,32353,USD,,false,NDX/SRC/events/01574
EV001575,PM,NDX_BILLING,NDX-R00866,CORRECTED,2023-07-28T20:45:00+00:00,2023-07-30T05:37:56+00:00,27756,USD,,false,NDX/SRC/events/01575
EV001576,PM,NDX_BILLING,NDX-R00865,VOID_VERSION,2023-07-28T20:45:00+00:00,2023-07-29T02:12:24+00:00,32353,USD,,false,NDX/SRC/events/01576
EV001577,PM,NDX_BILLING,,PAYMENT_POSTED,2023-08-21T18:26:00+00:00,2023-08-21T22:21:30+00:00,27756,USD,,false,NDX/SRC/events/01577
EV001578,PM,NDX_BILLING,NDX-R00867,SUBMITTED,2022-07-15T18:51:00+00:00,2022-07-20T02:12:23+00:00,2664,USD,,false,NDX/SRC/events/01578
EV001579,PM,NDX_BILLING,,PAYMENT_POSTED,2022-10-10T17:26:00+00:00,2022-10-13T10:57:11+00:00,2664,USD,,false,NDX/SRC/events/01579
EV001580,PM,NDX_BILLING,NDX-R00868,SUBMITTED,2022-10-18T13:25:00+00:00,2022-10-20T21:36:45+00:00,14359,USD,,false,NDX/SRC/events/01580
EV001581,PM,NDX_BILLING,,PAYMENT_POSTED,2022-12-21T20:59:00+00:00,2022-12-22T01:08:41+00:00,14359,USD,,false,NDX/SRC/events/01581
EV001582,PM,NDX_BILLING,NDX-R00869,SUBMITTED,2023-02-14T15:12:00+00:00,2023-02-15T12:22:04+00:00,8682,USD,,false,NDX/SRC/events/01582
EV001583,PM,NDX_BILLING,,PAYMENT_POSTED,2023-04-04T13:32:00+00:00,2023-04-07T02:40:16+00:00,8682,USD,,false,NDX/SRC/events/01583
EV001584,PM,NDX_BILLING,NDX-R00870,SUBMITTED,2022-07-13T19:18:00+00:00,2022-07-13T21:14:26+00:00,15308,USD,,false,NDX/SRC/events/01584
EV001585,PM,NDX_BILLING,,PAYMENT_POSTED,2022-08-26T20:37:00+00:00,2022-08-27T02:03:50+00:00,15308,USD,,false,NDX/SRC/events/01585
EV001586,PM,NDX_BILLING,NDX-R00871,SUBMITTED,2022-09-06T15:28:00+00:00,2022-09-06T15:38:26+00:00,23586,USD,,false,NDX/SRC/events/01586
EV001587,PM,NDX_BILLING,,PAYMENT_POSTED,2022-10-20T13:19:00+00:00,2022-10-25T13:12:14+00:00,23586,USD,,false,NDX/SRC/events/01587
EV001588,PM,NDX_BILLING,NDX-R00872,SUBMITTED,2023-04-10T15:06:00+00:00,2023-04-14T23:08:40+00:00,46643,USD,,false,NDX/SRC/events/01588
EV001589,PM,NDX_BILLING,,PAYMENT_POSTED,2023-05-08T20:56:00+00:00,2023-05-08T21:06:58+00:00,46643,USD,,false,NDX/SRC/events/01589
EV001590,PM,NDX_BILLING,NDX-R00873,SUBMITTED,2022-07-11T18:11:00+00:00,2022-07-11T19:31:39+00:00,5699,USD,,false,NDX/SRC/events/01590
EV001591,PM,NDX_BILLING,,PAYMENT_POSTED,2022-07-25T19:10:00+00:00,2022-07-26T03:00:45+00:00,5699,USD,,false,NDX/SRC/events/01591
EV001592,PM,NDX_BILLING,NDX-R00874,SUBMITTED,2023-08-17T16:11:00+00:00,2023-08-17T22:06:37+00:00,4802,USD,,false,NDX/SRC/events/01592
EV001593,PM,NDX_BILLING,,PAYMENT_POSTED,2023-08-29T13:31:00+00:00,2023-09-05T15:05:55+00:00,4802,USD,,false,NDX/SRC/events/01593
EV001594,PM,NDX_BILLING,NDX-R00875,SUBMITTED,2023-09-08T15:26:00+00:00,2023-09-14T04:27:36+00:00,10713,USD,,false,NDX/SRC/events/01594
EV001595,PM,NDX_BILLING,,PAYMENT_POSTED,2023-10-09T20:41:00+00:00,2023-10-12T08:55:22+00:00,10713,USD,,false,NDX/SRC/events/01595
EV001596,PM,NDX_BILLING,NDX-R00876,SUBMITTED,2023-09-18T16:36:00+00:00,2023-09-21T11:15:49+00:00,12238,USD,,false,NDX/SRC/events/01596
EV001597,PM,NDX_BILLING,,PAYMENT_POSTED,2023-10-23T18:30:00+00:00,2023-10-25T08:03:08+00:00,12238,USD,,false,NDX/SRC/events/01597
EV001598,PM,NDX_BILLING,NDX-R00877,SUBMITTED,2023-06-02T20:23:00+00:00,2023-06-03T02:51:53+00:00,20992,USD,,false,NDX/SRC/events/01598
EV001599,PM,NDX_BILLING,,PAYMENT_POSTED,2023-06-28T14:26:00+00:00,2023-07-03T19:14:26+00:00,20992,USD,,false,NDX/SRC/events/01599
EV001600,PM,NDX_BILLING,NDX-R00878,SUBMITTED,2022-10-24T20:30:00+00:00,2022-10-25T11:20:39+00:00,20000,USD,,false,NDX/SRC/events/01600
EV001601,PM,NDX_BILLING,,PAYMENT_POSTED,2022-11-02T16:15:00+00:00,2022-11-19T09:11:25+00:00,20000,USD,,false,NDX/SRC/events/01601
EV001602,PM,NDX_BILLING,NDX-R00879,SUBMITTED,2022-08-17T16:31:00+00:00,2022-08-19T13:18:50+00:00,31902,USD,,false,NDX/SRC/events/01602
EV001603,PM,NDX_BILLING,NDX-R00879,CLOSED_NO_PAYMENT,2022-11-11T14:17:00+00:00,2022-11-14T13:16:08+00:00,,,,true,NDX/SRC/events/01603
EV001604,PM,NDX_BILLING,NDX-R00880,SUBMITTED,2023-02-13T16:16:00+00:00,2023-02-14T20:29:10+00:00,4578,USD,,false,NDX/SRC/events/01604
EV001605,PM,NDX_BILLING,,PAYMENT_POSTED,2023-03-08T16:35:00+00:00,2023-03-08T20:48:12+00:00,4578,USD,,false,NDX/SRC/events/01605
EV001606,PM,NDX_BILLING,NDX-R00881,SUBMITTED,2022-07-04T15:29:00+00:00,2022-07-06T10:13:08+00:00,3773,USD,,false,NDX/SRC/events/01606
EV001607,PM,NDX_BILLING,NDX-R00882,SUBMITTED,2023-03-09T18:35:00+00:00,2023-03-10T10:51:15+00:00,4073,USD,,false,NDX/SRC/events/01607
EV001608,PM,NDX_BILLING,,PAYMENT_POSTED,2023-03-22T16:51:00+00:00,2023-04-06T14:03:31+00:00,4073,USD,,false,NDX/SRC/events/01608
EV001609,PM,NDX_BILLING,NDX-R00883,SUBMITTED,2023-07-14T17:38:00+00:00,2023-07-15T22:10:19+00:00,5243,USD,,false,NDX/SRC/events/01609
EV001610,PM,NDX_BILLING,,PAYMENT_POSTED,2023-08-10T17:00:00+00:00,2023-08-13T08:52:19+00:00,5243,USD,,false,NDX/SRC/events/01610
EV001611,PM,NDX_BILLING,NDX-R00884,SUBMITTED,2023-07-11T12:02:00+00:00,2023-07-24T14:16:56+00:00,38961,USD,,false,NDX/SRC/events/01611
EV001612,PM,NDX_BILLING,NDX-R00885,SUBMITTED,2022-09-26T16:25:00+00:00,2022-09-26T21:13:45+00:00,214572,USD,,false,NDX/SRC/events/01612
EV001613,PM,NDX_BILLING,,PAYMENT_POSTED,2022-10-11T14:24:00+00:00,2022-10-11T17:19:53+00:00,214572,USD,,false,NDX/SRC/events/01613
EV001614,PM,NDX_BILLING,NDX-R00886,SUBMITTED,2023-01-09T20:47:00+00:00,2023-01-12T01:56:55+00:00,14246,USD,,false,NDX/SRC/events/01614
EV001615,PM,NDX_BILLING,NDX-R00887,CORRECTED,2023-01-18T18:46:00+00:00,2023-02-08T18:46:00+00:00,15502,USD,,false,NDX/SRC/events/01615
EV001616,PM,NDX_BILLING,NDX-R00886,VOID_VERSION,2023-01-18T18:46:00+00:00,2023-04-03T16:28:05+00:00,14246,USD,,false,NDX/SRC/events/01616
EV001617,PM,NDX_BILLING,,PAYMENT_POSTED,2023-01-30T16:43:00+00:00,2023-02-01T03:51:45+00:00,15502,USD,,false,NDX/SRC/events/01617
EV001618,PM,NDX_BILLING,NDX-R00888,SUBMITTED,2022-08-05T14:23:00+00:00,2022-08-10T23:15:56+00:00,10834,USD,,false,NDX/SRC/events/01618
EV001619,PM,NDX_BILLING,,PAYMENT_POSTED,2022-08-10T15:41:00+00:00,2022-08-10T23:11:58+00:00,10834,USD,,false,NDX/SRC/events/01619
EV001620,PM,NDX_BILLING,NDX-R00889,SUBMITTED,2023-04-18T17:22:00+00:00,2023-04-19T00:08:47+00:00,11038,USD,,false,NDX/SRC/events/01620
EV001621,PM,NDX_BILLING,NDX-R00890,SUBMITTED,2022-12-26T21:20:00+00:00,2023-01-11T11:25:53+00:00,241482,USD,,false,NDX/SRC/events/01621
EV001622,PM,NDX_BILLING,,PAYMENT_POSTED,2022-12-29T18:22:00+00:00,2023-01-05T02:58:08+00:00,241482,USD,,false,NDX/SRC/events/01622
EV001623,PM,NDX_BILLING,NDX-R00890,PAYMENT_REVERSED,2023-01-03T18:13:00+00:00,2023-01-03T21:56:59+00:00,64621,USD,EV001622,false,NDX/SRC/events/01623
EV001624,PM,NDX_BILLING,NDX-R00891,SUBMITTED,2023-02-27T14:07:00+00:00,2023-02-27T15:17:16+00:00,13288,USD,,false,NDX/SRC/events/01624
EV001625,PM,NDX_BILLING,,PAYMENT_POSTED,2023-03-23T20:43:00+00:00,2023-03-24T02:21:24+00:00,13288,USD,,false,NDX/SRC/events/01625
EV001626,PM,NDX_BILLING,NDX-R00892,SUBMITTED,2022-12-09T16:00:00+00:00,2022-12-10T22:00:27+00:00,31503,USD,,false,NDX/SRC/events/01626
EV001627,PM,NDX_BILLING,,PAYMENT_POSTED,2023-01-05T17:50:00+00:00,2023-01-05T20:52:32+00:00,31503,USD,,false,NDX/SRC/events/01627
EV001628,PM,NDX_BILLING,NDX-R00893,SUBMITTED,2023-06-13T14:56:00+00:00,2023-06-13T21:42:10+00:00,8739,USD,,false,NDX/SRC/events/01628
EV001629,PM,NDX_BILLING,,PAYMENT_POSTED,2023-07-10T17:22:00+00:00,2023-07-11T11:38:41+00:00,8739,USD,,false,NDX/SRC/events/01629
EV001630,PM,NDX_BILLING,NDX-R00894,SUBMITTED,2022-12-20T14:05:00+00:00,2022-12-21T01:00:00+00:00,2554,USD,,false,NDX/SRC/events/01630
EV001631,PM,NDX_BILLING,NDX-R00894,CLOSED_NO_PAYMENT,2023-02-27T19:15:00+00:00,2023-03-03T17:10:49+00:00,,,,true,NDX/SRC/events/01631
EV001632,PM,NDX_BILLING,NDX-R00895,SUBMITTED,2023-03-14T12:32:00+00:00,2023-03-14T19:31:57+00:00,20755,USD,,false,NDX/SRC/events/01632
EV001633,PM,NDX_BILLING,,PAYMENT_POSTED,2023-04-17T15:41:00+00:00,2023-04-19T05:48:53+00:00,20755,USD,,false,NDX/SRC/events/01633
EV001634,PM,NDX_BILLING,NDX-R00896,SUBMITTED,2023-09-11T17:04:00+00:00,2023-09-17T01:48:37+00:00,8240,USD,,false,NDX/SRC/events/01634
EV001635,PM,NDX_BILLING,,PAYMENT_POSTED,2023-09-18T14:09:00+00:00,2023-09-21T06:45:42+00:00,8240,USD,,false,NDX/SRC/events/01635
EV001636,PM,NDX_BILLING,NDX-R00897,SUBMITTED,2022-10-17T17:05:00+00:00,2022-10-18T16:15:20+00:00,7800,USD,,false,NDX/SRC/events/01636
EV001637,PM,NDX_BILLING,NDX-R00897,CLOSED_NO_PAYMENT,2022-12-05T14:57:00+00:00,2022-12-08T02:31:24+00:00,,,,true,NDX/SRC/events/01637
EV001638,PM,NDX_BILLING,NDX-R00898,SUBMITTED,2023-01-30T20:50:00+00:00,2023-01-30T22:20:07+00:00,14150,USD,,false,NDX/SRC/events/01638
EV001639,PM,NDX_BILLING,,PAYMENT_POSTED,2023-03-16T15:00:00+00:00,2023-03-28T18:37:40+00:00,14150,USD,,false,NDX/SRC/events/01639
EV001640,PM,NDX_BILLING,NDX-R00899,SUBMITTED,2022-09-26T12:20:00+00:00,2022-09-26T17:05:13+00:00,14404,USD,,false,NDX/SRC/events/01640
EV001641,PM,NDX_BILLING,NDX-R00899,CLOSED_NO_PAYMENT,2023-01-06T17:28:00+00:00,2023-01-08T01:58:17+00:00,,,,true,NDX/SRC/events/01641
EV001642,PM,NDX_BILLING,NDX-R00900,SUBMITTED,2023-09-25T18:44:00+00:00,2023-09-26T01:47:20+00:00,29163,USD,,false,NDX/SRC/events/01642
EV001643,PM,NDX_BILLING,,PAYMENT_POSTED,2023-10-12T13:26:00+00:00,2023-10-17T00:54:12+00:00,29163,USD,,false,NDX/SRC/events/01643
EV001644,PM,NDX_BILLING,NDX-R00901,SUBMITTED,2022-10-24T19:44:00+00:00,2022-10-24T23:49:20+00:00,5772,USD,,false,NDX/SRC/events/01644
EV001645,PM,NDX_BILLING,NDX-R00902,SUBMITTED,2023-05-26T13:03:00+00:00,2023-05-26T20:48:36+00:00,3280,USD,,false,NDX/SRC/events/01645
EV001646,PM,NDX_BILLING,,PAYMENT_POSTED,2023-06-12T14:53:00+00:00,2023-06-12T19:26:33+00:00,3280,USD,,false,NDX/SRC/events/01646
EV001647,PM,NDX_BILLING,NDX-R00903,SUBMITTED,2023-01-09T15:31:00+00:00,2023-01-09T20:09:23+00:00,26743,USD,,false,NDX/SRC/events/01647
EV001648,PM,NDX_BILLING,,PAYMENT_POSTED,2023-02-08T19:21:00+00:00,2023-02-08T22:44:08+00:00,26743,USD,,false,NDX/SRC/events/01648
EV001649,PM,NDX_BILLING,NDX-R00904,SUBMITTED,2023-03-31T14:42:00+00:00,2023-03-31T18:10:54+00:00,14559,USD,,false,NDX/SRC/events/01649
EV001650,PM,NDX_BILLING,NDX-R00905,CORRECTED,2023-04-10T12:44:00+00:00,2023-04-10T13:26:54+00:00,13864,USD,,false,NDX/SRC/events/01650
EV001651,PM,NDX_BILLING,,PAYMENT_POSTED,2023-04-10T12:17:00+00:00,2023-04-18T01:43:19+00:00,13864,USD,,false,NDX/SRC/events/01651
EV001652,PM,NDX_BILLING,NDX-R00906,SUBMITTED,2023-08-28T14:35:00+00:00,2023-09-08T04:19:54+00:00,16728,USD,,false,NDX/SRC/events/01652
EV001653,PM,NDX_BILLING,,PAYMENT_POSTED,2023-09-25T17:29:00+00:00,2023-09-25T17:56:54+00:00,16728,USD,,false,NDX/SRC/events/01653
EV001654,PM,NDX_BILLING,NDX-R00907,SUBMITTED,2023-08-14T15:27:00+00:00,2023-08-20T20:16:42+00:00,67675,USD,,false,NDX/SRC/events/01654
EV001655,PM,NDX_BILLING,,PAYMENT_POSTED,2023-10-02T16:21:00+00:00,2023-10-10T16:59:47+00:00,67675,USD,,false,NDX/SRC/events/01655
EV001656,PM,NDX_BILLING,NDX-R00908,SUBMITTED,2023-06-26T16:48:00+00:00,2023-06-29T13:32:43+00:00,14796,USD,,false,NDX/SRC/events/01656
EV001657,PM,NDX_BILLING,,PAYMENT_POSTED,2023-07-24T14:01:00+00:00,2023-07-25T00:36:11+00:00,14796,USD,,false,NDX/SRC/events/01657
EV001658,PM,NDX_BILLING,NDX-R00909,SUBMITTED,2023-07-25T18:33:00+00:00,2023-07-25T21:49:44+00:00,36218,USD,,false,NDX/SRC/events/01658
EV001659,PM,NDX_BILLING,,PAYMENT_POSTED,2023-08-17T15:43:00+00:00,2023-08-21T08:46:04+00:00,36218,USD,,false,NDX/SRC/events/01659
EV001660,PM,NDX_BILLING,NDX-R00910,SUBMITTED,2022-10-17T18:30:00+00:00,2022-10-19T04:59:58+00:00,7490,USD,,false,NDX/SRC/events/01660
EV001661,PM,NDX_BILLING,,PAYMENT_POSTED,2022-11-08T14:28:00+00:00,2022-11-12T23:55:34+00:00,7490,USD,,false,NDX/SRC/events/01661
EV001662,PM,NDX_BILLING,NDX-R00911,SUBMITTED,2022-11-08T21:02:00+00:00,2022-11-09T03:45:54+00:00,33886,USD,,false,NDX/SRC/events/01662
EV001663,PM,NDX_BILLING,,PAYMENT_POSTED,2022-11-28T19:46:00+00:00,2022-12-01T11:43:29+00:00,33886,USD,,false,NDX/SRC/events/01663
EV001664,PM,NDX_BILLING,NDX-R00912,SUBMITTED,2023-06-19T18:00:00+00:00,2023-06-22T21:30:53+00:00,7538,USD,,false,NDX/SRC/events/01664
EV001665,PM,NDX_BILLING,,PAYMENT_POSTED,2023-11-06T17:43:00+00:00,2023-11-14T01:46:08+00:00,7538,USD,,false,NDX/SRC/events/01665
EV001666,PM,NDX_BILLING,NDX-R00913,SUBMITTED,2022-11-28T15:55:00+00:00,2022-11-28T20:59:11+00:00,2500,USD,,false,NDX/SRC/events/01666
EV001667,PM,NDX_BILLING,NDX-R00914,SUBMITTED,2022-09-08T15:39:00+00:00,2022-09-10T19:29:23+00:00,7893,USD,,false,NDX/SRC/events/01667
EV001668,PM,NDX_BILLING,NDX-R00914,CLOSED_NO_PAYMENT,2022-11-11T19:52:00+00:00,2022-11-20T02:37:18+00:00,,,,true,NDX/SRC/events/01668
EV001669,PM,NDX_BILLING,NDX-R00915,SUBMITTED,2023-05-01T16:40:00+00:00,2023-05-04T03:09:36+00:00,87419,USD,,false,NDX/SRC/events/01669
EV001670,PM,NDX_BILLING,,PAYMENT_POSTED,2023-05-15T14:39:00+00:00,2023-05-30T10:10:53+00:00,87419,USD,,false,NDX/SRC/events/01670
EV001671,PM,NDX_BILLING,NDX-R00916,SUBMITTED,2022-09-09T18:14:00+00:00,2022-09-13T02:38:32+00:00,2500,USD,,false,NDX/SRC/events/01671
EV001672,PM,NDX_BILLING,NDX-R00916,CLOSED_NO_PAYMENT,2022-12-19T16:41:00+00:00,2022-12-19T17:22:00+00:00,,,,true,NDX/SRC/events/01672
EV001673,PM,NDX_BILLING,NDX-R00917,SUBMITTED,2023-05-08T20:46:00+00:00,2023-05-12T00:16:40+00:00,51607,USD,,false,NDX/SRC/events/01673
EV001674,PM,NDX_BILLING,,PAYMENT_POSTED,2023-06-13T19:53:00+00:00,2023-06-16T00:54:50+00:00,51607,USD,,false,NDX/SRC/events/01674
EV001675,PM,NDX_BILLING,NDX-R00918,SUBMITTED,2023-09-04T20:59:00+00:00,2023-09-05T13:54:23+00:00,30635,USD,,false,NDX/SRC/events/01675
EV001676,PM,NDX_BILLING,,PAYMENT_POSTED,2023-09-27T14:05:00+00:00,2023-10-01T07:25:44+00:00,30635,USD,,false,NDX/SRC/events/01676
EV001677,PM,NDX_BILLING,NDX-R00919,SUBMITTED,2022-10-24T19:00:00+00:00,2022-10-26T02:20:06+00:00,3019,USD,,false,NDX/SRC/events/01677
EV001678,PM,NDX_BILLING,,PAYMENT_POSTED,2022-11-28T21:12:00+00:00,2022-12-02T02:06:54+00:00,3019,USD,,false,NDX/SRC/events/01678
EV001679,PM,NDX_BILLING,NDX-R00920,SUBMITTED,2023-03-29T15:34:00+00:00,2023-03-29T16:38:08+00:00,10897,USD,,false,NDX/SRC/events/01679
EV001680,PM,NDX_BILLING,NDX-R00921,CORRECTED,2023-04-03T15:35:00+00:00,2023-04-09T22:20:53+00:00,12723,USD,,false,NDX/SRC/events/01680
EV001681,PM,NDX_BILLING,NDX-R00920,VOID_VERSION,2023-04-03T15:35:00+00:00,2023-04-08T10:31:36+00:00,10897,USD,,false,NDX/SRC/events/01681
EV001682,PM,NDX_BILLING,NDX-R00922,SUBMITTED,2022-12-14T16:55:00+00:00,2022-12-16T12:41:43+00:00,4908,USD,,false,NDX/SRC/events/01682
EV001683,PM,NDX_BILLING,,PAYMENT_POSTED,2023-01-02T17:51:00+00:00,2023-01-02T18:42:17+00:00,4908,USD,,false,NDX/SRC/events/01683
EV001684,PM,NDX_BILLING,NDX-R00923,SUBMITTED,2023-01-16T15:06:00+00:00,2023-01-26T19:04:44+00:00,5356,USD,,false,NDX/SRC/events/01684
EV001685,PM,NDX_BILLING,,PAYMENT_POSTED,2023-01-30T16:48:00+00:00,2023-01-31T00:43:11+00:00,5356,USD,,false,NDX/SRC/events/01685
EV001686,PM,NDX_BILLING,NDX-R00924,SUBMITTED,2023-02-15T20:17:00+00:00,2023-02-22T19:21:47+00:00,22178,USD,,false,NDX/SRC/events/01686
EV001687,PM,NDX_BILLING,,PAYMENT_POSTED,2023-02-28T13:35:00+00:00,2023-02-28T19:45:40+00:00,22178,USD,,false,NDX/SRC/events/01687
EV001688,PM,NDX_BILLING,NDX-R00925,SUBMITTED,2023-09-19T15:26:00+00:00,2023-09-22T01:49:56+00:00,91065,USD,,false,NDX/SRC/events/01688
EV001689,PM,NDX_BILLING,,PAYMENT_POSTED,2023-09-29T13:31:00+00:00,2023-09-29T16:36:35+00:00,91065,USD,,false,NDX/SRC/events/01689
EV001690,PM,NDX_BILLING,NDX-R00926,SUBMITTED,2023-01-30T15:39:00+00:00,2023-01-30T21:40:59+00:00,305877,USD,,false,NDX/SRC/events/01690
EV001691,PM,NDX_BILLING,NDX-R00927,CORRECTED,2023-02-01T17:55:00+00:00,2023-02-05T11:23:22+00:00,272285,USD,,false,NDX/SRC/events/01691
EV001692,PM,NDX_BILLING,,PAYMENT_POSTED,2023-03-06T19:52:00+00:00,2023-03-09T01:24:30+00:00,272285,USD,,false,NDX/SRC/events/01692
EV001693,PM,NDX_BILLING,NDX-R00928,SUBMITTED,2023-01-30T16:08:00+00:00,2023-02-01T00:24:30+00:00,21947,USD,,false,NDX/SRC/events/01693
EV001694,PM,NDX_BILLING,NDX-R00929,SUBMITTED,2023-01-02T16:15:00+00:00,2023-01-08T18:49:23+00:00,22414,USD,,false,NDX/SRC/events/01694
EV001695,PM,NDX_BILLING,,PAYMENT_POSTED,2023-03-23T18:20:00+00:00,2023-03-24T12:57:26+00:00,22414,USD,,false,NDX/SRC/events/01695
EV001696,PM,NDX_BILLING,NDX-R00930,SUBMITTED,2023-01-16T21:36:00+00:00,2023-01-17T03:37:05+00:00,4049,USD,,false,NDX/SRC/events/01696
EV001698,PM,NDX_BILLING,NDX-R00931,SUBMITTED,2023-01-12T17:03:00+00:00,2023-01-14T22:09:38+00:00,115180,USD,,false,NDX/SRC/events/01698
EV001699,PM,NDX_BILLING,,PAYMENT_POSTED,2023-01-16T20:05:00+00:00,2023-01-24T14:54:35+00:00,115180,USD,,false,NDX/SRC/events/01699
EV001700,PM,NDX_BILLING,NDX-R00932,SUBMITTED,2023-09-20T16:04:00+00:00,2023-09-22T23:59:49+00:00,10459,USD,,false,NDX/SRC/events/01700
EV001701,PM,NDX_BILLING,,PAYMENT_POSTED,2023-10-04T20:09:00+00:00,2023-10-04T23:19:07+00:00,10459,USD,,false,NDX/SRC/events/01701
EV001702,PM,NDX_BILLING,NDX-R00933,SUBMITTED,2022-09-21T20:27:00+00:00,2022-09-25T03:28:39+00:00,3567,USD,,false,NDX/SRC/events/01702
EV001703,PM,NDX_BILLING,NDX-R00934,CORRECTED,2022-09-30T16:06:00+00:00,2022-10-02T17:44:31+00:00,4284,USD,,false,NDX/SRC/events/01703
EV001704,PM,NDX_BILLING,NDX-R00935,SUBMITTED,2022-08-01T14:37:00+00:00,2022-08-01T18:53:16+00:00,8193,USD,,false,NDX/SRC/events/01704
EV001705,PM,NDX_BILLING,,PAYMENT_POSTED,2022-08-25T15:35:00+00:00,2022-08-25T16:45:56+00:00,8193,USD,,false,NDX/SRC/events/01705
EV001706,PM,NDX_BILLING,NDX-R00936,SUBMITTED,2023-09-11T20:58:00+00:00,2023-09-11T23:50:28+00:00,42430,USD,,false,NDX/SRC/events/01706
EV001707,PM,NDX_BILLING,,PAYMENT_POSTED,2023-10-09T14:49:00+00:00,2023-10-09T18:44:20+00:00,42430,USD,,false,NDX/SRC/events/01707
EV001708,PM,NDX_BILLING,NDX-R00937,SUBMITTED,2022-07-25T15:34:00+00:00,2022-07-28T02:48:59+00:00,20217,USD,,false,NDX/SRC/events/01708
EV001709,PM,NDX_BILLING,,PAYMENT_POSTED,2022-08-22T18:11:00+00:00,2022-09-06T04:34:57+00:00,20217,USD,,false,NDX/SRC/events/01709
EV001710,PM,NDX_BILLING,NDX-R00938,SUBMITTED,2023-03-03T15:12:00+00:00,2023-03-13T06:57:56+00:00,14057,USD,,false,NDX/SRC/events/01710
EV001711,PM,NDX_BILLING,,PAYMENT_POSTED,2023-04-03T18:12:00+00:00,2023-04-16T14:51:06+00:00,14057,USD,,false,NDX/SRC/events/01711
EV001712,PM,NDX_BILLING,NDX-R00939,SUBMITTED,2022-08-02T20:08:00+00:00,2022-08-04T01:56:12+00:00,8390,USD,,false,NDX/SRC/events/01712
EV001713,PM,NDX_BILLING,,PAYMENT_POSTED,2022-09-05T15:12:00+00:00,2022-09-10T06:01:50+00:00,8390,USD,,false,NDX/SRC/events/01713
EV001714,PM,NDX_BILLING,NDX-R00940,SUBMITTED,2022-08-26T13:52:00+00:00,2022-08-26T16:05:49+00:00,7746,USD,,false,NDX/SRC/events/01714
EV001715,PM,NDX_BILLING,,PAYMENT_POSTED,2022-09-05T13:49:00+00:00,2022-09-07T22:48:27+00:00,7746,USD,,false,NDX/SRC/events/01715
EV001716,PM,NDX_BILLING,NDX-R00941,SUBMITTED,2022-11-07T18:17:00+00:00,2022-11-08T01:16:01+00:00,5816,USD,,false,NDX/SRC/events/01716
EV001717,PM,NDX_BILLING,,PAYMENT_POSTED,2022-11-24T15:49:00+00:00,2022-11-24T22:34:30+00:00,5816,USD,,false,NDX/SRC/events/01717
EV001718,PM,NDX_BILLING,NDX-R00942,SUBMITTED,2023-08-14T17:00:00+00:00,2023-08-15T00:23:38+00:00,8786,USD,,false,NDX/SRC/events/01718
EV001719,PM,NDX_BILLING,,PAYMENT_POSTED,2023-10-11T16:52:00+00:00,2023-10-13T07:08:10+00:00,8786,USD,,false,NDX/SRC/events/01719
EV001720,PM,NDX_BILLING,NDX-R00943,SUBMITTED,2023-07-19T15:47:00+00:00,2023-08-03T03:33:32+00:00,10178,USD,,false,NDX/SRC/events/01720
EV001721,PM,NDX_BILLING,,PAYMENT_POSTED,2023-07-25T19:25:00+00:00,2023-07-25T20:36:45+00:00,10178,USD,,false,NDX/SRC/events/01721
EV001722,PM,NDX_BILLING,NDX-R00944,SUBMITTED,2022-12-12T17:14:00+00:00,2022-12-13T11:10:29+00:00,18410,USD,,false,NDX/SRC/events/01722
EV001723,PM,NDX_BILLING,NDX-R00945,SUBMITTED,2022-07-27T14:57:00+00:00,2022-07-28T19:09:19+00:00,2500,USD,,false,NDX/SRC/events/01723
EV001724,PM,NDX_BILLING,NDX-R00945,CLOSED_NO_PAYMENT,2022-10-03T15:21:00+00:00,2022-10-04T15:39:40+00:00,,,,true,NDX/SRC/events/01724
EV001725,PM,NDX_BILLING,NDX-R00946,SUBMITTED,2022-07-25T14:13:00+00:00,2022-07-25T17:03:13+00:00,315567,USD,,false,NDX/SRC/events/01725
EV001726,PM,NDX_BILLING,,PAYMENT_POSTED,2022-08-26T14:21:00+00:00,2022-08-27T15:33:44+00:00,315567,USD,,false,NDX/SRC/events/01726
EV001727,PM,NDX_BILLING,NDX-R00947,SUBMITTED,2023-09-18T18:18:00+00:00,2023-09-19T00:12:25+00:00,7927,USD,,false,NDX/SRC/events/01727
EV001728,PM,NDX_BILLING,,PAYMENT_POSTED,2023-10-06T12:05:00+00:00,2023-10-07T09:31:44+00:00,7927,USD,,false,NDX/SRC/events/01728
EV001729,PM,NDX_BILLING,NDX-R00948,SUBMITTED,2022-11-21T15:18:00+00:00,2022-12-01T15:14:38+00:00,8344,USD,,false,NDX/SRC/events/01729
EV001730,PM,NDX_BILLING,NDX-R00948,CLOSED_NO_PAYMENT,2023-03-20T18:33:00+00:00,2023-03-21T00:24:03+00:00,,,,true,NDX/SRC/events/01730
EV001731,PM,NDX_BILLING,NDX-R00949,SUBMITTED,2022-09-30T12:54:00+00:00,2022-09-30T15:00:20+00:00,6830,USD,,false,NDX/SRC/events/01731
EV001732,PM,NDX_BILLING,,PAYMENT_POSTED,2022-10-12T16:08:00+00:00,2022-10-14T19:24:07+00:00,6830,USD,,false,NDX/SRC/events/01732
EV001733,PM,NDX_BILLING,NDX-R00949,PAYMENT_REVERSED,2022-10-14T20:33:00+00:00,2022-10-17T12:24:02+00:00,2542,USD,EV001732,false,NDX/SRC/events/01733
EV001734,PM,NDX_BILLING,NDX-R00950,SUBMITTED,2022-11-07T21:28:00+00:00,2022-11-08T01:47:17+00:00,64798,USD,,false,NDX/SRC/events/01734
EV001735,PM,NDX_BILLING,,PAYMENT_POSTED,2022-11-23T17:25:00+00:00,2022-11-29T02:28:24+00:00,64798,USD,,false,NDX/SRC/events/01735
EV001736,PM,NDX_BILLING,NDX-R00951,SUBMITTED,2023-05-22T17:33:00+00:00,2023-05-23T00:54:33+00:00,47699,USD,,false,NDX/SRC/events/01736
EV001737,PM,NDX_BILLING,,PAYMENT_POSTED,2023-06-22T14:55:00+00:00,2023-07-02T07:12:34+00:00,47699,USD,,false,NDX/SRC/events/01737
EV001738,PM,NDX_BILLING,NDX-R00952,SUBMITTED,2022-08-18T15:43:00+00:00,2022-08-24T13:43:50+00:00,3650,USD,,false,NDX/SRC/events/01738
EV001739,PM,NDX_BILLING,,PAYMENT_POSTED,2022-08-29T20:39:00+00:00,2022-08-30T03:14:16+00:00,3650,USD,,false,NDX/SRC/events/01739
EV001740,PM,NDX_BILLING,NDX-R00953,SUBMITTED,2023-02-13T21:56:00+00:00,2023-02-14T17:59:45+00:00,138781,USD,,false,NDX/SRC/events/01740
EV001741,PM,NDX_BILLING,,PAYMENT_POSTED,2023-03-31T12:39:00+00:00,2023-04-03T21:20:55+00:00,138781,USD,,false,NDX/SRC/events/01741
EV001742,PM,NDX_BILLING,NDX-R00954,SUBMITTED,2023-06-19T16:36:00+00:00,2023-06-19T21:38:43+00:00,7936,USD,,false,NDX/SRC/events/01742
EV001743,PM,NDX_BILLING,,PAYMENT_POSTED,2023-06-28T15:42:00+00:00,2023-06-28T17:13:41+00:00,7936,USD,,false,NDX/SRC/events/01743
EV001744,PM,NDX_BILLING,NDX-R00955,SUBMITTED,2023-01-26T20:50:00+00:00,2023-01-27T04:21:26+00:00,15094,USD,,false,NDX/SRC/events/01744
EV001745,PM,NDX_BILLING,,PAYMENT_POSTED,2023-01-30T19:54:00+00:00,2023-02-02T13:31:26+00:00,15094,USD,,false,NDX/SRC/events/01745
EV001746,PM,NDX_BILLING,NDX-R00956,SUBMITTED,2023-08-14T14:10:00+00:00,2023-08-14T17:52:29+00:00,10605,USD,,false,NDX/SRC/events/01746
EV001747,PM,NDX_BILLING,,PAYMENT_POSTED,2023-10-03T15:39:00+00:00,2023-10-07T12:59:23+00:00,10605,USD,,false,NDX/SRC/events/01747
EV001748,PM,NDX_BILLING,NDX-R00957,SUBMITTED,2022-12-19T21:27:00+00:00,2022-12-29T19:33:39+00:00,46616,USD,,false,NDX/SRC/events/01748
EV001749,PM,NDX_BILLING,NDX-R00958,SUBMITTED,2022-09-05T19:46:00+00:00,2022-09-05T23:14:23+00:00,7524,USD,,false,NDX/SRC/events/01749
EV001750,PM,NDX_BILLING,,PAYMENT_POSTED,2022-09-19T14:02:00+00:00,2022-09-19T20:47:57+00:00,7524,USD,,false,NDX/SRC/events/01750
EV001751,PM,NDX_BILLING,NDX-R00959,SUBMITTED,2022-09-05T17:55:00+00:00,2022-09-06T16:30:46+00:00,8763,USD,,false,NDX/SRC/events/01751
EV001752,PM,NDX_BILLING,NDX-R00960,SUBMITTED,2023-05-29T13:25:00+00:00,2023-06-01T12:42:08+00:00,21997,USD,,false,NDX/SRC/events/01752
EV001753,PM,NDX_BILLING,,PAYMENT_POSTED,2023-06-05T13:12:00+00:00,2023-06-05T16:42:28+00:00,21997,USD,,false,NDX/SRC/events/01753
EV001754,PM,NDX_BILLING,NDX-R00961,SUBMITTED,2023-02-20T18:03:00+00:00,2023-02-22T06:10:35+00:00,20972,USD,,false,NDX/SRC/events/01754
EV001755,PM,NDX_BILLING,,PAYMENT_POSTED,2023-03-09T19:48:00+00:00,2023-03-18T13:00:12+00:00,20972,USD,,false,NDX/SRC/events/01755
EV001756,PM,NDX_BILLING,NDX-R00962,SUBMITTED,2023-08-17T14:20:00+00:00,2023-08-17T17:20:59+00:00,14641,USD,,false,NDX/SRC/events/01756
EV001757,PM,NDX_BILLING,,PAYMENT_POSTED,2023-09-04T19:29:00+00:00,2023-09-04T22:56:12+00:00,14641,USD,,false,NDX/SRC/events/01757
EV001758,PM,NDX_BILLING,NDX-R00963,SUBMITTED,2022-12-26T20:52:00+00:00,2022-12-31T06:46:07+00:00,4063,USD,,false,NDX/SRC/events/01758
EV001759,PM,NDX_BILLING,,PAYMENT_POSTED,2023-01-23T16:03:00+00:00,2023-01-23T21:27:26+00:00,4063,USD,,false,NDX/SRC/events/01759
EV001760,PM,NDX_BILLING,NDX-R00964,SUBMITTED,2022-12-26T14:07:00+00:00,2022-12-29T10:39:30+00:00,21328,USD,,false,NDX/SRC/events/01760
EV001761,PM,NDX_BILLING,NDX-R00965,SUBMITTED,2022-08-31T20:11:00+00:00,2022-09-06T01:10:44+00:00,19367,USD,,false,NDX/SRC/events/01761
EV001762,PM,NDX_BILLING,NDX-R00965,CLOSED_NO_PAYMENT,2022-09-22T12:15:00+00:00,2022-09-22T22:28:05+00:00,,,,true,NDX/SRC/events/01762
EV001763,PM,NDX_BILLING,NDX-R00966,SUBMITTED,2023-09-07T14:52:00+00:00,2023-09-08T22:27:07+00:00,6551,USD,,false,NDX/SRC/events/01763
EV001764,PM,NDX_BILLING,,PAYMENT_POSTED,2023-09-11T16:50:00+00:00,2023-09-11T18:12:46+00:00,6551,USD,,false,NDX/SRC/events/01764
EV001765,PM,NDX_BILLING,NDX-R00967,SUBMITTED,2023-03-09T19:01:00+00:00,2023-03-09T23:55:22+00:00,12804,USD,,false,NDX/SRC/events/01765
EV001766,PM,NDX_BILLING,NDX-R00968,CORRECTED,2023-03-13T14:39:00+00:00,2023-03-15T16:04:33+00:00,12024,USD,,false,NDX/SRC/events/01766
EV001767,PM,NDX_BILLING,,PAYMENT_POSTED,2023-05-18T16:39:00+00:00,2023-05-18T20:15:44+00:00,12024,USD,,false,NDX/SRC/events/01767
EV001768,PM,NDX_BILLING,NDX-R00969,SUBMITTED,2023-06-22T15:42:00+00:00,2023-06-25T15:56:59+00:00,16995,USD,,false,NDX/SRC/events/01768
EV001769,PM,NDX_BILLING,,PAYMENT_POSTED,2023-08-07T18:44:00+00:00,2023-08-07T19:08:58+00:00,16995,USD,,false,NDX/SRC/events/01769
EV001770,PM,NDX_BILLING,NDX-R00970,SUBMITTED,2022-11-09T20:14:00+00:00,2022-11-10T03:10:05+00:00,12638,USD,,false,NDX/SRC/events/01770
EV001771,PM,NDX_BILLING,,PAYMENT_POSTED,2023-01-17T14:21:00+00:00,2023-01-19T20:56:55+00:00,12638,USD,,false,NDX/SRC/events/01771
EV001772,PM,NDX_BILLING,NDX-R00971,SUBMITTED,2022-08-04T15:35:00+00:00,2022-08-06T04:18:48+00:00,9796,USD,,false,NDX/SRC/events/01772
EV001773,PM,NDX_BILLING,,PAYMENT_POSTED,2022-08-29T16:26:00+00:00,2022-08-31T01:19:38+00:00,9796,USD,,false,NDX/SRC/events/01773
EV001774,PM,NDX_BILLING,NDX-R00972,SUBMITTED,2022-09-12T12:41:00+00:00,2022-09-12T22:57:34+00:00,15276,USD,,false,NDX/SRC/events/01774
EV001775,PM,NDX_BILLING,,PAYMENT_POSTED,2022-09-19T18:18:00+00:00,2022-09-20T00:33:01+00:00,15276,USD,,false,NDX/SRC/events/01775
EV001776,PM,NDX_BILLING,NDX-R00973,SUBMITTED,2023-03-28T13:27:00+00:00,2023-03-28T21:10:42+00:00,10821,USD,,false,NDX/SRC/events/01776
EV001777,PM,NDX_BILLING,,PAYMENT_POSTED,2023-04-03T19:59:00+00:00,2023-04-05T04:58:10+00:00,10821,USD,,false,NDX/SRC/events/01777
EV001778,PM,NDX_BILLING,NDX-R00974,SUBMITTED,2023-09-27T16:08:00+00:00,2023-09-27T19:25:55+00:00,10070,USD,,false,NDX/SRC/events/01778
EV001779,PM,NDX_BILLING,,PAYMENT_POSTED,2023-10-03T18:03:00+00:00,2023-10-05T23:45:21+00:00,10070,USD,,false,NDX/SRC/events/01779
EV001780,PM,NDX_BILLING,NDX-R00974,PAYMENT_REVERSED,2023-10-16T17:29:00+00:00,2023-10-16T20:28:39+00:00,10070,USD,EV001779,false,NDX/SRC/events/01780
EV001781,PM,NDX_BILLING,NDX-R00975,SUBMITTED,2022-10-11T12:54:00+00:00,2022-10-12T21:23:21+00:00,18377,USD,,false,NDX/SRC/events/01781
EV001782,PM,NDX_BILLING,,PAYMENT_POSTED,2022-11-15T21:08:00+00:00,2022-11-17T14:13:09+00:00,18377,USD,,false,NDX/SRC/events/01782
EV001783,PM,NDX_BILLING,NDX-R00976,SUBMITTED,2022-07-19T19:20:00+00:00,2022-07-20T01:27:03+00:00,3699,USD,,false,NDX/SRC/events/01783
EV001784,PM,NDX_BILLING,,PAYMENT_POSTED,2022-08-05T18:20:00+00:00,2022-08-11T03:01:35+00:00,3699,USD,,false,NDX/SRC/events/01784
EV001785,PM,NDX_BILLING,NDX-R00977,SUBMITTED,2022-11-07T15:00:00+00:00,2022-11-09T23:12:57+00:00,19337,USD,,false,NDX/SRC/events/01785
EV001786,PM,NDX_BILLING,,PAYMENT_POSTED,2022-11-21T15:31:00+00:00,2022-11-22T16:25:16+00:00,19337,USD,,false,NDX/SRC/events/01786
EV001787,PM,NDX_BILLING,NDX-R00978,SUBMITTED,2022-10-11T20:44:00+00:00,2022-10-25T15:21:42+00:00,4723,USD,,false,NDX/SRC/events/01787
EV001788,PM,NDX_BILLING,NDX-R00978,CLOSED_NO_PAYMENT,2023-01-30T18:43:00+00:00,2023-01-30T20:15:26+00:00,,,,true,NDX/SRC/events/01788
EV001789,PM,NDX_BILLING,NDX-R00979,SUBMITTED,2022-07-25T18:23:00+00:00,2022-08-01T08:20:52+00:00,9871,USD,,false,NDX/SRC/events/01789
EV001790,PM,NDX_BILLING,,PAYMENT_POSTED,2022-08-19T12:41:00+00:00,2022-08-19T17:06:00+00:00,9871,USD,,false,NDX/SRC/events/01790
EV001791,PM,NDX_BILLING,NDX-R00980,SUBMITTED,2023-03-21T19:12:00+00:00,2023-03-24T03:15:52+00:00,20165,USD,,false,NDX/SRC/events/01791
EV001792,PM,NDX_BILLING,,PAYMENT_POSTED,2023-04-10T14:27:00+00:00,2023-04-10T19:12:19+00:00,20165,USD,,false,NDX/SRC/events/01792
EV001793,PM,NDX_BILLING,NDX-R00981,SUBMITTED,2022-11-11T20:11:00+00:00,2023-01-24T06:34:09+00:00,71360,USD,,false,NDX/SRC/events/01793
EV001794,PM,NDX_BILLING,NDX-R00982,SUBMITTED,2023-09-18T19:45:00+00:00,2023-09-22T09:18:18+00:00,5543,USD,,false,NDX/SRC/events/01794
EV001795,PM,NDX_BILLING,NDX-R00983,SUBMITTED,2023-02-13T15:45:00+00:00,2023-02-13T22:04:53+00:00,23406,USD,,false,NDX/SRC/events/01795
EV001796,PM,NDX_BILLING,NDX-R00984,CORRECTED,2023-02-20T17:37:00+00:00,2023-02-20T22:22:50+00:00,21244,USD,,false,NDX/SRC/events/01796
EV001797,PM,NDX_BILLING,NDX-R00983,VOID_VERSION,2023-02-20T17:37:00+00:00,2023-02-23T13:31:07+00:00,23406,USD,,false,NDX/SRC/events/01797
EV001798,PM,NDX_BILLING,,PAYMENT_POSTED,2023-02-23T19:22:00+00:00,2023-02-26T09:57:12+00:00,21244,USD,,false,NDX/SRC/events/01798
EV001799,PM,NDX_BILLING,NDX-R00985,SUBMITTED,2022-08-03T14:14:00+00:00,2022-08-03T15:21:59+00:00,245533,USD,,false,NDX/SRC/events/01799
EV001800,PM,NDX_BILLING,NDX-R00986,CORRECTED,2022-08-05T20:24:00+00:00,2022-08-09T04:30:07+00:00,275570,USD,,false,NDX/SRC/events/01800
EV001801,PM,NDX_BILLING,,PAYMENT_POSTED,2022-09-06T18:47:00+00:00,2022-09-08T02:24:40+00:00,275570,USD,,false,NDX/SRC/events/01801
EV001802,PM,NDX_BILLING,NDX-R00987,SUBMITTED,2023-02-21T19:11:00+00:00,2023-02-24T03:57:42+00:00,16570,USD,,false,NDX/SRC/events/01802
EV001803,PM,NDX_BILLING,NDX-R00988,CORRECTED,2023-03-06T21:37:00+00:00,2023-03-09T06:37:59+00:00,18139,USD,,false,NDX/SRC/events/01803
EV001804,PM,NDX_BILLING,,PAYMENT_POSTED,2023-03-15T15:37:00+00:00,2023-03-15T19:51:28+00:00,18139,USD,,false,NDX/SRC/events/01804
EV001805,PM,NDX_BILLING,NDX-R00989,SUBMITTED,2023-09-22T18:54:00+00:00,2023-09-22T19:44:24+00:00,27262,USD,,false,NDX/SRC/events/01805
EV001806,PM,NDX_BILLING,NDX-R00990,SUBMITTED,2022-08-09T14:32:00+00:00,2022-08-16T03:26:56+00:00,22181,USD,,false,NDX/SRC/events/01806
EV001807,PM,NDX_BILLING,,PAYMENT_POSTED,2022-11-28T19:14:00+00:00,2022-11-29T07:21:45+00:00,22181,USD,,false,NDX/SRC/events/01807
EV001808,PM,NDX_BILLING,NDX-R00991,SUBMITTED,2023-07-28T17:10:00+00:00,2023-07-28T20:31:06+00:00,44098,USD,,false,NDX/SRC/events/01808
EV001809,PM,NDX_BILLING,NDX-R00992,SUBMITTED,2023-09-04T19:40:00+00:00,2023-09-04T21:48:31+00:00,15318,USD,,false,NDX/SRC/events/01809
EV001810,PM,NDX_BILLING,,PAYMENT_POSTED,2023-09-25T14:36:00+00:00,2023-09-28T13:38:13+00:00,15318,USD,,false,NDX/SRC/events/01810
EV001811,PM,NDX_BILLING,NDX-R00993,SUBMITTED,2023-02-23T21:06:00+00:00,2023-02-24T02:10:45+00:00,8874,USD,,false,NDX/SRC/events/01811
EV001812,PM,NDX_BILLING,,PAYMENT_POSTED,2023-03-20T17:02:00+00:00,2023-03-22T02:50:58+00:00,8874,USD,,false,NDX/SRC/events/01812
EV001813,PM,NDX_BILLING,NDX-R00994,SUBMITTED,2022-11-04T16:37:00+00:00,2022-11-04T20:35:49+00:00,95789,USD,,false,NDX/SRC/events/01813
EV001814,PM,NDX_BILLING,,PAYMENT_POSTED,2022-12-28T20:27:00+00:00,2022-12-30T16:27:40+00:00,95789,USD,,false,NDX/SRC/events/01814
EV001815,PM,NDX_BILLING,NDX-R00995,SUBMITTED,2022-12-05T20:03:00+00:00,2022-12-08T02:25:50+00:00,11903,USD,,false,NDX/SRC/events/01815
EV001816,PM,NDX_BILLING,,PAYMENT_POSTED,2022-12-23T14:13:00+00:00,2022-12-25T01:54:15+00:00,11903,USD,,false,NDX/SRC/events/01816
EV001817,PM,NDX_BILLING,NDX-R00996,SUBMITTED,2023-09-06T12:10:00+00:00,2023-09-06T13:06:38+00:00,13521,USD,,false,NDX/SRC/events/01817
EV001818,PM,NDX_BILLING,,PAYMENT_POSTED,2023-10-16T16:09:00+00:00,2023-10-22T09:32:56+00:00,13521,USD,,false,NDX/SRC/events/01818
EV001819,PM,NDX_BILLING,NDX-R00997,SUBMITTED,2023-01-03T18:58:00+00:00,2023-01-04T11:50:55+00:00,14744,USD,,false,NDX/SRC/events/01819
EV001820,PM,NDX_BILLING,,PAYMENT_POSTED,2023-01-30T15:50:00+00:00,2023-01-30T16:43:10+00:00,14744,USD,,false,NDX/SRC/events/01820
EV001821,PM,NDX_BILLING,NDX-R00998,SUBMITTED,2023-04-12T20:14:00+00:00,2023-04-23T23:57:05+00:00,8498,EUR,,false,NDX/SRC/events/01821
EV001822,PM,NDX_BILLING,NDX-R00999,CORRECTED,2023-04-17T17:57:00+00:00,2023-04-17T23:24:18+00:00,8406,USD,,false,NDX/SRC/events/01822
EV001823,PM,NDX_BILLING,,PAYMENT_POSTED,2023-05-09T16:38:00+00:00,2023-05-17T19:19:41+00:00,8406,USD,,false,NDX/SRC/events/01823
EV001824,PM,NDX_BILLING,NDX-R01000,SUBMITTED,2022-10-03T16:12:00+00:00,2022-10-04T10:41:58+00:00,5109,USD,,false,NDX/SRC/events/01824
EV001825,PM,NDX_BILLING,,PAYMENT_POSTED,2022-11-07T13:25:00+00:00,2022-11-09T15:18:32+00:00,5109,USD,,false,NDX/SRC/events/01825
EV001826,PM,NDX_BILLING,NDX-R01001,SUBMITTED,2022-10-03T14:28:00+00:00,2022-10-10T09:03:11+00:00,11366,USD,,false,NDX/SRC/events/01826
EV001827,PM,NDX_BILLING,NDX-R01002,SUBMITTED,2022-07-19T12:25:00+00:00,2022-07-19T14:13:53+00:00,12449,USD,,false,NDX/SRC/events/01827
EV001828,PM,NDX_BILLING,,PAYMENT_POSTED,2022-08-01T16:34:00+00:00,2022-08-01T16:52:59+00:00,12449,USD,,false,NDX/SRC/events/01828
EV001829,PM,NDX_BILLING,NDX-R01003,SUBMITTED,2023-02-27T20:15:00+00:00,2023-03-05T10:58:08+00:00,13222,USD,,false,NDX/SRC/events/01829
EV001830,PM,NDX_BILLING,NDX-R01004,SUBMITTED,2022-07-11T20:53:00+00:00,2022-07-12T03:40:18+00:00,8125,USD,,false,NDX/SRC/events/01830
EV001831,PM,NDX_BILLING,NDX-R01005,SUBMITTED,2022-12-12T17:57:00+00:00,2022-12-12T18:46:29+00:00,5912,USD,,false,NDX/SRC/events/01831
EV001832,PM,NDX_BILLING,,PAYMENT_POSTED,2023-01-16T15:44:00+00:00,2023-02-05T21:57:24+00:00,5912,USD,,false,NDX/SRC/events/01832
EV001833,PM,NDX_BILLING,NDX-R01006,SUBMITTED,2022-09-01T19:39:00+00:00,2022-09-03T03:25:20+00:00,5779,USD,,false,NDX/SRC/events/01833
EV001834,PM,NDX_BILLING,NDX-R01007,CORRECTED,2022-09-02T14:22:00+00:00,2022-09-02T18:59:07+00:00,6300,USD,,false,NDX/SRC/events/01834
EV001835,PM,NDX_BILLING,NDX-R01006,VOID_VERSION,2022-09-02T14:22:00+00:00,2022-09-09T16:10:19+00:00,5779,USD,,false,NDX/SRC/events/01835
EV001836,PM,NDX_BILLING,,PAYMENT_POSTED,2022-10-17T16:38:00+00:00,2022-10-18T22:28:00+00:00,6300,USD,,false,NDX/SRC/events/01836
EV001837,PM,NDX_BILLING,NDX-R01008,SUBMITTED,2023-04-20T16:27:00+00:00,2023-04-20T21:27:16+00:00,3294,USD,,false,NDX/SRC/events/01837
EV001838,PM,NDX_BILLING,,PAYMENT_POSTED,2023-07-28T16:26:00+00:00,2023-08-01T08:40:15+00:00,3294,USD,,false,NDX/SRC/events/01838
EV001839,PM,NDX_BILLING,NDX-R01009,SUBMITTED,2023-05-05T19:10:00+00:00,2023-05-07T06:33:56+00:00,14764,USD,,false,NDX/SRC/events/01839
EV001840,PM,NDX_BILLING,,PAYMENT_POSTED,2023-09-04T16:52:00+00:00,2023-09-04T22:05:36+00:00,14764,USD,,false,NDX/SRC/events/01840
EV001841,PM,NDX_BILLING,NDX-R01010,SUBMITTED,2023-07-06T19:14:00+00:00,2023-07-10T14:27:57+00:00,39915,USD,,false,NDX/SRC/events/01841
EV001842,PM,NDX_BILLING,NDX-R01011,SUBMITTED,2023-05-03T16:33:00+00:00,2023-05-07T04:04:22+00:00,6010,USD,,false,NDX/SRC/events/01842
EV001843,PM,NDX_BILLING,,PAYMENT_POSTED,2023-06-06T18:02:00+00:00,2023-06-10T08:48:19+00:00,6010,USD,,false,NDX/SRC/events/01843
EV001844,PM,NDX_BILLING,NDX-R01012,SUBMITTED,2022-10-19T17:30:00+00:00,2022-10-25T14:22:20+00:00,16682,USD,,false,NDX/SRC/events/01844
EV001845,PM,NDX_BILLING,,PAYMENT_POSTED,2022-12-30T15:30:00+00:00,2022-12-30T23:22:04+00:00,16682,USD,,false,NDX/SRC/events/01845
EV001846,PM,NDX_BILLING,NDX-R01013,SUBMITTED,2022-10-12T20:43:00+00:00,2022-10-12T23:16:57+00:00,4139,USD,,false,NDX/SRC/events/01846
EV001847,PM,NDX_BILLING,,PAYMENT_POSTED,2022-11-28T14:02:00+00:00,2022-11-28T18:49:07+00:00,4139,USD,,false,NDX/SRC/events/01847
EV001848,PM,NDX_BILLING,NDX-R01014,SUBMITTED,2022-08-18T13:20:00+00:00,2022-09-02T08:00:47+00:00,4503,USD,,false,NDX/SRC/events/01848
EV001849,PM,NDX_BILLING,NDX-R01014,CLOSED_NO_PAYMENT,2022-11-22T19:00:00+00:00,2022-11-27T01:48:57+00:00,,,,true,NDX/SRC/events/01849
EV001850,PM,NDX_BILLING,NDX-R01015,SUBMITTED,2023-10-02T19:56:00+00:00,2023-10-09T09:36:33+00:00,8050,USD,,false,NDX/SRC/events/01850
EV001851,PM,NDX_BILLING,,PAYMENT_POSTED,2023-11-01T18:36:00+00:00,2023-11-05T12:46:56+00:00,8050,USD,,false,NDX/SRC/events/01851
EV001852,PM,NDX_BILLING,NDX-R01016,SUBMITTED,2022-07-25T16:19:00+00:00,2022-07-27T10:20:14+00:00,88886,USD,,false,NDX/SRC/events/01852
EV001853,PM,NDX_BILLING,,PAYMENT_POSTED,2022-08-10T16:56:00+00:00,2022-08-10T23:25:50+00:00,88886,USD,,false,NDX/SRC/events/01853
EV001854,PM,NDX_BILLING,NDX-R01017,SUBMITTED,2022-09-02T15:56:00+00:00,2022-09-02T18:08:37+00:00,54457,USD,,false,NDX/SRC/events/01854
EV001855,PM,NDX_BILLING,NDX-R01018,CORRECTED,2022-09-05T17:41:00+00:00,2022-09-05T23:48:58+00:00,46729,USD,,false,NDX/SRC/events/01855
EV001856,PM,NDX_BILLING,NDX-R01017,VOID_VERSION,2022-09-05T17:41:00+00:00,2022-09-05T18:36:05+00:00,54457,USD,,false,NDX/SRC/events/01856
EV001857,PM,NDX_BILLING,,PAYMENT_POSTED,2022-09-21T18:48:00+00:00,2022-10-12T18:48:00+00:00,46729,USD,,false,NDX/SRC/events/01857
EV001858,PM,NDX_BILLING,NDX-R01019,SUBMITTED,2023-07-05T13:45:00+00:00,2023-07-05T18:32:35+00:00,12083,USD,,false,NDX/SRC/events/01858
EV001859,PM,NDX_BILLING,,PAYMENT_POSTED,2023-07-24T20:40:00+00:00,2023-07-25T04:05:42+00:00,12083,USD,,false,NDX/SRC/events/01859
EV001860,PM,NDX_BILLING,NDX-R01020,SUBMITTED,2023-09-18T13:09:00+00:00,2023-09-18T20:56:16+00:00,13462,USD,,false,NDX/SRC/events/01860
EV001861,PM,NDX_BILLING,,PAYMENT_POSTED,2023-11-01T20:37:00+00:00,2023-11-01T23:52:20+00:00,13462,USD,,false,NDX/SRC/events/01861
EV001863,PM,NDX_BILLING,NDX-R01022,SUBMITTED,2022-11-29T21:27:00+00:00,2022-12-01T20:37:31+00:00,3215,USD,,false,NDX/SRC/events/01863
EV001864,PM,NDX_BILLING,,PAYMENT_POSTED,2022-12-19T19:17:00+00:00,2022-12-20T00:30:17+00:00,3215,USD,,false,NDX/SRC/events/01864
EV001865,PM,NDX_BILLING,NDX-R01023,SUBMITTED,2023-03-29T13:16:00+00:00,2023-03-29T19:34:17+00:00,103397,USD,,false,NDX/SRC/events/01865
EV001866,PM,NDX_BILLING,,PAYMENT_POSTED,2023-06-16T12:59:00+00:00,2023-06-16T19:52:30+00:00,103397,USD,,false,NDX/SRC/events/01866
EV001867,PM,NDX_BILLING,NDX-R01024,SUBMITTED,2022-10-31T19:16:00+00:00,2022-10-31T21:58:25+00:00,23774,USD,,false,NDX/SRC/events/01867
EV001868,PM,NDX_BILLING,,PAYMENT_POSTED,2023-01-26T13:25:00+00:00,2023-01-28T04:49:25+00:00,23774,USD,,false,NDX/SRC/events/01868
EV001869,PM,NDX_BILLING,NDX-R01025,SUBMITTED,2022-07-11T15:11:00+00:00,2022-07-11T22:28:43+00:00,6090,USD,,false,NDX/SRC/events/01869
EV001870,PM,NDX_BILLING,NDX-R01025,CLOSED_NO_PAYMENT,2022-09-19T18:38:00+00:00,2022-09-20T00:53:57+00:00,,,,true,NDX/SRC/events/01870
EV001871,PM,NDX_BILLING,NDX-R01026,SUBMITTED,2023-05-09T16:17:00+00:00,2023-05-09T23:54:24+00:00,13930,USD,,false,NDX/SRC/events/01871
EV001872,PM,NDX_BILLING,,PAYMENT_POSTED,2023-05-23T13:03:00+00:00,2023-05-24T21:23:42+00:00,13930,USD,,false,NDX/SRC/events/01872
EV001873,PM,NDX_BILLING,NDX-R01027,SUBMITTED,2023-07-03T13:23:00+00:00,2023-07-03T15:53:32+00:00,8018,USD,,false,NDX/SRC/events/01873
EV001874,PM,NDX_BILLING,,PAYMENT_POSTED,2023-07-10T12:28:00+00:00,2023-07-21T22:00:35+00:00,8018,USD,,false,NDX/SRC/events/01874
EV001875,PM,NDX_BILLING,NDX-R01028,SUBMITTED,2023-07-31T15:57:00+00:00,2023-08-07T22:59:40+00:00,3914,USD,,false,NDX/SRC/events/01875
EV001876,PM,NDX_BILLING,,PAYMENT_POSTED,2023-08-16T14:56:00+00:00,2023-08-21T08:09:28+00:00,3914,USD,,false,NDX/SRC/events/01876
EV001877,PM,NDX_BILLING,NDX-R01029,SUBMITTED,2022-07-18T18:37:00+00:00,2022-07-18T23:37:43+00:00,6783,USD,,false,NDX/SRC/events/01877
EV001878,PM,NDX_BILLING,,PAYMENT_POSTED,2022-07-26T20:00:00+00:00,2022-07-27T13:42:19+00:00,6783,USD,,false,NDX/SRC/events/01878
EV001879,PM,NDX_BILLING,NDX-R01030,SUBMITTED,2022-07-27T18:33:00+00:00,2022-07-29T05:04:55+00:00,31777,USD,,false,NDX/SRC/events/01879
EV001880,PM,NDX_BILLING,,PAYMENT_POSTED,2022-08-15T20:26:00+00:00,2022-08-16T01:45:32+00:00,31777,USD,,false,NDX/SRC/events/01880
EV001881,PM,NDX_BILLING,NDX-R01031,SUBMITTED,2023-08-04T19:22:00+00:00,2023-08-08T07:01:14+00:00,5822,USD,,false,NDX/SRC/events/01881
EV001882,PM,NDX_BILLING,,PAYMENT_POSTED,2023-09-25T13:06:00+00:00,2023-09-25T16:17:18+00:00,5822,USD,,false,NDX/SRC/events/01882
EV001883,PM,NDX_BILLING,NDX-R01032,SUBMITTED,2022-07-20T15:37:00+00:00,2022-08-04T18:49:39+00:00,22746,USD,,false,NDX/SRC/events/01883
EV001884,PM,NDX_BILLING,,PAYMENT_POSTED,2022-08-08T12:23:00+00:00,2022-08-12T02:24:58+00:00,22746,USD,,false,NDX/SRC/events/01884
EV001885,PM,NDX_BILLING,NDX-R01033,SUBMITTED,2023-05-08T14:22:00+00:00,2023-05-08T17:44:49+00:00,6226,USD,,false,NDX/SRC/events/01885
EV001886,PM,NDX_BILLING,,PAYMENT_POSTED,2023-05-29T20:54:00+00:00,2023-06-01T12:00:12+00:00,6226,USD,,false,NDX/SRC/events/01886
EV001887,PM,NDX_BILLING,NDX-R01034,SUBMITTED,2022-07-11T15:40:00+00:00,2022-07-19T18:32:31+00:00,2500,USD,,false,NDX/SRC/events/01887
EV001888,PM,NDX_BILLING,,PAYMENT_POSTED,2022-07-14T16:41:00+00:00,2022-07-22T05:27:58+00:00,2500,USD,,false,NDX/SRC/events/01888
EV001889,PM,NDX_BILLING,NDX-R01035,SUBMITTED,2023-08-22T15:01:00+00:00,2023-08-25T22:02:06+00:00,4866,USD,,false,NDX/SRC/events/01889
EV001890,PM,NDX_BILLING,,PAYMENT_POSTED,2023-09-15T13:49:00+00:00,2023-09-17T10:49:35+00:00,4866,USD,,false,NDX/SRC/events/01890
EV001891,PM,NDX_BILLING,NDX-R01036,SUBMITTED,2023-01-02T16:00:00+00:00,2023-01-02T17:37:06+00:00,7567,USD,,false,NDX/SRC/events/01891
EV001892,PM,NDX_BILLING,,PAYMENT_POSTED,2023-01-16T13:01:00+00:00,2023-01-16T15:30:01+00:00,7567,USD,,false,NDX/SRC/events/01892
EV001893,PM,NDX_BILLING,NDX-R01037,SUBMITTED,2023-02-27T20:33:00+00:00,2023-02-28T01:37:22+00:00,12074,USD,,false,NDX/SRC/events/01893
EV001894,PM,NDX_BILLING,,PAYMENT_POSTED,2023-03-08T19:37:00+00:00,2023-03-09T03:02:14+00:00,12074,USD,,false,NDX/SRC/events/01894
EV001895,PM,NDX_BILLING,NDX-R01038,SUBMITTED,2023-02-27T20:58:00+00:00,2023-02-28T02:24:10+00:00,20563,USD,,false,NDX/SRC/events/01895
EV001896,PM,TRI_BILLING,TRI-R00610,SUBMITTED,2022-09-29T19:21:00+00:00,2022-10-01T06:14:38+00:00,7274,USD,,false,TRI/SRC/events/01112-DUP
EV001897,PM,CPL_BILLING,,PAYMENT_POSTED,2023-09-07T17:33:00+00:00,2023-09-07T20:09:21+00:00,22243,USD,,false,CPL/SRC/events/00262-DUP
EV001898,PM,CPL_BILLING,,PAYMENT_POSTED,2023-08-30T20:51:00+00:00,2023-09-03T19:44:49+00:00,2234,USD,,false,CPL/SRC/events/00436-DUP
EV001899,PM,NDX_BILLING,,PAYMENT_POSTED,2023-01-20T14:23:00+00:00,2023-01-20T16:34:31+00:00,4227,USD,,false,NDX/SRC/events/01441-DUP
EV001900,PM,TRI_BILLING,TRI-R00707,SUBMITTED,2023-09-11T14:21:00+00:00,2023-09-15T08:50:54+00:00,19375,USD,,false,TRI/SRC/events/01287-DUP
EV001901,PM,CPL_BILLING,CPL-R00318,SUBMITTED,2023-01-23T15:03:00+00:00,2023-01-26T05:35:28+00:00,11702,USD,,false,CPL/SRC/events/00576-DUP
EV001902,PM,CPL_BILLING,,PAYMENT_POSTED,2023-05-19T20:54:00+00:00,2023-06-09T20:54:00+00:00,4665,USD,,false,CPL/SRC/events/00328-DUP
EV001903,PM,TRI_BILLING,TRI-R00453,SUBMITTED,2023-08-21T18:10:00+00:00,2023-08-24T18:57:50+00:00,13687,USD,,false,TRI/SRC/events/00820-DUP
EV001904,PM,TRI_BILLING,TRI-R00621,CORRECTED,2022-12-05T23:45:00+00:00,2022-12-13T05:36:28+00:00,36998,USD,,false,TRI/SRC/events/01128-DUP
EV001905,PM,TRI_BILLING,,PAYMENT_POSTED,2023-06-15T16:19:00+00:00,2023-06-17T01:09:30+00:00,12343,USD,,false,TRI/SRC/events/00967-DUP
EV001906,PM,CPL_BILLING,,PAYMENT_POSTED,2023-01-12T22:38:00+00:00,2023-01-12T22:56:14+00:00,43066,USD,,false,CPL/SRC/events/00387-DUP
EV001907,PM,CPL_BILLING,,PAYMENT_POSTED,2023-08-28T15:45:00+00:00,2023-08-28T21:49:03+00:00,130278,USD,,false,CPL/SRC/events/00594-DUP
EV001908,PM,NDX_BILLING,,PAYMENT_POSTED,2023-03-22T16:51:00+00:00,2023-04-06T14:03:31+00:00,4073,USD,,false,NDX/SRC/events/01608-DUP
EV001909,PM,NDX_BILLING,,PAYMENT_POSTED,2022-09-05T13:49:00+00:00,2022-09-07T22:48:27+00:00,7746,USD,,false,NDX/SRC/events/01715-DUP
EV001910,PM,CPL_BILLING,CPL-R00086,SUBMITTED,2023-09-11T15:09:00+00:00,2023-09-12T14:41:52+00:00,3749,USD,,false,CPL/SRC/events/00153-DUP
EV001911,PM,CPL_BILLING,CPL-R00078,SUBMITTED,2022-07-19T18:55:00+00:00,2022-07-19T22:48:31+00:00,6422,USD,,false,CPL/SRC/events/00138-DUP
EV001912,PM,TRI_BILLING,,PAYMENT_POSTED,2023-01-26T19:18:00+00:00,2023-01-30T06:51:37+00:00,5753,USD,,false,TRI/SRC/events/00824-DUP
EV001913,PM,TRI_BILLING,,PAYMENT_POSTED,2023-01-31T21:00:00+00:00,2023-02-01T00:18:32+00:00,9746,USD,,false,TRI/SRC/events/01092-DUP
EV001914,PM,TRI_BILLING,,UNKNOWN,2022-11-07T23:55:00+00:00,2022-11-09T20:30:17+00:00,,,,false,TRI/SRC/events/01914
EV001915,PM,TRI_BILLING,,UNKNOWN,2023-03-24T15:56:00+00:00,2023-03-28T21:29:31+00:00,,,,false,TRI/SRC/events/01915
EV001916,PM,CPL_BILLING,,UNKNOWN,2022-12-07T14:05:00+00:00,2022-12-09T19:05:31+00:00,,,,false,CPL/SRC/events/01916
EV001917,PM,TRI_BILLING,,UNKNOWN,2022-12-12T21:21:00+00:00,2022-12-14T18:11:44+00:00,,,,false,TRI/SRC/events/01917
EV001918,PM,CPL_BILLING,,UNKNOWN,2022-08-12T18:21:00+00:00,2022-08-14T09:48:41+00:00,,,,false,CPL/SRC/events/01918
EV001919,PM,TRI_BILLING,,UNKNOWN,2022-09-05T14:45:00+00:00,2022-09-05T17:51:58+00:00,,,,false,TRI/SRC/events/01919
EV001920,PM,TRI_BILLING,,UNKNOWN,2023-01-02T21:04:00+00:00,2023-01-06T05:33:34+00:00,,,,false,TRI/SRC/events/01920
EV001921,PM,CPL_BILLING,,UNKNOWN,2023-08-28T15:19:00+00:00,2023-08-28T23:14:57+00:00,,,,false,CPL/SRC/events/01921
EV001922,PM,TRI_BILLING,,UNKNOWN,2023-02-13T19:41:00+00:00,2023-02-19T01:14:37+00:00,,,,false,TRI/SRC/events/01922
