event_id,org_token,source_system,bill_record_id,event_type,event_at,available_at,amount_minor,currency,reverses_event_id,terminal_flag,source_ref
EV000001,PG,CPL_BILLING,CPL-R00001,SUBMITTED,2023-06-08T16:50:00+00:00,2023-06-12T07:59:31+00:00,10509,USD,,false,CPL/SRC/events/00001
EV000002,PG,CPL_BILLING,,PAYMENT_POSTED,2023-07-03T18:36:00+00:00,2023-07-11T07:33:15+00:00,10509,USD,,false,CPL/SRC/events/00002
EV000003,PG,CPL_BILLING,CPL-R00002,SUBMITTED,2023-09-18T18:51:00+00:00,2023-09-21T03:57:34+00:00,19826,USD,,false,CPL/SRC/events/00003
EV000004,PG,CPL_BILLING,,PAYMENT_POSTED,2023-10-02T16:53:00+00:00,2023-10-02T22:33:12+00:00,19826,USD,,false,CPL/SRC/events/00004
EV000005,PG,CPL_BILLING,CPL-R00003,SUBMITTED,2023-08-25T14:26:00+00:00,2023-08-29T00:03:08+00:00,8205,USD,,false,CPL/SRC/events/00005
EV000006,PG,CPL_BILLING,,PAYMENT_POSTED,2023-09-20T15:37:00+00:00,2023-09-20T16:02:16+00:00,8205,USD,,false,CPL/SRC/events/00006
EV000007,PG,CPL_BILLING,CPL-R00004,SUBMITTED,2023-03-14T13:24:00+00:00,2023-03-17T15:21:53+00:00,17982,USD,,false,CPL/SRC/events/00007
EV000008,PG,CPL_BILLING,,PAYMENT_POSTED,2023-03-24T19:51:00+00:00,2023-03-24T23:52:34+00:00,17982,USD,,false,CPL/SRC/events/00008
EV000009,PG,CPL_BILLING,CPL-R00005,SUBMITTED,2023-03-14T18:09:00+00:00,2023-03-14T19:29:01+00:00,10418,USD,,false,CPL/SRC/events/00009
EV000010,PG,CPL_BILLING,CPL-R00006,SUBMITTED,2023-05-24T14:57:00+00:00,2023-06-01T15:17:19+00:00,46802,USD,,false,CPL/SRC/events/00010
EV000011,PG,CPL_BILLING,,PAYMENT_POSTED,2023-06-13T13:50:00+00:00,2023-06-16T12:11:29+00:00,46802,USD,,false,CPL/SRC/events/00011
EV000012,PG,CPL_BILLING,CPL-R00007,SUBMITTED,2023-02-07T14:17:00+00:00,2023-02-08T15:15:29+00:00,14093,USD,,false,CPL/SRC/events/00012
EV000013,PG,CPL_BILLING,,PAYMENT_POSTED,2023-02-27T17:44:00+00:00,2023-03-02T17:34:35+00:00,14093,USD,,false,CPL/SRC/events/00013
EV000014,PG,CPL_BILLING,CPL-R00008,SUBMITTED,2023-03-06T17:54:00+00:00,2023-03-08T03:51:47+00:00,4399,USD,,false,CPL/SRC/events/00014
EV000015,PG,CPL_BILLING,,PAYMENT_POSTED,2023-03-20T15:38:00+00:00,2023-03-25T11:50:27+00:00,4399,USD,,false,CPL/SRC/events/00015
EV000016,PG,CPL_BILLING,CPL-R00009,SUBMITTED,2022-09-09T19:26:00+00:00,2022-09-09T19:51:29+00:00,16961,USD,,false,CPL/SRC/events/00016
EV000017,PG,CPL_BILLING,,PAYMENT_POSTED,2022-09-21T15:21:00+00:00,2022-10-11T05:00:43+00:00,16961,USD,,false,CPL/SRC/events/00017
EV000018,PG,CPL_BILLING,CPL-R00010,SUBMITTED,2023-01-13T22:32:00+00:00,2023-01-14T04:10:15+00:00,8889,USD,,false,CPL/SRC/events/00018
EV000019,PG,CPL_BILLING,CPL-R00011,CORRECTED,2023-01-18T17:36:00+00:00,2023-01-20T06:57:01+00:00,9082,USD,,false,CPL/SRC/events/00019
EV000020,PG,CPL_BILLING,CPL-R00011,CLOSED_NO_PAYMENT,2023-05-08T19:28:00+00:00,2023-05-11T00:40:03+00:00,,,,true,CPL/SRC/events/00020
EV000021,PG,CPL_BILLING,CPL-R00012,SUBMITTED,2023-02-03T21:06:00+00:00,2023-02-04T03:04:14+00:00,10995,USD,,false,CPL/SRC/events/00021
EV000022,PG,CPL_BILLING,,PAYMENT_POSTED,2023-03-22T18:47:00+00:00,2023-03-24T08:42:51+00:00,10995,USD,,false,CPL/SRC/events/00022
EV000024,PG,CPL_BILLING,,PAYMENT_POSTED,2023-02-08T21:07:00+00:00,2023-02-08T22:42:03+00:00,3940,USD,,false,CPL/SRC/events/00024
EV000025,PG,CPL_BILLING,CPL-R00014,SUBMITTED,2023-08-30T15:49:00+00:00,2023-08-30T15:55:37+00:00,54714,USD,,false,CPL/SRC/events/00025
EV000026,PG,CPL_BILLING,,PAYMENT_POSTED,2023-09-07T21:55:00+00:00,2023-09-13T13:41:57+00:00,54714,USD,,false,CPL/SRC/events/00026
EV000027,PG,CPL_BILLING,CPL-R00015,SUBMITTED,2022-09-20T21:26:00+00:00,2022-10-02T05:12:42+00:00,103659,USD,,false,CPL/SRC/events/00027
EV000028,PG,CPL_BILLING,,PAYMENT_POSTED,2023-01-02T15:46:00+00:00,2023-01-02T16:58:32+00:00,103659,USD,,false,CPL/SRC/events/00028
EV000029,PG,CPL_BILLING,CPL-R00015,PAYMENT_REVERSED,2023-01-04T21:16:00+00:00,2023-01-10T18:02:32+00:00,36051,USD,EV000028,false,CPL/SRC/events/00029
EV000030,PG,CPL_BILLING,CPL-R00016,SUBMITTED,2022-11-02T15:12:00+00:00,2022-11-03T23:07:59+00:00,34747,USD,,false,CPL/SRC/events/00030
EV000031,PG,CPL_BILLING,,PAYMENT_POSTED,2022-11-14T18:32:00+00:00,2022-12-05T18:32:00+00:00,34747,USD,,false,CPL/SRC/events/00031
EV000032,PG,CPL_BILLING,CPL-R00017,SUBMITTED,2023-04-17T13:53:00+00:00,2023-04-19T00:01:33+00:00,24993,USD,,false,CPL/SRC/events/00032
EV000033,PG,CPL_BILLING,,PAYMENT_POSTED,2023-06-01T14:25:00+00:00,2023-06-01T20:42:41+00:00,24993,USD,,false,CPL/SRC/events/00033
EV000034,PG,CPL_BILLING,CPL-R00018,SUBMITTED,2023-02-20T20:43:00+00:00,2023-02-21T01:36:13+00:00,14522,USD,,false,CPL/SRC/events/00034
EV000035,PG,CPL_BILLING,,PAYMENT_POSTED,2023-03-07T21:04:00+00:00,2023-03-07T22:52:47+00:00,14522,USD,,false,CPL/SRC/events/00035
EV000036,PG,CPL_BILLING,CPL-R00019,SUBMITTED,2022-08-25T19:19:00+00:00,2022-08-27T11:34:49+00:00,13731,USD,,false,CPL/SRC/events/00036
EV000037,PG,CPL_BILLING,,PAYMENT_POSTED,2022-09-13T16:03:00+00:00,2022-09-17T22:56:39+00:00,13731,USD,,false,CPL/SRC/events/00037
EV000038,PG,CPL_BILLING,CPL-R00019,PAYMENT_REVERSED,2022-09-26T19:15:00+00:00,2022-09-28T03:21:41+00:00,13731,USD,EV000037,false,CPL/SRC/events/00038
EV000039,PG,CPL_BILLING,CPL-R00020,SUBMITTED,2023-08-21T21:11:00+00:00,2023-08-23T21:07:11+00:00,220184,USD,,false,CPL/SRC/events/00039
EV000040,PG,CPL_BILLING,CPL-R00020,CLOSED_NO_PAYMENT,2023-11-13T18:38:00+00:00,2023-11-13T21:04:23+00:00,,,,true,CPL/SRC/events/00040
EV000041,PG,CPL_BILLING,CPL-R00021,SUBMITTED,2023-07-10T20:10:00+00:00,2023-07-11T02:22:55+00:00,10400,USD,,false,CPL/SRC/events/00041
EV000042,PG,CPL_BILLING,,PAYMENT_POSTED,2023-07-27T19:05:00+00:00,2023-07-30T17:31:27+00:00,10400,USD,,false,CPL/SRC/events/00042
EV000043,PG,CPL_BILLING,CPL-R00022,SUBMITTED,2022-11-07T18:03:00+00:00,2022-11-07T23:50:21+00:00,38249,USD,,false,CPL/SRC/events/00043
EV000044,PG,CPL_BILLING,,PAYMENT_POSTED,2022-12-02T15:07:00+00:00,2022-12-03T10:03:53+00:00,38249,USD,,false,CPL/SRC/events/00044
EV000045,PG,CPL_BILLING,CPL-R00023,SUBMITTED,2023-01-02T22:31:00+00:00,2023-01-02T23:08:33+00:00,11730,USD,,false,CPL/SRC/events/00045
EV000046,PG,CPL_BILLING,,PAYMENT_POSTED,2023-01-13T20:32:00+00:00,2023-01-14T01:56:42+00:00,11730,USD,,false,CPL/SRC/events/00046
EV000047,PG,CPL_BILLING,CPL-R00024,SUBMITTED,2023-04-21T20:22:00+00:00,2023-04-21T22:21:46+00:00,12955,USD,,false,CPL/SRC/events/00047
EV000048,PG,CPL_BILLING,,PAYMENT_POSTED,2023-07-12T15:06:00+00:00,2023-07-13T01:18:34+00:00,12955,USD,,false,CPL/SRC/events/00048
EV000049,PG,CPL_BILLING,CPL-R00025,SUBMITTED,2022-10-03T13:56:00+00:00,2022-10-05T14:35:39+00:00,17485,USD,,false,CPL/SRC/events/00049
EV000050,PG,CPL_BILLING,,PAYMENT_POSTED,2022-10-17T21:25:00+00:00,2022-10-20T14:09:15+00:00,17485,USD,,false,CPL/SRC/events/00050
EV000051,PG,CPL_BILLING,CPL-R00026,SUBMITTED,2023-01-19T14:41:00+00:00,2023-01-22T06:24:14+00:00,12645,USD,,false,CPL/SRC/events/00051
EV000052,PG,CPL_BILLING,,PAYMENT_POSTED,2023-02-08T16:28:00+00:00,2023-02-11T22:51:45+00:00,12645,USD,,false,CPL/SRC/events/00052
EV000053,PG,CPL_BILLING,CPL-R00027,SUBMITTED,2023-04-18T16:17:00+00:00,2023-04-18T19:09:25+00:00,8589,USD,,false,CPL/SRC/events/00053
EV000054,PG,CPL_BILLING,CPL-R00028,CORRECTED,2023-04-26T18:19:00+00:00,2023-05-04T01:53:37+00:00,9629,USD,,false,CPL/SRC/events/00054
EV000055,PG,CPL_BILLING,,PAYMENT_POSTED,2023-05-10T16:54:00+00:00,2023-05-13T18:17:26+00:00,9629,USD,,false,CPL/SRC/events/00055
EV000056,PG,CPL_BILLING,CPL-R00029,SUBMITTED,2022-07-21T21:58:00+00:00,2022-07-22T02:48:42+00:00,9797,USD,,false,CPL/SRC/events/00056
EV000057,PG,CPL_BILLING,,PAYMENT_POSTED,2022-08-12T19:12:00+00:00,2022-09-02T19:12:00+00:00,9797,USD,,false,CPL/SRC/events/00057
EV000058,PG,CPL_BILLING,CPL-R00030,SUBMITTED,2023-03-09T18:56:00+00:00,2023-03-12T06:52:29+00:00,3935,USD,,false,CPL/SRC/events/00058
EV000059,PG,CPL_BILLING,,PAYMENT_POSTED,2023-03-22T16:56:00+00:00,2023-03-22T19:16:50+00:00,3935,USD,,false,CPL/SRC/events/00059
EV000060,PG,CPL_BILLING,CPL-R00031,SUBMITTED,2023-09-20T14:00:00+00:00,2023-09-20T20:19:08+00:00,4861,USD,,false,CPL/SRC/events/00060
EV000061,PG,CPL_BILLING,CPL-R00032,CORRECTED,2023-09-21T17:39:00+00:00,2023-09-21T21:53:21+00:00,4235,USD,,false,CPL/SRC/events/00061
EV000062,PG,CPL_BILLING,,PAYMENT_POSTED,2023-10-03T16:28:00+00:00,2023-10-03T19:34:03+00:00,4235,USD,,false,CPL/SRC/events/00062
EV000063,PG,CPL_BILLING,CPL-R00033,SUBMITTED,2023-09-18T14:46:00+00:00,2023-09-18T20:46:08+00:00,11519,USD,,false,CPL/SRC/events/00063
EV000064,PG,CPL_BILLING,CPL-R00034,SUBMITTED,2022-07-08T15:02:00+00:00,2022-07-08T16:53:42+00:00,5352,USD,,false,CPL/SRC/events/00064
EV000065,PG,CPL_BILLING,,PAYMENT_POSTED,2022-07-13T13:55:00+00:00,2022-07-15T02:34:01+00:00,5352,USD,,false,CPL/SRC/events/00065
EV000066,PG,CPL_BILLING,CPL-R00035,SUBMITTED,2022-07-11T18:07:00+00:00,2022-07-12T00:21:35+00:00,5331,USD,,false,CPL/SRC/events/00066
EV000067,PG,CPL_BILLING,,PAYMENT_POSTED,2022-07-18T14:10:00+00:00,2022-07-21T02:39:23+00:00,5331,USD,,false,CPL/SRC/events/00067
EV000068,PG,CPL_BILLING,CPL-R00036,SUBMITTED,2022-10-25T16:03:00+00:00,2022-10-31T13:15:26+00:00,4709,USD,,false,CPL/SRC/events/00068
EV000069,PG,CPL_BILLING,,PAYMENT_POSTED,2022-10-27T20:27:00+00:00,2022-10-28T04:11:54+00:00,4709,USD,,false,CPL/SRC/events/00069
EV000070,PG,CPL_BILLING,CPL-R00037,SUBMITTED,2022-12-19T21:33:00+00:00,2022-12-21T22:02:12+00:00,21896,USD,,false,CPL/SRC/events/00070
EV000071,PG,CPL_BILLING,,PAYMENT_POSTED,2023-01-12T17:39:00+00:00,2023-01-12T17:49:40+00:00,21896,USD,,false,CPL/SRC/events/00071
EV000072,PG,CPL_BILLING,CPL-R00038,SUBMITTED,2023-07-26T20:46:00+00:00,2023-07-29T17:22:15+00:00,8248,USD,,false,CPL/SRC/events/00072
EV000073,PG,CPL_BILLING,,PAYMENT_POSTED,2023-08-09T20:50:00+00:00,2023-08-11T19:31:45+00:00,8248,USD,,false,CPL/SRC/events/00073
EV000074,PG,CPL_BILLING,CPL-R00039,SUBMITTED,2022-12-12T22:13:00+00:00,2022-12-12T22:19:49+00:00,128550,USD,,false,CPL/SRC/events/00074
EV000075,PG,CPL_BILLING,,PAYMENT_POSTED,2022-12-21T22:42:00+00:00,2022-12-21T22:51:02+00:00,128550,USD,,false,CPL/SRC/events/00075
EV000076,PG,CPL_BILLING,CPL-R00040,SUBMITTED,2023-04-11T17:26:00+00:00,2023-04-16T23:25:35+00:00,8843,USD,,false,CPL/SRC/events/00076
EV000077,PG,CPL_BILLING,,PAYMENT_POSTED,2023-05-17T20:12:00+00:00,2023-06-02T09:27:28+00:00,8843,USD,,false,CPL/SRC/events/00077
EV000078,PG,CPL_BILLING,CPL-R00041,SUBMITTED,2022-12-19T20:51:00+00:00,2022-12-21T08:49:49+00:00,3094,USD,,false,CPL/SRC/events/00078
EV000079,PG,CPL_BILLING,,PAYMENT_POSTED,2023-01-16T21:08:00+00:00,2023-01-17T04:18:14+00:00,3094,USD,,false,CPL/SRC/events/00079
EV000080,PG,CPL_BILLING,CPL-R00042,SUBMITTED,2023-08-11T21:42:00+00:00,2023-08-12T03:08:52+00:00,39231,USD,,false,CPL/SRC/events/00080
EV000081,PG,CPL_BILLING,,PAYMENT_POSTED,2023-09-13T21:47:00+00:00,2023-09-14T18:00:56+00:00,39231,USD,,false,CPL/SRC/events/00081
EV000082,PG,CPL_BILLING,CPL-R00043,SUBMITTED,2023-08-14T16:24:00+00:00,2023-08-14T20:26:29+00:00,10328,USD,,false,CPL/SRC/events/00082
EV000083,PG,CPL_BILLING,,PAYMENT_POSTED,2023-09-12T17:58:00+00:00,2023-09-12T21:17:26+00:00,10328,USD,,false,CPL/SRC/events/00083
EV000084,PG,CPL_BILLING,CPL-R00044,SUBMITTED,2023-06-14T19:41:00+00:00,2023-06-20T05:54:15+00:00,263561,USD,,false,CPL/SRC/events/00084
EV000085,PG,CPL_BILLING,,PAYMENT_POSTED,2023-06-30T18:43:00+00:00,2023-07-05T19:34:47+00:00,263561,USD,,false,CPL/SRC/events/00085
EV000086,PG,CPL_BILLING,CPL-R00045,SUBMITTED,2023-05-03T14:48:00+00:00,2023-05-06T07:17:30+00:00,6809,USD,,false,CPL/SRC/events/00086
EV000087,PG,CPL_BILLING,,PAYMENT_POSTED,2023-06-05T13:37:00+00:00,2023-06-11T19:28:10+00:00,6809,USD,,false,CPL/SRC/events/00087
EV000088,PG,CPL_BILLING,CPL-R00046,SUBMITTED,2022-08-29T21:40:00+00:00,2022-08-30T05:03:15+00:00,9864,USD,,false,CPL/SRC/events/00088
EV000089,PG,CPL_BILLING,CPL-R00047,CORRECTED,2022-08-31T19:06:00+00:00,2022-09-02T23:57:58+00:00,8828,USD,,false,CPL/SRC/events/00089
EV000090,PG,CPL_BILLING,CPL-R00046,VOID_VERSION,2022-08-31T19:06:00+00:00,2022-08-31T20:28:13+00:00,9864,USD,,false,CPL/SRC/events/00090
EV000091,PG,CPL_BILLING,,PAYMENT_POSTED,2022-09-08T16:30:00+00:00,2022-09-12T07:52:22+00:00,8828,USD,,false,CPL/SRC/events/00091
EV000092,PG,CPL_BILLING,CPL-R00048,SUBMITTED,2023-01-23T20:23:00+00:00,2023-01-27T03:46:07+00:00,11392,USD,,false,CPL/SRC/events/00092
EV000093,PG,CPL_BILLING,,PAYMENT_POSTED,2023-02-13T21:02:00+00:00,2023-02-19T00:53:12+00:00,11392,USD,,false,CPL/SRC/events/00093
EV000094,PG,CPL_BILLING,CPL-R00049,SUBMITTED,2023-01-02T22:43:00+00:00,2023-01-03T00:35:33+00:00,68204,USD,,false,CPL/SRC/events/00094
EV000095,PG,CPL_BILLING,,PAYMENT_POSTED,2023-01-20T15:39:00+00:00,2023-01-25T03:16:11+00:00,68204,USD,,false,CPL/SRC/events/00095
EV000096,PG,CPL_BILLING,CPL-R00050,SUBMITTED,2023-02-16T22:04:00+00:00,2023-02-20T21:26:08+00:00,13840,USD,,false,CPL/SRC/events/00096
EV000097,PG,CPL_BILLING,CPL-R00051,SUBMITTED,2023-06-20T20:01:00+00:00,2023-06-20T22:24:15+00:00,44331,USD,,false,CPL/SRC/events/00097
EV000098,PG,CPL_BILLING,,PAYMENT_POSTED,2023-06-27T18:04:00+00:00,2023-06-30T15:30:51+00:00,44331,USD,,false,CPL/SRC/events/00098
EV000099,PG,CPL_BILLING,CPL-R00052,SUBMITTED,2022-08-15T16:54:00+00:00,2022-08-17T03:45:43+00:00,8195,USD,,false,CPL/SRC/events/00099
EV000100,PG,CPL_BILLING,,PAYMENT_POSTED,2022-08-29T19:38:00+00:00,2022-09-01T05:35:12+00:00,8195,USD,,false,CPL/SRC/events/00100
EV000101,PG,CPL_BILLING,CPL-R00053,SUBMITTED,2023-06-15T13:33:00+00:00,2023-06-17T17:20:33+00:00,8783,USD,,false,CPL/SRC/events/00101
EV000102,PG,CPL_BILLING,CPL-R00054,CORRECTED,2023-06-16T16:58:00+00:00,2023-06-20T15:22:12+00:00,10936,USD,,false,CPL/SRC/events/00102
EV000103,PG,CPL_BILLING,,PAYMENT_POSTED,2023-07-21T15:19:00+00:00,2023-07-22T03:34:11+00:00,10936,USD,,false,CPL/SRC/events/00103
EV000104,PG,CPL_BILLING,CPL-R00055,SUBMITTED,2022-10-19T14:36:00+00:00,2022-10-20T14:41:23+00:00,83167,USD,,false,CPL/SRC/events/00104
EV000105,PG,CPL_BILLING,CPL-R00056,CORRECTED,2022-10-28T14:37:00+00:00,2022-10-29T18:37:58+00:00,107640,USD,,false,CPL/SRC/events/00105
EV000106,PG,CPL_BILLING,,PAYMENT_POSTED,2022-11-28T21:37:00+00:00,2022-12-01T22:59:10+00:00,107640,USD,,false,CPL/SRC/events/00106
EV000107,PG,CPL_BILLING,CPL-R00057,SUBMITTED,2022-10-17T13:06:00+00:00,2022-10-17T17:17:09+00:00,4248,USD,,false,CPL/SRC/events/00107
EV000108,PG,CPL_BILLING,CPL-R00058,SUBMITTED,2023-04-10T14:13:00+00:00,2023-04-10T15:50:52+00:00,4517,USD,,false,CPL/SRC/events/00108
EV000109,PG,CPL_BILLING,,PAYMENT_POSTED,2023-05-01T16:58:00+00:00,2023-05-01T20:34:12+00:00,4517,USD,,false,CPL/SRC/events/00109
EV000110,PG,CPL_BILLING,CPL-R00059,SUBMITTED,2023-09-11T18:33:00+00:00,2023-09-12T01:36:00+00:00,13186,USD,,false,CPL/SRC/events/00110
EV000111,PG,CPL_BILLING,,PAYMENT_POSTED,2023-09-25T16:31:00+00:00,2023-09-25T19:29:02+00:00,13186,USD,,false,CPL/SRC/events/00111
EV000112,PG,CPL_BILLING,CPL-R00060,SUBMITTED,2023-08-24T15:40:00+00:00,2023-08-26T14:58:59+00:00,9810,USD,,false,CPL/SRC/events/00112
EV000113,PG,CPL_BILLING,,PAYMENT_POSTED,2023-09-21T14:47:00+00:00,2023-09-23T11:09:30+00:00,9810,USD,,false,CPL/SRC/events/00113
EV000114,PG,CPL_BILLING,CPL-R00061,SUBMITTED,2022-08-29T16:57:00+00:00,2022-08-29T23:16:31+00:00,7519,USD,,false,CPL/SRC/events/00114
EV000115,PG,CPL_BILLING,,PAYMENT_POSTED,2022-10-27T21:01:00+00:00,2022-10-28T03:35:38+00:00,7519,USD,,false,CPL/SRC/events/00115
EV000116,PG,CPL_BILLING,CPL-R00062,SUBMITTED,2022-08-30T20:41:00+00:00,2022-08-31T01:39:29+00:00,4845,USD,,false,CPL/SRC/events/00116
EV000117,PG,CPL_BILLING,,PAYMENT_POSTED,2022-09-27T18:40:00+00:00,2022-10-02T07:51:48+00:00,4845,USD,,false,CPL/SRC/events/00117
EV000118,PG,CPL_BILLING,CPL-R00063,SUBMITTED,2022-10-26T18:30:00+00:00,2022-10-29T15:53:47+00:00,6421,USD,,false,CPL/SRC/events/00118
EV000119,PG,CPL_BILLING,,PAYMENT_POSTED,2023-01-03T15:01:00+00:00,2023-01-08T19:14:07+00:00,6421,USD,,false,CPL/SRC/events/00119
EV000120,PG,CPL_BILLING,CPL-R00064,SUBMITTED,2022-08-05T19:23:00+00:00,2022-08-06T16:05:21+00:00,4349,USD,,false,CPL/SRC/events/00120
EV000121,PG,CPL_BILLING,,PAYMENT_POSTED,2022-08-22T20:47:00+00:00,2022-08-24T01:08:58+00:00,4349,USD,,false,CPL/SRC/events/00121
EV000122,PG,CPL_BILLING,CPL-R00065,SUBMITTED,2023-04-05T17:20:00+00:00,2023-04-06T00:03:10+00:00,11055,USD,,false,CPL/SRC/events/00122
EV000123,PG,CPL_BILLING,,PAYMENT_POSTED,2023-05-18T14:50:00+00:00,2023-05-19T08:27:25+00:00,11055,USD,,false,CPL/SRC/events/00123
EV000124,PG,CPL_BILLING,CPL-R00066,SUBMITTED,2023-07-17T21:28:00+00:00,2023-07-18T00:43:52+00:00,2628,USD,,false,CPL/SRC/events/00124
EV000125,PG,CPL_BILLING,,PAYMENT_POSTED,2023-07-21T15:21:00+00:00,2023-07-26T19:55:07+00:00,2628,USD,,false,CPL/SRC/events/00125
EV000126,PG,CPL_BILLING,CPL-R00067,SUBMITTED,2022-12-12T17:29:00+00:00,2022-12-15T09:40:36+00:00,41279,USD,,false,CPL/SRC/events/00126
EV000127,PG,CPL_BILLING,,PAYMENT_POSTED,2022-12-28T15:27:00+00:00,2022-12-30T13:54:47+00:00,41279,USD,,false,CPL/SRC/events/00127
EV000128,PG,CPL_BILLING,CPL-R00068,SUBMITTED,2023-01-09T18:19:00+00:00,2023-01-09T19:33:30+00:00,2648,USD,,false,CPL/SRC/events/00128
EV000129,PG,CPL_BILLING,CPL-R00069,SUBMITTED,2023-05-10T17:06:00+00:00,2023-05-10T19:37:01+00:00,39030,USD,,false,CPL/SRC/events/00129
EV000130,PG,CPL_BILLING,,PAYMENT_POSTED,2023-05-18T15:25:00+00:00,2023-05-31T19:45:21+00:00,39030,USD,,false,CPL/SRC/events/00130
EV000131,PG,CPL_BILLING,CPL-R00070,SUBMITTED,2023-07-21T13:18:00+00:00,2023-07-25T03:08:05+00:00,5958,USD,,false,CPL/SRC/events/00131
EV000132,PG,CPL_BILLING,,PAYMENT_POSTED,2023-07-28T17:13:00+00:00,2023-07-28T23:57:55+00:00,5958,USD,,false,CPL/SRC/events/00132
EV000133,PG,CPL_BILLING,CPL-R00071,SUBMITTED,2022-12-05T19:39:00+00:00,2022-12-08T13:58:00+00:00,4566,USD,,false,CPL/SRC/events/00133
EV000134,PG,CPL_BILLING,CPL-R00072,SUBMITTED,2023-07-20T16:08:00+00:00,2023-07-21T21:06:17+00:00,6819,USD,,false,CPL/SRC/events/00134
EV000135,PG,CPL_BILLING,CPL-R00073,CORRECTED,2023-07-24T14:58:00+00:00,2023-07-25T21:35:06+00:00,8643,USD,,false,CPL/SRC/events/00135
EV000136,PG,CPL_BILLING,,PAYMENT_POSTED,2023-08-23T17:11:00+00:00,2023-08-23T20:15:58+00:00,8643,USD,,false,CPL/SRC/events/00136
EV000137,PG,CPL_BILLING,CPL-R00074,SUBMITTED,2023-04-20T21:49:00+00:00,2023-04-24T03:00:43+00:00,3157,USD,,false,CPL/SRC/events/00137
EV000138,PG,CPL_BILLING,,PAYMENT_POSTED,2023-05-04T21:37:00+00:00,2023-05-13T18:25:54+00:00,3157,USD,,false,CPL/SRC/events/00138
EV000139,PG,CPL_BILLING,CPL-R00075,SUBMITTED,2023-07-04T21:40:00+00:00,2023-07-10T01:13:12+00:00,8832,USD,,false,CPL/SRC/events/00139
EV000140,PG,CPL_BILLING,,PAYMENT_POSTED,2023-07-21T19:01:00+00:00,2023-07-22T01:22:49+00:00,8832,USD,,false,CPL/SRC/events/00140
EV000141,PG,CPL_BILLING,CPL-R00076,SUBMITTED,2022-09-26T19:56:00+00:00,2022-09-29T12:44:17+00:00,115144,USD,,false,CPL/SRC/events/00141
EV000142,PG,CPL_BILLING,,PAYMENT_POSTED,2022-10-05T15:34:00+00:00,2022-10-06T19:15:10+00:00,115144,USD,,false,CPL/SRC/events/00142
EV000143,PG,CPL_BILLING,CPL-R00077,SUBMITTED,2023-05-24T15:18:00+00:00,2023-05-24T20:22:43+00:00,35932,USD,,false,CPL/SRC/events/00143
EV000144,PG,CPL_BILLING,,PAYMENT_POSTED,2023-06-19T15:17:00+00:00,2023-06-19T18:52:15+00:00,35932,USD,,false,CPL/SRC/events/00144
EV000145,PG,CPL_BILLING,CPL-R00078,SUBMITTED,2023-05-03T18:19:00+00:00,2023-05-06T10:19:26+00:00,222584,USD,,false,CPL/SRC/events/00145
EV000146,PG,CPL_BILLING,CPL-R00079,SUBMITTED,2022-07-27T18:24:00+00:00,2022-08-02T20:11:07+00:00,12980,USD,,false,CPL/SRC/events/00146
EV000147,PG,CPL_BILLING,,PAYMENT_POSTED,2022-08-23T16:47:00+00:00,2022-08-23T22:31:16+00:00,12980,USD,,false,CPL/SRC/events/00147
EV000148,PG,CPL_BILLING,CPL-R00080,SUBMITTED,2023-08-25T19:10:00+00:00,2023-09-05T14:13:12+00:00,16615,USD,,false,CPL/SRC/events/00148
EV000149,PG,CPL_BILLING,,PAYMENT_POSTED,2023-08-30T14:30:00+00:00,2023-08-30T17:50:29+00:00,16615,USD,,false,CPL/SRC/events/00149
EV000150,PG,CPL_BILLING,CPL-R00081,SUBMITTED,2022-12-13T16:41:00+00:00,2022-12-14T22:05:36+00:00,2878,USD,,false,CPL/SRC/events/00150
EV000151,PG,CPL_BILLING,,PAYMENT_POSTED,2023-01-06T20:39:00+00:00,2023-01-15T16:50:10+00:00,2878,USD,,false,CPL/SRC/events/00151
EV000152,PG,CPL_BILLING,CPL-R00082,SUBMITTED,2023-08-08T18:45:00+00:00,2023-08-09T19:00:55+00:00,17316,USD,,false,CPL/SRC/events/00152
EV000153,PG,CPL_BILLING,CPL-R00083,CORRECTED,2023-08-15T17:54:00+00:00,2023-09-02T00:26:31+00:00,21847,USD,,false,CPL/SRC/events/00153
EV000154,PG,CPL_BILLING,CPL-R00082,VOID_VERSION,2023-08-15T17:54:00+00:00,2023-08-16T05:20:44+00:00,17316,USD,,false,CPL/SRC/events/00154
EV000155,PG,CPL_BILLING,,PAYMENT_POSTED,2023-09-04T17:28:00+00:00,2023-09-04T21:46:38+00:00,21847,USD,,false,CPL/SRC/events/00155
EV000156,PG,CPL_BILLING,CPL-R00084,SUBMITTED,2022-11-21T19:48:00+00:00,2022-11-24T12:36:27+00:00,2500,USD,,false,CPL/SRC/events/00156
EV000157,PG,CPL_BILLING,,PAYMENT_POSTED,2022-12-09T16:58:00+00:00,2022-12-10T19:36:12+00:00,2500,USD,,false,CPL/SRC/events/00157
EV000158,PG,CPL_BILLING,CPL-R00085,SUBMITTED,2023-01-23T21:33:00+00:00,2023-01-23T23:53:43+00:00,12606,USD,,false,CPL/SRC/events/00158
EV000159,PG,CPL_BILLING,,PAYMENT_POSTED,2023-02-21T15:59:00+00:00,2023-02-27T20:57:40+00:00,12606,USD,,false,CPL/SRC/events/00159
EV000160,PG,CPL_BILLING,CPL-R00086,SUBMITTED,2022-11-28T18:46:00+00:00,2022-11-28T19:17:57+00:00,8645,USD,,false,CPL/SRC/events/00160
EV000161,PG,CPL_BILLING,,PAYMENT_POSTED,2022-12-26T19:14:00+00:00,2022-12-30T13:03:09+00:00,8645,USD,,false,CPL/SRC/events/00161
EV000162,PG,CPL_BILLING,CPL-R00087,SUBMITTED,2022-11-23T14:04:00+00:00,2022-11-23T14:57:18+00:00,23781,USD,,false,CPL/SRC/events/00162
EV000163,PG,CPL_BILLING,CPL-R00088,SUBMITTED,2023-02-08T18:26:00+00:00,2023-02-09T19:58:08+00:00,106105,USD,,false,CPL/SRC/events/00163
EV000164,PG,CPL_BILLING,,PAYMENT_POSTED,2023-04-04T13:28:00+00:00,2023-04-04T17:24:17+00:00,106105,USD,,false,CPL/SRC/events/00164
EV000165,PG,CPL_BILLING,CPL-R00089,SUBMITTED,2023-04-25T13:52:00+00:00,2023-04-25T21:01:14+00:00,19907,USD,,false,CPL/SRC/events/00165
EV000166,PG,CPL_BILLING,,PAYMENT_POSTED,2023-05-09T13:46:00+00:00,2023-05-19T02:16:57+00:00,19907,USD,,false,CPL/SRC/events/00166
EV000167,PG,CPL_BILLING,CPL-R00090,SUBMITTED,2023-06-12T21:52:00+00:00,2023-06-13T16:54:50+00:00,68799,USD,,false,CPL/SRC/events/00167
EV000168,PG,CPL_BILLING,,PAYMENT_POSTED,2023-06-30T14:01:00+00:00,2023-07-11T06:27:44+00:00,68799,USD,,false,CPL/SRC/events/00168
EV000169,PG,CPL_BILLING,CPL-R00091,SUBMITTED,2023-04-27T18:15:00+00:00,2023-05-01T02:16:03+00:00,19536,USD,,false,CPL/SRC/events/00169
EV000170,PG,CPL_BILLING,,PAYMENT_POSTED,2023-05-01T15:41:00+00:00,2023-05-02T23:56:51+00:00,19536,USD,,false,CPL/SRC/events/00170
EV000171,PG,CPL_BILLING,CPL-R00092,SUBMITTED,2023-04-25T18:43:00+00:00,2023-04-26T01:41:04+00:00,8590,USD,,false,CPL/SRC/events/00171
EV000172,PG,CPL_BILLING,CPL-R00093,SUBMITTED,2023-05-19T15:19:00+00:00,2023-05-20T20:00:07+00:00,28057,USD,,false,CPL/SRC/events/00172
EV000173,PG,CPL_BILLING,,PAYMENT_POSTED,2023-06-12T19:59:00+00:00,2023-06-20T07:50:12+00:00,28057,USD,,false,CPL/SRC/events/00173
EV000174,PG,CPL_BILLING,CPL-R00094,SUBMITTED,2023-05-15T16:28:00+00:00,2023-05-15T21:23:21+00:00,154557,USD,,false,CPL/SRC/events/00174
EV000175,PG,CPL_BILLING,,PAYMENT_POSTED,2023-06-02T20:42:00+00:00,2023-06-03T02:10:00+00:00,154557,USD,,false,CPL/SRC/events/00175
EV000176,PG,CPL_BILLING,CPL-R00095,SUBMITTED,2023-05-23T16:36:00+00:00,2023-05-23T20:44:26+00:00,15337,USD,,false,CPL/SRC/events/00176
EV000177,PG,CPL_BILLING,CPL-R00096,CORRECTED,2023-05-29T13:51:00+00:00,2023-06-05T12:47:49+00:00,13498,USD,,false,CPL/SRC/events/00177
EV000178,PG,CPL_BILLING,CPL-R00095,VOID_VERSION,2023-05-29T13:51:00+00:00,2023-05-29T16:26:10+00:00,15337,USD,,false,CPL/SRC/events/00178
EV000179,PG,CPL_BILLING,,PAYMENT_POSTED,2023-06-19T21:55:00+00:00,2023-06-20T05:16:12+00:00,13498,USD,,false,CPL/SRC/events/00179
EV000180,PG,CPL_BILLING,CPL-R00097,SUBMITTED,2022-11-07T17:16:00+00:00,2022-11-07T23:31:44+00:00,15867,USD,,false,CPL/SRC/events/00180
EV000181,PG,CPL_BILLING,,PAYMENT_POSTED,2022-11-21T21:49:00+00:00,2022-11-23T12:03:39+00:00,15867,USD,,false,CPL/SRC/events/00181
EV000182,PG,CPL_BILLING,CPL-R00098,SUBMITTED,2022-08-03T13:44:00+00:00,2022-08-03T14:59:03+00:00,46264,USD,,false,CPL/SRC/events/00182
EV000183,PG,CPL_BILLING,,PAYMENT_POSTED,2022-08-18T14:36:00+00:00,2022-08-18T22:01:35+00:00,46264,USD,,false,CPL/SRC/events/00183
EV000184,PG,CPL_BILLING,CPL-R00099,SUBMITTED,2022-10-17T18:32:00+00:00,2022-10-18T01:52:26+00:00,6591,USD,,false,CPL/SRC/events/00184
EV000185,PG,CPL_BILLING,,PAYMENT_POSTED,2022-10-28T14:27:00+00:00,2022-10-30T03:44:14+00:00,6591,USD,,false,CPL/SRC/events/00185
EV000186,PG,CPL_BILLING,CPL-R00100,SUBMITTED,2022-10-12T16:22:00+00:00,2022-10-12T23:06:14+00:00,9630,USD,,false,CPL/SRC/events/00186
EV000187,PG,CPL_BILLING,CPL-R00099,PAYMENT_REVERSED,2022-11-11T18:50:00+00:00,2022-11-13T01:18:03+00:00,4524,USD,EV000185,false,CPL/SRC/events/00187
EV000188,PG,CPL_BILLING,CPL-R00101,SUBMITTED,2023-04-06T15:52:00+00:00,2023-04-13T12:26:32+00:00,8890,USD,,false,CPL/SRC/events/00188
EV000189,PG,CPL_BILLING,,PAYMENT_POSTED,2023-04-21T14:04:00+00:00,2023-04-21T17:16:45+00:00,8890,USD,,false,CPL/SRC/events/00189
EV000190,PG,CPL_BILLING,CPL-R00102,SUBMITTED,2022-12-20T19:39:00+00:00,2022-12-21T00:05:12+00:00,5244,USD,,false,CPL/SRC/events/00190
EV000191,PG,CPL_BILLING,,PAYMENT_POSTED,2023-01-11T16:17:00+00:00,2023-01-14T20:22:20+00:00,5244,USD,,false,CPL/SRC/events/00191
EV000192,PG,CPL_BILLING,CPL-R00103,SUBMITTED,2022-07-18T18:54:00+00:00,2022-07-25T06:51:30+00:00,15811,EUR,,false,CPL/SRC/events/00192
EV000194,PG,CPL_BILLING,CPL-R00104,SUBMITTED,2023-09-11T20:18:00+00:00,2023-09-13T09:13:53+00:00,5379,USD,,false,CPL/SRC/events/00194
EV000195,PG,CPL_BILLING,,PAYMENT_POSTED,2023-11-06T22:26:00+00:00,2023-11-09T21:05:25+00:00,5379,USD,,false,CPL/SRC/events/00195
EV000196,PG,CPL_BILLING,CPL-R00105,SUBMITTED,2023-06-27T15:15:00+00:00,2023-07-06T10:26:18+00:00,9485,USD,,false,CPL/SRC/events/00196
EV000197,PG,CPL_BILLING,CPL-R00106,CORRECTED,2023-07-05T21:42:00+00:00,2023-07-12T07:17:02+00:00,9895,USD,,false,CPL/SRC/events/00197
EV000198,PG,CPL_BILLING,,PAYMENT_POSTED,2023-07-21T17:40:00+00:00,2023-07-22T00:36:55+00:00,9895,USD,,false,CPL/SRC/events/00198
EV000199,PG,CPL_BILLING,CPL-R00107,SUBMITTED,2023-06-23T14:37:00+00:00,2023-06-29T11:17:12+00:00,37097,USD,,false,CPL/SRC/events/00199
EV000200,PG,CPL_BILLING,,PAYMENT_POSTED,2023-07-07T16:38:00+00:00,2023-07-10T00:35:52+00:00,37097,USD,,false,CPL/SRC/events/00200
EV000201,PG,CPL_BILLING,CPL-R00108,SUBMITTED,2022-07-18T14:45:00+00:00,2022-09-05T14:52:26+00:00,3388,USD,,false,CPL/SRC/events/00201
EV000202,PG,CPL_BILLING,,PAYMENT_POSTED,2022-08-02T20:53:00+00:00,2022-08-06T15:10:26+00:00,3388,USD,,false,CPL/SRC/events/00202
EV000203,PG,CPL_BILLING,CPL-R00109,SUBMITTED,2023-09-25T14:29:00+00:00,2023-09-25T21:00:54+00:00,10715,USD,,false,CPL/SRC/events/00203
EV000204,PG,CPL_BILLING,,PAYMENT_POSTED,2023-10-12T17:50:00+00:00,2023-10-15T16:09:05+00:00,10715,USD,,false,CPL/SRC/events/00204
EV000205,PG,CPL_BILLING,CPL-R00110,SUBMITTED,2022-09-13T14:21:00+00:00,2022-09-15T02:09:16+00:00,4179,USD,,false,CPL/SRC/events/00205
EV000206,PG,CPL_BILLING,,PAYMENT_POSTED,2022-10-03T13:00:00+00:00,2022-10-05T07:11:03+00:00,4179,USD,,false,CPL/SRC/events/00206
EV000207,PG,CPL_BILLING,CPL-R00111,SUBMITTED,2022-09-08T18:54:00+00:00,2022-09-08T21:22:23+00:00,5388,USD,,false,CPL/SRC/events/00207
EV000208,PG,CPL_BILLING,CPL-R00112,SUBMITTED,2023-09-18T16:20:00+00:00,2023-09-23T18:27:01+00:00,16116,USD,,false,CPL/SRC/events/00208
EV000209,PG,CPL_BILLING,,PAYMENT_POSTED,2023-09-21T15:08:00+00:00,2023-09-29T01:31:48+00:00,16116,USD,,false,CPL/SRC/events/00209
EV000210,PG,CPL_BILLING,CPL-R00113,SUBMITTED,2023-03-02T18:21:00+00:00,2023-03-11T11:25:58+00:00,8062,USD,,false,CPL/SRC/events/00210
EV000211,PG,CPL_BILLING,CPL-R00113,CLOSED_NO_PAYMENT,2023-04-07T13:26:00+00:00,2023-04-07T21:09:32+00:00,,,,true,CPL/SRC/events/00211
EV000212,PG,CPL_BILLING,CPL-R00114,SUBMITTED,2023-08-25T20:08:00+00:00,2023-08-25T20:15:26+00:00,5003,USD,,false,CPL/SRC/events/00212
EV000213,PG,CPL_BILLING,CPL-R00115,SUBMITTED,2023-05-18T13:30:00+00:00,2023-05-20T05:11:06+00:00,35615,USD,,false,CPL/SRC/events/00213
EV000214,PG,CPL_BILLING,CPL-R00116,SUBMITTED,2022-11-21T16:53:00+00:00,2022-11-23T21:05:50+00:00,2500,USD,,false,CPL/SRC/events/00214
EV000215,PG,CPL_BILLING,CPL-R00117,CORRECTED,2022-11-24T14:25:00+00:00,2022-12-11T17:16:28+00:00,2673,USD,,false,CPL/SRC/events/00215
EV000216,PG,CPL_BILLING,CPL-R00116,VOID_VERSION,2022-11-24T14:25:00+00:00,2022-11-24T21:11:21+00:00,2500,USD,,false,CPL/SRC/events/00216
EV000217,PG,CPL_BILLING,,PAYMENT_POSTED,2022-12-08T17:08:00+00:00,2022-12-12T10:31:22+00:00,2673,USD,,false,CPL/SRC/events/00217
EV000218,PG,CPL_BILLING,CPL-R00118,SUBMITTED,2022-10-12T14:17:00+00:00,2022-10-21T22:13:37+00:00,9344,USD,,false,CPL/SRC/events/00218
EV000219,PG,CPL_BILLING,,PAYMENT_POSTED,2022-10-19T16:18:00+00:00,2022-10-19T18:43:43+00:00,9344,USD,,false,CPL/SRC/events/00219
EV000220,PG,CPL_BILLING,CPL-R00119,SUBMITTED,2022-10-10T18:22:00+00:00,2022-10-10T22:11:38+00:00,6941,USD,,false,CPL/SRC/events/00220
EV000221,PG,CPL_BILLING,CPL-R00120,SUBMITTED,2023-03-14T14:02:00+00:00,2023-03-16T23:25:09+00:00,4770,USD,,false,CPL/SRC/events/00221
EV000222,PG,CPL_BILLING,,PAYMENT_POSTED,2023-04-21T18:16:00+00:00,2023-04-24T19:22:05+00:00,4770,USD,,false,CPL/SRC/events/00222
EV000223,PG,CPL_BILLING,CPL-R00121,SUBMITTED,2023-04-19T16:04:00+00:00,2023-04-20T17:09:51+00:00,27973,USD,,false,CPL/SRC/events/00223
EV000224,PG,CPL_BILLING,CPL-R00122,SUBMITTED,2022-07-27T19:10:00+00:00,2022-09-20T03:42:18+00:00,38854,USD,,false,CPL/SRC/events/00224
EV000225,PG,CPL_BILLING,,PAYMENT_POSTED,2022-08-08T18:37:00+00:00,2022-08-14T02:21:31+00:00,38854,USD,,false,CPL/SRC/events/00225
EV000226,PG,CPL_BILLING,CPL-R00123,SUBMITTED,2023-09-11T19:50:00+00:00,2023-09-16T08:25:09+00:00,11656,USD,,false,CPL/SRC/events/00226
EV000227,PG,CPL_BILLING,CPL-R00124,SUBMITTED,2022-09-27T16:39:00+00:00,2022-09-27T18:16:20+00:00,20052,USD,,false,CPL/SRC/events/00227
EV000228,PG,CPL_BILLING,,PAYMENT_POSTED,2022-10-07T16:04:00+00:00,2022-10-10T09:08:50+00:00,20052,USD,,false,CPL/SRC/events/00228
EV000229,PG,CPL_BILLING,CPL-R00125,SUBMITTED,2023-09-11T14:18:00+00:00,2023-09-12T19:00:06+00:00,2500,USD,,false,CPL/SRC/events/00229
EV000230,PG,CPL_BILLING,,PAYMENT_POSTED,2023-10-17T14:46:00+00:00,2023-10-17T16:12:29+00:00,2500,USD,,false,CPL/SRC/events/00230
EV000231,PG,CPL_BILLING,CPL-R00126,SUBMITTED,2022-12-19T14:52:00+00:00,2022-12-21T18:13:23+00:00,16809,USD,,false,CPL/SRC/events/00231
EV000232,PG,CPL_BILLING,CPL-R00127,SUBMITTED,2022-11-16T18:26:00+00:00,2022-11-21T21:29:51+00:00,127009,USD,,false,CPL/SRC/events/00232
EV000233,PG,CPL_BILLING,,PAYMENT_POSTED,2023-03-03T21:11:00+00:00,2023-03-04T05:00:31+00:00,127009,USD,,false,CPL/SRC/events/00233
EV000234,PG,CPL_BILLING,CPL-R00128,SUBMITTED,2022-07-19T18:43:00+00:00,2022-07-22T23:53:41+00:00,11860,USD,,false,CPL/SRC/events/00234
EV000235,PG,CPL_BILLING,,PAYMENT_POSTED,2022-07-25T17:25:00+00:00,2022-07-27T13:53:01+00:00,11860,USD,,false,CPL/SRC/events/00235
EV000236,PG,CPL_BILLING,CPL-R00129,SUBMITTED,2022-12-09T16:24:00+00:00,2022-12-09T19:54:40+00:00,62694,USD,,false,CPL/SRC/events/00236
EV000237,PG,CPL_BILLING,CPL-R00130,CORRECTED,2022-12-12T19:50:00+00:00,2022-12-12T22:39:32+00:00,71439,USD,,false,CPL/SRC/events/00237
EV000238,PG,CPL_BILLING,,PAYMENT_POSTED,2022-12-13T16:22:00+00:00,2022-12-16T00:01:17+00:00,71439,USD,,false,CPL/SRC/events/00238
EV000239,PG,CPL_BILLING,CPL-R00131,SUBMITTED,2022-12-08T18:51:00+00:00,2022-12-08T23:23:32+00:00,14318,USD,,false,CPL/SRC/events/00239
EV000240,PG,CPL_BILLING,CPL-R00132,SUBMITTED,2022-12-19T20:44:00+00:00,2022-12-21T14:33:02+00:00,4714,USD,,false,CPL/SRC/events/00240
EV000241,PG,CPL_BILLING,,PAYMENT_POSTED,2022-12-27T16:31:00+00:00,2022-12-27T23:53:41+00:00,4714,USD,,false,CPL/SRC/events/00241
EV000242,PG,CPL_BILLING,CPL-R00133,SUBMITTED,2023-01-30T17:43:00+00:00,2023-01-30T21:09:28+00:00,185386,USD,,false,CPL/SRC/events/00242
EV000243,PG,CPL_BILLING,CPL-R00134,SUBMITTED,2023-07-14T19:29:00+00:00,2023-07-14T19:39:31+00:00,13543,USD,,false,CPL/SRC/events/00243
EV000244,PG,CPL_BILLING,,PAYMENT_POSTED,2023-08-14T13:41:00+00:00,2023-08-14T18:56:47+00:00,13543,USD,,false,CPL/SRC/events/00244
EV000245,PG,CPL_BILLING,CPL-R00135,SUBMITTED,2023-07-05T13:54:00+00:00,2023-07-05T15:08:04+00:00,12130,USD,,false,CPL/SRC/events/00245
EV000246,PG,CPL_BILLING,,PAYMENT_POSTED,2023-07-18T13:30:00+00:00,2023-07-21T23:11:57+00:00,12130,USD,,false,CPL/SRC/events/00246
EV000247,PG,CPL_BILLING,CPL-R00136,SUBMITTED,2022-12-28T16:54:00+00:00,2023-01-03T08:09:25+00:00,38455,USD,,false,CPL/SRC/events/00247
EV000248,PG,CPL_BILLING,,PAYMENT_POSTED,2023-01-10T16:16:00+00:00,2023-01-10T17:35:50+00:00,38455,USD,,false,CPL/SRC/events/00248
EV000249,PG,CPL_BILLING,CPL-R00137,SUBMITTED,2023-01-10T16:04:00+00:00,2023-01-10T21:40:41+00:00,6684,USD,,false,CPL/SRC/events/00249
EV000250,PG,CPL_BILLING,,PAYMENT_POSTED,2023-02-16T20:58:00+00:00,2023-02-18T15:11:40+00:00,6684,USD,,false,CPL/SRC/events/00250
EV000251,PG,CPL_BILLING,CPL-R00137,PAYMENT_REVERSED,2023-02-21T19:26:00+00:00,2023-02-21T23:07:48+00:00,1399,USD,EV000250,false,CPL/SRC/events/00251
EV000252,PG,CPL_BILLING,CPL-R00138,SUBMITTED,2022-08-15T18:19:00+00:00,2022-08-15T20:14:01+00:00,62968,USD,,false,CPL/SRC/events/00252
EV000253,PG,CPL_BILLING,,PAYMENT_POSTED,2022-09-06T14:37:00+00:00,2022-09-06T14:44:56+00:00,62968,USD,,false,CPL/SRC/events/00253
EV000254,PG,CPL_BILLING,CPL-R00139,SUBMITTED,2022-11-16T17:38:00+00:00,2022-11-18T15:57:45+00:00,27227,USD,,false,CPL/SRC/events/00254
EV000255,PG,CPL_BILLING,,PAYMENT_POSTED,2022-12-19T22:52:00+00:00,2022-12-20T05:49:07+00:00,27227,USD,,false,CPL/SRC/events/00255
EV000256,PG,CPL_BILLING,CPL-R00140,SUBMITTED,2023-04-17T16:11:00+00:00,2023-04-21T15:53:58+00:00,15468,USD,,false,CPL/SRC/events/00256
EV000257,PG,CPL_BILLING,CPL-R00141,SUBMITTED,2023-08-07T18:10:00+00:00,2023-08-08T00:52:25+00:00,2666,USD,,false,CPL/SRC/events/00257
EV000258,PG,CPL_BILLING,,PAYMENT_POSTED,2023-08-21T16:07:00+00:00,2023-08-23T20:14:13+00:00,2666,USD,,false,CPL/SRC/events/00258
EV000259,PG,CPL_BILLING,CPL-R00142,SUBMITTED,2023-07-24T16:17:00+00:00,2023-07-27T12:37:12+00:00,7065,USD,,false,CPL/SRC/events/00259
EV000260,PG,CPL_BILLING,,PAYMENT_POSTED,2023-08-07T14:24:00+00:00,2023-08-10T11:11:47+00:00,7065,USD,,false,CPL/SRC/events/00260
EV000261,PG,CPL_BILLING,CPL-R00143,SUBMITTED,2023-08-28T17:19:00+00:00,2023-09-03T13:46:17+00:00,4885,USD,,false,CPL/SRC/events/00261
EV000262,PG,CPL_BILLING,,PAYMENT_POSTED,2023-09-11T16:28:00+00:00,2023-09-11T22:21:45+00:00,4885,USD,,false,CPL/SRC/events/00262
EV000263,PG,CPL_BILLING,CPL-R00144,SUBMITTED,2023-06-23T19:57:00+00:00,2023-06-26T12:42:08+00:00,15591,USD,,false,CPL/SRC/events/00263
EV000264,PG,CPL_BILLING,CPL-R00144,CLOSED_NO_PAYMENT,2023-08-09T14:10:00+00:00,2023-08-09T17:50:37+00:00,,,,true,CPL/SRC/events/00264
EV000265,PG,CPL_BILLING,CPL-R00145,SUBMITTED,2023-04-17T20:02:00+00:00,2023-04-20T00:21:02+00:00,14530,USD,,false,CPL/SRC/events/00265
EV000266,PG,CPL_BILLING,,PAYMENT_POSTED,2023-06-14T19:36:00+00:00,2023-06-15T11:02:23+00:00,14530,USD,,false,CPL/SRC/events/00266
EV000267,PG,CPL_BILLING,CPL-R00146,SUBMITTED,2022-07-05T13:04:00+00:00,2022-07-09T02:41:54+00:00,15392,USD,,false,CPL/SRC/events/00267
EV000268,PG,CPL_BILLING,CPL-R00147,CORRECTED,2022-07-06T14:38:00+00:00,2022-07-08T01:17:50+00:00,17232,USD,,false,CPL/SRC/events/00268
EV000269,PG,CPL_BILLING,CPL-R00146,VOID_VERSION,2022-07-06T14:38:00+00:00,2022-07-27T14:38:00+00:00,15392,USD,,false,CPL/SRC/events/00269
EV000270,PG,CPL_BILLING,,PAYMENT_POSTED,2022-07-18T19:24:00+00:00,2022-07-28T17:56:51+00:00,17232,USD,,false,CPL/SRC/events/00270
EV000271,PG,CPL_BILLING,CPL-R00148,SUBMITTED,2023-06-12T15:50:00+00:00,2023-06-12T23:31:49+00:00,15222,USD,,false,CPL/SRC/events/00271
EV000272,PG,CPL_BILLING,,PAYMENT_POSTED,2023-10-03T21:53:00+00:00,2023-10-04T01:53:59+00:00,15222,USD,,false,CPL/SRC/events/00272
EV000273,PG,CPL_BILLING,CPL-R00149,SUBMITTED,2023-07-03T20:26:00+00:00,2023-07-06T19:15:01+00:00,4096,USD,,false,CPL/SRC/events/00273
EV000275,PG,CPL_BILLING,CPL-R00150,SUBMITTED,2022-08-03T16:23:00+00:00,2022-08-03T23:30:16+00:00,144182,USD,,false,CPL/SRC/events/00275
EV000276,PG,CPL_BILLING,CPL-R00151,CORRECTED,2022-08-09T16:35:00+00:00,2022-08-09T18:11:38+00:00,177810,USD,,false,CPL/SRC/events/00276
EV000277,PG,CPL_BILLING,CPL-R00151,CLOSED_NO_PAYMENT,2022-09-05T14:23:00+00:00,2022-09-08T17:25:29+00:00,,,,true,CPL/SRC/events/00277
EV000278,PG,CPL_BILLING,CPL-R00152,SUBMITTED,2023-09-07T20:09:00+00:00,2023-09-11T03:06:11+00:00,6198,USD,,false,CPL/SRC/events/00278
EV000279,PG,CPL_BILLING,CPL-R00153,CORRECTED,2023-09-11T14:57:00+00:00,2023-09-11T22:22:11+00:00,5376,USD,,false,CPL/SRC/events/00279
EV000280,PG,CPL_BILLING,CPL-R00152,VOID_VERSION,2023-09-11T14:57:00+00:00,2023-09-18T08:16:54+00:00,6198,USD,,false,CPL/SRC/events/00280
EV000281,PG,CPL_BILLING,CPL-R00153,CLOSED_NO_PAYMENT,2023-10-30T16:18:00+00:00,2023-10-30T20:30:16+00:00,,,,true,CPL/SRC/events/00281
EV000282,PG,CPL_BILLING,CPL-R00154,SUBMITTED,2023-02-06T15:48:00+00:00,2023-02-07T15:33:32+00:00,6962,USD,,false,CPL/SRC/events/00282
EV000283,PG,CPL_BILLING,CPL-R00154,CLOSED_NO_PAYMENT,2023-03-22T20:02:00+00:00,2023-03-22T23:37:13+00:00,,,,true,CPL/SRC/events/00283
EV000284,PG,CPL_BILLING,CPL-R00155,SUBMITTED,2022-07-07T15:27:00+00:00,2022-07-07T16:40:17+00:00,13342,USD,,false,CPL/SRC/events/00284
EV000285,PG,CPL_BILLING,,PAYMENT_POSTED,2022-10-07T19:22:00+00:00,2022-10-08T01:14:24+00:00,13342,USD,,false,CPL/SRC/events/00285
EV000286,PG,CPL_BILLING,CPL-R00156,SUBMITTED,2022-12-05T21:03:00+00:00,2022-12-05T21:11:58+00:00,6110,USD,,false,CPL/SRC/events/00286
EV000287,PG,CPL_BILLING,,PAYMENT_POSTED,2022-12-26T17:35:00+00:00,2022-12-30T12:35:58+00:00,6110,USD,,false,CPL/SRC/events/00287
EV000288,PG,CPL_BILLING,CPL-R00157,SUBMITTED,2023-03-13T16:58:00+00:00,2023-03-13T22:22:40+00:00,208962,USD,,false,CPL/SRC/events/00288
EV000289,PG,CPL_BILLING,,PAYMENT_POSTED,2023-03-27T18:22:00+00:00,2023-04-02T07:12:29+00:00,208962,USD,,false,CPL/SRC/events/00289
EV000290,PG,CPL_BILLING,CPL-R00158,SUBMITTED,2023-05-11T13:25:00+00:00,2023-05-12T11:39:48+00:00,27832,USD,,false,CPL/SRC/events/00290
EV000291,PG,CPL_BILLING,,PAYMENT_POSTED,2023-05-26T18:23:00+00:00,2023-05-27T10:22:07+00:00,27832,USD,,false,CPL/SRC/events/00291
EV000292,PG,CPL_BILLING,CPL-R00159,SUBMITTED,2022-12-28T20:12:00+00:00,2022-12-29T11:03:59+00:00,88965,USD,,false,CPL/SRC/events/00292
EV000293,PG,CPL_BILLING,,PAYMENT_POSTED,2023-01-12T14:14:00+00:00,2023-01-12T19:29:29+00:00,88965,USD,,false,CPL/SRC/events/00293
EV000294,PG,CPL_BILLING,CPL-R00160,SUBMITTED,2023-05-29T20:25:00+00:00,2023-05-30T01:12:23+00:00,79408,USD,,false,CPL/SRC/events/00294
EV000295,PG,CPL_BILLING,,PAYMENT_POSTED,2023-07-10T21:32:00+00:00,2023-07-11T00:32:33+00:00,79408,USD,,false,CPL/SRC/events/00295
EV000296,PG,CPL_BILLING,CPL-R00161,SUBMITTED,2023-09-22T16:58:00+00:00,2023-09-23T14:12:43+00:00,34467,USD,,false,CPL/SRC/events/00296
EV000297,PG,CPL_BILLING,,PAYMENT_POSTED,2023-11-01T20:11:00+00:00,2023-11-01T22:00:17+00:00,34467,USD,,false,CPL/SRC/events/00297
EV000298,PG,CPL_BILLING,CPL-R00162,SUBMITTED,2022-11-03T14:57:00+00:00,2022-11-03T18:09:37+00:00,12354,USD,,false,CPL/SRC/events/00298
EV000299,PG,CPL_BILLING,CPL-R00163,CORRECTED,2022-11-14T14:32:00+00:00,2022-11-14T14:41:19+00:00,12834,USD,,false,CPL/SRC/events/00299
EV000300,PG,CPL_BILLING,CPL-R00162,VOID_VERSION,2022-11-14T14:32:00+00:00,2022-11-14T15:43:02+00:00,12354,USD,,false,CPL/SRC/events/00300
EV000301,PG,CPL_BILLING,,PAYMENT_POSTED,2022-12-07T22:38:00+00:00,2022-12-08T08:13:41+00:00,12834,USD,,false,CPL/SRC/events/00301
EV000302,PG,CPL_BILLING,CPL-R00164,SUBMITTED,2023-03-06T16:14:00+00:00,2023-03-06T22:07:00+00:00,5931,USD,,false,CPL/SRC/events/00302
EV000303,PG,CPL_BILLING,,PAYMENT_POSTED,2023-03-28T20:44:00+00:00,2023-03-31T05:02:00+00:00,5931,USD,,false,CPL/SRC/events/00303
EV000304,PG,CPL_BILLING,CPL-R00165,SUBMITTED,2023-07-10T13:31:00+00:00,2023-07-15T00:06:58+00:00,5511,USD,,false,CPL/SRC/events/00304
EV000305,PG,CPL_BILLING,,PAYMENT_POSTED,2023-08-28T14:21:00+00:00,2023-10-27T04:33:22+00:00,5511,USD,,false,CPL/SRC/events/00305
EV000306,PG,CPL_BILLING,CPL-R00166,SUBMITTED,2022-12-22T21:58:00+00:00,2022-12-22T23:46:51+00:00,4345,USD,,false,CPL/SRC/events/00306
EV000307,PG,CPL_BILLING,,PAYMENT_POSTED,2023-01-02T22:00:00+00:00,2023-01-03T05:06:38+00:00,4345,USD,,false,CPL/SRC/events/00307
EV000308,PG,CPL_BILLING,CPL-R00167,SUBMITTED,2022-10-03T14:56:00+00:00,2022-10-03T22:19:44+00:00,26141,USD,,false,CPL/SRC/events/00308
EV000309,PG,CPL_BILLING,,PAYMENT_POSTED,2023-01-12T17:01:00+00:00,2023-01-12T20:12:13+00:00,26141,USD,,false,CPL/SRC/events/00309
EV000310,PG,CPL_BILLING,CPL-R00168,SUBMITTED,2023-03-02T18:05:00+00:00,2023-03-02T20:58:03+00:00,68268,USD,,false,CPL/SRC/events/00310
EV000311,PG,CPL_BILLING,,PAYMENT_POSTED,2023-03-30T17:22:00+00:00,2023-04-03T01:42:44+00:00,68268,USD,,false,CPL/SRC/events/00311
EV000312,PG,CPL_BILLING,CPL-R00169,SUBMITTED,2022-11-28T22:14:00+00:00,2022-12-14T08:15:18+00:00,12585,USD,,false,CPL/SRC/events/00312
EV000313,PG,CPL_BILLING,,PAYMENT_POSTED,2022-12-22T17:10:00+00:00,2022-12-29T03:43:06+00:00,12585,USD,,false,CPL/SRC/events/00313
EV000314,PG,CPL_BILLING,CPL-R00170,SUBMITTED,2023-01-18T20:29:00+00:00,2023-01-21T19:57:42+00:00,12249,USD,,false,CPL/SRC/events/00314
EV000315,PG,CPL_BILLING,CPL-R00170,CLOSED_NO_PAYMENT,2023-02-27T20:25:00+00:00,2023-02-28T00:26:10+00:00,,,,true,CPL/SRC/events/00315
EV000316,PG,CPL_BILLING,CPL-R00171,SUBMITTED,2023-01-16T17:28:00+00:00,2023-01-16T21:53:32+00:00,15354,USD,,false,CPL/SRC/events/00316
EV000317,PG,CPL_BILLING,,PAYMENT_POSTED,2023-02-07T22:43:00+00:00,2023-02-12T18:38:13+00:00,15354,USD,,false,CPL/SRC/events/00317
EV000318,PG,CPL_BILLING,CPL-R00172,SUBMITTED,2023-03-24T21:22:00+00:00,2023-03-27T06:11:07+00:00,385887,USD,,false,CPL/SRC/events/00318
EV000319,PG,CPL_BILLING,,PAYMENT_POSTED,2023-04-28T18:49:00+00:00,2023-04-29T01:38:21+00:00,385887,USD,,false,CPL/SRC/events/00319
EV000320,PG,CPL_BILLING,CPL-R00173,SUBMITTED,2022-11-01T19:17:00+00:00,2022-11-05T06:47:42+00:00,6783,USD,,false,CPL/SRC/events/00320
EV000321,PG,CPL_BILLING,,PAYMENT_POSTED,2022-11-22T14:49:00+00:00,2022-11-24T17:39:22+00:00,6783,USD,,false,CPL/SRC/events/00321
EV000322,PG,CPL_BILLING,CPL-R00174,SUBMITTED,2022-12-08T20:26:00+00:00,2022-12-09T04:07:39+00:00,26418,USD,,false,CPL/SRC/events/00322
EV000323,PG,CPL_BILLING,CPL-R00175,CORRECTED,2022-12-19T20:14:00+00:00,2022-12-19T20:55:30+00:00,24728,USD,,false,CPL/SRC/events/00323
EV000324,PG,CPL_BILLING,CPL-R00174,VOID_VERSION,2022-12-19T20:14:00+00:00,2022-12-22T11:16:49+00:00,26418,USD,,false,CPL/SRC/events/00324
EV000325,PG,CPL_BILLING,,PAYMENT_POSTED,2022-12-19T16:19:00+00:00,2022-12-19T20:56:43+00:00,24728,USD,,false,CPL/SRC/events/00325
EV000326,PG,CPL_BILLING,CPL-R00176,SUBMITTED,2023-01-10T18:40:00+00:00,2023-01-12T16:20:49+00:00,10645,USD,,false,CPL/SRC/events/00326
EV000327,PG,CPL_BILLING,CPL-R00177,SUBMITTED,2022-11-14T19:20:00+00:00,2022-11-14T20:45:51+00:00,3237,USD,,false,CPL/SRC/events/00327
EV000328,PG,CPL_BILLING,,PAYMENT_POSTED,2022-12-19T14:15:00+00:00,2022-12-21T02:40:02+00:00,3237,USD,,false,CPL/SRC/events/00328
EV000329,PG,CPL_BILLING,CPL-R00178,SUBMITTED,2023-08-07T16:51:00+00:00,2023-08-07T21:06:34+00:00,18431,USD,,false,CPL/SRC/events/00329
EV000330,PG,CPL_BILLING,,PAYMENT_POSTED,2023-08-14T15:35:00+00:00,2023-08-16T14:09:45+00:00,18431,USD,,false,CPL/SRC/events/00330
EV000331,PG,CPL_BILLING,CPL-R00179,SUBMITTED,2022-09-30T21:37:00+00:00,2022-10-04T00:57:43+00:00,3795,USD,,false,CPL/SRC/events/00331
EV000332,PG,CPL_BILLING,,PAYMENT_POSTED,2022-12-26T20:53:00+00:00,2023-01-01T06:52:15+00:00,3795,USD,,false,CPL/SRC/events/00332
EV000333,PG,CPL_BILLING,CPL-R00180,SUBMITTED,2023-09-15T17:58:00+00:00,2023-09-18T00:06:45+00:00,29455,USD,,false,CPL/SRC/events/00333
EV000334,PG,CPL_BILLING,,PAYMENT_POSTED,2023-09-26T19:30:00+00:00,2023-09-28T16:30:06+00:00,29455,USD,,false,CPL/SRC/events/00334
EV000335,PG,CPL_BILLING,CPL-R00181,SUBMITTED,2023-08-28T17:36:00+00:00,2023-08-28T23:36:13+00:00,4711,USD,,false,CPL/SRC/events/00335
EV000336,PG,CPL_BILLING,,PAYMENT_POSTED,2023-10-09T15:33:00+00:00,2023-10-09T17:20:43+00:00,4711,USD,,false,CPL/SRC/events/00336
EV000337,PG,CPL_BILLING,CPL-R00182,SUBMITTED,2023-09-25T14:36:00+00:00,2023-09-28T05:07:32+00:00,7408,USD,,false,CPL/SRC/events/00337
EV000338,PG,CPL_BILLING,,PAYMENT_POSTED,2023-10-09T13:58:00+00:00,2023-10-09T15:05:38+00:00,7408,USD,,false,CPL/SRC/events/00338
EV000339,PG,CPL_BILLING,CPL-R00183,SUBMITTED,2022-10-31T16:52:00+00:00,2022-11-03T09:50:01+00:00,22743,USD,,false,CPL/SRC/events/00339
EV000340,PG,CPL_BILLING,CPL-R00184,CORRECTED,2022-11-01T16:38:00+00:00,2022-11-03T09:36:12+00:00,27581,USD,,false,CPL/SRC/events/00340
EV000341,PG,CPL_BILLING,CPL-R00183,VOID_VERSION,2022-11-01T16:38:00+00:00,2022-11-03T15:21:18+00:00,22743,USD,,false,CPL/SRC/events/00341
EV000342,PG,CPL_BILLING,,PAYMENT_POSTED,2022-11-07T16:26:00+00:00,2022-11-07T21:34:02+00:00,27581,USD,,false,CPL/SRC/events/00342
EV000343,PG,CPL_BILLING,CPL-R00185,SUBMITTED,2022-10-10T13:29:00+00:00,2022-10-10T14:56:51+00:00,37656,USD,,false,CPL/SRC/events/00343
EV000344,PG,CPL_BILLING,,PAYMENT_POSTED,2022-11-15T15:02:00+00:00,2022-11-24T14:43:24+00:00,37656,USD,,false,CPL/SRC/events/00344
EV000345,PG,CPL_BILLING,CPL-R00186,SUBMITTED,2023-05-25T19:33:00+00:00,2023-05-26T01:34:42+00:00,18142,USD,,false,CPL/SRC/events/00345
EV000346,PG,CPL_BILLING,,PAYMENT_POSTED,2023-06-01T18:38:00+00:00,2023-06-02T19:44:37+00:00,18142,USD,,false,CPL/SRC/events/00346
EV000347,PG,CPL_BILLING,CPL-R00187,SUBMITTED,2023-04-27T13:16:00+00:00,2023-04-28T20:00:11+00:00,6176,USD,,false,CPL/SRC/events/00347
EV000348,PG,CPL_BILLING,,PAYMENT_POSTED,2023-05-17T20:54:00+00:00,2023-05-18T03:18:13+00:00,6176,USD,,false,CPL/SRC/events/00348
EV000349,PG,CPL_BILLING,CPL-R00188,SUBMITTED,2022-10-12T21:49:00+00:00,2022-10-14T20:19:49+00:00,10227,USD,,false,CPL/SRC/events/00349
EV000351,PG,CPL_BILLING,CPL-R00189,SUBMITTED,2022-09-12T13:48:00+00:00,2022-09-12T14:45:50+00:00,7462,USD,,false,CPL/SRC/events/00351
EV000352,PG,CPL_BILLING,,PAYMENT_POSTED,2022-10-28T14:00:00+00:00,2022-10-28T18:15:24+00:00,7462,USD,,false,CPL/SRC/events/00352
EV000353,PG,CPL_BILLING,CPL-R00190,SUBMITTED,2022-08-15T21:33:00+00:00,2022-08-29T07:55:01+00:00,8314,USD,,false,CPL/SRC/events/00353
EV000354,PG,CPL_BILLING,,PAYMENT_POSTED,2022-09-15T13:37:00+00:00,2022-10-03T23:58:51+00:00,8314,USD,,false,CPL/SRC/events/00354
EV000355,PG,CPL_BILLING,CPL-R00191,SUBMITTED,2022-08-10T19:14:00+00:00,2022-08-13T04:19:43+00:00,35703,USD,,false,CPL/SRC/events/00355
EV000356,PG,CPL_BILLING,CPL-R00192,CORRECTED,2022-08-12T21:13:00+00:00,2022-08-13T04:31:12+00:00,36576,USD,,false,CPL/SRC/events/00356
EV000357,PG,CPL_BILLING,CPL-R00191,VOID_VERSION,2022-08-12T21:13:00+00:00,2022-08-15T08:47:30+00:00,35703,USD,,false,CPL/SRC/events/00357
EV000358,PG,CPL_BILLING,,PAYMENT_POSTED,2022-08-19T13:52:00+00:00,2022-08-19T18:44:45+00:00,36576,USD,,false,CPL/SRC/events/00358
EV000359,PG,CPL_BILLING,CPL-R00192,PAYMENT_REVERSED,2022-08-25T19:47:00+00:00,2022-08-27T03:00:51+00:00,36576,USD,EV000358,false,CPL/SRC/events/00359
EV000360,PG,CPL_BILLING,CPL-R00193,SUBMITTED,2023-05-01T19:14:00+00:00,2023-05-01T22:08:45+00:00,101379,USD,,false,CPL/SRC/events/00360
EV000361,PG,CPL_BILLING,CPL-R00193,CLOSED_NO_PAYMENT,2023-06-15T19:29:00+00:00,2023-06-17T02:50:03+00:00,,,,true,CPL/SRC/events/00361
EV000362,PG,CPL_BILLING,CPL-R00194,SUBMITTED,2022-09-07T15:55:00+00:00,2022-09-07T21:48:21+00:00,133797,USD,,false,CPL/SRC/events/00362
EV000363,PG,CPL_BILLING,,PAYMENT_POSTED,2022-09-22T18:13:00+00:00,2022-09-22T23:51:53+00:00,133797,USD,,false,CPL/SRC/events/00363
EV000364,PG,CPL_BILLING,CPL-R00195,SUBMITTED,2023-09-13T18:18:00+00:00,2023-09-18T20:09:26+00:00,66238,USD,,false,CPL/SRC/events/00364
EV000365,PG,CPL_BILLING,,PAYMENT_POSTED,2023-10-16T19:49:00+00:00,2023-10-17T02:32:52+00:00,66238,USD,,false,CPL/SRC/events/00365
EV000366,PG,CPL_BILLING,CPL-R00196,SUBMITTED,2023-09-25T14:08:00+00:00,2023-09-29T14:28:14+00:00,4617,USD,,false,CPL/SRC/events/00366
EV000367,PG,CPL_BILLING,,PAYMENT_POSTED,2023-10-13T16:03:00+00:00,2023-10-13T19:16:45+00:00,4617,USD,,false,CPL/SRC/events/00367
EV000368,PG,CPL_BILLING,CPL-R00197,SUBMITTED,2023-06-12T17:28:00+00:00,2023-06-18T23:48:05+00:00,8450,USD,,false,CPL/SRC/events/00368
EV000369,PG,CPL_BILLING,,PAYMENT_POSTED,2023-06-26T20:03:00+00:00,2023-07-06T06:00:13+00:00,8450,USD,,false,CPL/SRC/events/00369
EV000370,PG,CPL_BILLING,CPL-R00198,SUBMITTED,2022-07-22T21:41:00+00:00,2022-07-23T22:48:56+00:00,5523,USD,,false,CPL/SRC/events/00370
EV000371,PG,CPL_BILLING,CPL-R00199,SUBMITTED,2022-09-20T18:26:00+00:00,2022-09-21T16:15:45+00:00,6794,USD,,false,CPL/SRC/events/00371
EV000372,PG,CPL_BILLING,,PAYMENT_POSTED,2022-10-10T15:04:00+00:00,2022-10-10T22:09:21+00:00,6794,USD,,false,CPL/SRC/events/00372
EV000373,PG,CPL_BILLING,CPL-R00200,SUBMITTED,2023-06-19T15:32:00+00:00,2023-06-20T18:08:37+00:00,10782,USD,,false,CPL/SRC/events/00373
EV000374,PG,CPL_BILLING,,PAYMENT_POSTED,2023-06-30T20:16:00+00:00,2023-06-30T22:34:47+00:00,10782,USD,,false,CPL/SRC/events/00374
EV000375,PG,CPL_BILLING,CPL-R00201,SUBMITTED,2023-07-17T21:07:00+00:00,2023-07-19T06:40:52+00:00,15308,USD,,false,CPL/SRC/events/00375
EV000376,PG,CPL_BILLING,,PAYMENT_POSTED,2023-10-09T14:21:00+00:00,2023-10-09T21:03:55+00:00,15308,USD,,false,CPL/SRC/events/00376
EV000377,PG,CPL_BILLING,CPL-R00202,SUBMITTED,2023-06-26T18:18:00+00:00,2023-07-17T18:18:00+00:00,13976,USD,,false,CPL/SRC/events/00377
EV000378,PG,CPL_BILLING,,PAYMENT_POSTED,2023-07-10T17:09:00+00:00,2023-07-10T20:03:03+00:00,13976,USD,,false,CPL/SRC/events/00378
EV000379,PG,CPL_BILLING,CPL-R00203,SUBMITTED,2023-04-12T13:13:00+00:00,2023-04-12T16:07:07+00:00,65751,USD,,false,CPL/SRC/events/00379
EV000380,PG,CPL_BILLING,CPL-R00204,CORRECTED,2023-04-17T19:24:00+00:00,2023-04-17T19:42:21+00:00,57629,USD,,false,CPL/SRC/events/00380
EV000381,PG,CPL_BILLING,CPL-R00203,VOID_VERSION,2023-04-17T19:24:00+00:00,2023-04-20T22:58:48+00:00,65751,USD,,false,CPL/SRC/events/00381
EV000382,PG,CPL_BILLING,,PAYMENT_POSTED,2023-04-25T17:03:00+00:00,2023-05-03T11:03:41+00:00,57629,USD,,false,CPL/SRC/events/00382
EV000383,PG,CPL_BILLING,CPL-R00205,SUBMITTED,2023-05-22T20:57:00+00:00,2023-05-29T00:58:27+00:00,3997,USD,,false,CPL/SRC/events/00383
EV000384,PG,CPL_BILLING,,PAYMENT_POSTED,2023-06-23T15:37:00+00:00,2023-06-23T22:10:59+00:00,3997,USD,,false,CPL/SRC/events/00384
EV000385,PG,CPL_BILLING,CPL-R00206,SUBMITTED,2023-08-14T20:05:00+00:00,2023-08-15T03:20:06+00:00,80070,USD,,false,CPL/SRC/events/00385
EV000386,PG,CPL_BILLING,,PAYMENT_POSTED,2023-10-02T17:36:00+00:00,2023-10-04T06:22:19+00:00,80070,USD,,false,CPL/SRC/events/00386
EV000387,PG,CPL_BILLING,CPL-R00207,SUBMITTED,2023-05-02T14:15:00+00:00,2023-05-07T08:32:29+00:00,9359,USD,,false,CPL/SRC/events/00387
EV000388,PG,CPL_BILLING,,PAYMENT_POSTED,2023-05-16T19:40:00+00:00,2023-05-17T20:44:54+00:00,9359,USD,,false,CPL/SRC/events/00388
EV000389,PG,CPL_BILLING,CPL-R00207,PAYMENT_REVERSED,2023-05-29T16:11:00+00:00,2023-06-03T22:22:20+00:00,5757,USD,EV000388,false,CPL/SRC/events/00389
EV000390,PG,CPL_BILLING,CPL-R00208,SUBMITTED,2023-03-13T19:58:00+00:00,2023-03-15T03:03:01+00:00,32938,USD,,false,CPL/SRC/events/00390
EV000391,PG,CPL_BILLING,,PAYMENT_POSTED,2023-03-29T18:25:00+00:00,2023-04-01T17:58:34+00:00,32938,USD,,false,CPL/SRC/events/00391
EV000392,PG,CPL_BILLING,CPL-R00209,SUBMITTED,2023-01-16T14:57:00+00:00,2023-01-22T05:26:17+00:00,11319,USD,,false,CPL/SRC/events/00392
EV000393,PG,CPL_BILLING,,PAYMENT_POSTED,2023-02-13T21:11:00+00:00,2023-02-21T12:18:35+00:00,11319,USD,,false,CPL/SRC/events/00393
EV000394,PG,CPL_BILLING,CPL-R00210,SUBMITTED,2023-01-02T18:04:00+00:00,2023-01-05T00:56:39+00:00,4831,USD,,false,CPL/SRC/events/00394
EV000395,PG,CPL_BILLING,,PAYMENT_POSTED,2023-02-06T20:44:00+00:00,2023-02-06T23:14:28+00:00,4831,USD,,false,CPL/SRC/events/00395
EV000396,PG,CPL_BILLING,CPL-R00211,SUBMITTED,2023-06-06T13:36:00+00:00,2023-06-08T09:43:35+00:00,2500,USD,,false,CPL/SRC/events/00396
EV000397,PG,CPL_BILLING,CPL-R00212,SUBMITTED,2023-05-29T19:12:00+00:00,2023-06-03T16:21:16+00:00,20191,USD,,false,CPL/SRC/events/00397
EV000398,PG,CPL_BILLING,,PAYMENT_POSTED,2023-06-07T18:53:00+00:00,2023-06-07T19:10:35+00:00,20191,USD,,false,CPL/SRC/events/00398
EV000399,PG,CPL_BILLING,CPL-R00213,SUBMITTED,2023-08-07T15:55:00+00:00,2023-08-12T04:10:08+00:00,172661,USD,,false,CPL/SRC/events/00399
EV000400,PG,CPL_BILLING,,PAYMENT_POSTED,2023-08-14T17:17:00+00:00,2023-09-04T17:17:00+00:00,172661,USD,,false,CPL/SRC/events/00400
EV000401,PG,CPL_BILLING,CPL-R00214,SUBMITTED,2023-03-08T16:12:00+00:00,2023-03-08T23:22:40+00:00,45845,USD,,false,CPL/SRC/events/00401
EV000402,PG,CPL_BILLING,,PAYMENT_POSTED,2023-03-23T13:35:00+00:00,2023-03-23T20:59:43+00:00,45845,USD,,false,CPL/SRC/events/00402
EV000403,PG,CPL_BILLING,CPL-R00215,SUBMITTED,2023-07-03T20:54:00+00:00,2023-07-12T20:20:57+00:00,22370,USD,,false,CPL/SRC/events/00403
EV000404,PG,CPL_BILLING,,PAYMENT_POSTED,2023-07-21T17:50:00+00:00,2023-07-22T11:12:57+00:00,22370,USD,,false,CPL/SRC/events/00404
EV000405,PG,CPL_BILLING,CPL-R00216,SUBMITTED,2022-09-16T16:15:00+00:00,2022-09-16T16:51:07+00:00,33708,USD,,false,CPL/SRC/events/00405
EV000406,PG,CPL_BILLING,,PAYMENT_POSTED,2022-10-24T19:34:00+00:00,2022-10-27T01:08:47+00:00,33708,USD,,false,CPL/SRC/events/00406
EV000407,PG,CPL_BILLING,CPL-R00217,SUBMITTED,2023-04-03T18:03:00+00:00,2023-04-09T20:32:42+00:00,31930,USD,,false,CPL/SRC/events/00407
EV000408,PG,CPL_BILLING,,PAYMENT_POSTED,2023-04-17T16:51:00+00:00,2023-04-21T18:20:46+00:00,31930,USD,,false,CPL/SRC/events/00408
EV000409,PG,CPL_BILLING,CPL-R00218,SUBMITTED,2023-03-09T21:53:00+00:00,2023-03-13T00:18:21+00:00,6922,USD,,false,CPL/SRC/events/00409
EV000410,PG,CPL_BILLING,,PAYMENT_POSTED,2023-04-17T13:18:00+00:00,2023-04-20T23:08:26+00:00,6922,USD,,false,CPL/SRC/events/00410
EV000411,PG,CPL_BILLING,CPL-R00219,SUBMITTED,2023-01-12T22:18:00+00:00,2023-01-16T21:40:53+00:00,15426,USD,,false,CPL/SRC/events/00411
EV000412,PG,CPL_BILLING,,PAYMENT_POSTED,2023-02-08T20:15:00+00:00,2023-02-08T23:12:21+00:00,15426,USD,,false,CPL/SRC/events/00412
EV000413,PG,CPL_BILLING,CPL-R00220,SUBMITTED,2022-12-05T17:19:00+00:00,2022-12-10T01:05:49+00:00,2500,USD,,false,CPL/SRC/events/00413
EV000414,PG,CPL_BILLING,CPL-R00220,CLOSED_NO_PAYMENT,2023-01-09T22:27:00+00:00,2023-01-11T14:06:30+00:00,,,,true,CPL/SRC/events/00414
EV000415,PG,CPL_BILLING,CPL-R00221,SUBMITTED,2022-12-30T22:12:00+00:00,2023-01-20T22:12:00+00:00,11770,USD,,false,CPL/SRC/events/00415
EV000416,PG,CPL_BILLING,,PAYMENT_POSTED,2023-01-23T18:20:00+00:00,2023-01-30T12:11:10+00:00,11770,USD,,false,CPL/SRC/events/00416
EV000417,PG,CPL_BILLING,CPL-R00222,SUBMITTED,2023-07-13T15:01:00+00:00,2023-07-13T19:34:03+00:00,4259,USD,,false,CPL/SRC/events/00417
EV000418,PG,CPL_BILLING,CPL-R00223,SUBMITTED,2022-09-07T17:58:00+00:00,2022-09-07T21:09:10+00:00,4699,USD,,false,CPL/SRC/events/00418
EV000419,PG,CPL_BILLING,CPL-R00224,SUBMITTED,2023-08-15T21:54:00+00:00,2023-08-17T19:48:18+00:00,30136,USD,,false,CPL/SRC/events/00419
EV000420,PG,CPL_BILLING,CPL-R00225,SUBMITTED,2022-08-01T20:21:00+00:00,2022-08-03T07:19:19+00:00,6444,USD,,false,CPL/SRC/events/00420
EV000421,PG,CPL_BILLING,CPL-R00226,CORRECTED,2022-08-03T21:18:00+00:00,2022-08-05T22:00:56+00:00,6842,USD,,false,CPL/SRC/events/00421
EV000422,PG,CPL_BILLING,,PAYMENT_POSTED,2022-08-12T13:03:00+00:00,2022-08-12T15:54:57+00:00,6842,USD,,false,CPL/SRC/events/00422
EV000423,PG,CPL_BILLING,CPL-R00226,PAYMENT_REVERSED,2022-08-17T15:00:00+00:00,2022-08-17T20:49:30+00:00,6842,USD,EV000422,false,CPL/SRC/events/00423
EV000424,PG,CPL_BILLING,CPL-R00227,SUBMITTED,2023-07-11T16:20:00+00:00,2023-07-11T22:38:47+00:00,91918,USD,,false,CPL/SRC/events/00424
EV000425,PG,CPL_BILLING,,PAYMENT_POSTED,2023-08-15T13:11:00+00:00,2023-08-21T17:38:04+00:00,91918,USD,,false,CPL/SRC/events/00425
EV000426,PG,CPL_BILLING,CPL-R00228,SUBMITTED,2022-07-11T21:20:00+00:00,2022-07-14T07:06:08+00:00,13635,USD,,false,CPL/SRC/events/00426
EV000427,PG,CPL_BILLING,,PAYMENT_POSTED,2022-07-25T17:56:00+00:00,2022-07-25T20:56:25+00:00,13635,USD,,false,CPL/SRC/events/00427
EV000428,PG,CPL_BILLING,CPL-R00229,SUBMITTED,2022-12-08T18:26:00+00:00,2022-12-11T14:50:42+00:00,17672,USD,,false,CPL/SRC/events/00428
EV000429,PG,CPL_BILLING,,PAYMENT_POSTED,2022-12-19T21:48:00+00:00,2022-12-26T19:00:21+00:00,17672,USD,,false,CPL/SRC/events/00429
EV000430,PG,CPL_BILLING,CPL-R00230,SUBMITTED,2023-01-06T20:33:00+00:00,2023-01-06T23:19:22+00:00,2500,USD,,false,CPL/SRC/events/00430
EV000431,PG,CPL_BILLING,,PAYMENT_POSTED,2023-03-27T15:38:00+00:00,2023-03-29T09:28:26+00:00,2500,USD,,false,CPL/SRC/events/00431
EV000432,PG,CPL_BILLING,CPL-R00231,SUBMITTED,2022-08-08T21:58:00+00:00,2022-08-12T02:52:06+00:00,4609,USD,,false,CPL/SRC/events/00432
EV000433,PG,CPL_BILLING,,PAYMENT_POSTED,2022-09-26T19:12:00+00:00,2022-09-29T05:02:02+00:00,4609,USD,,false,CPL/SRC/events/00433
EV000434,PG,CPL_BILLING,CPL-R00232,SUBMITTED,2023-08-18T18:46:00+00:00,2023-08-22T04:36:59+00:00,11295,USD,,false,CPL/SRC/events/00434
EV000435,PG,CPL_BILLING,CPL-R00233,SUBMITTED,2023-02-03T22:57:00+00:00,2023-02-08T20:21:15+00:00,13631,USD,,false,CPL/SRC/events/00435
EV000436,PG,CPL_BILLING,,PAYMENT_POSTED,2023-02-27T18:24:00+00:00,2023-02-27T20:59:00+00:00,13631,USD,,false,CPL/SRC/events/00436
EV000437,PG,CPL_BILLING,CPL-R00234,SUBMITTED,2023-02-02T22:26:00+00:00,2023-02-12T00:07:39+00:00,13532,USD,,false,CPL/SRC/events/00437
EV000438,PG,CPL_BILLING,CPL-R00235,SUBMITTED,2023-09-14T16:34:00+00:00,2023-09-17T05:56:27+00:00,2500,USD,,false,CPL/SRC/events/00438
EV000439,PG,CPL_BILLING,,PAYMENT_POSTED,2023-10-02T16:52:00+00:00,2023-10-03T19:21:00+00:00,2500,USD,,false,CPL/SRC/events/00439
EV000440,PG,CPL_BILLING,CPL-R00236,SUBMITTED,2023-03-02T21:59:00+00:00,2023-03-04T00:50:46+00:00,64819,USD,,false,CPL/SRC/events/00440
EV000441,PG,CPL_BILLING,,PAYMENT_POSTED,2023-03-16T13:22:00+00:00,2023-03-18T10:21:45+00:00,64819,USD,,false,CPL/SRC/events/00441
EV000442,PG,CPL_BILLING,CPL-R00237,SUBMITTED,2022-08-01T17:30:00+00:00,2022-08-02T00:28:31+00:00,5887,USD,,false,CPL/SRC/events/00442
EV000443,PG,CPL_BILLING,,PAYMENT_POSTED,2022-08-22T18:55:00+00:00,2022-08-24T17:49:35+00:00,5887,USD,,false,CPL/SRC/events/00443
EV000444,PG,CPL_BILLING,CPL-R00238,SUBMITTED,2023-03-20T20:33:00+00:00,2023-03-21T02:35:05+00:00,3820,USD,,false,CPL/SRC/events/00444
EV000445,PG,CPL_BILLING,CPL-R00239,CORRECTED,2023-03-29T16:18:00+00:00,2023-04-02T06:04:23+00:00,3592,USD,,false,CPL/SRC/events/00445
EV000446,PG,CPL_BILLING,,PAYMENT_POSTED,2023-05-08T15:30:00+00:00,2023-05-08T20:22:22+00:00,3592,USD,,false,CPL/SRC/events/00446
EV000447,PG,CPL_BILLING,CPL-R00240,SUBMITTED,2023-08-07T21:09:00+00:00,2023-08-11T23:07:14+00:00,22188,USD,,false,CPL/SRC/events/00447
EV000448,PG,CPL_BILLING,CPL-R00241,CORRECTED,2023-08-08T17:14:00+00:00,2023-08-09T00:07:28+00:00,18987,USD,,false,CPL/SRC/events/00448
EV000449,PG,CPL_BILLING,,PAYMENT_POSTED,2023-08-17T21:34:00+00:00,2023-08-18T01:50:42+00:00,18987,USD,,false,CPL/SRC/events/00449
EV000450,PG,CPL_BILLING,CPL-R00242,SUBMITTED,2022-07-08T16:56:00+00:00,2022-07-21T12:58:57+00:00,11456,USD,,false,CPL/SRC/events/00450
EV000451,PG,CPL_BILLING,CPL-R00243,CORRECTED,2022-07-11T14:58:00+00:00,2022-07-11T21:38:41+00:00,9758,USD,,false,CPL/SRC/events/00451
EV000452,PG,CPL_BILLING,CPL-R00243,CLOSED_NO_PAYMENT,2022-08-25T17:11:00+00:00,2022-08-27T14:10:48+00:00,,,,true,CPL/SRC/events/00452
EV000453,PG,CPL_BILLING,CPL-R00244,SUBMITTED,2022-08-25T21:15:00+00:00,2022-08-30T14:45:33+00:00,41041,USD,,false,CPL/SRC/events/00453
EV000454,PG,CPL_BILLING,,PAYMENT_POSTED,2022-09-19T19:54:00+00:00,2022-09-20T17:46:07+00:00,41041,USD,,false,CPL/SRC/events/00454
EV000455,PG,CPL_BILLING,CPL-R00245,SUBMITTED,2023-02-08T19:36:00+00:00,2023-02-09T02:52:38+00:00,5183,USD,,false,CPL/SRC/events/00455
EV000456,PG,CPL_BILLING,CPL-R00246,CORRECTED,2023-02-13T19:01:00+00:00,2023-02-16T03:55:18+00:00,6668,USD,,false,CPL/SRC/events/00456
EV000457,PG,CPL_BILLING,CPL-R00245,VOID_VERSION,2023-02-13T19:01:00+00:00,2023-02-14T02:34:01+00:00,5183,USD,,false,CPL/SRC/events/00457
EV000458,PG,CPL_BILLING,,PAYMENT_POSTED,2023-02-20T15:28:00+00:00,2023-02-26T23:52:54+00:00,6668,USD,,false,CPL/SRC/events/00458
EV000459,PG,CPL_BILLING,CPL-R00247,SUBMITTED,2023-03-27T17:41:00+00:00,2023-03-28T16:00:35+00:00,14726,USD,,false,CPL/SRC/events/00459
EV000460,PG,CPL_BILLING,CPL-R00248,CORRECTED,2023-04-03T14:44:00+00:00,2023-04-04T19:36:18+00:00,16772,USD,,false,CPL/SRC/events/00460
EV000461,PG,CPL_BILLING,,PAYMENT_POSTED,2023-04-12T18:21:00+00:00,2023-04-12T20:47:58+00:00,16772,USD,,false,CPL/SRC/events/00461
EV000462,PG,CPL_BILLING,CPL-R00249,SUBMITTED,2023-06-06T13:41:00+00:00,2023-06-06T15:46:52+00:00,37980,USD,,false,CPL/SRC/events/00462
EV000463,PG,CPL_BILLING,CPL-R00250,CORRECTED,2023-06-16T18:29:00+00:00,2023-06-27T19:48:10+00:00,44996,USD,,false,CPL/SRC/events/00463
EV000464,PG,CPL_BILLING,CPL-R00251,SUBMITTED,2023-03-17T19:09:00+00:00,2023-03-18T18:40:08+00:00,44711,USD,,false,CPL/SRC/events/00464
EV000465,PG,CPL_BILLING,,PAYMENT_POSTED,2023-04-06T18:47:00+00:00,2023-04-07T02:10:52+00:00,44711,USD,,false,CPL/SRC/events/00465
EV000466,PG,CPL_BILLING,CPL-R00252,SUBMITTED,2023-03-23T14:08:00+00:00,2023-03-23T18:53:05+00:00,27067,USD,,false,CPL/SRC/events/00466
EV000467,PG,CPL_BILLING,,PAYMENT_POSTED,2023-04-10T15:26:00+00:00,2023-04-10T17:33:21+00:00,27067,USD,,false,CPL/SRC/events/00467
EV000468,PG,CPL_BILLING,CPL-R00253,SUBMITTED,2022-08-09T21:18:00+00:00,2022-08-11T02:18:23+00:00,13664,USD,,false,CPL/SRC/events/00468
EV000469,PG,CPL_BILLING,,PAYMENT_POSTED,2023-02-20T17:44:00+00:00,2023-02-22T17:59:50+00:00,13664,USD,,false,CPL/SRC/events/00469
EV000470,PG,CPL_BILLING,CPL-R00254,SUBMITTED,2023-10-02T14:21:00+00:00,2023-10-02T18:39:07+00:00,52051,USD,,false,CPL/SRC/events/00470
EV000471,PG,CPL_BILLING,CPL-R00255,SUBMITTED,2023-08-23T19:25:00+00:00,2023-08-26T21:48:29+00:00,7690,USD,,false,CPL/SRC/events/00471
EV000473,PG,CPL_BILLING,CPL-R00256,SUBMITTED,2023-08-04T19:53:00+00:00,2023-08-07T12:30:17+00:00,4200,USD,,false,CPL/SRC/events/00473
EV000474,PG,CPL_BILLING,,PAYMENT_POSTED,2023-08-24T20:51:00+00:00,2023-08-26T01:33:52+00:00,4200,USD,,false,CPL/SRC/events/00474
EV000475,PG,CPL_BILLING,CPL-R00257,SUBMITTED,2023-02-13T22:55:00+00:00,2023-02-14T17:59:22+00:00,5046,USD,,false,CPL/SRC/events/00475
EV000476,PG,CPL_BILLING,,PAYMENT_POSTED,2023-03-02T16:36:00+00:00,2023-03-03T20:02:15+00:00,5046,USD,,false,CPL/SRC/events/00476
EV000477,PG,CPL_BILLING,CPL-R00258,SUBMITTED,2022-11-18T14:17:00+00:00,2022-11-26T22:01:23+00:00,29826,USD,,false,CPL/SRC/events/00477
EV000478,PG,CPL_BILLING,,PAYMENT_POSTED,2022-12-06T22:44:00+00:00,2022-12-08T16:04:09+00:00,29826,USD,,false,CPL/SRC/events/00478
EV000479,PG,CPL_BILLING,CPL-R00259,SUBMITTED,2022-12-08T18:25:00+00:00,2022-12-12T16:27:08+00:00,14736,USD,,false,CPL/SRC/events/00479
EV000480,PG,CPL_BILLING,,PAYMENT_POSTED,2023-01-02T15:23:00+00:00,2023-01-02T19:02:24+00:00,14736,USD,,false,CPL/SRC/events/00480
EV000481,PG,CPL_BILLING,CPL-R00260,SUBMITTED,2023-09-28T21:31:00+00:00,2023-10-09T12:45:21+00:00,71353,USD,,false,CPL/SRC/events/00481
EV000482,PG,CPL_BILLING,CPL-R00261,SUBMITTED,2023-03-24T14:52:00+00:00,2023-03-24T20:17:02+00:00,9680,USD,,false,CPL/SRC/events/00482
EV000483,PG,CPL_BILLING,,PAYMENT_POSTED,2023-07-26T15:16:00+00:00,2023-08-25T17:50:40+00:00,9680,USD,,false,CPL/SRC/events/00483
EV000484,PG,CPL_BILLING,CPL-R00262,SUBMITTED,2022-08-18T17:51:00+00:00,2022-08-22T16:55:20+00:00,21026,USD,,false,CPL/SRC/events/00484
EV000485,PG,CPL_BILLING,,PAYMENT_POSTED,2022-09-02T18:17:00+00:00,2022-09-02T23:26:06+00:00,21026,USD,,false,CPL/SRC/events/00485
EV000486,PG,CPL_BILLING,CPL-R00263,SUBMITTED,2023-04-21T13:41:00+00:00,2023-04-24T23:54:22+00:00,14732,USD,,false,CPL/SRC/events/00486
EV000487,PG,CPL_BILLING,,PAYMENT_POSTED,2023-05-11T19:08:00+00:00,2023-05-18T11:11:04+00:00,14732,USD,,false,CPL/SRC/events/00487
EV000488,PG,CPL_BILLING,CPL-R00264,SUBMITTED,2022-10-27T15:01:00+00:00,2022-10-27T17:08:32+00:00,95183,USD,,false,CPL/SRC/events/00488
EV000489,PG,CPL_BILLING,,PAYMENT_POSTED,2022-11-07T21:29:00+00:00,2022-11-12T21:26:27+00:00,95183,USD,,false,CPL/SRC/events/00489
EV000490,PG,CPL_BILLING,CPL-R00265,SUBMITTED,2023-05-24T20:39:00+00:00,2023-05-30T03:48:59+00:00,39900,USD,,false,CPL/SRC/events/00490
EV000491,PG,CPL_BILLING,CPL-R00265,CLOSED_NO_PAYMENT,2023-07-17T15:18:00+00:00,2023-07-19T16:44:55+00:00,,,,true,CPL/SRC/events/00491
EV000492,PG,CPL_BILLING,CPL-R00266,SUBMITTED,2023-09-27T21:31:00+00:00,2023-09-28T21:56:36+00:00,27121,USD,,false,CPL/SRC/events/00492
EV000493,PG,CPL_BILLING,,PAYMENT_POSTED,2023-10-23T19:24:00+00:00,2023-10-28T07:33:50+00:00,27121,USD,,false,CPL/SRC/events/00493
EV000494,PG,CPL_BILLING,CPL-R00267,SUBMITTED,2023-02-27T17:11:00+00:00,2023-03-20T16:11:00+00:00,10865,USD,,false,CPL/SRC/events/00494
EV000495,PG,CPL_BILLING,,PAYMENT_POSTED,2023-03-13T19:23:00+00:00,2023-03-19T00:38:49+00:00,10865,USD,,false,CPL/SRC/events/00495
EV000496,PG,CPL_BILLING,CPL-R00268,SUBMITTED,2023-05-01T14:06:00+00:00,2023-07-24T20:40:56+00:00,31838,USD,,false,CPL/SRC/events/00496
EV000497,PG,CPL_BILLING,,PAYMENT_POSTED,2023-05-22T16:11:00+00:00,2023-05-24T22:23:10+00:00,31838,USD,,false,CPL/SRC/events/00497
EV000498,PG,CPL_BILLING,CPL-R00269,SUBMITTED,2022-08-16T15:46:00+00:00,2022-08-18T12:07:20+00:00,6929,USD,,false,CPL/SRC/events/00498
EV000499,PG,CPL_BILLING,,PAYMENT_POSTED,2022-08-22T19:32:00+00:00,2022-08-23T02:10:16+00:00,6929,USD,,false,CPL/SRC/events/00499
EV000500,PG,CPL_BILLING,CPL-R00270,SUBMITTED,2022-09-26T18:17:00+00:00,2022-10-03T02:45:27+00:00,8581,USD,,false,CPL/SRC/events/00500
EV000501,PG,CPL_BILLING,,PAYMENT_POSTED,2022-10-13T13:33:00+00:00,2022-10-13T14:36:26+00:00,8581,USD,,false,CPL/SRC/events/00501
EV000502,PG,CPL_BILLING,CPL-R00271,SUBMITTED,2023-06-13T14:37:00+00:00,2023-06-21T12:47:11+00:00,15301,USD,,false,CPL/SRC/events/00502
EV000503,PG,CPL_BILLING,CPL-R00272,CORRECTED,2023-06-21T15:25:00+00:00,2023-06-21T22:36:46+00:00,14211,USD,,false,CPL/SRC/events/00503
EV000504,PG,CPL_BILLING,CPL-R00271,VOID_VERSION,2023-06-21T15:25:00+00:00,2023-06-26T22:38:52+00:00,15301,USD,,false,CPL/SRC/events/00504
EV000505,PG,CPL_BILLING,,PAYMENT_POSTED,2023-07-03T21:23:00+00:00,2023-07-05T07:33:56+00:00,14211,USD,,false,CPL/SRC/events/00505
EV000506,PG,CPL_BILLING,CPL-R00273,SUBMITTED,2023-06-12T15:21:00+00:00,2023-06-12T22:47:12+00:00,11230,USD,,false,CPL/SRC/events/00506
EV000507,PG,CPL_BILLING,CPL-R00274,SUBMITTED,2023-03-20T21:52:00+00:00,2023-03-24T22:40:00+00:00,3643,USD,,false,CPL/SRC/events/00507
EV000508,PG,CPL_BILLING,,PAYMENT_POSTED,2023-03-29T19:08:00+00:00,2023-04-10T10:35:10+00:00,3643,USD,,false,CPL/SRC/events/00508
EV000509,PG,CPL_BILLING,CPL-R00275,SUBMITTED,2023-09-18T18:59:00+00:00,2023-09-19T12:38:29+00:00,22750,USD,,false,CPL/SRC/events/00509
EV000510,PG,CPL_BILLING,,PAYMENT_POSTED,2023-10-04T21:12:00+00:00,2023-10-05T02:42:17+00:00,22750,USD,,false,CPL/SRC/events/00510
EV000511,PG,CPL_BILLING,CPL-R00276,SUBMITTED,2022-10-31T13:19:00+00:00,2022-11-01T13:52:42+00:00,9169,USD,,false,CPL/SRC/events/00511
EV000512,PG,CPL_BILLING,,PAYMENT_POSTED,2022-11-08T16:06:00+00:00,2022-11-08T21:37:22+00:00,9169,USD,,false,CPL/SRC/events/00512
EV000513,PG,CPL_BILLING,CPL-R00277,SUBMITTED,2023-01-09T17:28:00+00:00,2023-01-15T13:17:21+00:00,3788,USD,,false,CPL/SRC/events/00513
EV000514,PG,CPL_BILLING,CPL-R00278,CORRECTED,2023-01-16T22:13:00+00:00,2023-01-16T23:36:39+00:00,4319,USD,,false,CPL/SRC/events/00514
EV000515,PG,CPL_BILLING,,PAYMENT_POSTED,2023-01-26T19:00:00+00:00,2023-01-28T18:24:49+00:00,4319,USD,,false,CPL/SRC/events/00515
EV000516,PG,CPL_BILLING,CPL-R00279,SUBMITTED,2022-10-28T18:31:00+00:00,2022-10-30T11:34:10+00:00,11496,USD,,false,CPL/SRC/events/00516
EV000517,PG,CPL_BILLING,,PAYMENT_POSTED,2022-12-26T16:11:00+00:00,2022-12-26T18:59:44+00:00,11496,USD,,false,CPL/SRC/events/00517
EV000518,PG,CPL_BILLING,CPL-R00280,SUBMITTED,2022-10-13T16:06:00+00:00,2022-10-16T03:20:26+00:00,179317,USD,,false,CPL/SRC/events/00518
EV000519,PG,CPL_BILLING,,PAYMENT_POSTED,2022-11-18T22:06:00+00:00,2022-11-19T03:36:06+00:00,179317,USD,,false,CPL/SRC/events/00519
EV000520,PG,CPL_BILLING,CPL-R00281,SUBMITTED,2023-06-12T18:21:00+00:00,2023-06-15T04:33:24+00:00,29377,USD,,false,CPL/SRC/events/00520
EV000521,PG,CPL_BILLING,,PAYMENT_POSTED,2023-08-21T16:47:00+00:00,2023-08-21T19:05:59+00:00,29377,USD,,false,CPL/SRC/events/00521
EV000522,PG,CPL_BILLING,CPL-R00282,SUBMITTED,2023-01-09T21:01:00+00:00,2023-01-10T00:15:42+00:00,3270,USD,,false,CPL/SRC/events/00522
EV000523,PG,CPL_BILLING,CPL-R00283,CORRECTED,2023-01-16T21:49:00+00:00,2023-01-19T10:52:34+00:00,2932,USD,,false,CPL/SRC/events/00523
EV000524,PG,CPL_BILLING,,PAYMENT_POSTED,2023-03-30T13:51:00+00:00,2023-03-30T14:55:36+00:00,2932,USD,,false,CPL/SRC/events/00524
EV000525,PG,CPL_BILLING,CPL-R00284,SUBMITTED,2023-01-09T17:11:00+00:00,2023-01-09T17:36:41+00:00,19495,USD,,false,CPL/SRC/events/00525
EV000526,PG,CPL_BILLING,CPL-R00285,SUBMITTED,2022-10-26T21:35:00+00:00,2022-10-26T22:28:14+00:00,19070,USD,,false,CPL/SRC/events/00526
EV000527,PG,CPL_BILLING,,PAYMENT_POSTED,2022-11-22T18:02:00+00:00,2022-11-22T23:08:06+00:00,19070,USD,,false,CPL/SRC/events/00527
EV000528,PG,CPL_BILLING,CPL-R00286,SUBMITTED,2022-12-26T20:28:00+00:00,2022-12-28T16:39:32+00:00,6802,USD,,false,CPL/SRC/events/00528
EV000529,PG,CPL_BILLING,,PAYMENT_POSTED,2023-01-12T15:03:00+00:00,2023-01-13T10:31:03+00:00,6802,USD,,false,CPL/SRC/events/00529
EV000530,PG,CPL_BILLING,CPL-R00287,SUBMITTED,2022-12-19T19:45:00+00:00,2022-12-21T01:19:45+00:00,11964,USD,,false,CPL/SRC/events/00530
EV000531,PG,CPL_BILLING,,PAYMENT_POSTED,2023-01-06T22:10:00+00:00,2023-01-07T02:02:52+00:00,11964,USD,,false,CPL/SRC/events/00531
EV000532,PG,CPL_BILLING,CPL-R00288,SUBMITTED,2023-02-20T14:21:00+00:00,2023-02-20T14:57:01+00:00,20918,USD,,false,CPL/SRC/events/00532
EV000533,PG,CPL_BILLING,,PAYMENT_POSTED,2023-03-03T22:17:00+00:00,2023-03-04T06:01:40+00:00,20918,USD,,false,CPL/SRC/events/00533
EV000534,PG,CPL_BILLING,CPL-R00289,SUBMITTED,2023-01-18T19:37:00+00:00,2023-01-25T07:27:38+00:00,5480,USD,,false,CPL/SRC/events/00534
EV000535,PG,CPL_BILLING,,PAYMENT_POSTED,2023-01-25T14:45:00+00:00,2023-02-02T00:36:13+00:00,5480,USD,,false,CPL/SRC/events/00535
EV000536,PG,CPL_BILLING,CPL-R00290,SUBMITTED,2022-12-08T18:15:00+00:00,2022-12-15T20:29:25+00:00,12172,USD,,false,CPL/SRC/events/00536
EV000537,PG,CPL_BILLING,,PAYMENT_POSTED,2022-12-15T22:12:00+00:00,2022-12-20T04:42:21+00:00,12172,USD,,false,CPL/SRC/events/00537
EV000538,PG,CPL_BILLING,CPL-R00291,SUBMITTED,2023-09-18T21:44:00+00:00,2023-09-19T04:07:32+00:00,5904,USD,,false,CPL/SRC/events/00538
EV000540,PG,CPL_BILLING,CPL-R00292,SUBMITTED,2023-07-10T15:29:00+00:00,2023-07-14T11:24:16+00:00,19620,USD,,false,CPL/SRC/events/00540
EV000541,PG,CPL_BILLING,,PAYMENT_POSTED,2023-07-27T14:24:00+00:00,2023-07-27T19:03:45+00:00,19620,USD,,false,CPL/SRC/events/00541
EV000542,PG,CPL_BILLING,CPL-R00293,SUBMITTED,2023-02-13T14:23:00+00:00,2023-02-15T02:13:35+00:00,2657,USD,,false,CPL/SRC/events/00542
EV000543,PG,CPL_BILLING,,PAYMENT_POSTED,2023-02-27T18:10:00+00:00,2023-03-01T06:36:06+00:00,2657,USD,,false,CPL/SRC/events/00543
EV000544,PG,CPL_BILLING,CPL-R00294,SUBMITTED,2022-12-19T16:20:00+00:00,2022-12-19T22:00:41+00:00,6111,USD,,false,CPL/SRC/events/00544
EV000545,PG,CPL_BILLING,CPL-R00294,CLOSED_NO_PAYMENT,2023-01-23T22:51:00+00:00,2023-01-30T17:19:02+00:00,,,,true,CPL/SRC/events/00545
EV000546,PG,CPL_BILLING,CPL-R00295,SUBMITTED,2022-08-01T13:54:00+00:00,2022-08-09T09:04:19+00:00,96328,USD,,false,CPL/SRC/events/00546
EV000547,PG,CPL_BILLING,CPL-R00296,CORRECTED,2022-08-08T17:28:00+00:00,2022-08-08T21:02:20+00:00,85982,USD,,false,CPL/SRC/events/00547
EV000548,PG,CPL_BILLING,CPL-R00295,VOID_VERSION,2022-08-08T17:28:00+00:00,2022-08-15T09:11:31+00:00,96328,USD,,false,CPL/SRC/events/00548
EV000549,PG,CPL_BILLING,,PAYMENT_POSTED,2022-08-25T20:09:00+00:00,2022-08-28T21:42:57+00:00,85982,USD,,false,CPL/SRC/events/00549
EV000550,PG,CPL_BILLING,CPL-R00297,SUBMITTED,2022-08-01T19:48:00+00:00,2022-08-01T22:10:22+00:00,12181,USD,,false,CPL/SRC/events/00550
EV000551,PG,CPL_BILLING,CPL-R00298,SUBMITTED,2023-01-24T15:38:00+00:00,2023-01-24T21:12:18+00:00,196277,USD,,false,CPL/SRC/events/00551
EV000552,PG,CPL_BILLING,,PAYMENT_POSTED,2023-02-13T22:53:00+00:00,2023-02-14T03:52:37+00:00,196277,USD,,false,CPL/SRC/events/00552
EV000553,PG,CPL_BILLING,CPL-R00299,SUBMITTED,2022-08-25T20:56:00+00:00,2022-08-28T21:44:13+00:00,15810,USD,,false,CPL/SRC/events/00553
EV000554,PG,CPL_BILLING,CPL-R00300,SUBMITTED,2022-07-28T16:50:00+00:00,2022-07-28T23:11:27+00:00,15585,USD,,false,CPL/SRC/events/00554
EV000555,PG,CPL_BILLING,CPL-R00301,SUBMITTED,2022-08-08T13:01:00+00:00,2022-08-08T17:57:08+00:00,39921,USD,,false,CPL/SRC/events/00555
EV000556,PG,CPL_BILLING,CPL-R00302,CORRECTED,2022-08-15T19:49:00+00:00,2022-08-18T22:05:52+00:00,44533,USD,,false,CPL/SRC/events/00556
EV000557,PG,CPL_BILLING,CPL-R00301,VOID_VERSION,2022-08-15T19:49:00+00:00,2022-08-16T02:31:46+00:00,39921,USD,,false,CPL/SRC/events/00557
EV000558,PG,CPL_BILLING,,PAYMENT_POSTED,2022-09-02T15:18:00+00:00,2022-09-02T20:28:28+00:00,44533,USD,,false,CPL/SRC/events/00558
EV000559,PG,CPL_BILLING,CPL-R00303,SUBMITTED,2022-07-12T14:53:00+00:00,2022-07-15T23:17:53+00:00,6025,USD,,false,CPL/SRC/events/00559
EV000560,PG,CPL_BILLING,,PAYMENT_POSTED,2022-08-18T15:13:00+00:00,2022-08-18T17:37:10+00:00,6025,USD,,false,CPL/SRC/events/00560
EV000561,PG,CPL_BILLING,CPL-R00304,SUBMITTED,2022-09-20T20:42:00+00:00,2022-09-21T22:29:02+00:00,18490,USD,,false,CPL/SRC/events/00561
EV000562,PG,CPL_BILLING,,PAYMENT_POSTED,2022-10-03T20:12:00+00:00,2022-10-05T04:07:38+00:00,18490,USD,,false,CPL/SRC/events/00562
EV000563,PG,CPL_BILLING,CPL-R00305,SUBMITTED,2023-02-20T22:32:00+00:00,2023-02-21T00:29:42+00:00,17340,USD,,false,CPL/SRC/events/00563
EV000564,PG,CPL_BILLING,,PAYMENT_POSTED,2023-03-06T21:13:00+00:00,2023-03-08T01:13:03+00:00,17340,USD,,false,CPL/SRC/events/00564
EV000565,PG,CPL_BILLING,CPL-R00306,SUBMITTED,2023-05-02T18:40:00+00:00,2023-05-06T14:04:13+00:00,13547,USD,,false,CPL/SRC/events/00565
EV000566,PG,CPL_BILLING,CPL-R00307,CORRECTED,2023-05-08T18:57:00+00:00,2023-05-08T19:18:54+00:00,13504,USD,,false,CPL/SRC/events/00566
EV000567,PG,CPL_BILLING,CPL-R00306,VOID_VERSION,2023-05-08T18:57:00+00:00,2023-05-08T22:30:13+00:00,13547,USD,,false,CPL/SRC/events/00567
EV000568,PG,CPL_BILLING,CPL-R00308,SUBMITTED,2023-07-10T14:03:00+00:00,2023-07-10T17:53:14+00:00,7801,USD,,false,CPL/SRC/events/00568
EV000569,PG,CPL_BILLING,CPL-R00309,CORRECTED,2023-07-18T19:22:00+00:00,2023-07-18T20:58:38+00:00,7247,USD,,false,CPL/SRC/events/00569
EV000570,PG,CPL_BILLING,,PAYMENT_POSTED,2023-10-02T15:15:00+00:00,2023-10-02T21:02:35+00:00,7247,USD,,false,CPL/SRC/events/00570
EV000571,PG,CPL_BILLING,CPL-R00310,SUBMITTED,2023-07-05T16:22:00+00:00,2023-09-05T03:12:32+00:00,11725,USD,,false,CPL/SRC/events/00571
EV000572,PG,CPL_BILLING,CPL-R00311,SUBMITTED,2022-07-19T15:32:00+00:00,2022-10-11T22:26:05+00:00,11433,USD,,false,CPL/SRC/events/00572
EV000573,PG,CPL_BILLING,,PAYMENT_POSTED,2022-08-05T17:00:00+00:00,2022-08-05T20:26:08+00:00,11433,USD,,false,CPL/SRC/events/00573
EV000574,PG,CPL_BILLING,CPL-R00312,SUBMITTED,2022-07-25T17:36:00+00:00,2022-07-25T18:06:13+00:00,67015,USD,,false,CPL/SRC/events/00574
EV000575,PG,CPL_BILLING,,PAYMENT_POSTED,2022-08-08T20:04:00+00:00,2022-08-09T00:40:17+00:00,67015,USD,,false,CPL/SRC/events/00575
EV000576,PG,CPL_BILLING,CPL-R00313,SUBMITTED,2022-07-29T15:40:00+00:00,2022-07-29T19:39:51+00:00,16432,USD,,false,CPL/SRC/events/00576
EV000577,PG,CPL_BILLING,,PAYMENT_POSTED,2022-12-13T21:17:00+00:00,2022-12-18T09:16:11+00:00,16432,USD,,false,CPL/SRC/events/00577
EV000578,PG,CPL_BILLING,CPL-R00313,PAYMENT_REVERSED,2022-12-19T21:17:00+00:00,2022-12-23T00:00:39+00:00,16432,USD,EV000577,false,CPL/SRC/events/00578
EV000579,PG,CPL_BILLING,CPL-R00314,SUBMITTED,2023-01-26T14:56:00+00:00,2023-01-26T22:04:53+00:00,14442,USD,,false,CPL/SRC/events/00579
EV000580,PG,CPL_BILLING,,PAYMENT_POSTED,2023-02-08T21:48:00+00:00,2023-02-17T06:49:48+00:00,14442,USD,,false,CPL/SRC/events/00580
EV000581,PG,CPL_BILLING,CPL-R00315,SUBMITTED,2023-08-03T15:17:00+00:00,2023-08-03T19:44:28+00:00,47090,USD,,false,CPL/SRC/events/00581
EV000582,PG,CPL_BILLING,CPL-R00316,CORRECTED,2023-08-11T14:24:00+00:00,2023-08-11T18:24:47+00:00,52509,USD,,false,CPL/SRC/events/00582
EV000583,PG,CPL_BILLING,CPL-R00315,VOID_VERSION,2023-08-11T14:24:00+00:00,2023-08-11T15:50:27+00:00,47090,USD,,false,CPL/SRC/events/00583
EV000584,PG,CPL_BILLING,,PAYMENT_POSTED,2023-08-25T20:43:00+00:00,2023-08-27T04:09:36+00:00,52509,USD,,false,CPL/SRC/events/00584
EV000585,PG,CPL_BILLING,CPL-R00317,SUBMITTED,2022-11-25T17:53:00+00:00,2022-11-26T00:09:04+00:00,46468,USD,,false,CPL/SRC/events/00585
EV000586,PG,CPL_BILLING,,PAYMENT_POSTED,2022-12-02T16:13:00+00:00,2022-12-07T00:53:42+00:00,46468,USD,,false,CPL/SRC/events/00586
EV000587,PG,CPL_BILLING,CPL-R00318,SUBMITTED,2022-08-23T19:14:00+00:00,2022-08-25T01:41:17+00:00,16363,USD,,false,CPL/SRC/events/00587
EV000588,PG,CPL_BILLING,,PAYMENT_POSTED,2022-09-05T14:02:00+00:00,2022-09-05T14:52:17+00:00,16363,USD,,false,CPL/SRC/events/00588
EV000589,PG,CPL_BILLING,CPL-R00319,SUBMITTED,2023-03-20T20:14:00+00:00,2023-03-20T21:41:51+00:00,14175,USD,,false,CPL/SRC/events/00589
EV000590,PG,CPL_BILLING,CPL-R00320,SUBMITTED,2023-01-23T18:58:00+00:00,2023-02-02T01:34:11+00:00,13964,USD,,false,CPL/SRC/events/00590
EV000591,PG,CPL_BILLING,,PAYMENT_POSTED,2023-03-06T21:40:00+00:00,2023-03-07T03:50:08+00:00,13964,USD,,false,CPL/SRC/events/00591
EV000592,PG,CPL_BILLING,CPL-R00321,SUBMITTED,2023-02-22T17:44:00+00:00,2023-02-22T20:37:16+00:00,3710,USD,,false,CPL/SRC/events/00592
EV000593,PG,CPL_BILLING,,PAYMENT_POSTED,2023-03-07T18:10:00+00:00,2023-03-09T07:39:23+00:00,3710,USD,,false,CPL/SRC/events/00593
EV000594,PG,CPL_BILLING,CPL-R00322,SUBMITTED,2023-05-29T17:51:00+00:00,2023-06-02T23:27:11+00:00,13269,USD,,false,CPL/SRC/events/00594
EV000595,PG,CPL_BILLING,,PAYMENT_POSTED,2023-06-26T21:19:00+00:00,2023-07-04T12:00:44+00:00,13269,USD,,false,CPL/SRC/events/00595
EV000596,PG,CPL_BILLING,CPL-R00323,SUBMITTED,2023-03-20T13:21:00+00:00,2023-03-20T20:46:03+00:00,3948,USD,,false,CPL/SRC/events/00596
EV000597,PG,CPL_BILLING,,PAYMENT_POSTED,2023-05-05T21:41:00+00:00,2023-05-07T21:22:16+00:00,3948,USD,,false,CPL/SRC/events/00597
EV000598,PG,CPL_BILLING,CPL-R00324,SUBMITTED,2023-04-10T21:16:00+00:00,2023-04-13T15:49:43+00:00,17323,USD,,false,CPL/SRC/events/00598
EV000599,PG,CPL_BILLING,,PAYMENT_POSTED,2023-04-25T21:52:00+00:00,2023-04-26T12:05:42+00:00,17323,USD,,false,CPL/SRC/events/00599
EV000600,PG,CPL_BILLING,CPL-R00325,SUBMITTED,2023-08-31T17:15:00+00:00,2023-08-31T21:32:44+00:00,6771,USD,,false,CPL/SRC/events/00600
EV000601,PG,CPL_BILLING,,PAYMENT_POSTED,2023-09-13T14:37:00+00:00,2023-09-16T18:38:01+00:00,6771,USD,,false,CPL/SRC/events/00601
EV000602,PG,CPL_BILLING,CPL-R00326,SUBMITTED,2022-07-25T20:59:00+00:00,2022-07-25T22:19:21+00:00,57133,USD,,false,CPL/SRC/events/00602
EV000603,PG,CPL_BILLING,,PAYMENT_POSTED,2022-08-05T15:38:00+00:00,2022-08-21T11:45:01+00:00,57133,USD,,false,CPL/SRC/events/00603
EV000604,PG,CPL_BILLING,CPL-R00327,SUBMITTED,2023-09-06T13:56:00+00:00,2023-09-06T17:54:25+00:00,41460,USD,,false,CPL/SRC/events/00604
EV000605,PG,CPL_BILLING,,PAYMENT_POSTED,2023-10-23T14:32:00+00:00,2023-10-24T09:16:45+00:00,41460,USD,,false,CPL/SRC/events/00605
EV000606,PG,CPL_BILLING,CPL-R00328,SUBMITTED,2022-09-27T17:00:00+00:00,2022-09-28T09:43:37+00:00,17241,USD,,false,CPL/SRC/events/00606
EV000607,PG,CPL_BILLING,CPL-R00329,SUBMITTED,2023-03-14T14:17:00+00:00,2023-03-20T14:53:43+00:00,48220,USD,,false,CPL/SRC/events/00607
EV000608,PG,CPL_BILLING,,PAYMENT_POSTED,2023-04-06T16:27:00+00:00,2023-04-10T09:46:38+00:00,48220,USD,,false,CPL/SRC/events/00608
EV000609,PG,CPL_BILLING,CPL-R00330,SUBMITTED,2023-07-25T16:10:00+00:00,2023-07-31T01:06:55+00:00,22112,USD,,false,CPL/SRC/events/00609
EV000610,PG,CPL_BILLING,,PAYMENT_POSTED,2023-08-07T20:02:00+00:00,2023-08-07T23:41:11+00:00,22112,USD,,false,CPL/SRC/events/00610
EV000611,PG,CPL_BILLING,CPL-R00331,SUBMITTED,2022-11-25T14:33:00+00:00,2022-12-03T20:25:10+00:00,22020,USD,,false,CPL/SRC/events/00611
EV000612,PG,CPL_BILLING,,PAYMENT_POSTED,2022-12-12T17:06:00+00:00,2022-12-12T19:07:11+00:00,22020,USD,,false,CPL/SRC/events/00612
EV000613,PG,CPL_BILLING,CPL-R00332,SUBMITTED,2023-04-24T15:39:00+00:00,2023-04-26T07:33:25+00:00,8756,USD,,false,CPL/SRC/events/00613
EV000614,PG,CPL_BILLING,,PAYMENT_POSTED,2023-05-09T20:02:00+00:00,2023-05-10T01:21:30+00:00,8756,USD,,false,CPL/SRC/events/00614
EV000615,PG,CPL_BILLING,CPL-R00333,SUBMITTED,2022-09-01T16:57:00+00:00,2022-09-05T12:40:32+00:00,8460,USD,,false,CPL/SRC/events/00615
EV000616,PG,CPL_BILLING,CPL-R00333,CLOSED_NO_PAYMENT,2022-11-15T17:51:00+00:00,2022-11-15T18:43:19+00:00,,,,true,CPL/SRC/events/00616
EV000617,PG,CPL_BILLING,CPL-R00334,SUBMITTED,2023-07-17T15:56:00+00:00,2023-07-22T09:40:39+00:00,11369,USD,,false,CPL/SRC/events/00617
EV000618,PG,CPL_BILLING,CPL-R00335,SUBMITTED,2022-10-31T14:03:00+00:00,2022-11-07T02:18:17+00:00,25587,USD,,false,CPL/SRC/events/00618
EV000619,PG,CPL_BILLING,,PAYMENT_POSTED,2022-11-10T17:10:00+00:00,2022-11-10T22:06:51+00:00,25587,USD,,false,CPL/SRC/events/00619
EV000620,PG,CPL_BILLING,CPL-R00336,SUBMITTED,2022-10-28T19:50:00+00:00,2022-10-28T21:08:42+00:00,14122,USD,,false,CPL/SRC/events/00620
EV000621,PG,CPL_BILLING,CPL-R00337,SUBMITTED,2022-12-06T22:36:00+00:00,2022-12-11T23:28:18+00:00,13329,USD,,false,CPL/SRC/events/00621
EV000622,PG,CPL_BILLING,CPL-R00338,SUBMITTED,2023-09-05T19:58:00+00:00,2023-09-06T00:28:13+00:00,6830,USD,,false,CPL/SRC/events/00622
EV000623,PG,CPL_BILLING,CPL-R00339,CORRECTED,2023-09-08T21:16:00+00:00,2023-09-08T23:43:21+00:00,7411,USD,,false,CPL/SRC/events/00623
EV000624,PG,CPL_BILLING,,PAYMENT_POSTED,2023-09-28T21:26:00+00:00,2023-10-13T11:04:06+00:00,7411,USD,,false,CPL/SRC/events/00624
EV000625,PG,CPL_BILLING,CPL-R00340,SUBMITTED,2023-03-13T19:59:00+00:00,2023-03-16T12:01:37+00:00,6080,USD,,false,CPL/SRC/events/00625
EV000626,PG,CPL_BILLING,,PAYMENT_POSTED,2023-05-25T18:10:00+00:00,2023-05-28T02:59:58+00:00,6080,USD,,false,CPL/SRC/events/00626
EV000627,PG,CPL_BILLING,CPL-R00341,SUBMITTED,2022-12-13T17:34:00+00:00,2022-12-15T06:57:12+00:00,53348,USD,,false,CPL/SRC/events/00627
EV000628,PG,CPL_BILLING,,PAYMENT_POSTED,2023-01-02T14:59:00+00:00,2023-01-15T15:48:46+00:00,53348,USD,,false,CPL/SRC/events/00628
EV000629,PG,CPL_BILLING,CPL-R00342,SUBMITTED,2022-11-11T17:25:00+00:00,2022-11-11T18:12:41+00:00,2530,USD,,false,CPL/SRC/events/00629
EV000630,PG,CPL_BILLING,,PAYMENT_POSTED,2022-11-30T18:52:00+00:00,2022-12-02T19:39:28+00:00,2530,USD,,false,CPL/SRC/events/00630
EV000631,PG,CPL_BILLING,CPL-R00343,SUBMITTED,2022-11-08T18:32:00+00:00,2022-11-09T00:40:59+00:00,18902,USD,,false,CPL/SRC/events/00631
EV000632,PG,CPL_BILLING,CPL-R00344,SUBMITTED,2022-08-12T14:25:00+00:00,2022-08-14T22:13:54+00:00,5805,USD,,false,CPL/SRC/events/00632
EV000633,PG,CPL_BILLING,,PAYMENT_POSTED,2022-09-20T17:34:00+00:00,2022-09-23T01:22:48+00:00,5805,USD,,false,CPL/SRC/events/00633
EV000634,PG,CPL_BILLING,CPL-R00345,SUBMITTED,2023-09-19T21:12:00+00:00,2023-09-24T22:24:18+00:00,2863,USD,,false,CPL/SRC/events/00634
EV000635,PG,CPL_BILLING,,PAYMENT_POSTED,2023-10-23T18:43:00+00:00,2023-10-24T00:14:38+00:00,2863,USD,,false,CPL/SRC/events/00635
EV000636,PG,CPL_BILLING,CPL-R00346,SUBMITTED,2022-10-03T18:20:00+00:00,2022-10-03T22:57:00+00:00,24696,USD,,false,CPL/SRC/events/00636
EV000637,PG,CPL_BILLING,,PAYMENT_POSTED,2022-10-20T20:28:00+00:00,2022-10-21T23:19:27+00:00,24696,USD,,false,CPL/SRC/events/00637
EV000638,PG,CPL_BILLING,CPL-R00347,SUBMITTED,2022-08-04T15:59:00+00:00,2022-08-09T03:24:17+00:00,135928,USD,,false,CPL/SRC/events/00638
EV000639,PG,CPL_BILLING,,PAYMENT_POSTED,2022-10-10T20:18:00+00:00,2022-10-11T00:42:19+00:00,135928,USD,,false,CPL/SRC/events/00639
EV000640,PG,CPL_BILLING,CPL-R00348,SUBMITTED,2023-06-21T13:50:00+00:00,2023-06-21T16:12:33+00:00,16429,USD,,false,CPL/SRC/events/00640
EV000641,PG,CPL_BILLING,,PAYMENT_POSTED,2023-07-24T16:30:00+00:00,2023-07-24T16:53:31+00:00,16429,USD,,false,CPL/SRC/events/00641
EV000642,PG,CPL_BILLING,CPL-R00349,SUBMITTED,2023-08-30T14:01:00+00:00,2023-09-01T10:55:22+00:00,261072,USD,,false,CPL/SRC/events/00642
EV000643,PG,CPL_BILLING,,PAYMENT_POSTED,2023-09-11T15:12:00+00:00,2023-09-13T05:53:10+00:00,261072,USD,,false,CPL/SRC/events/00643
EV000644,PG,CPL_BILLING,CPL-R00350,SUBMITTED,2023-06-12T20:17:00+00:00,2023-06-12T21:32:22+00:00,295912,USD,,false,CPL/SRC/events/00644
EV000645,PG,CPL_BILLING,,PAYMENT_POSTED,2023-07-07T13:09:00+00:00,2023-07-10T07:39:49+00:00,295912,USD,,false,CPL/SRC/events/00645
EV000646,PG,CPL_BILLING,CPL-R00351,SUBMITTED,2023-01-12T21:53:00+00:00,2023-01-13T04:56:40+00:00,34635,USD,,false,CPL/SRC/events/00646
EV000647,PG,CPL_BILLING,,PAYMENT_POSTED,2023-03-13T15:15:00+00:00,2023-03-16T12:10:35+00:00,34635,USD,,false,CPL/SRC/events/00647
EV000648,PG,CPL_BILLING,CPL-R00352,SUBMITTED,2023-01-26T15:26:00+00:00,2023-01-26T18:32:37+00:00,3573,USD,,false,CPL/SRC/events/00648
EV000649,PG,CPL_BILLING,,PAYMENT_POSTED,2023-01-31T22:16:00+00:00,2023-02-03T13:15:01+00:00,3573,USD,,false,CPL/SRC/events/00649
EV000650,PG,CPL_BILLING,CPL-R00353,SUBMITTED,2023-04-03T13:00:00+00:00,2023-04-03T14:46:08+00:00,8957,USD,,false,CPL/SRC/events/00650
EV000651,PG,CPL_BILLING,,PAYMENT_POSTED,2023-05-04T19:20:00+00:00,2023-05-25T01:57:52+00:00,8957,USD,,false,CPL/SRC/events/00651
EV000652,PG,CPL_BILLING,CPL-R00354,SUBMITTED,2023-03-30T21:28:00+00:00,2023-03-30T22:03:22+00:00,9791,USD,,false,CPL/SRC/events/00652
EV000653,PG,CPL_BILLING,CPL-R00355,SUBMITTED,2022-12-05T22:42:00+00:00,2022-12-06T00:46:31+00:00,360003,USD,,false,CPL/SRC/events/00653
EV000654,PG,CPL_BILLING,,PAYMENT_POSTED,2022-12-27T18:34:00+00:00,2022-12-30T12:37:43+00:00,360003,USD,,false,CPL/SRC/events/00654
EV000655,PG,CPL_BILLING,CPL-R00356,SUBMITTED,2022-09-06T21:58:00+00:00,2022-09-07T17:05:51+00:00,6516,USD,,false,CPL/SRC/events/00655
EV000656,PG,CPL_BILLING,,PAYMENT_POSTED,2022-10-04T14:13:00+00:00,2022-10-08T02:01:08+00:00,6516,USD,,false,CPL/SRC/events/00656
EV000657,PG,CPL_BILLING,CPL-R00357,SUBMITTED,2022-10-31T18:39:00+00:00,2022-11-01T01:59:11+00:00,9022,USD,,false,CPL/SRC/events/00657
EV000658,PG,CPL_BILLING,,PAYMENT_POSTED,2023-01-13T17:25:00+00:00,2023-01-14T00:09:29+00:00,9022,USD,,false,CPL/SRC/events/00658
EV000659,PG,CPL_BILLING,CPL-R00358,SUBMITTED,2022-08-15T21:01:00+00:00,2022-08-16T03:34:50+00:00,40281,USD,,false,CPL/SRC/events/00659
EV000660,PG,CPL_BILLING,CPL-R00359,SUBMITTED,2023-06-14T16:42:00+00:00,2023-06-20T06:27:41+00:00,11050,USD,,false,CPL/SRC/events/00660
EV000661,PG,CPL_BILLING,,PAYMENT_POSTED,2023-07-31T16:05:00+00:00,2023-07-31T19:04:07+00:00,11050,USD,,false,CPL/SRC/events/00661
EV000662,PG,CPL_BILLING,CPL-R00360,SUBMITTED,2023-03-01T18:03:00+00:00,2023-03-06T02:21:41+00:00,21860,USD,,false,CPL/SRC/events/00662
EV000663,PG,CPL_BILLING,,PAYMENT_POSTED,2023-03-10T22:19:00+00:00,2023-03-11T23:26:46+00:00,21860,USD,,false,CPL/SRC/events/00663
EV000664,PG,CPL_BILLING,CPL-R00361,SUBMITTED,2023-05-26T17:24:00+00:00,2023-05-26T19:29:03+00:00,2500,USD,,false,CPL/SRC/events/00664
EV000665,PG,CPL_BILLING,,PAYMENT_POSTED,2023-06-02T19:46:00+00:00,2023-06-04T20:35:36+00:00,2500,USD,,false,CPL/SRC/events/00665
EV000666,PG,CPL_BILLING,CPL-R00362,SUBMITTED,2022-08-10T15:40:00+00:00,2022-08-16T23:21:02+00:00,6142,USD,,false,CPL/SRC/events/00666
EV000667,PG,CPL_BILLING,,PAYMENT_POSTED,2022-08-19T17:34:00+00:00,2022-08-23T03:22:22+00:00,6142,USD,,false,CPL/SRC/events/00667
EV000668,PG,CPL_BILLING,CPL-R00363,SUBMITTED,2022-08-22T18:01:00+00:00,2022-08-22T19:18:46+00:00,12531,USD,,false,CPL/SRC/events/00668
EV000669,PG,CPL_BILLING,,PAYMENT_POSTED,2022-08-31T16:13:00+00:00,2022-09-04T21:40:12+00:00,12531,USD,,false,CPL/SRC/events/00669
EV000670,PG,CPL_BILLING,CPL-R00364,SUBMITTED,2023-07-07T17:01:00+00:00,2023-07-07T20:13:04+00:00,11924,USD,,false,CPL/SRC/events/00670
EV000671,PG,CPL_BILLING,CPL-R00365,SUBMITTED,2023-05-10T21:15:00+00:00,2023-05-12T20:39:54+00:00,7966,USD,,false,CPL/SRC/events/00671
EV000672,PG,CPL_BILLING,,PAYMENT_POSTED,2023-06-02T17:45:00+00:00,2023-06-08T00:47:53+00:00,7966,USD,,false,CPL/SRC/events/00672
EV000673,PG,CPL_BILLING,CPL-R00366,SUBMITTED,2023-05-08T17:57:00+00:00,2023-05-08T19:55:46+00:00,3049,USD,,false,CPL/SRC/events/00673
EV000674,PG,CPL_BILLING,,PAYMENT_POSTED,2023-06-19T18:21:00+00:00,2023-06-20T00:05:58+00:00,3049,USD,,false,CPL/SRC/events/00674
EV000675,PG,CPL_BILLING,CPL-R00367,SUBMITTED,2023-01-30T18:15:00+00:00,2023-01-30T19:59:24+00:00,9259,USD,,false,CPL/SRC/events/00675
EV000676,PG,CPL_BILLING,,PAYMENT_POSTED,2023-02-23T17:52:00+00:00,2023-02-27T08:27:07+00:00,9259,USD,,false,CPL/SRC/events/00676
EV000677,PG,CPL_BILLING,CPL-R00368,SUBMITTED,2022-10-28T14:59:00+00:00,2022-10-28T19:42:57+00:00,119941,USD,,false,CPL/SRC/events/00677
EV000678,PG,CPL_BILLING,,PAYMENT_POSTED,2022-11-21T19:12:00+00:00,2022-11-26T18:41:53+00:00,119941,USD,,false,CPL/SRC/events/00678
EV000679,PG,CPL_BILLING,CPL-R00369,SUBMITTED,2022-10-26T21:31:00+00:00,2022-10-29T19:03:15+00:00,27170,USD,,false,CPL/SRC/events/00679
EV000680,PG,CPL_BILLING,CPL-R00370,SUBMITTED,2023-02-16T15:10:00+00:00,2023-02-16T21:20:38+00:00,6454,USD,,false,CPL/SRC/events/00680
EV000681,PG,CPL_BILLING,,PAYMENT_POSTED,2023-04-03T14:53:00+00:00,2023-04-03T16:10:10+00:00,6454,USD,,false,CPL/SRC/events/00681
EV000682,PG,CPL_BILLING,CPL-R00371,SUBMITTED,2023-09-05T18:29:00+00:00,2023-09-06T11:27:02+00:00,22292,USD,,false,CPL/SRC/events/00682
EV000683,PG,CPL_BILLING,CPL-R00372,CORRECTED,2023-09-18T19:51:00+00:00,2023-10-08T12:24:01+00:00,27903,USD,,false,CPL/SRC/events/00683
EV000684,PG,CPL_BILLING,CPL-R00371,VOID_VERSION,2023-09-18T19:51:00+00:00,2023-09-19T01:41:03+00:00,22292,USD,,false,CPL/SRC/events/00684
EV000685,PG,CPL_BILLING,CPL-R00372,CLOSED_NO_PAYMENT,2023-10-24T14:59:00+00:00,2023-10-29T15:39:50+00:00,,,,true,CPL/SRC/events/00685
EV000686,PG,CPL_BILLING,CPL-R00373,SUBMITTED,2023-07-24T19:02:00+00:00,2023-07-24T23:47:51+00:00,57206,USD,,false,CPL/SRC/events/00686
EV000687,PG,CPL_BILLING,,PAYMENT_POSTED,2023-10-02T14:50:00+00:00,2023-10-02T22:04:41+00:00,57206,USD,,false,CPL/SRC/events/00687
EV000688,PG,CPL_BILLING,CPL-R00374,SUBMITTED,2022-08-29T15:06:00+00:00,2022-08-29T21:30:29+00:00,8947,USD,,false,CPL/SRC/events/00688
EV000689,PG,CPL_BILLING,CPL-R00375,SUBMITTED,2023-07-03T20:11:00+00:00,2023-07-06T17:57:18+00:00,18669,USD,,false,CPL/SRC/events/00689
EV000690,PG,CPL_BILLING,CPL-R00376,CORRECTED,2023-07-06T17:29:00+00:00,2023-07-06T23:53:13+00:00,18843,USD,,false,CPL/SRC/events/00690
EV000691,PG,CPL_BILLING,CPL-R00375,VOID_VERSION,2023-07-06T17:29:00+00:00,2023-07-06T19:48:20+00:00,18669,USD,,false,CPL/SRC/events/00691
EV000692,PG,CPL_BILLING,,PAYMENT_POSTED,2023-07-19T19:10:00+00:00,2023-07-26T09:06:30+00:00,18843,USD,,false,CPL/SRC/events/00692
EV000693,PG,CPL_BILLING,CPL-R00377,SUBMITTED,2023-04-03T15:59:00+00:00,2023-04-07T15:34:22+00:00,6683,USD,,false,CPL/SRC/events/00693
EV000694,PG,CPL_BILLING,CPL-R00378,SUBMITTED,2023-04-06T18:27:00+00:00,2023-04-06T22:55:56+00:00,60192,USD,,false,CPL/SRC/events/00694
EV000695,PG,CPL_BILLING,,PAYMENT_POSTED,2023-04-21T13:54:00+00:00,2023-04-21T15:21:18+00:00,60192,USD,,false,CPL/SRC/events/00695
EV000696,PG,CPL_BILLING,CPL-R00379,SUBMITTED,2023-04-06T20:18:00+00:00,2023-04-06T23:32:39+00:00,13801,USD,,false,CPL/SRC/events/00696
EV000697,PG,CPL_BILLING,CPL-R00380,SUBMITTED,2023-07-06T13:14:00+00:00,2023-07-16T07:23:36+00:00,4752,USD,,false,CPL/SRC/events/00697
EV000698,PG,CPL_BILLING,CPL-R00380,CLOSED_NO_PAYMENT,2023-09-07T18:31:00+00:00,2023-09-11T16:32:27+00:00,,,,true,CPL/SRC/events/00698
EV000699,PG,CPL_BILLING,CPL-R00381,SUBMITTED,2023-01-13T21:04:00+00:00,2023-01-18T04:34:02+00:00,39466,USD,,false,CPL/SRC/events/00699
EV000700,PG,CPL_BILLING,,PAYMENT_POSTED,2023-01-23T14:51:00+00:00,2023-02-11T05:21:20+00:00,39466,USD,,false,CPL/SRC/events/00700
EV000701,PG,CPL_BILLING,CPL-R00382,SUBMITTED,2023-06-26T17:15:00+00:00,2023-06-30T00:06:12+00:00,12953,USD,,false,CPL/SRC/events/00701
EV000702,PG,CPL_BILLING,,PAYMENT_POSTED,2023-08-07T21:33:00+00:00,2023-08-08T03:29:31+00:00,12953,USD,,false,CPL/SRC/events/00702
EV000703,PG,CPL_BILLING,CPL-R00383,SUBMITTED,2023-02-27T21:45:00+00:00,2023-03-01T04:52:29+00:00,35102,USD,,false,CPL/SRC/events/00703
EV000704,PG,CPL_BILLING,,PAYMENT_POSTED,2023-03-08T20:58:00+00:00,2023-03-09T19:03:05+00:00,35102,USD,,false,CPL/SRC/events/00704
EV000705,PG,CPL_BILLING,CPL-R00384,SUBMITTED,2023-05-08T20:18:00+00:00,2023-05-17T13:34:20+00:00,153118,USD,,false,CPL/SRC/events/00705
EV000706,PG,CPL_BILLING,,PAYMENT_POSTED,2023-05-22T19:39:00+00:00,2023-05-26T03:20:53+00:00,153118,USD,,false,CPL/SRC/events/00706
EV000707,PG,CPL_BILLING,CPL-R00384,PAYMENT_REVERSED,2023-06-05T19:25:00+00:00,2023-08-27T19:29:14+00:00,89970,USD,EV000706,false,CPL/SRC/events/00707
EV000708,PG,CPL_BILLING,CPL-R00385,SUBMITTED,2022-10-11T13:52:00+00:00,2022-10-15T16:00:01+00:00,10424,USD,,false,CPL/SRC/events/00708
EV000709,PG,CPL_BILLING,,PAYMENT_POSTED,2022-11-04T21:20:00+00:00,2022-11-11T16:19:05+00:00,10424,USD,,false,CPL/SRC/events/00709
EV000710,PG,CPL_BILLING,CPL-R00386,SUBMITTED,2022-10-10T20:08:00+00:00,2022-10-13T23:03:07+00:00,19338,USD,,false,CPL/SRC/events/00710
EV000711,PG,CPL_BILLING,CPL-R00387,SUBMITTED,2023-01-02T17:19:00+00:00,2023-01-02T18:14:28+00:00,12938,USD,,false,CPL/SRC/events/00711
EV000712,PG,CPL_BILLING,,PAYMENT_POSTED,2023-01-23T21:28:00+00:00,2023-02-03T06:15:48+00:00,12938,USD,,false,CPL/SRC/events/00712
EV000713,PG,CPL_BILLING,CPL-R00388,SUBMITTED,2023-09-11T20:16:00+00:00,2023-09-13T11:22:09+00:00,61223,USD,,false,CPL/SRC/events/00713
EV000714,PG,CPL_BILLING,,PAYMENT_POSTED,2023-10-16T19:31:00+00:00,2023-10-16T23:18:20+00:00,61223,USD,,false,CPL/SRC/events/00714
EV000715,PG,CPL_BILLING,CPL-R00389,SUBMITTED,2022-08-01T13:14:00+00:00,2022-08-01T18:13:55+00:00,9978,USD,,false,CPL/SRC/events/00715
EV000716,PG,CPL_BILLING,CPL-R00389,CLOSED_NO_PAYMENT,2022-11-21T17:25:00+00:00,2022-11-22T01:03:50+00:00,,EUR,,true,CPL/SRC/events/00716
EV000717,PG,CPL_BILLING,CPL-R00390,SUBMITTED,2022-10-10T14:24:00+00:00,2022-10-16T06:02:37+00:00,147408,USD,,false,CPL/SRC/events/00717
EV000718,PG,CPL_BILLING,CPL-R00390,CLOSED_NO_PAYMENT,2022-11-28T22:32:00+00:00,2022-11-29T17:53:56+00:00,,,,true,CPL/SRC/events/00718
EV000719,PG,CPL_BILLING,CPL-R00391,SUBMITTED,2022-07-15T20:00:00+00:00,2022-07-18T09:43:26+00:00,6926,USD,,false,CPL/SRC/events/00719
EV000720,PG,CPL_BILLING,,PAYMENT_POSTED,2022-08-08T14:58:00+00:00,2022-08-08T20:32:38+00:00,6926,USD,,false,CPL/SRC/events/00720
EV000721,PG,CPL_BILLING,CPL-R00392,SUBMITTED,2023-04-24T13:36:00+00:00,2023-04-24T21:21:21+00:00,15284,USD,,false,CPL/SRC/events/00721
EV000722,PG,CPL_BILLING,,PAYMENT_POSTED,2023-05-15T16:40:00+00:00,2023-05-17T13:21:54+00:00,15284,USD,,false,CPL/SRC/events/00722
EV000723,PG,CPL_BILLING,CPL-R00393,SUBMITTED,2023-05-01T16:45:00+00:00,2023-05-03T10:15:34+00:00,8423,USD,,false,CPL/SRC/events/00723
EV000724,PG,CPL_BILLING,,PAYMENT_POSTED,2023-06-12T15:21:00+00:00,2023-06-12T21:13:25+00:00,8423,USD,,false,CPL/SRC/events/00724
EV000725,PG,CPL_BILLING,CPL-R00394,SUBMITTED,2023-04-28T14:16:00+00:00,2023-05-08T21:42:41+00:00,5181,USD,,false,CPL/SRC/events/00725
EV000726,PG,CPL_BILLING,CPL-R00395,SUBMITTED,2023-06-19T16:33:00+00:00,2023-06-19T20:39:05+00:00,8581,USD,,false,CPL/SRC/events/00726
EV000727,PG,CPL_BILLING,,PAYMENT_POSTED,2023-07-05T19:29:00+00:00,2023-07-06T02:52:02+00:00,8581,USD,,false,CPL/SRC/events/00727
EV000728,PG,CPL_BILLING,CPL-R00396,SUBMITTED,2023-01-19T16:25:00+00:00,2023-01-19T21:58:23+00:00,9005,USD,,false,CPL/SRC/events/00728
EV000729,PG,CPL_BILLING,,PAYMENT_POSTED,2023-02-15T20:46:00+00:00,2023-02-15T22:06:33+00:00,9005,USD,,false,CPL/SRC/events/00729
EV000730,PG,CPL_BILLING,CPL-R00397,SUBMITTED,2023-02-07T22:05:00+00:00,2023-02-08T06:10:03+00:00,26032,USD,,false,CPL/SRC/events/00730
EV000731,PG,CPL_BILLING,,PAYMENT_POSTED,2023-03-13T14:38:00+00:00,2023-03-13T17:00:51+00:00,26032,USD,,false,CPL/SRC/events/00731
EV000732,PG,CPL_BILLING,CPL-R00398,SUBMITTED,2022-07-25T20:06:00+00:00,2022-07-25T23:48:10+00:00,32305,USD,,false,CPL/SRC/events/00732
EV000733,PG,CPL_BILLING,,PAYMENT_POSTED,2022-10-04T21:34:00+00:00,2022-10-10T15:33:45+00:00,32305,USD,,false,CPL/SRC/events/00733
EV000734,PG,CPL_BILLING,CPL-R00399,SUBMITTED,2022-11-30T22:46:00+00:00,2022-12-06T09:31:23+00:00,8978,USD,,false,CPL/SRC/events/00734
EV000735,PG,CPL_BILLING,,PAYMENT_POSTED,2023-01-13T18:23:00+00:00,2023-01-13T21:54:42+00:00,8978,USD,,false,CPL/SRC/events/00735
EV000736,PG,CPL_BILLING,CPL-R00400,SUBMITTED,2022-11-29T16:31:00+00:00,2022-12-02T04:49:57+00:00,6522,USD,,false,CPL/SRC/events/00736
EV000737,PG,CPL_BILLING,CPL-R00401,SUBMITTED,2022-07-04T16:10:00+00:00,2022-07-06T08:37:21+00:00,29557,USD,,false,CPL/SRC/events/00737
EV000738,PG,CPL_BILLING,,PAYMENT_POSTED,2022-07-18T17:03:00+00:00,2022-07-26T12:59:02+00:00,29557,USD,,false,CPL/SRC/events/00738
EV000739,PG,CPL_BILLING,CPL-R00402,SUBMITTED,2023-02-06T22:33:00+00:00,2023-02-09T00:03:32+00:00,21289,USD,,false,CPL/SRC/events/00739
EV000740,PG,CPL_BILLING,,PAYMENT_POSTED,2023-02-23T15:23:00+00:00,2023-02-25T02:42:25+00:00,21289,USD,,false,CPL/SRC/events/00740
EV000741,PG,CPL_BILLING,CPL-R00403,SUBMITTED,2023-02-03T18:18:00+00:00,2023-02-04T00:58:51+00:00,7968,USD,,false,CPL/SRC/events/00741
EV000742,PG,CPL_BILLING,CPL-R00404,SUBMITTED,2023-05-22T20:05:00+00:00,2023-05-23T17:01:31+00:00,7732,USD,,false,CPL/SRC/events/00742
EV000743,PG,CPL_BILLING,,PAYMENT_POSTED,2023-07-03T16:33:00+00:00,2023-07-04T12:54:33+00:00,7732,USD,,false,CPL/SRC/events/00743
EV000744,PG,CPL_BILLING,CPL-R00405,SUBMITTED,2023-02-13T17:47:00+00:00,2023-02-14T00:01:11+00:00,6626,USD,,false,CPL/SRC/events/00744
EV000745,PG,CPL_BILLING,CPL-R00406,CORRECTED,2023-02-21T15:34:00+00:00,2023-02-28T13:47:51+00:00,5724,USD,,false,CPL/SRC/events/00745
EV000746,PG,CPL_BILLING,,PAYMENT_POSTED,2023-02-27T19:30:00+00:00,2023-02-27T21:21:02+00:00,5724,USD,,false,CPL/SRC/events/00746
EV000747,PG,CPL_BILLING,CPL-R00407,SUBMITTED,2023-06-19T13:38:00+00:00,2023-06-20T02:57:06+00:00,10590,USD,,false,CPL/SRC/events/00747
EV000748,PG,CPL_BILLING,CPL-R00408,SUBMITTED,2023-05-02T16:03:00+00:00,2023-05-06T13:54:40+00:00,33159,USD,,false,CPL/SRC/events/00748
EV000749,PG,CPL_BILLING,,PAYMENT_POSTED,2023-05-11T16:30:00+00:00,2023-05-17T17:35:09+00:00,33159,USD,,false,CPL/SRC/events/00749
EV000750,PG,CPL_BILLING,CPL-R00409,SUBMITTED,2022-10-13T14:14:00+00:00,2022-10-13T18:06:08+00:00,5858,USD,,false,CPL/SRC/events/00750
EV000751,PG,CPL_BILLING,,PAYMENT_POSTED,2022-10-17T14:09:00+00:00,2022-10-17T21:05:48+00:00,5858,USD,,false,CPL/SRC/events/00751
EV000752,PG,CPL_BILLING,CPL-R00410,SUBMITTED,2023-01-30T17:25:00+00:00,2023-02-02T13:01:09+00:00,20709,USD,,false,CPL/SRC/events/00752
EV000753,PG,CPL_BILLING,,PAYMENT_POSTED,2023-02-10T15:59:00+00:00,2023-02-10T22:31:47+00:00,20709,USD,,false,CPL/SRC/events/00753
EV000754,PG,CPL_BILLING,CPL-R00411,SUBMITTED,2023-02-06T21:57:00+00:00,2023-02-16T20:41:16+00:00,23713,USD,,false,CPL/SRC/events/00754
EV000755,PG,CPL_BILLING,,PAYMENT_POSTED,2023-03-21T17:17:00+00:00,2023-03-22T12:24:33+00:00,23713,USD,,false,CPL/SRC/events/00755
EV000756,PG,CPL_BILLING,CPL-R00412,SUBMITTED,2023-04-05T14:41:00+00:00,2023-04-13T07:47:39+00:00,9662,USD,,false,CPL/SRC/events/00756
EV000757,PG,CPL_BILLING,,PAYMENT_POSTED,2023-04-07T19:36:00+00:00,2023-04-07T21:01:25+00:00,9662,USD,,false,CPL/SRC/events/00757
EV000758,PG,CPL_BILLING,CPL-R00413,SUBMITTED,2022-08-29T15:39:00+00:00,2022-09-01T23:54:50+00:00,7336,EUR,,false,CPL/SRC/events/00758
EV000759,PG,CPL_BILLING,,PAYMENT_POSTED,2022-09-12T20:20:00+00:00,2022-09-14T22:55:08+00:00,7336,USD,,false,CPL/SRC/events/00759
EV000760,PG,CPL_BILLING,CPL-R00414,SUBMITTED,2022-10-05T19:10:00+00:00,2022-10-07T14:12:44+00:00,10125,USD,,false,CPL/SRC/events/00760
EV000761,PG,CPL_BILLING,,PAYMENT_POSTED,2022-11-14T15:46:00+00:00,2022-11-16T07:22:46+00:00,10125,USD,,false,CPL/SRC/events/00761
EV000762,PG,CPL_BILLING,CPL-R00415,SUBMITTED,2023-02-17T22:53:00+00:00,2023-02-18T05:04:57+00:00,11172,USD,,false,CPL/SRC/events/00762
EV000763,PG,CPL_BILLING,,PAYMENT_POSTED,2023-03-27T17:13:00+00:00,2023-04-01T18:22:15+00:00,11172,USD,,false,CPL/SRC/events/00763
EV000764,PG,CPL_BILLING,CPL-R00416,SUBMITTED,2023-08-29T13:41:00+00:00,2023-08-29T15:54:53+00:00,73626,USD,,false,CPL/SRC/events/00764
EV000765,PG,CPL_BILLING,,PAYMENT_POSTED,2023-09-04T15:26:00+00:00,2023-09-10T10:45:06+00:00,73626,USD,,false,CPL/SRC/events/00765
EV000766,PG,CPL_BILLING,CPL-R00417,SUBMITTED,2022-12-12T21:54:00+00:00,2022-12-15T08:23:51+00:00,89244,USD,,false,CPL/SRC/events/00766
EV000767,PG,CPL_BILLING,CPL-R00417,CLOSED_NO_PAYMENT,2023-02-21T19:00:00+00:00,2023-02-21T23:43:35+00:00,,,,true,CPL/SRC/events/00767
EV000768,PG,CPL_BILLING,CPL-R00418,SUBMITTED,2022-07-18T14:23:00+00:00,2022-07-23T00:50:44+00:00,41986,USD,,false,CPL/SRC/events/00768
EV000769,PG,CPL_BILLING,,PAYMENT_POSTED,2022-08-10T21:45:00+00:00,2022-08-11T01:03:34+00:00,41986,USD,,false,CPL/SRC/events/00769
EV000770,PG,CPL_BILLING,CPL-R00419,SUBMITTED,2023-03-28T13:12:00+00:00,2023-03-28T15:55:58+00:00,22354,USD,,false,CPL/SRC/events/00770
EV000771,PG,CPL_BILLING,,PAYMENT_POSTED,2023-05-01T16:21:00+00:00,2023-05-02T04:41:01+00:00,22354,USD,,false,CPL/SRC/events/00771
EV000772,PG,CPL_BILLING,CPL-R00420,SUBMITTED,2023-07-10T18:46:00+00:00,2023-07-10T22:21:14+00:00,82761,USD,,false,CPL/SRC/events/00772
EV000773,PG,CPL_BILLING,CPL-R00420,CLOSED_NO_PAYMENT,2023-08-30T20:49:00+00:00,2023-08-31T00:31:51+00:00,,,,true,CPL/SRC/events/00773
EV000774,PG,CPL_BILLING,CPL-R00421,SUBMITTED,2023-09-18T21:57:00+00:00,2023-09-19T01:36:22+00:00,3552,USD,,false,CPL/SRC/events/00774
EV000775,PG,CPL_BILLING,CPL-R00422,CORRECTED,2023-09-19T14:31:00+00:00,2023-10-10T14:31:00+00:00,4438,USD,,false,CPL/SRC/events/00775
EV000776,PG,CPL_BILLING,CPL-R00421,VOID_VERSION,2023-09-19T14:31:00+00:00,2023-09-21T07:31:17+00:00,3552,USD,,false,CPL/SRC/events/00776
EV000777,PG,CPL_BILLING,CPL-R00423,SUBMITTED,2023-01-03T19:15:00+00:00,2023-01-04T03:04:42+00:00,39239,USD,,false,CPL/SRC/events/00777
EV000778,PG,CPL_BILLING,CPL-R00424,CORRECTED,2023-01-06T22:22:00+00:00,2023-01-07T21:32:28+00:00,38443,USD,,false,CPL/SRC/events/00778
EV000779,PG,CPL_BILLING,CPL-R00423,VOID_VERSION,2023-01-06T22:22:00+00:00,2023-01-24T01:40:37+00:00,39239,USD,,false,CPL/SRC/events/00779
EV000780,PG,CPL_BILLING,CPL-R00424,CLOSED_NO_PAYMENT,2023-03-02T21:06:00+00:00,2023-03-03T02:24:59+00:00,,,,true,CPL/SRC/events/00780
EV000781,PG,CPL_BILLING,CPL-R00425,SUBMITTED,2023-07-27T13:29:00+00:00,2023-07-27T15:11:03+00:00,7429,USD,,false,CPL/SRC/events/00781
EV000782,PG,CPL_BILLING,CPL-R00426,SUBMITTED,2022-11-24T18:23:00+00:00,2022-11-28T21:25:12+00:00,13298,USD,,false,CPL/SRC/events/00782
EV000783,PG,CPL_BILLING,CPL-R00427,CORRECTED,2022-12-05T20:31:00+00:00,2022-12-07T04:11:17+00:00,14564,USD,,false,CPL/SRC/events/00783
EV000784,PG,CPL_BILLING,CPL-R00426,VOID_VERSION,2022-12-05T20:31:00+00:00,2022-12-06T01:41:40+00:00,13298,USD,,false,CPL/SRC/events/00784
EV000785,PG,CPL_BILLING,,PAYMENT_POSTED,2023-01-18T19:44:00+00:00,2023-01-18T21:24:51+00:00,14564,USD,,false,CPL/SRC/events/00785
EV000786,PG,CPL_BILLING,CPL-R00428,SUBMITTED,2023-05-01T16:49:00+00:00,2023-05-03T22:03:56+00:00,111619,USD,,false,CPL/SRC/events/00786
EV000787,PG,CPL_BILLING,,PAYMENT_POSTED,2023-06-12T21:35:00+00:00,2023-07-19T03:28:51+00:00,111619,USD,,false,CPL/SRC/events/00787
EV000788,PG,CPL_BILLING,CPL-R00429,SUBMITTED,2023-03-06T14:03:00+00:00,2023-03-11T16:16:54+00:00,7159,USD,,false,CPL/SRC/events/00788
EV000789,PG,CPL_BILLING,,PAYMENT_POSTED,2023-04-10T13:25:00+00:00,2023-04-21T06:24:26+00:00,7159,USD,,false,CPL/SRC/events/00789
EV000790,PG,CPL_BILLING,CPL-R00430,SUBMITTED,2022-11-28T16:53:00+00:00,2022-11-29T00:46:29+00:00,25145,USD,,false,CPL/SRC/events/00790
EV000791,PG,CPL_BILLING,CPL-R00431,SUBMITTED,2023-07-14T15:38:00+00:00,2023-07-14T19:27:46+00:00,46698,USD,,false,CPL/SRC/events/00791
EV000792,PG,CPL_BILLING,CPL-R00431,CLOSED_NO_PAYMENT,2023-11-06T22:56:00+00:00,2023-11-08T02:24:01+00:00,,,,true,CPL/SRC/events/00792
EV000793,PG,CPL_BILLING,CPL-R00432,SUBMITTED,2023-08-22T18:34:00+00:00,2023-08-22T20:17:08+00:00,24324,USD,,false,CPL/SRC/events/00793
EV000794,PG,CPL_BILLING,,PAYMENT_POSTED,2023-08-29T14:02:00+00:00,2023-08-29T21:55:44+00:00,24324,USD,,false,CPL/SRC/events/00794
EV000795,PG,CPL_BILLING,CPL-R00433,SUBMITTED,2023-07-31T16:15:00+00:00,2023-07-31T19:06:45+00:00,53823,USD,,false,CPL/SRC/events/00795
EV000796,PG,CPL_BILLING,,PAYMENT_POSTED,2023-08-10T16:53:00+00:00,2023-08-13T03:16:38+00:00,53823,USD,,false,CPL/SRC/events/00796
EV000797,PG,CPL_BILLING,CPL-R00434,SUBMITTED,2022-07-12T21:02:00+00:00,2022-07-17T11:05:54+00:00,8558,USD,,false,CPL/SRC/events/00797
EV000798,PG,CPL_BILLING,CPL-R00435,SUBMITTED,2023-02-27T15:25:00+00:00,2023-02-27T15:53:03+00:00,6196,USD,,false,CPL/SRC/events/00798
EV000799,PG,CPL_BILLING,,PAYMENT_POSTED,2023-05-23T14:37:00+00:00,2023-07-23T05:19:12+00:00,6196,USD,,false,CPL/SRC/events/00799
EV000800,PG,CPL_BILLING,CPL-R00436,SUBMITTED,2023-05-29T14:07:00+00:00,2023-05-29T17:37:19+00:00,12085,USD,,false,CPL/SRC/events/00800
EV000801,PG,CPL_BILLING,,PAYMENT_POSTED,2023-06-14T20:28:00+00:00,2023-06-15T01:30:04+00:00,12085,USD,,false,CPL/SRC/events/00801
EV000802,PG,CPL_BILLING,CPL-R00437,SUBMITTED,2022-08-15T19:05:00+00:00,2022-08-20T02:12:10+00:00,16921,USD,,false,CPL/SRC/events/00802
EV000803,PG,CPL_BILLING,,PAYMENT_POSTED,2022-08-25T15:41:00+00:00,2022-09-04T00:44:31+00:00,16921,USD,,false,CPL/SRC/events/00803
EV000804,PG,CPL_BILLING,CPL-R00438,SUBMITTED,2023-05-26T17:24:00+00:00,2023-05-30T07:26:52+00:00,24017,USD,,false,CPL/SRC/events/00804
EV000805,PG,CPL_BILLING,CPL-R00439,CORRECTED,2023-05-29T21:43:00+00:00,2023-06-09T10:04:06+00:00,25666,USD,,false,CPL/SRC/events/00805
EV000806,PG,CPL_BILLING,,PAYMENT_POSTED,2023-06-26T20:04:00+00:00,2023-06-29T07:52:11+00:00,25666,USD,,false,CPL/SRC/events/00806
EV000807,PG,CPL_BILLING,CPL-R00440,SUBMITTED,2023-08-10T15:52:00+00:00,2023-08-10T19:52:55+00:00,11184,USD,,false,CPL/SRC/events/00807
EV000808,PG,CPL_BILLING,,PAYMENT_POSTED,2023-08-28T15:47:00+00:00,2023-08-28T18:41:03+00:00,11184,USD,,false,CPL/SRC/events/00808
EV000809,PG,CPL_BILLING,CPL-R00441,SUBMITTED,2022-07-11T20:24:00+00:00,2022-07-21T13:27:37+00:00,20034,USD,,false,CPL/SRC/events/00809
EV000810,PG,CPL_BILLING,,PAYMENT_POSTED,2022-07-20T18:07:00+00:00,2022-07-20T20:17:20+00:00,20034,USD,,false,CPL/SRC/events/00810
EV000811,PG,CPL_BILLING,CPL-R00442,SUBMITTED,2022-09-14T17:35:00+00:00,2022-09-15T11:13:00+00:00,5977,USD,,false,CPL/SRC/events/00811
EV000812,PG,CPL_BILLING,,PAYMENT_POSTED,2022-10-10T17:22:00+00:00,2022-10-10T19:47:04+00:00,5977,USD,,false,CPL/SRC/events/00812
EV000813,PG,CPL_BILLING,CPL-R00443,SUBMITTED,2023-07-17T13:05:00+00:00,2023-07-17T20:01:24+00:00,9168,USD,,false,CPL/SRC/events/00813
EV000814,PG,CPL_BILLING,,PAYMENT_POSTED,2023-08-01T16:12:00+00:00,2023-08-01T17:57:16+00:00,9168,USD,,false,CPL/SRC/events/00814
EV000815,PG,CPL_BILLING,CPL-R00444,SUBMITTED,2022-09-08T13:47:00+00:00,2022-09-11T15:11:21+00:00,19057,USD,,false,CPL/SRC/events/00815
EV000816,PG,CPL_BILLING,,PAYMENT_POSTED,2022-09-16T13:24:00+00:00,2022-09-16T20:11:37+00:00,19057,USD,,false,CPL/SRC/events/00816
EV000817,PG,CPL_BILLING,CPL-R00445,SUBMITTED,2022-11-29T21:00:00+00:00,2022-11-30T04:42:09+00:00,10145,USD,,false,CPL/SRC/events/00817
EV000818,PG,CPL_BILLING,CPL-R00445,CLOSED_NO_PAYMENT,2023-02-09T21:45:00+00:00,2023-02-12T08:13:26+00:00,,,,true,CPL/SRC/events/00818
EV000819,PG,CPL_BILLING,CPL-R00446,SUBMITTED,2022-07-22T13:10:00+00:00,2022-07-22T20:13:27+00:00,22599,USD,,false,CPL/SRC/events/00819
EV000820,PG,CPL_BILLING,,PAYMENT_POSTED,2022-10-12T19:21:00+00:00,2022-10-12T20:21:12+00:00,22599,USD,,false,CPL/SRC/events/00820
EV000821,PG,CPL_BILLING,CPL-R00447,SUBMITTED,2022-07-11T14:27:00+00:00,2022-07-12T01:50:52+00:00,11465,USD,,false,CPL/SRC/events/00821
EV000822,PG,CPL_BILLING,,PAYMENT_POSTED,2022-09-12T17:38:00+00:00,2022-09-12T20:35:57+00:00,11465,USD,,false,CPL/SRC/events/00822
EV000823,PG,CPL_BILLING,CPL-R00448,SUBMITTED,2022-07-18T21:41:00+00:00,2022-07-19T03:29:06+00:00,11363,USD,,false,CPL/SRC/events/00823
EV000824,PG,CPL_BILLING,CPL-R00449,CORRECTED,2022-07-29T20:19:00+00:00,2022-07-29T22:03:23+00:00,13568,USD,,false,CPL/SRC/events/00824
EV000825,PG,CPL_BILLING,,PAYMENT_POSTED,2022-08-01T13:45:00+00:00,2022-08-01T21:01:59+00:00,13568,USD,,false,CPL/SRC/events/00825
EV000826,PG,CPL_BILLING,CPL-R00450,SUBMITTED,2022-08-22T18:49:00+00:00,2022-09-12T18:49:00+00:00,17284,USD,,false,CPL/SRC/events/00826
EV000827,PG,CPL_BILLING,,PAYMENT_POSTED,2022-10-27T17:29:00+00:00,2022-11-12T00:21:33+00:00,17284,USD,,false,CPL/SRC/events/00827
EV000828,PG,CPL_BILLING,CPL-R00451,SUBMITTED,2023-06-05T21:54:00+00:00,2023-06-06T05:00:34+00:00,10890,USD,,false,CPL/SRC/events/00828
EV000829,PG,CPL_BILLING,,PAYMENT_POSTED,2023-06-29T13:20:00+00:00,2023-07-04T21:38:43+00:00,10890,USD,,false,CPL/SRC/events/00829
EV000830,PG,CPL_BILLING,CPL-R00452,SUBMITTED,2023-01-19T16:11:00+00:00,2023-01-23T17:27:35+00:00,22434,USD,,false,CPL/SRC/events/00830
EV000831,PG,CPL_BILLING,,PAYMENT_POSTED,2023-03-20T21:13:00+00:00,2023-03-30T17:57:15+00:00,22434,USD,,false,CPL/SRC/events/00831
EV000832,PG,CPL_BILLING,CPL-R00453,SUBMITTED,2022-11-24T14:18:00+00:00,2022-11-24T14:26:57+00:00,42163,USD,,false,CPL/SRC/events/00832
EV000833,PG,CPL_BILLING,,PAYMENT_POSTED,2023-01-11T20:37:00+00:00,2023-01-24T10:29:11+00:00,42163,USD,,false,CPL/SRC/events/00833
EV000834,PG,CPL_BILLING,CPL-R00454,SUBMITTED,2022-10-24T14:21:00+00:00,2022-10-25T22:49:32+00:00,146285,USD,,false,CPL/SRC/events/00834
EV000835,PG,CPL_BILLING,,PAYMENT_POSTED,2022-11-04T15:25:00+00:00,2022-11-06T17:14:19+00:00,146285,USD,,false,CPL/SRC/events/00835
EV000836,PG,CPL_BILLING,CPL-R00455,SUBMITTED,2022-08-08T20:08:00+00:00,2022-08-09T03:54:48+00:00,15596,USD,,false,CPL/SRC/events/00836
EV000837,PG,CPL_BILLING,,PAYMENT_POSTED,2022-08-26T16:49:00+00:00,2022-08-26T22:30:22+00:00,15596,USD,,false,CPL/SRC/events/00837
EV000838,PG,CPL_BILLING,CPL-R00456,SUBMITTED,2022-07-25T20:39:00+00:00,2022-07-25T23:12:01+00:00,9369,USD,,false,CPL/SRC/events/00838
EV000839,PG,CPL_BILLING,,PAYMENT_POSTED,2022-08-10T21:21:00+00:00,2022-08-11T03:39:50+00:00,9369,USD,,false,CPL/SRC/events/00839
EV000840,PG,CPL_BILLING,CPL-R00457,SUBMITTED,2023-05-01T19:08:00+00:00,2023-05-01T20:06:31+00:00,8690,USD,,false,CPL/SRC/events/00840
EV000841,PG,CPL_BILLING,,PAYMENT_POSTED,2023-05-15T18:06:00+00:00,2023-05-24T20:17:10+00:00,8690,USD,,false,CPL/SRC/events/00841
EV000842,PG,CPL_BILLING,CPL-R00458,SUBMITTED,2023-01-18T16:10:00+00:00,2023-01-18T23:50:16+00:00,8775,USD,,false,CPL/SRC/events/00842
EV000843,PG,CPL_BILLING,,PAYMENT_POSTED,2023-01-30T17:33:00+00:00,2023-01-31T00:51:36+00:00,8775,USD,,false,CPL/SRC/events/00843
EV000844,PG,CPL_BILLING,CPL-R00459,SUBMITTED,2023-05-01T18:55:00+00:00,2023-05-10T19:25:12+00:00,9886,USD,,false,CPL/SRC/events/00844
EV000845,PG,CPL_BILLING,,PAYMENT_POSTED,2023-05-22T17:59:00+00:00,2023-06-05T03:59:49+00:00,9886,USD,,false,CPL/SRC/events/00845
EV000846,PG,CPL_BILLING,CPL-R00460,SUBMITTED,2023-02-21T14:11:00+00:00,2023-02-24T01:48:44+00:00,95476,USD,,false,CPL/SRC/events/00846
EV000847,PG,CPL_BILLING,,PAYMENT_POSTED,2023-03-20T20:22:00+00:00,2023-03-21T01:20:14+00:00,95476,USD,,false,CPL/SRC/events/00847
EV000848,PG,CPL_BILLING,CPL-R00461,SUBMITTED,2023-03-20T21:49:00+00:00,2023-03-21T20:05:22+00:00,22649,USD,,false,CPL/SRC/events/00848
EV000849,PG,CPL_BILLING,CPL-R00462,CORRECTED,2023-03-21T13:04:00+00:00,2023-03-21T14:37:02+00:00,19674,USD,,false,CPL/SRC/events/00849
EV000850,PG,CPL_BILLING,,PAYMENT_POSTED,2023-04-13T19:43:00+00:00,2023-04-19T12:23:06+00:00,19674,USD,,false,CPL/SRC/events/00850
EV000851,PG,CPL_BILLING,CPL-R00463,SUBMITTED,2023-07-04T14:16:00+00:00,2023-07-13T01:15:29+00:00,5099,USD,,false,CPL/SRC/events/00851
EV000852,PG,CPL_BILLING,,PAYMENT_POSTED,2023-08-03T19:14:00+00:00,2023-08-03T21:43:44+00:00,5099,USD,,false,CPL/SRC/events/00852
EV000853,PG,CPL_BILLING,CPL-R00464,SUBMITTED,2023-06-30T13:20:00+00:00,2023-06-30T17:25:45+00:00,8247,EUR,,false,CPL/SRC/events/00853
EV000854,PG,CPL_BILLING,CPL-R00465,SUBMITTED,2022-09-05T21:11:00+00:00,2022-09-08T16:09:46+00:00,7635,USD,,false,CPL/SRC/events/00854
EV000855,PG,CPL_BILLING,,PAYMENT_POSTED,2022-11-07T17:57:00+00:00,2022-11-08T12:41:59+00:00,7635,USD,,false,CPL/SRC/events/00855
EV000856,PG,CPL_BILLING,CPL-R00466,SUBMITTED,2022-08-11T13:27:00+00:00,2022-08-11T16:18:43+00:00,7120,USD,,false,CPL/SRC/events/00856
EV000857,PG,CPL_BILLING,,PAYMENT_POSTED,2022-08-26T20:55:00+00:00,2022-08-27T01:50:07+00:00,7120,USD,,false,CPL/SRC/events/00857
EV000858,PG,CPL_BILLING,CPL-R00467,SUBMITTED,2023-09-29T14:09:00+00:00,2023-09-29T20:01:45+00:00,17214,USD,,false,CPL/SRC/events/00858
EV000860,PG,CPL_BILLING,CPL-R00468,SUBMITTED,2023-05-05T14:49:00+00:00,2023-05-05T22:31:48+00:00,4306,USD,,false,CPL/SRC/events/00860
EV000861,PG,CPL_BILLING,,PAYMENT_POSTED,2023-05-23T17:27:00+00:00,2023-06-03T14:46:21+00:00,4306,USD,,false,CPL/SRC/events/00861
EV000862,PG,CPL_BILLING,CPL-R00469,SUBMITTED,2022-09-26T21:40:00+00:00,2022-10-06T13:56:45+00:00,18219,USD,,false,CPL/SRC/events/00862
EV000863,PG,CPL_BILLING,,PAYMENT_POSTED,2022-11-14T19:09:00+00:00,2022-11-19T13:34:49+00:00,18219,USD,,false,CPL/SRC/events/00863
EV000864,PG,TRI_BILLING,TRI-R00470,SUBMITTED,2023-05-22T19:31:00+00:00,2023-05-29T11:54:56+00:00,21410,USD,,false,TRI/SRC/events/00864
EV000865,PG,TRI_BILLING,TRI-R00470,CLOSED_NO_PAYMENT,2023-07-04T14:44:00+00:00,2023-07-04T21:52:18+00:00,,,,true,TRI/SRC/events/00865
EV000866,PG,TRI_BILLING,TRI-R00471,SUBMITTED,2022-09-26T14:12:00+00:00,2022-09-26T17:00:13+00:00,6907,USD,,false,TRI/SRC/events/00866
EV000867,PG,TRI_BILLING,TRI-R00472,SUBMITTED,2023-08-01T18:30:00+00:00,2023-08-09T01:02:29+00:00,9141,USD,,false,TRI/SRC/events/00867
EV000868,PG,TRI_BILLING,TRI-R00473,CORRECTED,2023-08-07T17:03:00+00:00,2023-08-09T17:15:31+00:00,10379,USD,,false,TRI/SRC/events/00868
EV000869,PG,TRI_BILLING,,PAYMENT_POSTED,2023-08-08T21:26:00+00:00,2023-08-19T06:07:46+00:00,10379,USD,,false,TRI/SRC/events/00869
EV000870,PG,TRI_BILLING,TRI-R00474,SUBMITTED,2023-02-06T19:23:00+00:00,2023-02-06T19:44:06+00:00,8394,USD,,false,TRI/SRC/events/00870
EV000871,PG,TRI_BILLING,,PAYMENT_POSTED,2023-03-21T22:51:00+00:00,2023-03-23T02:24:45+00:00,8394,USD,,false,TRI/SRC/events/00871
EV000872,PG,TRI_BILLING,TRI-R00475,SUBMITTED,2023-05-03T16:06:00+00:00,2023-05-03T16:46:04+00:00,24364,USD,,false,TRI/SRC/events/00872
EV000873,PG,TRI_BILLING,,PAYMENT_POSTED,2023-05-18T14:19:00+00:00,2023-05-18T16:13:25+00:00,24364,USD,,false,TRI/SRC/events/00873
EV000874,PG,TRI_BILLING,TRI-R00476,SUBMITTED,2022-08-26T22:29:00+00:00,2022-09-01T05:12:06+00:00,20948,USD,,false,TRI/SRC/events/00874
EV000875,PG,TRI_BILLING,,PAYMENT_POSTED,2022-09-16T15:07:00+00:00,2022-09-19T12:50:05+00:00,20948,USD,,false,TRI/SRC/events/00875
EV000876,PG,TRI_BILLING,TRI-R00477,SUBMITTED,2022-12-07T19:05:00+00:00,2022-12-13T16:18:31+00:00,17152,USD,,false,TRI/SRC/events/00876
EV000877,PG,TRI_BILLING,,PAYMENT_POSTED,2022-12-28T21:15:00+00:00,2022-12-29T22:27:01+00:00,17152,USD,,false,TRI/SRC/events/00877
EV000878,PG,TRI_BILLING,TRI-R00478,SUBMITTED,2023-03-22T15:02:00+00:00,2023-03-22T18:55:11+00:00,6097,USD,,false,TRI/SRC/events/00878
EV000879,PG,TRI_BILLING,TRI-R00479,CORRECTED,2023-03-29T16:42:00+00:00,2023-04-08T23:27:33+00:00,5404,USD,,false,TRI/SRC/events/00879
EV000880,PG,TRI_BILLING,,PAYMENT_POSTED,2023-05-24T22:47:00+00:00,2023-05-28T11:06:33+00:00,5404,USD,,false,TRI/SRC/events/00880
EV000881,PG,TRI_BILLING,TRI-R00480,SUBMITTED,2022-12-26T20:41:00+00:00,2022-12-28T04:37:44+00:00,2942,USD,,false,TRI/SRC/events/00881
EV000882,PG,TRI_BILLING,,PAYMENT_POSTED,2023-01-24T20:17:00+00:00,2023-01-29T11:22:21+00:00,2942,USD,,false,TRI/SRC/events/00882
EV000883,PG,TRI_BILLING,TRI-R00481,SUBMITTED,2023-04-03T17:47:00+00:00,2023-04-07T13:50:45+00:00,89485,USD,,false,TRI/SRC/events/00883
EV000884,PG,TRI_BILLING,TRI-R00481,CLOSED_NO_PAYMENT,2023-05-11T20:41:00+00:00,2023-05-26T04:44:15+00:00,,,,true,TRI/SRC/events/00884
EV000885,PG,TRI_BILLING,TRI-R00482,SUBMITTED,2023-06-26T20:58:00+00:00,2023-06-26T21:24:24+00:00,5593,USD,,false,TRI/SRC/events/00885
EV000886,PG,TRI_BILLING,,PAYMENT_POSTED,2023-08-14T16:53:00+00:00,2023-08-14T23:07:48+00:00,5593,USD,,false,TRI/SRC/events/00886
EV000887,PG,TRI_BILLING,TRI-R00483,SUBMITTED,2023-04-28T22:43:00+00:00,2023-04-29T05:31:37+00:00,42295,USD,,false,TRI/SRC/events/00887
EV000888,PG,TRI_BILLING,,PAYMENT_POSTED,2023-05-08T19:11:00+00:00,2023-05-29T19:11:00+00:00,42295,USD,,false,TRI/SRC/events/00888
EV000889,PG,TRI_BILLING,TRI-R00484,SUBMITTED,2023-03-22T19:49:00+00:00,2023-03-26T08:10:10+00:00,4545,USD,,false,TRI/SRC/events/00889
EV000890,PG,TRI_BILLING,TRI-R00485,SUBMITTED,2023-02-03T18:13:00+00:00,2023-02-03T22:58:17+00:00,3266,USD,,false,TRI/SRC/events/00890
EV000891,PG,TRI_BILLING,TRI-R00486,CORRECTED,2023-02-06T18:23:00+00:00,2023-02-06T23:12:26+00:00,4186,USD,,false,TRI/SRC/events/00891
EV000892,PG,TRI_BILLING,,PAYMENT_POSTED,2023-03-21T14:03:00+00:00,2023-03-21T16:46:35+00:00,4186,USD,,false,TRI/SRC/events/00892
EV000893,PG,TRI_BILLING,TRI-R00487,SUBMITTED,2022-08-12T15:20:00+00:00,2022-08-12T21:52:20+00:00,7224,USD,,false,TRI/SRC/events/00893
EV000894,PG,TRI_BILLING,TRI-R00488,SUBMITTED,2023-01-09T19:52:00+00:00,2023-01-12T08:23:06+00:00,17974,USD,,false,TRI/SRC/events/00894
EV000895,PG,TRI_BILLING,,PAYMENT_POSTED,2023-01-18T15:24:00+00:00,2023-01-20T09:31:42+00:00,17974,USD,,false,TRI/SRC/events/00895
EV000896,PG,TRI_BILLING,TRI-R00489,SUBMITTED,2023-01-30T16:57:00+00:00,2023-01-31T00:56:50+00:00,2500,USD,,false,TRI/SRC/events/00896
EV000897,PG,TRI_BILLING,TRI-R00490,SUBMITTED,2022-08-01T17:34:00+00:00,2022-08-14T15:08:43+00:00,12017,USD,,false,TRI/SRC/events/00897
EV000898,PG,TRI_BILLING,,PAYMENT_POSTED,2022-08-16T15:17:00+00:00,2022-08-16T15:47:18+00:00,12017,USD,,false,TRI/SRC/events/00898
EV000899,PG,TRI_BILLING,TRI-R00491,SUBMITTED,2022-08-01T21:02:00+00:00,2022-08-02T03:56:49+00:00,17504,USD,,false,TRI/SRC/events/00899
EV000900,PG,TRI_BILLING,,PAYMENT_POSTED,2022-09-09T16:53:00+00:00,2022-09-09T23:54:31+00:00,17504,USD,,false,TRI/SRC/events/00900
EV000901,PG,TRI_BILLING,TRI-R00492,SUBMITTED,2023-08-14T19:44:00+00:00,2023-08-16T15:12:20+00:00,19531,USD,,false,TRI/SRC/events/00901
EV000903,PG,TRI_BILLING,TRI-R00493,SUBMITTED,2022-07-04T14:58:00+00:00,2022-07-05T17:30:24+00:00,27473,USD,,false,TRI/SRC/events/00903
EV000904,PG,TRI_BILLING,,PAYMENT_POSTED,2022-07-27T19:37:00+00:00,2022-07-30T03:11:55+00:00,27473,USD,,false,TRI/SRC/events/00904
EV000905,PG,TRI_BILLING,TRI-R00494,SUBMITTED,2023-08-21T22:34:00+00:00,2023-08-22T01:49:33+00:00,85430,USD,,false,TRI/SRC/events/00905
EV000906,PG,TRI_BILLING,TRI-R00495,SUBMITTED,2023-02-22T19:29:00+00:00,2023-02-23T02:57:40+00:00,4190,USD,,false,TRI/SRC/events/00906
EV000907,PG,TRI_BILLING,,PAYMENT_POSTED,2023-03-28T15:41:00+00:00,2023-03-30T19:06:26+00:00,4190,USD,,false,TRI/SRC/events/00907
EV000908,PG,TRI_BILLING,TRI-R00496,SUBMITTED,2023-08-07T20:23:00+00:00,2023-08-10T06:58:41+00:00,182287,USD,,false,TRI/SRC/events/00908
EV000909,PG,TRI_BILLING,,PAYMENT_POSTED,2023-08-15T20:19:00+00:00,2023-08-16T00:08:00+00:00,182287,USD,,false,TRI/SRC/events/00909
EV000911,PG,TRI_BILLING,TRI-R00498,SUBMITTED,2023-02-13T20:36:00+00:00,2023-02-21T09:09:24+00:00,113570,USD,,false,TRI/SRC/events/00911
EV000912,PG,TRI_BILLING,,PAYMENT_POSTED,2023-03-06T16:41:00+00:00,2023-03-06T19:06:14+00:00,113570,USD,,false,TRI/SRC/events/00912
EV000913,PG,TRI_BILLING,TRI-R00499,SUBMITTED,2022-09-12T21:51:00+00:00,2022-09-13T04:01:58+00:00,12102,USD,,false,TRI/SRC/events/00913
EV000914,PG,TRI_BILLING,TRI-R00500,SUBMITTED,2022-10-17T18:28:00+00:00,2022-10-18T01:36:56+00:00,12253,USD,,false,TRI/SRC/events/00914
EV000915,PG,TRI_BILLING,,PAYMENT_POSTED,2022-12-06T15:02:00+00:00,2022-12-13T10:14:24+00:00,12253,USD,,false,TRI/SRC/events/00915
EV000916,PG,TRI_BILLING,TRI-R00501,SUBMITTED,2023-03-13T18:09:00+00:00,2023-03-13T18:58:36+00:00,7694,USD,,false,TRI/SRC/events/00916
EV000917,PG,TRI_BILLING,,PAYMENT_POSTED,2023-04-14T15:44:00+00:00,2023-04-21T01:51:52+00:00,7694,USD,,false,TRI/SRC/events/00917
EV000918,PG,TRI_BILLING,TRI-R00502,SUBMITTED,2023-09-12T16:04:00+00:00,2023-11-06T06:09:43+00:00,30251,USD,,false,TRI/SRC/events/00918
EV000920,PG,TRI_BILLING,TRI-R00503,SUBMITTED,2022-11-14T21:45:00+00:00,2022-11-15T02:18:37+00:00,6973,USD,,false,TRI/SRC/events/00920
EV000921,PG,TRI_BILLING,,PAYMENT_POSTED,2022-12-01T21:33:00+00:00,2022-12-05T05:13:30+00:00,6973,USD,,false,TRI/SRC/events/00921
EV000922,PG,TRI_BILLING,TRI-R00504,SUBMITTED,2022-11-11T21:24:00+00:00,2022-11-14T16:23:49+00:00,6930,USD,,false,TRI/SRC/events/00922
EV000923,PG,TRI_BILLING,TRI-R00505,SUBMITTED,2023-05-10T14:43:00+00:00,2023-05-12T04:44:27+00:00,27153,USD,,false,TRI/SRC/events/00923
EV000924,PG,TRI_BILLING,,PAYMENT_POSTED,2023-05-19T16:19:00+00:00,2023-06-03T09:28:44+00:00,27153,USD,,false,TRI/SRC/events/00924
EV000925,PG,TRI_BILLING,TRI-R00506,SUBMITTED,2023-09-18T20:51:00+00:00,2023-09-19T20:08:30+00:00,3165,USD,,false,TRI/SRC/events/00925
EV000926,PG,TRI_BILLING,,PAYMENT_POSTED,2023-10-03T16:35:00+00:00,2023-10-09T15:31:49+00:00,3165,USD,,false,TRI/SRC/events/00926
EV000927,PG,TRI_BILLING,TRI-R00507,SUBMITTED,2022-09-05T17:59:00+00:00,2022-09-05T21:32:25+00:00,35827,USD,,false,TRI/SRC/events/00927
EV000928,PG,TRI_BILLING,,PAYMENT_POSTED,2022-09-22T19:44:00+00:00,2022-09-23T02:58:19+00:00,35827,USD,,false,TRI/SRC/events/00928
EV000929,PG,TRI_BILLING,TRI-R00508,SUBMITTED,2023-07-14T16:03:00+00:00,2023-07-14T21:32:23+00:00,11095,USD,,false,TRI/SRC/events/00929
EV000930,PG,TRI_BILLING,,PAYMENT_POSTED,2023-09-12T15:51:00+00:00,2023-09-13T01:43:58+00:00,11095,USD,,false,TRI/SRC/events/00930
EV000931,PG,TRI_BILLING,TRI-R00509,SUBMITTED,2023-07-28T21:17:00+00:00,2023-07-29T00:56:52+00:00,10379,USD,,false,TRI/SRC/events/00931
EV000932,PG,TRI_BILLING,,PAYMENT_POSTED,2023-08-10T17:19:00+00:00,2023-08-28T23:56:59+00:00,10379,USD,,false,TRI/SRC/events/00932
EV000933,PG,TRI_BILLING,TRI-R00510,SUBMITTED,2023-06-13T16:58:00+00:00,2023-06-17T13:35:24+00:00,34377,USD,,false,TRI/SRC/events/00933
EV000934,PG,TRI_BILLING,,PAYMENT_POSTED,2023-07-19T18:01:00+00:00,2023-07-25T05:09:32+00:00,34377,USD,,false,TRI/SRC/events/00934
EV000935,PG,TRI_BILLING,TRI-R00511,SUBMITTED,2023-08-14T17:50:00+00:00,2023-08-17T13:42:22+00:00,27853,USD,,false,TRI/SRC/events/00935
EV000936,PG,TRI_BILLING,,PAYMENT_POSTED,2023-08-23T14:28:00+00:00,2023-08-25T19:54:01+00:00,27853,USD,,false,TRI/SRC/events/00936
EV000937,PG,TRI_BILLING,TRI-R00512,SUBMITTED,2023-01-17T21:07:00+00:00,2023-01-29T00:59:10+00:00,10099,USD,,false,TRI/SRC/events/00937
EV000938,PG,TRI_BILLING,,PAYMENT_POSTED,2023-01-31T20:05:00+00:00,2023-02-01T11:34:16+00:00,10099,USD,,false,TRI/SRC/events/00938
EV000939,PG,TRI_BILLING,TRI-R00513,SUBMITTED,2023-04-07T21:22:00+00:00,2023-04-07T22:55:20+00:00,19186,USD,,false,TRI/SRC/events/00939
EV000940,PG,TRI_BILLING,,PAYMENT_POSTED,2023-04-13T21:58:00+00:00,2023-04-13T22:57:40+00:00,19186,USD,,false,TRI/SRC/events/00940
EV000941,PG,TRI_BILLING,TRI-R00514,SUBMITTED,2023-05-02T19:13:00+00:00,2023-05-05T12:19:29+00:00,16307,USD,,false,TRI/SRC/events/00941
EV000942,PG,TRI_BILLING,TRI-R00515,CORRECTED,2023-05-05T18:42:00+00:00,2023-05-08T20:16:15+00:00,17221,USD,,false,TRI/SRC/events/00942
EV000943,PG,TRI_BILLING,TRI-R00514,VOID_VERSION,2023-05-05T18:42:00+00:00,2023-05-10T14:39:26+00:00,16307,USD,,false,TRI/SRC/events/00943
EV000944,PG,TRI_BILLING,TRI-R00516,SUBMITTED,2023-07-31T16:11:00+00:00,2023-07-31T20:18:06+00:00,10236,USD,,false,TRI/SRC/events/00944
EV000945,PG,TRI_BILLING,TRI-R00516,CLOSED_NO_PAYMENT,2023-11-13T17:06:00+00:00,2023-11-13T23:31:21+00:00,,EUR,,true,TRI/SRC/events/00945
EV000946,PG,TRI_BILLING,TRI-R00517,SUBMITTED,2022-07-28T16:44:00+00:00,2022-08-03T17:41:34+00:00,7748,USD,,false,TRI/SRC/events/00946
EV000947,PG,TRI_BILLING,,PAYMENT_POSTED,2022-08-22T16:02:00+00:00,2022-08-23T08:47:12+00:00,7748,USD,,false,TRI/SRC/events/00947
EV000948,PG,TRI_BILLING,TRI-R00518,SUBMITTED,2023-05-01T17:53:00+00:00,2023-05-03T10:21:01+00:00,54313,USD,,false,TRI/SRC/events/00948
EV000949,PG,TRI_BILLING,,PAYMENT_POSTED,2023-05-30T17:46:00+00:00,2023-05-30T21:14:14+00:00,54313,USD,,false,TRI/SRC/events/00949
EV000950,PG,TRI_BILLING,TRI-R00519,SUBMITTED,2022-07-04T17:46:00+00:00,2022-07-05T00:45:30+00:00,39172,USD,,false,TRI/SRC/events/00950
EV000951,PG,TRI_BILLING,,PAYMENT_POSTED,2022-08-01T16:07:00+00:00,2022-08-15T06:18:14+00:00,39172,USD,,false,TRI/SRC/events/00951
EV000952,PG,TRI_BILLING,TRI-R00520,SUBMITTED,2023-07-31T17:05:00+00:00,2023-08-07T03:56:32+00:00,7344,USD,,false,TRI/SRC/events/00952
EV000953,PG,TRI_BILLING,,PAYMENT_POSTED,2023-08-17T15:07:00+00:00,2023-09-07T15:07:00+00:00,7344,USD,,false,TRI/SRC/events/00953
EV000954,PG,TRI_BILLING,TRI-R00521,SUBMITTED,2023-01-09T17:21:00+00:00,2023-01-09T17:39:00+00:00,3270,USD,,false,TRI/SRC/events/00954
EV000955,PG,TRI_BILLING,,PAYMENT_POSTED,2023-02-03T17:34:00+00:00,2023-02-03T22:31:17+00:00,3270,USD,,false,TRI/SRC/events/00955
EV000956,PG,TRI_BILLING,TRI-R00522,SUBMITTED,2023-01-09T19:23:00+00:00,2023-01-09T23:05:20+00:00,11004,USD,,false,TRI/SRC/events/00956
EV000957,PG,TRI_BILLING,TRI-R00523,SUBMITTED,2022-07-20T17:21:00+00:00,2022-07-20T20:34:06+00:00,2500,USD,,false,TRI/SRC/events/00957
EV000958,PG,TRI_BILLING,,PAYMENT_POSTED,2022-07-27T19:55:00+00:00,2022-07-30T15:58:21+00:00,2500,USD,,false,TRI/SRC/events/00958
EV000959,PG,TRI_BILLING,TRI-R00524,SUBMITTED,2022-08-24T21:45:00+00:00,2022-08-25T22:25:57+00:00,16381,USD,,false,TRI/SRC/events/00959
EV000960,PG,TRI_BILLING,,PAYMENT_POSTED,2022-09-05T16:25:00+00:00,2022-09-14T01:43:49+00:00,16381,USD,,false,TRI/SRC/events/00960
EV000961,PG,TRI_BILLING,TRI-R00525,SUBMITTED,2022-12-12T23:49:00+00:00,2022-12-15T10:57:02+00:00,13508,USD,,false,TRI/SRC/events/00961
EV000962,PG,TRI_BILLING,,PAYMENT_POSTED,2023-02-27T16:24:00+00:00,2023-02-27T20:35:11+00:00,13508,USD,,false,TRI/SRC/events/00962
EV000963,PG,TRI_BILLING,TRI-R00526,SUBMITTED,2023-09-04T19:31:00+00:00,2023-09-16T06:01:11+00:00,6353,USD,,false,TRI/SRC/events/00963
EV000964,PG,TRI_BILLING,TRI-R00527,CORRECTED,2023-09-05T17:21:00+00:00,2023-09-05T19:01:05+00:00,8106,USD,,false,TRI/SRC/events/00964
EV000965,PG,TRI_BILLING,,PAYMENT_POSTED,2023-09-25T15:44:00+00:00,2023-09-25T16:35:08+00:00,8106,USD,,false,TRI/SRC/events/00965
EV000966,PG,TRI_BILLING,TRI-R00528,SUBMITTED,2022-09-21T15:37:00+00:00,2022-09-27T06:03:40+00:00,30608,USD,,false,TRI/SRC/events/00966
EV000967,PG,TRI_BILLING,TRI-R00529,CORRECTED,2022-10-03T17:48:00+00:00,2022-10-04T01:36:26+00:00,34877,USD,,false,TRI/SRC/events/00967
EV000968,PG,TRI_BILLING,TRI-R00530,SUBMITTED,2023-01-24T22:21:00+00:00,2023-01-25T00:55:05+00:00,8661,USD,,false,TRI/SRC/events/00968
EV000969,PG,TRI_BILLING,,PAYMENT_POSTED,2023-01-30T18:51:00+00:00,2023-01-31T00:35:37+00:00,8661,USD,,false,TRI/SRC/events/00969
EV000970,PG,TRI_BILLING,TRI-R00531,SUBMITTED,2022-10-17T14:20:00+00:00,2022-10-19T00:48:50+00:00,40107,USD,,false,TRI/SRC/events/00970
EV000971,PG,TRI_BILLING,,PAYMENT_POSTED,2022-11-02T21:24:00+00:00,2022-11-06T05:03:22+00:00,40107,USD,,false,TRI/SRC/events/00971
EV000972,PG,TRI_BILLING,TRI-R00532,SUBMITTED,2023-03-13T19:11:00+00:00,2023-03-18T08:18:20+00:00,30739,USD,,false,TRI/SRC/events/00972
EV000973,PG,TRI_BILLING,,PAYMENT_POSTED,2023-04-04T20:21:00+00:00,2023-04-13T02:48:33+00:00,30739,USD,,false,TRI/SRC/events/00973
EV000974,PG,TRI_BILLING,TRI-R00533,SUBMITTED,2022-10-11T20:52:00+00:00,2022-10-18T05:33:21+00:00,2500,USD,,false,TRI/SRC/events/00974
EV000975,PG,TRI_BILLING,TRI-R00534,CORRECTED,2022-10-21T15:57:00+00:00,2022-11-11T16:57:00+00:00,2964,USD,,false,TRI/SRC/events/00975
EV000976,PG,TRI_BILLING,,PAYMENT_POSTED,2022-11-10T15:48:00+00:00,2022-11-16T03:54:35+00:00,2964,USD,,false,TRI/SRC/events/00976
EV000977,PG,TRI_BILLING,TRI-R00535,SUBMITTED,2023-08-31T19:49:00+00:00,2023-09-01T03:33:47+00:00,12772,USD,,false,TRI/SRC/events/00977
EV000978,PG,TRI_BILLING,,PAYMENT_POSTED,2023-09-18T22:41:00+00:00,2023-09-21T21:19:55+00:00,12772,USD,,false,TRI/SRC/events/00978
EV000979,PG,TRI_BILLING,TRI-R00536,SUBMITTED,2023-03-20T22:43:00+00:00,2023-03-24T07:39:19+00:00,73018,USD,,false,TRI/SRC/events/00979
EV000980,PG,TRI_BILLING,TRI-R00537,CORRECTED,2023-03-31T18:29:00+00:00,2023-04-02T16:11:40+00:00,94649,USD,,false,TRI/SRC/events/00980
EV000981,PG,TRI_BILLING,,PAYMENT_POSTED,2023-04-26T22:21:00+00:00,2023-05-01T11:42:55+00:00,94649,USD,,false,TRI/SRC/events/00981
EV000982,PG,TRI_BILLING,TRI-R00538,SUBMITTED,2023-07-24T20:27:00+00:00,2023-07-24T21:33:11+00:00,19638,USD,,false,TRI/SRC/events/00982
EV000983,PG,TRI_BILLING,,PAYMENT_POSTED,2023-08-25T17:49:00+00:00,2023-08-29T12:19:59+00:00,19638,USD,,false,TRI/SRC/events/00983
EV000984,PG,TRI_BILLING,TRI-R00539,SUBMITTED,2023-08-28T16:11:00+00:00,2023-09-02T11:23:46+00:00,17753,USD,,false,TRI/SRC/events/00984
EV000985,PG,TRI_BILLING,TRI-R00540,CORRECTED,2023-08-30T18:20:00+00:00,2023-08-30T19:38:25+00:00,16547,USD,,false,TRI/SRC/events/00985
EV000986,PG,TRI_BILLING,,PAYMENT_POSTED,2023-09-19T15:59:00+00:00,2023-09-21T05:35:32+00:00,16547,USD,,false,TRI/SRC/events/00986
EV000987,PG,TRI_BILLING,TRI-R00541,SUBMITTED,2022-08-15T14:06:00+00:00,2022-08-18T09:42:48+00:00,46756,USD,,false,TRI/SRC/events/00987
EV000988,PG,TRI_BILLING,,PAYMENT_POSTED,2022-09-07T14:04:00+00:00,2022-09-07T18:10:02+00:00,46756,USD,,false,TRI/SRC/events/00988
EV000989,PG,TRI_BILLING,TRI-R00542,SUBMITTED,2023-08-09T19:14:00+00:00,2023-08-10T02:36:11+00:00,16945,USD,,false,TRI/SRC/events/00989
EV000990,PG,TRI_BILLING,TRI-R00543,CORRECTED,2023-08-17T21:57:00+00:00,2023-08-19T19:43:38+00:00,14992,USD,,false,TRI/SRC/events/00990
EV000991,PG,TRI_BILLING,TRI-R00542,VOID_VERSION,2023-08-17T21:57:00+00:00,2023-08-22T13:45:08+00:00,16945,USD,,false,TRI/SRC/events/00991
EV000992,PG,TRI_BILLING,,PAYMENT_POSTED,2023-08-25T22:21:00+00:00,2023-08-28T13:54:49+00:00,14992,USD,,false,TRI/SRC/events/00992
EV000993,PG,TRI_BILLING,TRI-R00544,SUBMITTED,2022-11-21T20:51:00+00:00,2022-11-23T00:30:43+00:00,12205,USD,,false,TRI/SRC/events/00993
EV000994,PG,TRI_BILLING,,PAYMENT_POSTED,2022-12-01T23:16:00+00:00,2022-12-06T13:57:30+00:00,12205,USD,,false,TRI/SRC/events/00994
EV000995,PG,TRI_BILLING,TRI-R00545,SUBMITTED,2022-11-14T18:03:00+00:00,2022-11-15T00:18:45+00:00,45068,USD,,false,TRI/SRC/events/00995
EV000996,PG,TRI_BILLING,,PAYMENT_POSTED,2022-12-19T22:12:00+00:00,2022-12-28T10:30:06+00:00,45068,USD,,false,TRI/SRC/events/00996
EV000997,PG,TRI_BILLING,TRI-R00546,SUBMITTED,2023-08-14T22:53:00+00:00,2023-08-17T13:59:46+00:00,51752,USD,,false,TRI/SRC/events/00997
EV000998,PG,TRI_BILLING,,PAYMENT_POSTED,2023-09-14T14:31:00+00:00,2023-09-19T09:38:15+00:00,51752,USD,,false,TRI/SRC/events/00998
EV000999,PG,TRI_BILLING,TRI-R00547,SUBMITTED,2023-07-04T14:46:00+00:00,2023-07-07T23:38:17+00:00,44890,USD,,false,TRI/SRC/events/00999
EV001000,PG,TRI_BILLING,,PAYMENT_POSTED,2023-08-08T17:17:00+00:00,2023-08-08T22:49:20+00:00,44890,USD,,false,TRI/SRC/events/01000
EV001001,PG,TRI_BILLING,TRI-R00548,SUBMITTED,2023-05-04T16:51:00+00:00,2023-05-04T19:45:20+00:00,47420,USD,,false,TRI/SRC/events/01001
EV001002,PG,TRI_BILLING,TRI-R00548,CLOSED_NO_PAYMENT,2023-08-29T14:10:00+00:00,2023-08-29T15:52:01+00:00,,,,true,TRI/SRC/events/01002
EV001003,PG,TRI_BILLING,TRI-R00549,SUBMITTED,2023-03-29T21:13:00+00:00,2023-03-30T03:58:10+00:00,8445,USD,,false,TRI/SRC/events/01003
EV001004,PG,TRI_BILLING,TRI-R00549,CLOSED_NO_PAYMENT,2023-07-17T22:04:00+00:00,2023-07-19T12:29:41+00:00,,,,true,TRI/SRC/events/01004
EV001005,PG,TRI_BILLING,TRI-R00550,SUBMITTED,2023-06-19T22:21:00+00:00,2023-06-24T23:01:28+00:00,116462,USD,,false,TRI/SRC/events/01005
EV001006,PG,TRI_BILLING,,PAYMENT_POSTED,2023-07-12T15:10:00+00:00,2023-07-12T20:45:45+00:00,116462,USD,,false,TRI/SRC/events/01006
EV001007,PG,TRI_BILLING,TRI-R00551,SUBMITTED,2023-08-28T22:06:00+00:00,2023-08-30T11:30:30+00:00,40059,USD,,false,TRI/SRC/events/01007
EV001008,PG,TRI_BILLING,,PAYMENT_POSTED,2023-10-16T19:24:00+00:00,2023-10-20T08:40:37+00:00,40059,USD,,false,TRI/SRC/events/01008
EV001009,PG,TRI_BILLING,TRI-R00552,SUBMITTED,2022-10-11T18:24:00+00:00,2022-10-12T00:00:36+00:00,5467,USD,,false,TRI/SRC/events/01009
EV001010,PG,TRI_BILLING,TRI-R00553,CORRECTED,2022-10-18T22:15:00+00:00,2022-10-21T08:39:43+00:00,6075,USD,,false,TRI/SRC/events/01010
EV001011,PG,TRI_BILLING,,PAYMENT_POSTED,2022-11-03T18:35:00+00:00,2022-11-10T20:02:57+00:00,6075,USD,,false,TRI/SRC/events/01011
EV001012,PG,TRI_BILLING,TRI-R00554,SUBMITTED,2023-03-24T19:25:00+00:00,2023-03-28T06:28:33+00:00,3604,USD,,false,TRI/SRC/events/01012
EV001013,PG,TRI_BILLING,,PAYMENT_POSTED,2023-04-19T14:52:00+00:00,2023-04-20T02:38:04+00:00,3604,USD,,false,TRI/SRC/events/01013
EV001014,PG,TRI_BILLING,TRI-R00555,SUBMITTED,2022-07-11T16:35:00+00:00,2022-07-12T00:24:45+00:00,6964,USD,,false,TRI/SRC/events/01014
EV001015,PG,TRI_BILLING,TRI-R00555,CLOSED_NO_PAYMENT,2022-10-21T19:10:00+00:00,2022-10-21T19:25:23+00:00,,,,true,TRI/SRC/events/01015
EV001016,PG,TRI_BILLING,TRI-R00556,SUBMITTED,2023-02-16T19:58:00+00:00,2023-03-01T02:09:12+00:00,8544,USD,,false,TRI/SRC/events/01016
EV001017,PG,TRI_BILLING,,PAYMENT_POSTED,2023-03-13T21:13:00+00:00,2023-03-14T03:02:58+00:00,8544,USD,,false,TRI/SRC/events/01017
EV001018,PG,TRI_BILLING,TRI-R00557,SUBMITTED,2023-02-16T23:32:00+00:00,2023-02-17T03:48:30+00:00,31292,USD,,false,TRI/SRC/events/01018
EV001019,PG,TRI_BILLING,TRI-R00558,SUBMITTED,2022-07-15T20:22:00+00:00,2022-07-17T18:03:36+00:00,5223,USD,,false,TRI/SRC/events/01019
EV001020,PG,TRI_BILLING,TRI-R00559,CORRECTED,2022-07-25T17:39:00+00:00,2022-07-26T01:01:46+00:00,5446,USD,,false,TRI/SRC/events/01020
EV001021,PG,TRI_BILLING,TRI-R00558,VOID_VERSION,2022-07-25T17:39:00+00:00,2022-07-27T07:53:02+00:00,5223,USD,,false,TRI/SRC/events/01021
EV001022,PG,TRI_BILLING,,PAYMENT_POSTED,2022-08-04T16:52:00+00:00,2022-08-13T23:53:36+00:00,5446,USD,,false,TRI/SRC/events/01022
EV001023,PG,TRI_BILLING,TRI-R00560,SUBMITTED,2022-09-02T17:01:00+00:00,2022-09-02T18:15:53+00:00,10343,USD,,false,TRI/SRC/events/01023
EV001024,PG,TRI_BILLING,,PAYMENT_POSTED,2022-10-24T22:10:00+00:00,2022-10-25T01:41:06+00:00,10343,USD,,false,TRI/SRC/events/01024
EV001025,PG,TRI_BILLING,TRI-R00561,SUBMITTED,2022-11-28T15:37:00+00:00,2022-12-02T18:50:41+00:00,7489,USD,,false,TRI/SRC/events/01025
EV001026,PG,TRI_BILLING,,PAYMENT_POSTED,2023-01-20T15:23:00+00:00,2023-01-20T19:02:09+00:00,7489,USD,,false,TRI/SRC/events/01026
EV001027,PG,TRI_BILLING,TRI-R00561,PAYMENT_REVERSED,2023-01-27T19:36:00+00:00,2023-01-27T20:23:28+00:00,7489,USD,EV001026,false,TRI/SRC/events/01027
EV001028,PG,TRI_BILLING,TRI-R00562,SUBMITTED,2022-07-19T22:26:00+00:00,2022-07-20T06:14:26+00:00,54901,USD,,false,TRI/SRC/events/01028
EV001029,PG,TRI_BILLING,TRI-R00563,CORRECTED,2022-07-25T18:52:00+00:00,2022-07-25T22:19:15+00:00,61138,USD,,false,TRI/SRC/events/01029
EV001030,PG,TRI_BILLING,,PAYMENT_POSTED,2022-07-25T17:53:00+00:00,2022-07-25T22:38:28+00:00,61138,USD,,false,TRI/SRC/events/01030
EV001031,PG,TRI_BILLING,TRI-R00564,SUBMITTED,2022-12-14T21:23:00+00:00,2022-12-15T03:05:00+00:00,3620,USD,,false,TRI/SRC/events/01031
EV001032,PG,TRI_BILLING,,PAYMENT_POSTED,2022-12-26T21:54:00+00:00,2022-12-30T22:10:07+00:00,3620,USD,,false,TRI/SRC/events/01032
EV001033,PG,TRI_BILLING,TRI-R00565,SUBMITTED,2023-08-23T16:37:00+00:00,2023-08-23T21:22:27+00:00,18811,USD,,false,TRI/SRC/events/01033
EV001034,PG,TRI_BILLING,,PAYMENT_POSTED,2023-09-14T21:49:00+00:00,2023-09-15T05:23:33+00:00,18811,USD,,false,TRI/SRC/events/01034
EV001035,PG,TRI_BILLING,TRI-R00566,SUBMITTED,2023-05-22T15:07:00+00:00,2023-05-22T20:40:06+00:00,19998,USD,,false,TRI/SRC/events/01035
EV001036,PG,TRI_BILLING,,PAYMENT_POSTED,2023-06-15T18:34:00+00:00,2023-06-16T00:16:02+00:00,19998,USD,,false,TRI/SRC/events/01036
EV001037,PG,TRI_BILLING,TRI-R00567,SUBMITTED,2023-05-22T18:51:00+00:00,2023-05-23T00:24:16+00:00,15523,USD,,false,TRI/SRC/events/01037
EV001038,PG,TRI_BILLING,TRI-R00568,SUBMITTED,2023-04-12T14:52:00+00:00,2023-04-17T22:48:33+00:00,5085,USD,,false,TRI/SRC/events/01038
EV001039,PG,TRI_BILLING,,PAYMENT_POSTED,2023-05-22T22:42:00+00:00,2023-05-31T10:48:28+00:00,5085,USD,,false,TRI/SRC/events/01039
EV001040,PG,TRI_BILLING,TRI-R00569,SUBMITTED,2023-01-20T21:57:00+00:00,2023-01-31T12:31:15+00:00,13995,USD,,false,TRI/SRC/events/01040
EV001041,PG,TRI_BILLING,,PAYMENT_POSTED,2023-02-03T17:45:00+00:00,2023-02-07T21:01:07+00:00,13995,USD,,false,TRI/SRC/events/01041
EV001042,PG,TRI_BILLING,TRI-R00570,SUBMITTED,2023-09-18T19:40:00+00:00,2023-09-19T03:37:31+00:00,38586,USD,,false,TRI/SRC/events/01042
EV001043,PG,TRI_BILLING,,PAYMENT_POSTED,2023-10-05T21:05:00+00:00,2023-10-07T04:23:07+00:00,38586,USD,,false,TRI/SRC/events/01043
EV001044,PG,TRI_BILLING,TRI-R00571,SUBMITTED,2022-12-26T16:13:00+00:00,2022-12-27T23:02:32+00:00,4820,USD,,false,TRI/SRC/events/01044
EV001045,PG,TRI_BILLING,,PAYMENT_POSTED,2023-01-09T23:33:00+00:00,2023-01-10T06:55:34+00:00,4820,USD,,false,TRI/SRC/events/01045
EV001046,PG,TRI_BILLING,TRI-R00572,SUBMITTED,2023-03-01T22:00:00+00:00,2023-03-02T01:55:09+00:00,24144,USD,,false,TRI/SRC/events/01046
EV001047,PG,TRI_BILLING,TRI-R00572,CLOSED_NO_PAYMENT,2023-04-03T16:46:00+00:00,2023-04-03T21:29:10+00:00,,,,true,TRI/SRC/events/01047
EV001048,PG,TRI_BILLING,TRI-R00573,SUBMITTED,2023-01-23T16:53:00+00:00,2023-01-25T17:31:59+00:00,15151,USD,,false,TRI/SRC/events/01048
EV001049,PG,TRI_BILLING,,PAYMENT_POSTED,2023-02-09T16:44:00+00:00,2023-02-26T17:14:35+00:00,15151,USD,,false,TRI/SRC/events/01049
EV001050,PG,TRI_BILLING,TRI-R00574,SUBMITTED,2022-10-24T22:54:00+00:00,2022-10-29T00:32:06+00:00,10774,USD,,false,TRI/SRC/events/01050
EV001051,PG,TRI_BILLING,,PAYMENT_POSTED,2022-11-11T23:19:00+00:00,2022-12-02T13:55:52+00:00,10774,USD,,false,TRI/SRC/events/01051
EV001052,PG,TRI_BILLING,TRI-R00575,SUBMITTED,2023-03-17T17:55:00+00:00,2023-03-17T22:54:31+00:00,8990,USD,,false,TRI/SRC/events/01052
EV001053,PG,TRI_BILLING,,PAYMENT_POSTED,2023-03-22T19:27:00+00:00,2023-03-22T23:15:49+00:00,8990,USD,,false,TRI/SRC/events/01053
EV001054,PG,TRI_BILLING,TRI-R00576,SUBMITTED,2023-04-12T17:39:00+00:00,2023-04-13T12:02:23+00:00,12446,USD,,false,TRI/SRC/events/01054
EV001055,PG,TRI_BILLING,,PAYMENT_POSTED,2023-04-27T18:11:00+00:00,2023-04-27T22:11:41+00:00,12446,USD,,false,TRI/SRC/events/01055
EV001056,PG,TRI_BILLING,TRI-R00577,SUBMITTED,2022-08-29T17:57:00+00:00,2022-09-02T06:04:26+00:00,3251,USD,,false,TRI/SRC/events/01056
EV001057,PG,TRI_BILLING,,PAYMENT_POSTED,2022-09-08T16:40:00+00:00,2022-09-08T18:06:00+00:00,3251,USD,,false,TRI/SRC/events/01057
EV001058,PG,TRI_BILLING,TRI-R00578,SUBMITTED,2023-05-29T17:23:00+00:00,2023-06-01T17:33:23+00:00,28228,USD,,false,TRI/SRC/events/01058
EV001059,PG,TRI_BILLING,,PAYMENT_POSTED,2023-06-19T22:48:00+00:00,2023-06-21T09:32:25+00:00,28228,USD,,false,TRI/SRC/events/01059
EV001060,PG,TRI_BILLING,TRI-R00579,SUBMITTED,2023-06-27T20:18:00+00:00,2023-06-28T03:16:49+00:00,63868,USD,,false,TRI/SRC/events/01060
EV001061,PG,TRI_BILLING,,PAYMENT_POSTED,2023-07-31T18:40:00+00:00,2023-08-01T01:33:40+00:00,63868,USD,,false,TRI/SRC/events/01061
EV001062,PG,TRI_BILLING,TRI-R00580,SUBMITTED,2023-06-16T15:39:00+00:00,2023-06-16T20:11:34+00:00,2579,USD,,false,TRI/SRC/events/01062
EV001063,PG,TRI_BILLING,,PAYMENT_POSTED,2023-06-26T21:34:00+00:00,2023-06-27T01:49:26+00:00,2579,USD,,false,TRI/SRC/events/01063
EV001064,PG,TRI_BILLING,TRI-R00581,SUBMITTED,2022-08-10T15:06:00+00:00,2022-08-18T22:18:55+00:00,18630,USD,,false,TRI/SRC/events/01064
EV001065,PG,TRI_BILLING,,PAYMENT_POSTED,2022-08-29T16:41:00+00:00,2022-08-31T02:59:01+00:00,18630,USD,,false,TRI/SRC/events/01065
EV001066,PG,TRI_BILLING,TRI-R00582,SUBMITTED,2023-02-22T20:48:00+00:00,2023-02-27T16:45:34+00:00,16717,USD,,false,TRI/SRC/events/01066
EV001067,PG,TRI_BILLING,,PAYMENT_POSTED,2023-03-06T18:08:00+00:00,2023-05-17T07:01:49+00:00,16717,USD,,false,TRI/SRC/events/01067
EV001068,PG,TRI_BILLING,TRI-R00583,SUBMITTED,2023-01-16T17:11:00+00:00,2023-01-20T07:43:51+00:00,18565,USD,,false,TRI/SRC/events/01068
EV001069,PG,TRI_BILLING,,PAYMENT_POSTED,2023-02-01T16:52:00+00:00,2023-02-05T09:26:04+00:00,18565,USD,,false,TRI/SRC/events/01069
EV001070,PG,TRI_BILLING,TRI-R00584,SUBMITTED,2022-09-26T22:16:00+00:00,2022-10-06T12:09:17+00:00,28147,USD,,false,TRI/SRC/events/01070
EV001071,PG,TRI_BILLING,TRI-R00585,SUBMITTED,2023-06-14T22:28:00+00:00,2023-06-14T23:35:00+00:00,10938,USD,,false,TRI/SRC/events/01071
EV001072,PG,TRI_BILLING,,PAYMENT_POSTED,2023-06-26T18:35:00+00:00,2023-06-26T18:43:34+00:00,10938,USD,,false,TRI/SRC/events/01072
EV001073,PG,TRI_BILLING,TRI-R00586,SUBMITTED,2023-01-09T21:02:00+00:00,2023-01-10T00:14:28+00:00,3492,USD,,false,TRI/SRC/events/01073
EV001074,PG,TRI_BILLING,,PAYMENT_POSTED,2023-02-16T23:54:00+00:00,2023-02-17T00:53:42+00:00,3492,USD,,false,TRI/SRC/events/01074
EV001075,PG,TRI_BILLING,TRI-R00587,SUBMITTED,2023-08-16T20:25:00+00:00,2023-08-16T20:53:41+00:00,8475,USD,,false,TRI/SRC/events/01075
EV001076,PG,TRI_BILLING,,PAYMENT_POSTED,2023-08-24T16:31:00+00:00,2023-08-27T08:43:06+00:00,8475,USD,,false,TRI/SRC/events/01076
EV001077,PG,TRI_BILLING,TRI-R00588,SUBMITTED,2023-08-14T19:24:00+00:00,2023-08-23T06:03:19+00:00,13907,USD,,false,TRI/SRC/events/01077
EV001078,PG,TRI_BILLING,TRI-R00589,SUBMITTED,2022-10-31T19:04:00+00:00,2022-11-03T16:49:37+00:00,143683,USD,,false,TRI/SRC/events/01078
EV001079,PG,TRI_BILLING,,PAYMENT_POSTED,2022-11-14T23:58:00+00:00,2022-11-15T04:04:14+00:00,143683,USD,,false,TRI/SRC/events/01079
EV001080,PG,TRI_BILLING,TRI-R00590,SUBMITTED,2023-09-25T20:35:00+00:00,2023-09-27T17:52:32+00:00,18082,USD,,false,TRI/SRC/events/01080
EV001081,PG,TRI_BILLING,,PAYMENT_POSTED,2023-10-17T14:11:00+00:00,2023-10-19T20:54:00+00:00,18082,USD,,false,TRI/SRC/events/01081
EV001082,PG,TRI_BILLING,TRI-R00591,SUBMITTED,2022-07-15T19:47:00+00:00,2022-07-21T14:59:55+00:00,24036,USD,,false,TRI/SRC/events/01082
EV001083,PG,TRI_BILLING,,PAYMENT_POSTED,2022-08-15T17:22:00+00:00,2022-08-15T21:18:49+00:00,24036,USD,,false,TRI/SRC/events/01083
EV001084,PG,TRI_BILLING,TRI-R00592,SUBMITTED,2022-07-11T19:31:00+00:00,2022-07-14T05:05:50+00:00,11755,USD,,false,TRI/SRC/events/01084
EV001085,PG,TRI_BILLING,TRI-R00593,SUBMITTED,2022-12-22T23:36:00+00:00,2022-12-23T06:22:12+00:00,20764,USD,,false,TRI/SRC/events/01085
EV001086,PG,TRI_BILLING,,PAYMENT_POSTED,2023-01-05T17:01:00+00:00,2023-01-08T22:38:23+00:00,20764,USD,,false,TRI/SRC/events/01086
EV001087,PG,TRI_BILLING,TRI-R00594,SUBMITTED,2023-04-17T19:42:00+00:00,2023-04-26T15:01:40+00:00,13061,USD,,false,TRI/SRC/events/01087
EV001088,PG,TRI_BILLING,,PAYMENT_POSTED,2023-05-11T21:17:00+00:00,2023-05-15T13:30:28+00:00,13061,USD,,false,TRI/SRC/events/01088
EV001089,PG,TRI_BILLING,TRI-R00595,SUBMITTED,2023-04-12T19:42:00+00:00,2023-04-14T10:16:25+00:00,10447,USD,,false,TRI/SRC/events/01089
EV001090,PG,TRI_BILLING,TRI-R00596,SUBMITTED,2023-01-25T16:19:00+00:00,2023-01-26T20:24:03+00:00,9280,USD,,false,TRI/SRC/events/01090
EV001091,PG,TRI_BILLING,,PAYMENT_POSTED,2023-03-14T21:30:00+00:00,2023-03-15T04:29:46+00:00,9280,USD,,false,TRI/SRC/events/01091
EV001092,PG,TRI_BILLING,TRI-R00597,SUBMITTED,2022-10-07T19:00:00+00:00,2022-10-10T08:32:41+00:00,35892,USD,,false,TRI/SRC/events/01092
EV001093,PG,TRI_BILLING,,PAYMENT_POSTED,2022-12-12T16:07:00+00:00,2022-12-14T00:16:52+00:00,35892,USD,,false,TRI/SRC/events/01093
EV001094,PG,TRI_BILLING,TRI-R00598,SUBMITTED,2023-02-27T21:11:00+00:00,2023-03-01T18:09:54+00:00,11055,USD,,false,TRI/SRC/events/01094
EV001095,PG,TRI_BILLING,,PAYMENT_POSTED,2023-03-13T22:25:00+00:00,2023-03-14T15:47:31+00:00,11055,USD,,false,TRI/SRC/events/01095
EV001096,PG,TRI_BILLING,TRI-R00599,SUBMITTED,2023-06-28T16:26:00+00:00,2023-06-29T00:23:26+00:00,38002,USD,,false,TRI/SRC/events/01096
EV001097,PG,TRI_BILLING,,PAYMENT_POSTED,2023-07-04T16:55:00+00:00,2023-07-10T09:26:47+00:00,38002,USD,,false,TRI/SRC/events/01097
EV001098,PG,TRI_BILLING,TRI-R00600,SUBMITTED,2022-07-20T20:28:00+00:00,2022-07-24T04:26:09+00:00,12364,USD,,false,TRI/SRC/events/01098
EV001099,PG,TRI_BILLING,,PAYMENT_POSTED,2022-08-08T15:02:00+00:00,2022-08-29T15:02:00+00:00,12364,USD,,false,TRI/SRC/events/01099
EV001100,PG,TRI_BILLING,TRI-R00601,SUBMITTED,2022-07-27T15:19:00+00:00,2022-07-27T23:04:33+00:00,9961,USD,,false,TRI/SRC/events/01100
EV001101,PG,TRI_BILLING,,PAYMENT_POSTED,2022-08-08T18:54:00+00:00,2022-08-13T02:10:09+00:00,9961,USD,,false,TRI/SRC/events/01101
EV001102,PG,TRI_BILLING,TRI-R00602,SUBMITTED,2023-04-03T18:17:00+00:00,2023-04-03T23:41:31+00:00,14157,USD,,false,TRI/SRC/events/01102
EV001103,PG,TRI_BILLING,,PAYMENT_POSTED,2023-04-21T14:41:00+00:00,2023-04-21T16:31:34+00:00,14157,USD,,false,TRI/SRC/events/01103
EV001104,PG,TRI_BILLING,TRI-R00603,SUBMITTED,2022-08-31T18:32:00+00:00,2022-09-02T04:58:45+00:00,27493,USD,,false,TRI/SRC/events/01104
EV001105,PG,TRI_BILLING,,PAYMENT_POSTED,2022-09-12T19:14:00+00:00,2022-09-13T11:29:22+00:00,27493,USD,,false,TRI/SRC/events/01105
EV001106,PG,TRI_BILLING,TRI-R00604,SUBMITTED,2023-07-31T17:50:00+00:00,2023-08-02T15:22:29+00:00,2500,USD,,false,TRI/SRC/events/01106
EV001107,PG,TRI_BILLING,TRI-R00605,CORRECTED,2023-08-08T15:37:00+00:00,2023-08-08T22:59:26+00:00,2909,USD,,false,TRI/SRC/events/01107
EV001108,PG,TRI_BILLING,TRI-R00604,VOID_VERSION,2023-08-08T15:37:00+00:00,2023-08-08T16:53:10+00:00,2500,USD,,false,TRI/SRC/events/01108
EV001109,PG,TRI_BILLING,,PAYMENT_POSTED,2023-08-15T20:27:00+00:00,2023-08-17T00:35:32+00:00,2909,USD,,false,TRI/SRC/events/01109
EV001110,PG,TRI_BILLING,TRI-R00606,SUBMITTED,2022-09-14T19:53:00+00:00,2022-09-17T12:20:08+00:00,47911,USD,,false,TRI/SRC/events/01110
EV001111,PG,TRI_BILLING,,PAYMENT_POSTED,2022-09-21T16:11:00+00:00,2022-09-21T17:05:06+00:00,47911,USD,,false,TRI/SRC/events/01111
EV001112,PG,TRI_BILLING,TRI-R00607,SUBMITTED,2023-01-16T22:10:00+00:00,2023-01-21T21:30:43+00:00,3004,USD,,false,TRI/SRC/events/01112
EV001113,PG,TRI_BILLING,TRI-R00608,SUBMITTED,2022-09-27T22:01:00+00:00,2022-09-28T04:26:20+00:00,10249,USD,,false,TRI/SRC/events/01113
EV001114,PG,TRI_BILLING,,PAYMENT_POSTED,2022-10-10T19:30:00+00:00,2022-10-12T23:09:15+00:00,10249,USD,,false,TRI/SRC/events/01114
EV001115,PG,TRI_BILLING,TRI-R00609,SUBMITTED,2023-09-22T14:32:00+00:00,2023-10-09T23:50:32+00:00,8185,USD,,false,TRI/SRC/events/01115
EV001116,PG,TRI_BILLING,,PAYMENT_POSTED,2023-10-02T18:25:00+00:00,2023-10-09T05:26:57+00:00,8185,USD,,false,TRI/SRC/events/01116
EV001117,PG,TRI_BILLING,TRI-R00610,SUBMITTED,2022-09-26T14:26:00+00:00,2022-09-26T21:27:53+00:00,18817,USD,,false,TRI/SRC/events/01117
EV001118,PG,TRI_BILLING,,PAYMENT_POSTED,2022-10-07T15:56:00+00:00,2022-10-15T06:52:04+00:00,18817,USD,,false,TRI/SRC/events/01118
EV001119,PG,TRI_BILLING,TRI-R00611,SUBMITTED,2022-08-30T19:58:00+00:00,2022-08-31T02:56:09+00:00,66972,USD,,false,TRI/SRC/events/01119
EV001120,PG,TRI_BILLING,TRI-R00612,CORRECTED,2022-09-09T17:55:00+00:00,2022-09-11T12:55:03+00:00,63453,USD,,false,TRI/SRC/events/01120
EV001121,PG,TRI_BILLING,TRI-R00611,VOID_VERSION,2022-09-09T17:55:00+00:00,2022-09-10T21:53:13+00:00,66972,USD,,false,TRI/SRC/events/01121
EV001122,PG,TRI_BILLING,TRI-R00612,CLOSED_NO_PAYMENT,2022-12-12T20:41:00+00:00,2022-12-12T23:48:18+00:00,,,,true,TRI/SRC/events/01122
EV001123,PG,TRI_BILLING,TRI-R00613,SUBMITTED,2022-07-04T21:15:00+00:00,2022-07-11T03:08:18+00:00,205940,USD,,false,TRI/SRC/events/01123
EV001124,PG,TRI_BILLING,,PAYMENT_POSTED,2022-07-13T18:43:00+00:00,2022-07-13T23:21:38+00:00,205940,USD,,false,TRI/SRC/events/01124
EV001125,PG,TRI_BILLING,TRI-R00614,SUBMITTED,2023-01-09T17:16:00+00:00,2023-01-13T07:07:15+00:00,17524,USD,,false,TRI/SRC/events/01125
EV001126,PG,TRI_BILLING,TRI-R00615,CORRECTED,2023-01-16T17:49:00+00:00,2023-01-16T18:36:38+00:00,19547,USD,,false,TRI/SRC/events/01126
EV001127,PG,TRI_BILLING,TRI-R00614,VOID_VERSION,2023-01-16T17:49:00+00:00,2023-01-16T20:19:51+00:00,17524,USD,,false,TRI/SRC/events/01127
EV001128,PG,TRI_BILLING,,PAYMENT_POSTED,2023-02-13T17:59:00+00:00,2023-02-16T05:46:17+00:00,19547,USD,,false,TRI/SRC/events/01128
EV001129,PG,TRI_BILLING,TRI-R00616,SUBMITTED,2022-09-30T19:53:00+00:00,2022-10-13T13:40:31+00:00,19853,USD,,false,TRI/SRC/events/01129
EV001130,PG,TRI_BILLING,,PAYMENT_POSTED,2022-10-13T15:29:00+00:00,2022-10-16T10:06:45+00:00,19853,USD,,false,TRI/SRC/events/01130
EV001131,PG,TRI_BILLING,TRI-R00617,SUBMITTED,2023-09-26T20:40:00+00:00,2023-09-27T01:10:34+00:00,14502,USD,,false,TRI/SRC/events/01131
EV001132,PG,TRI_BILLING,,PAYMENT_POSTED,2023-11-06T22:18:00+00:00,2023-11-12T21:03:53+00:00,14502,USD,,false,TRI/SRC/events/01132
EV001133,PG,TRI_BILLING,TRI-R00618,SUBMITTED,2022-12-07T15:58:00+00:00,2022-12-07T22:30:02+00:00,8038,USD,,false,TRI/SRC/events/01133
EV001134,PG,TRI_BILLING,,PAYMENT_POSTED,2022-12-19T16:21:00+00:00,2023-01-06T09:28:41+00:00,8038,USD,,false,TRI/SRC/events/01134
EV001135,PG,TRI_BILLING,TRI-R00618,PAYMENT_REVERSED,2022-12-21T19:55:00+00:00,2022-12-21T20:36:05+00:00,8038,USD,EV001134,false,TRI/SRC/events/01135
EV001136,PG,TRI_BILLING,TRI-R00619,SUBMITTED,2023-08-17T21:38:00+00:00,2023-08-29T07:38:46+00:00,2941,USD,,false,TRI/SRC/events/01136
EV001137,PG,TRI_BILLING,,PAYMENT_POSTED,2023-10-09T17:21:00+00:00,2023-10-26T18:54:51+00:00,2941,USD,,false,TRI/SRC/events/01137
EV001138,PG,TRI_BILLING,TRI-R00620,SUBMITTED,2023-02-13T18:58:00+00:00,2023-02-16T01:15:54+00:00,22202,USD,,false,TRI/SRC/events/01138
EV001139,PG,TRI_BILLING,,PAYMENT_POSTED,2023-02-22T17:25:00+00:00,2023-02-28T14:20:19+00:00,22202,USD,,false,TRI/SRC/events/01139
EV001140,PG,TRI_BILLING,TRI-R00621,SUBMITTED,2023-02-08T15:20:00+00:00,2023-02-08T20:42:18+00:00,11700,USD,,false,TRI/SRC/events/01140
EV001141,PG,TRI_BILLING,TRI-R00622,SUBMITTED,2022-12-12T22:58:00+00:00,2022-12-13T00:37:19+00:00,13156,USD,,false,TRI/SRC/events/01141
EV001142,PG,TRI_BILLING,,PAYMENT_POSTED,2023-02-06T16:47:00+00:00,2023-02-12T00:29:20+00:00,13156,USD,,false,TRI/SRC/events/01142
EV001143,PG,TRI_BILLING,TRI-R00623,SUBMITTED,2022-07-15T15:56:00+00:00,2022-07-20T03:30:43+00:00,15375,USD,,false,TRI/SRC/events/01143
EV001144,PG,TRI_BILLING,,PAYMENT_POSTED,2022-07-27T19:14:00+00:00,2022-07-28T03:03:26+00:00,15375,USD,,false,TRI/SRC/events/01144
EV001145,PG,TRI_BILLING,TRI-R00624,SUBMITTED,2023-03-15T17:59:00+00:00,2023-03-15T18:12:29+00:00,9482,USD,,false,TRI/SRC/events/01145
EV001146,PG,TRI_BILLING,,PAYMENT_POSTED,2023-04-19T17:19:00+00:00,2023-04-19T19:20:45+00:00,9482,USD,,false,TRI/SRC/events/01146
EV001147,PG,TRI_BILLING,TRI-R00624,PAYMENT_REVERSED,2023-04-25T19:02:00+00:00,2023-04-25T23:33:09+00:00,3108,USD,EV001146,false,TRI/SRC/events/01147
EV001148,PG,TRI_BILLING,TRI-R00625,SUBMITTED,2023-03-29T16:40:00+00:00,2023-03-29T20:13:06+00:00,9232,USD,,false,TRI/SRC/events/01148
EV001149,PG,TRI_BILLING,,PAYMENT_POSTED,2023-04-04T15:29:00+00:00,2023-04-04T21:07:09+00:00,9232,USD,,false,TRI/SRC/events/01149
EV001150,PG,TRI_BILLING,TRI-R00626,SUBMITTED,2023-03-28T19:59:00+00:00,2023-03-30T11:55:53+00:00,12274,USD,,false,TRI/SRC/events/01150
EV001151,PG,TRI_BILLING,TRI-R00627,SUBMITTED,2023-02-20T21:04:00+00:00,2023-02-25T14:13:51+00:00,24602,USD,,false,TRI/SRC/events/01151
EV001152,PG,TRI_BILLING,,PAYMENT_POSTED,2023-03-15T20:42:00+00:00,2023-05-01T12:11:39+00:00,24602,USD,,false,TRI/SRC/events/01152
EV001153,PG,TRI_BILLING,TRI-R00628,SUBMITTED,2022-09-05T18:53:00+00:00,2022-09-05T20:18:12+00:00,16781,USD,,false,TRI/SRC/events/01153
EV001154,PG,TRI_BILLING,,PAYMENT_POSTED,2022-09-23T22:04:00+00:00,2022-10-08T22:19:22+00:00,16781,USD,,false,TRI/SRC/events/01154
EV001155,PG,TRI_BILLING,TRI-R00629,SUBMITTED,2023-01-26T18:03:00+00:00,2023-03-06T05:54:36+00:00,14576,USD,,false,TRI/SRC/events/01155
EV001156,PG,TRI_BILLING,,PAYMENT_POSTED,2023-02-09T18:25:00+00:00,2023-02-16T02:25:36+00:00,14576,USD,,false,TRI/SRC/events/01156
EV001157,PG,TRI_BILLING,TRI-R00630,SUBMITTED,2023-06-26T17:02:00+00:00,2023-06-26T21:49:10+00:00,12731,USD,,false,TRI/SRC/events/01157
EV001158,PG,TRI_BILLING,TRI-R00631,SUBMITTED,2023-05-22T16:15:00+00:00,2023-05-22T17:40:38+00:00,10040,USD,,false,TRI/SRC/events/01158
EV001159,PG,TRI_BILLING,,PAYMENT_POSTED,2023-06-01T22:49:00+00:00,2023-06-02T00:47:39+00:00,10040,USD,,false,TRI/SRC/events/01159
EV001160,PG,TRI_BILLING,TRI-R00632,SUBMITTED,2023-05-25T20:42:00+00:00,2023-05-26T02:01:40+00:00,8073,USD,,false,TRI/SRC/events/01160
EV001161,PG,TRI_BILLING,,PAYMENT_POSTED,2023-07-03T17:45:00+00:00,2023-07-03T21:11:07+00:00,8073,USD,,false,TRI/SRC/events/01161
EV001162,PG,TRI_BILLING,TRI-R00633,SUBMITTED,2023-08-28T14:32:00+00:00,2023-09-04T23:59:27+00:00,7168,USD,,false,TRI/SRC/events/01162
EV001163,PG,TRI_BILLING,TRI-R00634,SUBMITTED,2023-09-29T15:41:00+00:00,2023-10-01T05:17:47+00:00,50813,USD,,false,TRI/SRC/events/01163
EV001164,PG,TRI_BILLING,,PAYMENT_POSTED,2023-10-12T16:24:00+00:00,2023-10-16T12:21:34+00:00,50813,USD,,false,TRI/SRC/events/01164
EV001165,PG,TRI_BILLING,TRI-R00635,SUBMITTED,2023-02-16T22:09:00+00:00,2023-02-16T23:20:42+00:00,9341,USD,,false,TRI/SRC/events/01165
EV001166,PG,TRI_BILLING,,PAYMENT_POSTED,2023-04-24T22:22:00+00:00,2023-04-25T03:53:24+00:00,9341,USD,,false,TRI/SRC/events/01166
EV001167,PG,TRI_BILLING,TRI-R00636,SUBMITTED,2023-04-10T19:06:00+00:00,2023-04-10T19:22:02+00:00,6915,USD,,false,TRI/SRC/events/01167
EV001168,PG,TRI_BILLING,,PAYMENT_POSTED,2023-05-16T16:51:00+00:00,2023-05-22T01:42:34+00:00,6915,USD,,false,TRI/SRC/events/01168
EV001169,PG,TRI_BILLING,TRI-R00637,SUBMITTED,2023-07-19T19:56:00+00:00,2023-07-27T22:19:06+00:00,3178,USD,,false,TRI/SRC/events/01169
EV001170,PG,TRI_BILLING,,PAYMENT_POSTED,2023-07-31T14:37:00+00:00,2023-08-04T01:46:40+00:00,3178,USD,,false,TRI/SRC/events/01170
EV001171,PG,TRI_BILLING,TRI-R00638,SUBMITTED,2023-02-27T18:44:00+00:00,2023-02-27T20:44:12+00:00,2500,USD,,false,TRI/SRC/events/01171
EV001172,PG,TRI_BILLING,TRI-R00639,SUBMITTED,2023-02-13T17:19:00+00:00,2023-02-13T18:42:10+00:00,7340,USD,,false,TRI/SRC/events/01172
EV001173,PG,TRI_BILLING,,PAYMENT_POSTED,2023-02-21T17:15:00+00:00,2023-02-22T01:14:23+00:00,7340,USD,,false,TRI/SRC/events/01173
EV001174,PG,TRI_BILLING,TRI-R00640,SUBMITTED,2023-03-07T17:28:00+00:00,2023-03-07T21:23:28+00:00,6597,USD,,false,TRI/SRC/events/01174
EV001175,PG,TRI_BILLING,,PAYMENT_POSTED,2023-04-19T16:37:00+00:00,2023-05-01T23:40:21+00:00,6597,USD,,false,TRI/SRC/events/01175
EV001176,PG,TRI_BILLING,TRI-R00641,SUBMITTED,2023-06-15T20:23:00+00:00,2023-06-16T00:07:34+00:00,5657,USD,,false,TRI/SRC/events/01176
EV001177,PG,TRI_BILLING,,PAYMENT_POSTED,2023-07-03T20:03:00+00:00,2023-07-04T00:56:17+00:00,5657,USD,,false,TRI/SRC/events/01177
EV001178,PG,TRI_BILLING,TRI-R00642,SUBMITTED,2023-05-29T18:30:00+00:00,2023-05-30T00:16:00+00:00,46650,USD,,false,TRI/SRC/events/01178
EV001179,PG,TRI_BILLING,TRI-R00642,CLOSED_NO_PAYMENT,2023-07-10T18:48:00+00:00,2023-07-11T02:20:13+00:00,,,,true,TRI/SRC/events/01179
EV001180,PG,TRI_BILLING,TRI-R00643,SUBMITTED,2022-08-01T15:29:00+00:00,2022-08-01T17:45:32+00:00,72884,USD,,false,TRI/SRC/events/01180
EV001181,PG,TRI_BILLING,,PAYMENT_POSTED,2022-08-09T20:45:00+00:00,2022-08-10T01:19:04+00:00,72884,USD,,false,TRI/SRC/events/01181
EV001182,PG,TRI_BILLING,TRI-R00644,SUBMITTED,2023-06-05T22:36:00+00:00,2023-06-06T05:39:54+00:00,7166,USD,,false,TRI/SRC/events/01182
EV001183,PG,TRI_BILLING,TRI-R00644,CLOSED_NO_PAYMENT,2023-07-27T16:51:00+00:00,2023-07-31T05:48:58+00:00,,,,true,TRI/SRC/events/01183
EV001184,PG,TRI_BILLING,TRI-R00645,SUBMITTED,2023-06-08T21:05:00+00:00,2023-06-13T12:19:19+00:00,36245,USD,,false,TRI/SRC/events/01184
EV001185,PG,TRI_BILLING,,PAYMENT_POSTED,2023-07-11T14:03:00+00:00,2023-08-01T14:03:00+00:00,36245,USD,,false,TRI/SRC/events/01185
EV001186,PG,TRI_BILLING,TRI-R00646,SUBMITTED,2022-07-06T19:28:00+00:00,2022-07-09T13:20:41+00:00,151112,EUR,,false,TRI/SRC/events/01186
EV001187,PG,TRI_BILLING,,PAYMENT_POSTED,2022-08-19T16:59:00+00:00,2022-08-24T04:43:23+00:00,151112,USD,,false,TRI/SRC/events/01187
EV001188,PG,TRI_BILLING,TRI-R00647,SUBMITTED,2022-07-20T19:09:00+00:00,2022-07-21T02:48:05+00:00,9384,USD,,false,TRI/SRC/events/01188
EV001189,PG,TRI_BILLING,,PAYMENT_POSTED,2022-09-21T18:07:00+00:00,2022-09-21T23:56:16+00:00,9384,USD,,false,TRI/SRC/events/01189
EV001190,PG,TRI_BILLING,TRI-R00648,SUBMITTED,2023-02-22T23:19:00+00:00,2023-02-23T02:59:00+00:00,44944,USD,,false,TRI/SRC/events/01190
EV001191,PG,TRI_BILLING,,PAYMENT_POSTED,2023-04-05T15:34:00+00:00,2023-04-07T17:24:41+00:00,44944,USD,,false,TRI/SRC/events/01191
EV001192,PG,TRI_BILLING,TRI-R00649,SUBMITTED,2023-02-21T22:28:00+00:00,2023-02-26T23:52:35+00:00,9476,USD,,false,TRI/SRC/events/01192
EV001193,PG,TRI_BILLING,,PAYMENT_POSTED,2023-05-08T22:22:00+00:00,2023-05-09T03:43:34+00:00,9476,USD,,false,TRI/SRC/events/01193
EV001194,PG,TRI_BILLING,TRI-R00650,SUBMITTED,2023-05-29T17:29:00+00:00,2023-05-29T20:30:23+00:00,3834,USD,,false,TRI/SRC/events/01194
EV001195,PG,TRI_BILLING,TRI-R00651,CORRECTED,2023-06-07T19:00:00+00:00,2023-06-08T02:57:14+00:00,4523,USD,,false,TRI/SRC/events/01195
EV001196,PG,TRI_BILLING,,PAYMENT_POSTED,2023-06-14T15:02:00+00:00,2023-08-22T12:54:25+00:00,4523,USD,,false,TRI/SRC/events/01196
EV001197,PG,TRI_BILLING,TRI-R00652,SUBMITTED,2022-09-01T21:32:00+00:00,2022-09-04T10:12:28+00:00,5203,USD,,false,TRI/SRC/events/01197
EV001198,PG,TRI_BILLING,TRI-R00653,CORRECTED,2022-09-06T22:12:00+00:00,2022-09-17T03:45:40+00:00,4610,USD,,false,TRI/SRC/events/01198
EV001199,PG,TRI_BILLING,,PAYMENT_POSTED,2022-09-14T16:45:00+00:00,2022-09-14T22:52:31+00:00,4610,USD,,false,TRI/SRC/events/01199
EV001200,PG,TRI_BILLING,TRI-R00654,SUBMITTED,2023-09-07T21:39:00+00:00,2023-09-18T10:34:39+00:00,160233,USD,,false,TRI/SRC/events/01200
EV001201,PG,TRI_BILLING,,PAYMENT_POSTED,2023-09-18T19:13:00+00:00,2023-09-21T14:36:38+00:00,160233,USD,,false,TRI/SRC/events/01201
EV001202,PG,TRI_BILLING,TRI-R00655,SUBMITTED,2022-08-08T19:58:00+00:00,2022-08-09T00:37:11+00:00,8447,USD,,false,TRI/SRC/events/01202
EV001203,PG,TRI_BILLING,,PAYMENT_POSTED,2022-10-24T19:32:00+00:00,2022-10-25T13:05:32+00:00,8447,USD,,false,TRI/SRC/events/01203
EV001204,PG,TRI_BILLING,TRI-R00656,SUBMITTED,2023-09-15T16:16:00+00:00,2023-09-15T17:15:10+00:00,6175,USD,,false,TRI/SRC/events/01204
EV001205,PG,TRI_BILLING,,PAYMENT_POSTED,2023-10-02T17:20:00+00:00,2023-10-03T03:27:13+00:00,6175,USD,,false,TRI/SRC/events/01205
EV001206,PG,TRI_BILLING,TRI-R00657,SUBMITTED,2023-06-05T14:53:00+00:00,2023-06-05T22:24:23+00:00,14687,USD,,false,TRI/SRC/events/01206
EV001207,PG,TRI_BILLING,,PAYMENT_POSTED,2023-07-28T18:31:00+00:00,2023-08-14T04:53:09+00:00,14687,USD,,false,TRI/SRC/events/01207
EV001208,PG,TRI_BILLING,TRI-R00658,SUBMITTED,2023-06-15T18:10:00+00:00,2023-06-17T21:22:31+00:00,78657,USD,,false,TRI/SRC/events/01208
EV001209,PG,TRI_BILLING,,PAYMENT_POSTED,2023-06-23T16:04:00+00:00,2023-07-01T07:47:31+00:00,78657,USD,,false,TRI/SRC/events/01209
EV001210,PG,TRI_BILLING,TRI-R00659,SUBMITTED,2023-05-18T20:47:00+00:00,2023-05-19T00:41:51+00:00,15020,USD,,false,TRI/SRC/events/01210
EV001211,PG,TRI_BILLING,,PAYMENT_POSTED,2023-05-24T19:44:00+00:00,2023-05-25T12:23:53+00:00,15020,USD,,false,TRI/SRC/events/01211
EV001212,PG,TRI_BILLING,TRI-R00660,SUBMITTED,2022-10-28T21:22:00+00:00,2022-10-29T05:16:46+00:00,3526,USD,,false,TRI/SRC/events/01212
EV001213,PG,TRI_BILLING,,PAYMENT_POSTED,2023-01-11T20:46:00+00:00,2023-01-12T00:40:57+00:00,3526,USD,,false,TRI/SRC/events/01213
EV001214,PG,TRI_BILLING,TRI-R00661,SUBMITTED,2022-11-28T16:49:00+00:00,2022-11-28T19:44:50+00:00,2500,USD,,false,TRI/SRC/events/01214
EV001215,PG,TRI_BILLING,,PAYMENT_POSTED,2022-12-13T22:46:00+00:00,2022-12-17T14:34:26+00:00,2500,USD,,false,TRI/SRC/events/01215
EV001216,PG,TRI_BILLING,TRI-R00662,SUBMITTED,2022-10-31T19:51:00+00:00,2022-11-01T02:56:06+00:00,6415,USD,,false,TRI/SRC/events/01216
EV001217,PG,TRI_BILLING,,PAYMENT_POSTED,2022-11-24T15:44:00+00:00,2022-12-03T00:19:35+00:00,6415,USD,,false,TRI/SRC/events/01217
EV001218,PG,TRI_BILLING,TRI-R00663,SUBMITTED,2023-06-19T22:06:00+00:00,2023-06-20T01:04:29+00:00,5438,USD,,false,TRI/SRC/events/01218
EV001219,PG,TRI_BILLING,,PAYMENT_POSTED,2023-07-03T16:18:00+00:00,2023-07-03T23:01:42+00:00,5438,USD,,false,TRI/SRC/events/01219
EV001220,PG,TRI_BILLING,TRI-R00664,SUBMITTED,2022-07-07T16:56:00+00:00,2022-07-09T19:09:15+00:00,187722,USD,,false,TRI/SRC/events/01220
EV001221,PG,TRI_BILLING,,PAYMENT_POSTED,2022-07-15T17:15:00+00:00,2022-07-18T02:49:12+00:00,187722,USD,,false,TRI/SRC/events/01221
EV001222,PG,TRI_BILLING,TRI-R00665,SUBMITTED,2023-01-18T21:40:00+00:00,2023-01-19T01:09:17+00:00,4162,USD,,false,TRI/SRC/events/01222
EV001223,PG,TRI_BILLING,,PAYMENT_POSTED,2023-02-20T21:39:00+00:00,2023-02-26T19:13:46+00:00,4162,USD,,false,TRI/SRC/events/01223
EV001224,PG,TRI_BILLING,TRI-R00666,SUBMITTED,2022-11-03T18:42:00+00:00,2022-11-04T00:43:11+00:00,3972,USD,,false,TRI/SRC/events/01224
EV001225,PG,TRI_BILLING,,PAYMENT_POSTED,2022-11-17T19:26:00+00:00,2022-11-17T19:40:56+00:00,3972,USD,,false,TRI/SRC/events/01225
EV001226,PG,TRI_BILLING,TRI-R00667,SUBMITTED,2023-03-27T16:26:00+00:00,2023-03-27T23:44:46+00:00,4506,USD,,false,TRI/SRC/events/01226
EV001228,PG,TRI_BILLING,TRI-R00668,SUBMITTED,2023-08-14T17:01:00+00:00,2023-08-14T22:20:54+00:00,21784,USD,,false,TRI/SRC/events/01228
EV001229,PG,TRI_BILLING,,PAYMENT_POSTED,2023-09-06T19:14:00+00:00,2023-09-11T09:15:27+00:00,21784,USD,,false,TRI/SRC/events/01229
EV001230,PG,TRI_BILLING,TRI-R00669,SUBMITTED,2023-02-17T22:08:00+00:00,2023-02-18T04:53:17+00:00,35876,USD,,false,TRI/SRC/events/01230
EV001231,PG,TRI_BILLING,,PAYMENT_POSTED,2023-02-24T17:08:00+00:00,2023-02-24T22:40:17+00:00,35876,USD,,false,TRI/SRC/events/01231
EV001232,PG,TRI_BILLING,TRI-R00670,SUBMITTED,2023-08-18T14:01:00+00:00,2023-08-23T02:23:33+00:00,22038,USD,,false,TRI/SRC/events/01232
EV001233,PG,TRI_BILLING,,PAYMENT_POSTED,2023-08-28T16:31:00+00:00,2023-08-29T15:03:23+00:00,22038,USD,,false,TRI/SRC/events/01233
EV001234,PG,TRI_BILLING,TRI-R00671,SUBMITTED,2023-09-07T18:06:00+00:00,2023-09-10T22:44:29+00:00,33250,USD,,false,TRI/SRC/events/01234
EV001235,PG,TRI_BILLING,TRI-R00672,CORRECTED,2023-09-11T20:33:00+00:00,2023-09-12T02:00:48+00:00,30500,USD,,false,TRI/SRC/events/01235
EV001236,PG,TRI_BILLING,TRI-R00672,CLOSED_NO_PAYMENT,2023-10-16T17:36:00+00:00,2023-10-16T21:45:37+00:00,,,,true,TRI/SRC/events/01236
EV001237,PG,TRI_BILLING,TRI-R00673,SUBMITTED,2023-08-04T15:04:00+00:00,2023-08-07T05:29:59+00:00,42943,USD,,false,TRI/SRC/events/01237
EV001238,PG,TRI_BILLING,,PAYMENT_POSTED,2023-09-20T17:18:00+00:00,2023-09-20T21:12:11+00:00,42943,USD,,false,TRI/SRC/events/01238
EV001239,PG,TRI_BILLING,TRI-R00674,SUBMITTED,2023-07-31T17:19:00+00:00,2023-08-07T06:28:28+00:00,22192,USD,,false,TRI/SRC/events/01239
EV001240,PG,TRI_BILLING,TRI-R00675,SUBMITTED,2022-09-01T22:10:00+00:00,2022-09-03T10:31:46+00:00,19924,USD,,false,TRI/SRC/events/01240
EV001241,PG,TRI_BILLING,,PAYMENT_POSTED,2022-09-07T16:58:00+00:00,2022-09-20T15:30:09+00:00,19924,USD,,false,TRI/SRC/events/01241
EV001242,PG,TRI_BILLING,TRI-R00676,SUBMITTED,2023-07-19T21:30:00+00:00,2023-07-22T02:54:18+00:00,8572,USD,,false,TRI/SRC/events/01242
EV001243,PG,TRI_BILLING,TRI-R00677,SUBMITTED,2023-01-11T22:37:00+00:00,2023-01-15T02:12:55+00:00,22319,USD,,false,TRI/SRC/events/01243
EV001244,PG,TRI_BILLING,TRI-R00678,SUBMITTED,2023-06-19T20:29:00+00:00,2023-06-28T20:35:19+00:00,30776,USD,,false,TRI/SRC/events/01244
EV001245,PG,TRI_BILLING,TRI-R00679,SUBMITTED,2023-05-03T15:16:00+00:00,2023-05-11T11:42:16+00:00,30975,USD,,false,TRI/SRC/events/01245
EV001246,PG,TRI_BILLING,TRI-R00680,CORRECTED,2023-05-05T17:04:00+00:00,2023-05-08T23:46:47+00:00,26388,USD,,false,TRI/SRC/events/01246
EV001247,PG,TRI_BILLING,,PAYMENT_POSTED,2023-05-15T20:20:00+00:00,2023-05-17T04:19:43+00:00,26388,USD,,false,TRI/SRC/events/01247
EV001248,PG,TRI_BILLING,TRI-R00681,SUBMITTED,2022-08-15T15:07:00+00:00,2022-08-23T15:19:50+00:00,6144,USD,,false,TRI/SRC/events/01248
EV001249,PG,TRI_BILLING,,PAYMENT_POSTED,2022-08-24T14:00:00+00:00,2022-08-24T15:52:20+00:00,6144,USD,,false,TRI/SRC/events/01249
EV001250,PG,TRI_BILLING,TRI-R00682,SUBMITTED,2023-03-27T18:40:00+00:00,2023-03-27T22:36:19+00:00,44476,USD,,false,TRI/SRC/events/01250
EV001251,PG,TRI_BILLING,TRI-R00683,CORRECTED,2023-03-28T21:57:00+00:00,2023-04-03T04:40:37+00:00,42265,USD,,false,TRI/SRC/events/01251
EV001252,PG,TRI_BILLING,TRI-R00684,SUBMITTED,2023-03-13T19:29:00+00:00,2023-03-13T21:42:24+00:00,26069,USD,,false,TRI/SRC/events/01252
EV001253,PG,TRI_BILLING,,PAYMENT_POSTED,2023-04-10T22:57:00+00:00,2023-04-11T07:50:17+00:00,26069,USD,,false,TRI/SRC/events/01253
EV001254,PG,TRI_BILLING,TRI-R00685,SUBMITTED,2023-01-30T20:11:00+00:00,2023-01-30T23:13:05+00:00,17472,USD,,false,TRI/SRC/events/01254
EV001256,PG,TRI_BILLING,,PAYMENT_POSTED,2023-05-23T22:06:00+00:00,2023-05-24T01:01:10+00:00,8831,USD,,false,TRI/SRC/events/01256
EV001257,PG,TRI_BILLING,TRI-R00687,SUBMITTED,2022-08-02T21:40:00+00:00,2022-08-04T17:06:09+00:00,28096,USD,,false,TRI/SRC/events/01257
EV001258,PG,TRI_BILLING,,PAYMENT_POSTED,2022-08-09T22:58:00+00:00,2022-08-10T02:54:23+00:00,28096,USD,,false,TRI/SRC/events/01258
EV001259,PG,TRI_BILLING,TRI-R00688,SUBMITTED,2022-10-21T17:30:00+00:00,2022-10-24T10:20:25+00:00,14274,USD,,false,TRI/SRC/events/01259
EV001260,PG,TRI_BILLING,,PAYMENT_POSTED,2022-11-28T21:38:00+00:00,2022-11-29T16:09:37+00:00,14274,USD,,false,TRI/SRC/events/01260
EV001261,PG,TRI_BILLING,TRI-R00689,SUBMITTED,2023-04-05T20:43:00+00:00,2023-04-06T02:47:53+00:00,20887,USD,,false,TRI/SRC/events/01261
EV001262,PG,TRI_BILLING,TRI-R00690,CORRECTED,2023-04-17T16:00:00+00:00,2023-04-17T20:30:49+00:00,21260,USD,,false,TRI/SRC/events/01262
EV001263,PG,TRI_BILLING,TRI-R00689,VOID_VERSION,2023-04-17T16:00:00+00:00,2023-04-19T00:19:55+00:00,20887,USD,,false,TRI/SRC/events/01263
EV001264,PG,TRI_BILLING,TRI-R00690,CLOSED_NO_PAYMENT,2023-06-12T21:44:00+00:00,2023-06-13T05:58:17+00:00,,,,true,TRI/SRC/events/01264
EV001265,PG,TRI_BILLING,TRI-R00691,SUBMITTED,2022-08-22T16:41:00+00:00,2022-08-22T18:42:41+00:00,5613,USD,,false,TRI/SRC/events/01265
EV001266,PG,TRI_BILLING,,PAYMENT_POSTED,2022-10-03T16:51:00+00:00,2022-10-04T22:28:59+00:00,5613,USD,,false,TRI/SRC/events/01266
EV001267,PG,TRI_BILLING,TRI-R00692,SUBMITTED,2022-09-19T14:01:00+00:00,2022-11-12T13:59:25+00:00,15557,USD,,false,TRI/SRC/events/01267
EV001268,PG,TRI_BILLING,,PAYMENT_POSTED,2022-10-03T16:46:00+00:00,2022-10-03T20:41:05+00:00,15557,USD,,false,TRI/SRC/events/01268
EV001269,PG,TRI_BILLING,TRI-R00693,SUBMITTED,2023-03-06T22:58:00+00:00,2023-03-10T11:11:48+00:00,29331,USD,,false,TRI/SRC/events/01269
EV001270,PG,TRI_BILLING,TRI-R00694,CORRECTED,2023-03-17T16:30:00+00:00,2023-03-17T23:26:06+00:00,36828,USD,,false,TRI/SRC/events/01270
EV001271,PG,TRI_BILLING,TRI-R00693,VOID_VERSION,2023-03-17T16:30:00+00:00,2023-03-19T10:19:26+00:00,29331,USD,,false,TRI/SRC/events/01271
EV001272,PG,TRI_BILLING,,PAYMENT_POSTED,2023-04-03T19:05:00+00:00,2023-04-08T21:16:00+00:00,36828,USD,,false,TRI/SRC/events/01272
EV001273,PG,TRI_BILLING,TRI-R00695,SUBMITTED,2023-04-07T14:47:00+00:00,2023-04-09T20:00:53+00:00,26272,USD,,false,TRI/SRC/events/01273
EV001274,PG,TRI_BILLING,,PAYMENT_POSTED,2023-08-21T21:40:00+00:00,2023-08-21T22:17:41+00:00,26272,USD,,false,TRI/SRC/events/01274
EV001275,PG,TRI_BILLING,TRI-R00696,SUBMITTED,2022-11-21T21:32:00+00:00,2022-11-21T22:33:31+00:00,28848,USD,,false,TRI/SRC/events/01275
EV001276,PG,TRI_BILLING,,PAYMENT_POSTED,2022-12-30T22:34:00+00:00,2022-12-31T02:43:56+00:00,28848,USD,,false,TRI/SRC/events/01276
EV001277,PG,TRI_BILLING,TRI-R00697,SUBMITTED,2023-07-10T18:45:00+00:00,2023-07-11T11:50:23+00:00,16400,USD,,false,TRI/SRC/events/01277
EV001278,PG,TRI_BILLING,,PAYMENT_POSTED,2023-07-31T14:59:00+00:00,2023-08-01T16:40:57+00:00,16400,USD,,false,TRI/SRC/events/01278
EV001279,PG,TRI_BILLING,TRI-R00698,SUBMITTED,2022-10-03T15:03:00+00:00,2022-10-03T17:53:06+00:00,69274,USD,,false,TRI/SRC/events/01279
EV001280,PG,TRI_BILLING,,PAYMENT_POSTED,2022-10-31T18:35:00+00:00,2022-11-06T19:04:50+00:00,69274,USD,,false,TRI/SRC/events/01280
EV001281,PG,TRI_BILLING,TRI-R00699,SUBMITTED,2023-07-18T22:37:00+00:00,2023-07-19T23:59:34+00:00,5209,USD,,false,TRI/SRC/events/01281
EV001282,PG,TRI_BILLING,,PAYMENT_POSTED,2023-08-07T14:38:00+00:00,2023-08-14T14:00:27+00:00,5209,USD,,false,TRI/SRC/events/01282
EV001283,PG,TRI_BILLING,TRI-R00700,SUBMITTED,2022-08-25T17:04:00+00:00,2022-08-25T20:26:08+00:00,12122,USD,,false,TRI/SRC/events/01283
EV001284,PG,TRI_BILLING,,PAYMENT_POSTED,2022-10-27T17:36:00+00:00,2022-10-29T12:03:57+00:00,12122,USD,,false,TRI/SRC/events/01284
EV001286,PG,TRI_BILLING,,PAYMENT_POSTED,2023-09-25T21:08:00+00:00,2023-09-29T19:24:34+00:00,13418,USD,,false,TRI/SRC/events/01286
EV001287,PG,TRI_BILLING,TRI-R00702,SUBMITTED,2023-06-22T19:10:00+00:00,2023-06-23T02:04:12+00:00,89599,USD,,false,TRI/SRC/events/01287
EV001288,PG,TRI_BILLING,,PAYMENT_POSTED,2023-06-26T22:44:00+00:00,2023-06-27T06:39:54+00:00,89599,USD,,false,TRI/SRC/events/01288
EV001289,PG,TRI_BILLING,TRI-R00703,SUBMITTED,2022-07-28T20:58:00+00:00,2022-07-29T11:07:21+00:00,8828,USD,,false,TRI/SRC/events/01289
EV001290,PG,TRI_BILLING,,PAYMENT_POSTED,2022-08-15T16:06:00+00:00,2022-08-15T23:47:24+00:00,8828,USD,,false,TRI/SRC/events/01290
EV001291,PG,TRI_BILLING,TRI-R00704,SUBMITTED,2023-06-20T19:42:00+00:00,2023-06-28T13:31:23+00:00,9571,USD,,false,TRI/SRC/events/01291
EV001292,PG,TRI_BILLING,,PAYMENT_POSTED,2023-07-03T17:00:00+00:00,2023-07-03T20:11:07+00:00,9571,USD,,false,TRI/SRC/events/01292
EV001293,PG,TRI_BILLING,TRI-R00705,SUBMITTED,2022-08-01T19:39:00+00:00,2022-08-04T14:03:23+00:00,13355,USD,,false,TRI/SRC/events/01293
EV001294,PG,TRI_BILLING,TRI-R00706,SUBMITTED,2023-03-13T14:21:00+00:00,2023-03-17T19:07:03+00:00,68368,USD,,false,TRI/SRC/events/01294
EV001295,PG,TRI_BILLING,TRI-R00707,CORRECTED,2023-03-20T16:05:00+00:00,2023-03-25T12:35:32+00:00,88796,USD,,false,TRI/SRC/events/01295
EV001296,PG,TRI_BILLING,,PAYMENT_POSTED,2023-03-20T21:49:00+00:00,2023-03-21T04:14:53+00:00,88796,USD,,false,TRI/SRC/events/01296
EV001297,PG,TRI_BILLING,TRI-R00708,SUBMITTED,2022-10-03T17:57:00+00:00,2022-10-04T01:50:58+00:00,13481,USD,,false,TRI/SRC/events/01297
EV001298,PG,TRI_BILLING,,PAYMENT_POSTED,2022-11-07T15:43:00+00:00,2022-11-07T22:41:08+00:00,13481,USD,,false,TRI/SRC/events/01298
EV001299,PG,TRI_BILLING,TRI-R00709,SUBMITTED,2022-08-12T14:04:00+00:00,2022-08-12T17:11:56+00:00,4848,USD,,false,TRI/SRC/events/01299
EV001300,PG,TRI_BILLING,TRI-R00710,CORRECTED,2022-08-23T21:29:00+00:00,2022-08-25T09:27:57+00:00,5747,USD,,false,TRI/SRC/events/01300
EV001301,PG,TRI_BILLING,,PAYMENT_POSTED,2022-09-16T20:41:00+00:00,2022-09-18T00:23:04+00:00,5747,USD,,false,TRI/SRC/events/01301
EV001302,PG,TRI_BILLING,TRI-R00711,SUBMITTED,2022-08-08T14:01:00+00:00,2022-08-08T16:26:49+00:00,19824,USD,,false,TRI/SRC/events/01302
EV001303,PG,TRI_BILLING,TRI-R00712,SUBMITTED,2023-06-27T16:10:00+00:00,2023-06-28T09:46:41+00:00,20075,USD,,false,TRI/SRC/events/01303
EV001304,PG,TRI_BILLING,,PAYMENT_POSTED,2023-07-10T21:14:00+00:00,2023-07-11T20:07:47+00:00,20075,USD,,false,TRI/SRC/events/01304
EV001305,PG,TRI_BILLING,TRI-R00713,SUBMITTED,2022-08-17T18:54:00+00:00,2022-08-20T17:01:42+00:00,6738,USD,,false,TRI/SRC/events/01305
EV001306,PG,TRI_BILLING,TRI-R00714,CORRECTED,2022-08-26T21:23:00+00:00,2022-08-30T20:55:07+00:00,7933,USD,,false,TRI/SRC/events/01306
EV001307,PG,TRI_BILLING,,PAYMENT_POSTED,2022-09-12T22:48:00+00:00,2022-09-13T06:22:52+00:00,7933,USD,,false,TRI/SRC/events/01307
EV001308,PG,TRI_BILLING,TRI-R00715,SUBMITTED,2022-10-03T14:39:00+00:00,2022-10-03T18:04:42+00:00,3592,USD,,false,TRI/SRC/events/01308
EV001309,PG,TRI_BILLING,,PAYMENT_POSTED,2022-10-12T14:34:00+00:00,2022-10-14T22:09:48+00:00,3592,USD,,false,TRI/SRC/events/01309
EV001310,PG,TRI_BILLING,TRI-R00716,SUBMITTED,2022-10-03T18:14:00+00:00,2022-12-20T14:20:54+00:00,4860,USD,,false,TRI/SRC/events/01310
EV001311,PG,TRI_BILLING,TRI-R00717,SUBMITTED,2022-09-12T14:30:00+00:00,2022-09-12T14:51:55+00:00,48359,USD,,false,TRI/SRC/events/01311
EV001312,PG,TRI_BILLING,,PAYMENT_POSTED,2022-09-28T17:52:00+00:00,2022-10-04T14:35:23+00:00,48359,USD,,false,TRI/SRC/events/01312
EV001313,PG,TRI_BILLING,TRI-R00718,SUBMITTED,2023-06-30T20:36:00+00:00,2023-07-01T02:14:34+00:00,18393,USD,,false,TRI/SRC/events/01313
EV001314,PG,TRI_BILLING,,PAYMENT_POSTED,2023-08-23T15:00:00+00:00,2023-08-25T23:24:42+00:00,18393,USD,,false,TRI/SRC/events/01314
EV001315,PG,TRI_BILLING,TRI-R00719,SUBMITTED,2023-02-20T18:03:00+00:00,2023-02-20T19:22:33+00:00,5433,USD,,false,TRI/SRC/events/01315
EV001316,PG,TRI_BILLING,TRI-R00720,SUBMITTED,2023-07-13T15:03:00+00:00,2023-07-13T16:45:14+00:00,13400,USD,,false,TRI/SRC/events/01316
EV001317,PG,TRI_BILLING,,PAYMENT_POSTED,2023-07-19T19:19:00+00:00,2023-07-20T02:27:44+00:00,13400,USD,,false,TRI/SRC/events/01317
EV001318,PG,TRI_BILLING,TRI-R00721,SUBMITTED,2023-02-22T20:17:00+00:00,2023-02-25T08:38:58+00:00,5619,USD,,false,TRI/SRC/events/01318
EV001319,PG,TRI_BILLING,,PAYMENT_POSTED,2023-03-09T18:09:00+00:00,2023-03-09T23:24:19+00:00,5619,USD,,false,TRI/SRC/events/01319
EV001320,PG,TRI_BILLING,TRI-R00722,SUBMITTED,2022-09-05T20:18:00+00:00,2022-09-11T13:11:36+00:00,74883,USD,,false,TRI/SRC/events/01320
EV001321,PG,TRI_BILLING,,PAYMENT_POSTED,2022-09-27T18:37:00+00:00,2022-09-27T22:13:31+00:00,74883,USD,,false,TRI/SRC/events/01321
EV001322,PG,TRI_BILLING,TRI-R00723,SUBMITTED,2022-12-19T22:23:00+00:00,2022-12-20T02:46:39+00:00,19619,USD,,false,TRI/SRC/events/01322
EV001323,PG,TRI_BILLING,TRI-R00724,SUBMITTED,2023-06-12T14:31:00+00:00,2023-06-12T15:03:59+00:00,10789,USD,,false,TRI/SRC/events/01323
EV001324,PG,TRI_BILLING,TRI-R00725,SUBMITTED,2023-09-18T21:13:00+00:00,2023-09-18T21:44:40+00:00,40146,USD,,false,TRI/SRC/events/01324
EV001325,PG,TRI_BILLING,,PAYMENT_POSTED,2023-10-12T18:18:00+00:00,2023-10-17T01:42:02+00:00,40146,USD,,false,TRI/SRC/events/01325
EV001326,PG,TRI_BILLING,TRI-R00726,SUBMITTED,2023-06-08T21:17:00+00:00,2023-06-15T05:14:26+00:00,7193,USD,,false,TRI/SRC/events/01326
EV001327,PG,TRI_BILLING,TRI-R00726,CLOSED_NO_PAYMENT,2023-10-02T21:25:00+00:00,2023-10-03T02:07:11+00:00,,,,true,TRI/SRC/events/01327
EV001328,PG,TRI_BILLING,TRI-R00727,SUBMITTED,2023-04-04T15:11:00+00:00,2023-04-08T18:19:25+00:00,9081,USD,,false,TRI/SRC/events/01328
EV001329,PG,TRI_BILLING,,PAYMENT_POSTED,2023-04-24T19:18:00+00:00,2023-04-24T21:29:17+00:00,9081,USD,,false,TRI/SRC/events/01329
EV001330,PG,TRI_BILLING,TRI-R00728,SUBMITTED,2022-11-14T19:04:00+00:00,2023-02-01T14:49:55+00:00,12413,USD,,false,TRI/SRC/events/01330
EV001331,PG,TRI_BILLING,,PAYMENT_POSTED,2022-11-28T20:42:00+00:00,2022-11-29T01:07:05+00:00,12413,USD,,false,TRI/SRC/events/01331
EV001332,PG,TRI_BILLING,TRI-R00729,SUBMITTED,2023-01-25T16:52:00+00:00,2023-01-28T15:09:41+00:00,28086,USD,,false,TRI/SRC/events/01332
EV001333,PG,TRI_BILLING,,PAYMENT_POSTED,2023-02-09T21:24:00+00:00,2023-02-10T18:53:55+00:00,28086,USD,,false,TRI/SRC/events/01333
EV001334,PG,TRI_BILLING,TRI-R00730,SUBMITTED,2023-01-23T17:18:00+00:00,2023-01-24T20:17:07+00:00,11350,USD,,false,TRI/SRC/events/01334
EV001335,PG,TRI_BILLING,,PAYMENT_POSTED,2023-01-30T20:20:00+00:00,2023-02-04T13:37:27+00:00,11350,USD,,false,TRI/SRC/events/01335
EV001336,PG,TRI_BILLING,TRI-R00731,SUBMITTED,2023-01-27T19:48:00+00:00,2023-02-01T21:22:10+00:00,7704,USD,,false,TRI/SRC/events/01336
EV001337,PG,TRI_BILLING,TRI-R00732,SUBMITTED,2023-01-30T21:20:00+00:00,2023-01-31T05:13:11+00:00,20240,USD,,false,TRI/SRC/events/01337
EV001338,PG,TRI_BILLING,,PAYMENT_POSTED,2023-03-20T17:05:00+00:00,2023-03-20T22:24:59+00:00,20240,USD,,false,TRI/SRC/events/01338
EV001339,PG,TRI_BILLING,TRI-R00733,SUBMITTED,2022-08-01T16:48:00+00:00,2022-08-01T18:31:39+00:00,43522,USD,,false,TRI/SRC/events/01339
EV001340,PG,TRI_BILLING,,PAYMENT_POSTED,2022-10-21T15:28:00+00:00,2022-10-27T07:58:48+00:00,43522,USD,,false,TRI/SRC/events/01340
EV001341,PG,TRI_BILLING,TRI-R00734,SUBMITTED,2022-10-14T22:16:00+00:00,2022-10-15T04:15:46+00:00,12098,USD,,false,TRI/SRC/events/01341
EV001342,PG,TRI_BILLING,,PAYMENT_POSTED,2022-11-21T22:08:00+00:00,2022-11-21T23:16:50+00:00,12098,USD,,false,TRI/SRC/events/01342
EV001343,PG,TRI_BILLING,TRI-R00735,SUBMITTED,2022-09-15T15:47:00+00:00,2022-12-12T20:29:20+00:00,9993,USD,,false,TRI/SRC/events/01343
EV001344,PG,TRI_BILLING,,PAYMENT_POSTED,2022-09-30T18:13:00+00:00,2022-10-21T18:13:00+00:00,9993,USD,,false,TRI/SRC/events/01344
EV001345,PG,TRI_BILLING,TRI-R00736,SUBMITTED,2022-09-12T19:44:00+00:00,2022-09-20T23:41:01+00:00,9866,USD,,false,TRI/SRC/events/01345
EV001346,PG,TRI_BILLING,TRI-R00737,SUBMITTED,2023-09-13T18:44:00+00:00,2023-09-14T21:26:30+00:00,85068,USD,,false,TRI/SRC/events/01346
EV001347,PG,TRI_BILLING,,PAYMENT_POSTED,2023-10-17T17:14:00+00:00,2023-10-19T23:10:52+00:00,85068,USD,,false,TRI/SRC/events/01347
EV001348,PG,TRI_BILLING,TRI-R00738,SUBMITTED,2023-04-14T20:23:00+00:00,2023-04-18T22:07:34+00:00,2569,USD,,false,TRI/SRC/events/01348
EV001349,PG,TRI_BILLING,,PAYMENT_POSTED,2023-05-08T19:56:00+00:00,2023-05-08T20:13:48+00:00,2569,USD,,false,TRI/SRC/events/01349
EV001350,PG,TRI_BILLING,TRI-R00739,SUBMITTED,2022-09-15T20:20:00+00:00,2022-09-18T00:46:55+00:00,9171,USD,,false,TRI/SRC/events/01350
EV001351,PG,TRI_BILLING,,PAYMENT_POSTED,2022-10-10T18:50:00+00:00,2022-10-10T23:48:50+00:00,9171,USD,,false,TRI/SRC/events/01351
EV001352,PG,TRI_BILLING,TRI-R00740,SUBMITTED,2023-09-07T18:33:00+00:00,2023-09-07T22:19:42+00:00,14826,USD,,false,TRI/SRC/events/01352
EV001353,PG,TRI_BILLING,TRI-R00741,CORRECTED,2023-09-11T16:04:00+00:00,2023-09-11T19:04:56+00:00,18358,USD,,false,TRI/SRC/events/01353
EV001354,PG,TRI_BILLING,,PAYMENT_POSTED,2023-09-20T15:43:00+00:00,2023-09-24T17:47:28+00:00,18358,USD,,false,TRI/SRC/events/01354
EV001355,PG,TRI_BILLING,TRI-R00742,SUBMITTED,2023-02-27T17:38:00+00:00,2023-02-28T01:14:05+00:00,8307,USD,,false,TRI/SRC/events/01355
EV001356,PG,TRI_BILLING,,PAYMENT_POSTED,2023-03-10T20:48:00+00:00,2023-03-11T04:09:12+00:00,8307,USD,,false,TRI/SRC/events/01356
EV001357,PG,TRI_BILLING,TRI-R00743,SUBMITTED,2022-07-25T22:09:00+00:00,2022-07-26T20:33:23+00:00,14994,USD,,false,TRI/SRC/events/01357
EV001358,PG,TRI_BILLING,,PAYMENT_POSTED,2022-08-02T14:41:00+00:00,2022-08-02T18:30:54+00:00,14994,USD,,false,TRI/SRC/events/01358
EV001359,PG,TRI_BILLING,TRI-R00744,SUBMITTED,2022-07-11T19:56:00+00:00,2022-07-11T22:16:55+00:00,39443,USD,,false,TRI/SRC/events/01359
EV001360,PG,TRI_BILLING,,PAYMENT_POSTED,2022-08-01T15:23:00+00:00,2022-08-22T15:23:00+00:00,39443,USD,,false,TRI/SRC/events/01360
EV001361,PG,TRI_BILLING,TRI-R00745,SUBMITTED,2023-07-10T17:24:00+00:00,2023-07-10T19:07:33+00:00,23832,USD,,false,TRI/SRC/events/01361
EV001362,PG,TRI_BILLING,,PAYMENT_POSTED,2023-07-31T20:08:00+00:00,2023-08-02T15:42:16+00:00,23832,USD,,false,TRI/SRC/events/01362
EV001363,PG,TRI_BILLING,TRI-R00746,SUBMITTED,2023-07-13T14:59:00+00:00,2023-07-13T20:05:35+00:00,100891,USD,,false,TRI/SRC/events/01363
EV001364,PG,TRI_BILLING,,PAYMENT_POSTED,2023-08-04T14:43:00+00:00,2023-08-04T16:15:29+00:00,100891,USD,,false,TRI/SRC/events/01364
EV001365,PG,TRI_BILLING,TRI-R00747,SUBMITTED,2023-01-23T22:32:00+00:00,2023-01-25T00:05:24+00:00,8072,USD,,false,TRI/SRC/events/01365
EV001366,PG,TRI_BILLING,,PAYMENT_POSTED,2023-02-06T19:50:00+00:00,2023-02-18T12:01:32+00:00,8072,USD,,false,TRI/SRC/events/01366
EV001367,PG,TRI_BILLING,TRI-R00748,SUBMITTED,2022-10-07T16:59:00+00:00,2022-10-07T22:20:50+00:00,88468,USD,,false,TRI/SRC/events/01367
EV001368,PG,TRI_BILLING,,PAYMENT_POSTED,2022-12-22T17:34:00+00:00,2022-12-28T00:46:17+00:00,88468,USD,,false,TRI/SRC/events/01368
EV001369,PG,TRI_BILLING,TRI-R00749,SUBMITTED,2022-09-26T19:56:00+00:00,2022-10-01T01:37:21+00:00,18927,USD,,false,TRI/SRC/events/01369
EV001370,PG,TRI_BILLING,,PAYMENT_POSTED,2022-10-31T22:20:00+00:00,2022-11-10T03:20:28+00:00,18927,USD,,false,TRI/SRC/events/01370
EV001371,PG,TRI_BILLING,TRI-R00750,SUBMITTED,2023-05-15T15:43:00+00:00,2023-05-16T14:53:08+00:00,8223,USD,,false,TRI/SRC/events/01371
EV001372,PG,TRI_BILLING,,PAYMENT_POSTED,2023-06-08T20:13:00+00:00,2023-06-16T15:50:18+00:00,8223,USD,,false,TRI/SRC/events/01372
EV001373,PG,TRI_BILLING,TRI-R00751,SUBMITTED,2023-07-18T14:22:00+00:00,2023-07-19T13:33:55+00:00,38885,USD,,false,TRI/SRC/events/01373
EV001374,PG,TRI_BILLING,,PAYMENT_POSTED,2023-07-25T17:33:00+00:00,2023-07-27T22:54:26+00:00,38885,USD,,false,TRI/SRC/events/01374
EV001375,PG,TRI_BILLING,TRI-R00752,SUBMITTED,2022-11-14T22:48:00+00:00,2022-11-16T23:24:16+00:00,9519,USD,,false,TRI/SRC/events/01375
EV001376,PG,TRI_BILLING,,PAYMENT_POSTED,2022-11-22T20:23:00+00:00,2022-11-23T17:49:56+00:00,9519,USD,,false,TRI/SRC/events/01376
EV001377,PG,TRI_BILLING,TRI-R00753,SUBMITTED,2022-12-05T22:22:00+00:00,2022-12-06T17:21:41+00:00,6365,USD,,false,TRI/SRC/events/01377
EV001378,PG,TRI_BILLING,,PAYMENT_POSTED,2022-12-26T16:50:00+00:00,2022-12-26T18:38:45+00:00,6365,USD,,false,TRI/SRC/events/01378
EV001379,PG,TRI_BILLING,TRI-R00754,SUBMITTED,2022-08-31T20:12:00+00:00,2022-08-31T23:20:10+00:00,2799,USD,,false,TRI/SRC/events/01379
EV001380,PG,TRI_BILLING,TRI-R00754,CLOSED_NO_PAYMENT,2022-10-11T15:02:00+00:00,2022-10-11T16:40:09+00:00,,,,true,TRI/SRC/events/01380
EV001381,PG,TRI_BILLING,TRI-R00755,SUBMITTED,2023-04-20T17:37:00+00:00,2023-04-20T19:37:56+00:00,18079,USD,,false,TRI/SRC/events/01381
EV001382,PG,TRI_BILLING,,PAYMENT_POSTED,2023-04-28T19:16:00+00:00,2023-05-03T13:49:20+00:00,18079,USD,,false,TRI/SRC/events/01382
EV001383,PG,TRI_BILLING,TRI-R00756,SUBMITTED,2023-04-12T18:25:00+00:00,2023-04-13T02:15:09+00:00,6570,USD,,false,TRI/SRC/events/01383
EV001384,PG,TRI_BILLING,,PAYMENT_POSTED,2023-04-18T15:05:00+00:00,2023-04-18T21:22:12+00:00,6570,USD,,false,TRI/SRC/events/01384
EV001385,PG,TRI_BILLING,TRI-R00757,SUBMITTED,2023-09-21T21:15:00+00:00,2023-09-22T13:09:11+00:00,20944,USD,,false,TRI/SRC/events/01385
EV001386,PG,TRI_BILLING,,PAYMENT_POSTED,2023-09-28T16:31:00+00:00,2023-10-01T17:16:06+00:00,20944,USD,,false,TRI/SRC/events/01386
EV001387,PG,TRI_BILLING,TRI-R00758,SUBMITTED,2023-03-03T17:53:00+00:00,2023-03-05T15:19:18+00:00,7278,USD,,false,TRI/SRC/events/01387
EV001388,PG,TRI_BILLING,TRI-R00759,CORRECTED,2023-03-09T18:41:00+00:00,2023-03-10T17:52:16+00:00,7929,USD,,false,TRI/SRC/events/01388
EV001389,PG,TRI_BILLING,,PAYMENT_POSTED,2023-04-10T22:42:00+00:00,2023-04-11T19:01:43+00:00,7929,USD,,false,TRI/SRC/events/01389
EV001390,PG,TRI_BILLING,TRI-R00760,SUBMITTED,2023-10-02T16:56:00+00:00,2023-10-05T13:45:40+00:00,19322,USD,,false,TRI/SRC/events/01390
EV001391,PG,TRI_BILLING,TRI-R00761,SUBMITTED,2023-06-28T21:06:00+00:00,2023-06-29T03:18:34+00:00,3054,USD,,false,TRI/SRC/events/01391
EV001392,PG,TRI_BILLING,TRI-R00762,CORRECTED,2023-07-07T21:07:00+00:00,2023-07-08T01:57:30+00:00,3322,USD,,false,TRI/SRC/events/01392
EV001393,PG,TRI_BILLING,TRI-R00761,VOID_VERSION,2023-07-07T21:07:00+00:00,2023-07-12T18:36:15+00:00,3054,USD,,false,TRI/SRC/events/01393
EV001394,PG,TRI_BILLING,,PAYMENT_POSTED,2023-07-07T16:15:00+00:00,2023-07-11T12:47:25+00:00,3322,USD,,false,TRI/SRC/events/01394
EV001395,PG,TRI_BILLING,TRI-R00763,SUBMITTED,2023-09-06T14:01:00+00:00,2023-09-06T14:08:56+00:00,8726,USD,,false,TRI/SRC/events/01395
EV001396,PG,TRI_BILLING,,PAYMENT_POSTED,2023-09-11T14:08:00+00:00,2023-09-30T18:21:23+00:00,8726,USD,,false,TRI/SRC/events/01396
EV001397,PG,TRI_BILLING,TRI-R00764,SUBMITTED,2023-01-26T23:38:00+00:00,2023-01-30T16:19:47+00:00,16576,USD,,false,TRI/SRC/events/01397
EV001398,PG,TRI_BILLING,,PAYMENT_POSTED,2023-02-16T18:11:00+00:00,2023-02-19T19:04:26+00:00,16576,USD,,false,TRI/SRC/events/01398
EV001399,PG,TRI_BILLING,TRI-R00765,SUBMITTED,2022-08-29T20:15:00+00:00,2022-08-29T21:34:10+00:00,13458,USD,,false,TRI/SRC/events/01399
EV001400,PG,TRI_BILLING,,PAYMENT_POSTED,2022-09-05T22:56:00+00:00,2022-09-08T04:05:31+00:00,13458,USD,,false,TRI/SRC/events/01400
EV001401,PG,TRI_BILLING,TRI-R00766,SUBMITTED,2022-07-25T21:34:00+00:00,2022-07-26T02:25:11+00:00,11469,USD,,false,TRI/SRC/events/01401
EV001402,PG,TRI_BILLING,TRI-R00766,CLOSED_NO_PAYMENT,2022-09-26T14:21:00+00:00,2022-09-26T19:31:12+00:00,,,,true,TRI/SRC/events/01402
EV001403,PG,TRI_BILLING,TRI-R00767,SUBMITTED,2023-08-14T21:25:00+00:00,2023-08-14T22:09:53+00:00,4400,USD,,false,TRI/SRC/events/01403
EV001404,PG,TRI_BILLING,TRI-R00768,CORRECTED,2023-08-17T19:19:00+00:00,2023-08-21T03:33:09+00:00,4513,USD,,false,TRI/SRC/events/01404
EV001405,PG,TRI_BILLING,,PAYMENT_POSTED,2023-09-08T15:03:00+00:00,2023-09-08T20:35:14+00:00,4513,USD,,false,TRI/SRC/events/01405
EV001406,PG,TRI_BILLING,TRI-R00769,SUBMITTED,2022-10-19T20:51:00+00:00,2022-10-20T01:27:31+00:00,79553,USD,,false,TRI/SRC/events/01406
EV001407,PG,TRI_BILLING,,PAYMENT_POSTED,2022-10-26T19:02:00+00:00,2022-10-26T21:31:45+00:00,79553,USD,,false,TRI/SRC/events/01407
EV001408,PG,TRI_BILLING,TRI-R00770,SUBMITTED,2023-09-01T18:07:00+00:00,2023-09-01T19:37:59+00:00,11844,USD,,false,TRI/SRC/events/01408
EV001410,PG,TRI_BILLING,TRI-R00771,SUBMITTED,2023-08-28T18:18:00+00:00,2023-08-29T00:42:20+00:00,17483,USD,,false,TRI/SRC/events/01410
EV001411,PG,TRI_BILLING,TRI-R00772,SUBMITTED,2022-07-28T18:47:00+00:00,2022-07-30T15:04:07+00:00,22064,USD,,false,TRI/SRC/events/01411
EV001412,PG,TRI_BILLING,,PAYMENT_POSTED,2022-09-05T15:58:00+00:00,2022-09-08T03:24:05+00:00,22064,USD,,false,TRI/SRC/events/01412
EV001413,PG,TRI_BILLING,TRI-R00773,SUBMITTED,2023-05-16T21:23:00+00:00,2023-05-18T09:52:51+00:00,17598,USD,,false,TRI/SRC/events/01413
EV001414,PG,TRI_BILLING,,PAYMENT_POSTED,2023-05-29T19:50:00+00:00,2023-06-01T13:13:57+00:00,17598,USD,,false,TRI/SRC/events/01414
EV001415,PG,TRI_BILLING,TRI-R00774,SUBMITTED,2023-09-21T14:32:00+00:00,2023-09-21T19:56:16+00:00,15191,USD,,false,TRI/SRC/events/01415
EV001416,PG,TRI_BILLING,,PAYMENT_POSTED,2023-10-04T21:52:00+00:00,2023-10-12T11:43:36+00:00,15191,USD,,false,TRI/SRC/events/01416
EV001417,PG,TRI_BILLING,TRI-R00775,SUBMITTED,2023-01-05T18:33:00+00:00,2023-01-14T01:47:17+00:00,4897,USD,,false,TRI/SRC/events/01417
EV001418,PG,TRI_BILLING,TRI-R00776,SUBMITTED,2023-05-29T22:31:00+00:00,2023-05-30T22:32:14+00:00,10125,USD,,false,TRI/SRC/events/01418
EV001419,PG,TRI_BILLING,TRI-R00777,CORRECTED,2023-06-08T22:31:00+00:00,2023-06-08T23:51:51+00:00,12665,USD,,false,TRI/SRC/events/01419
EV001420,PG,TRI_BILLING,TRI-R00776,VOID_VERSION,2023-06-08T22:31:00+00:00,2023-06-09T14:31:34+00:00,10125,USD,,false,TRI/SRC/events/01420
EV001421,PG,TRI_BILLING,,PAYMENT_POSTED,2023-06-05T20:49:00+00:00,2023-06-08T15:44:29+00:00,12665,USD,,false,TRI/SRC/events/01421
EV001422,PG,TRI_BILLING,TRI-R00778,SUBMITTED,2023-01-23T16:24:00+00:00,2023-01-23T18:44:13+00:00,17745,USD,,false,TRI/SRC/events/01422
EV001423,PG,TRI_BILLING,,PAYMENT_POSTED,2023-02-07T21:37:00+00:00,2023-02-09T04:03:52+00:00,17745,USD,,false,TRI/SRC/events/01423
EV001424,PG,TRI_BILLING,TRI-R00779,SUBMITTED,2022-07-18T22:53:00+00:00,2022-07-23T13:38:54+00:00,9132,USD,,false,TRI/SRC/events/01424
EV001425,PG,TRI_BILLING,,PAYMENT_POSTED,2022-08-11T14:37:00+00:00,2022-09-01T14:37:00+00:00,9132,USD,,false,TRI/SRC/events/01425
EV001426,PG,TRI_BILLING,TRI-R00779,PAYMENT_REVERSED,2022-08-23T15:07:00+00:00,2022-08-23T18:51:52+00:00,9132,USD,EV001425,false,TRI/SRC/events/01426
EV001427,PG,TRI_BILLING,TRI-R00780,SUBMITTED,2023-07-03T17:46:00+00:00,2023-07-04T02:56:16+00:00,65513,USD,,false,TRI/SRC/events/01427
EV001428,PG,TRI_BILLING,TRI-R00781,SUBMITTED,2023-02-07T16:55:00+00:00,2023-02-08T00:52:22+00:00,8937,USD,,false,TRI/SRC/events/01428
EV001429,PG,TRI_BILLING,TRI-R00782,SUBMITTED,2022-07-15T19:44:00+00:00,2022-07-20T10:27:35+00:00,18896,USD,,false,TRI/SRC/events/01429
EV001430,PG,TRI_BILLING,,PAYMENT_POSTED,2022-08-08T15:11:00+00:00,2022-08-08T22:19:51+00:00,18896,USD,,false,TRI/SRC/events/01430
EV001431,PG,TRI_BILLING,TRI-R00783,SUBMITTED,2022-07-11T18:05:00+00:00,2022-07-11T18:31:59+00:00,18284,USD,,false,TRI/SRC/events/01431
EV001432,PG,TRI_BILLING,TRI-R00784,SUBMITTED,2022-08-11T19:52:00+00:00,2022-08-14T23:20:43+00:00,388779,USD,,false,TRI/SRC/events/01432
EV001433,PG,TRI_BILLING,TRI-R00785,SUBMITTED,2023-08-10T20:58:00+00:00,2023-08-10T23:00:49+00:00,15880,USD,,false,TRI/SRC/events/01433
EV001434,PG,TRI_BILLING,,PAYMENT_POSTED,2023-09-04T21:01:00+00:00,2023-09-04T21:53:49+00:00,15880,USD,,false,TRI/SRC/events/01434
EV001435,PG,TRI_BILLING,TRI-R00786,SUBMITTED,2022-11-14T20:50:00+00:00,2022-11-15T01:03:20+00:00,120260,USD,,false,TRI/SRC/events/01435
EV001436,PG,TRI_BILLING,TRI-R00787,CORRECTED,2022-11-18T21:46:00+00:00,2022-11-25T13:31:21+00:00,122144,USD,,false,TRI/SRC/events/01436
EV001437,PG,TRI_BILLING,TRI-R00786,VOID_VERSION,2022-11-18T21:46:00+00:00,2022-11-19T00:43:49+00:00,120260,USD,,false,TRI/SRC/events/01437
EV001438,PG,TRI_BILLING,,PAYMENT_POSTED,2023-01-02T20:29:00+00:00,2023-01-03T02:20:38+00:00,122144,USD,,false,TRI/SRC/events/01438
EV001439,PG,TRI_BILLING,TRI-R00788,SUBMITTED,2022-09-08T22:32:00+00:00,2022-09-09T04:30:19+00:00,11140,USD,,false,TRI/SRC/events/01439
EV001440,PG,TRI_BILLING,,PAYMENT_POSTED,2022-10-06T17:15:00+00:00,2022-10-07T03:34:37+00:00,11140,USD,,false,TRI/SRC/events/01440
EV001441,PG,TRI_BILLING,TRI-R00789,SUBMITTED,2023-01-17T16:54:00+00:00,2023-01-19T04:45:45+00:00,97624,USD,,false,TRI/SRC/events/01441
EV001442,PG,TRI_BILLING,,PAYMENT_POSTED,2023-01-30T21:05:00+00:00,2023-02-03T05:06:30+00:00,97624,USD,,false,TRI/SRC/events/01442
EV001443,PG,TRI_BILLING,TRI-R00790,SUBMITTED,2022-07-19T18:43:00+00:00,2022-07-19T23:51:41+00:00,13362,USD,,false,TRI/SRC/events/01443
EV001444,PG,TRI_BILLING,TRI-R00791,SUBMITTED,2022-07-29T21:15:00+00:00,2022-07-30T02:20:53+00:00,23247,USD,,false,TRI/SRC/events/01444
EV001445,PG,TRI_BILLING,,PAYMENT_POSTED,2022-08-22T18:22:00+00:00,2022-08-22T22:04:16+00:00,23247,USD,,false,TRI/SRC/events/01445
EV001446,PG,TRI_BILLING,TRI-R00792,SUBMITTED,2022-07-29T18:04:00+00:00,2022-07-29T21:05:20+00:00,17699,USD,,false,TRI/SRC/events/01446
EV001447,PG,TRI_BILLING,TRI-R00793,SUBMITTED,2023-03-13T17:10:00+00:00,2023-03-20T02:08:21+00:00,20272,USD,,false,TRI/SRC/events/01447
EV001448,PG,TRI_BILLING,,PAYMENT_POSTED,2023-03-23T14:04:00+00:00,2023-03-23T16:28:38+00:00,20272,USD,,false,TRI/SRC/events/01448
EV001449,PG,TRI_BILLING,TRI-R00794,SUBMITTED,2023-01-02T18:26:00+00:00,2023-01-04T14:40:45+00:00,11765,USD,,false,TRI/SRC/events/01449
EV001450,PG,TRI_BILLING,TRI-R00795,SUBMITTED,2023-02-28T19:52:00+00:00,2023-03-01T03:32:22+00:00,8886,USD,,false,TRI/SRC/events/01450
EV001451,PG,TRI_BILLING,TRI-R00796,SUBMITTED,2022-09-14T20:32:00+00:00,2022-09-25T07:28:55+00:00,86897,USD,,false,TRI/SRC/events/01451
EV001452,PG,TRI_BILLING,,PAYMENT_POSTED,2022-09-28T19:36:00+00:00,2022-10-12T11:21:09+00:00,86897,USD,,false,TRI/SRC/events/01452
EV001453,PG,TRI_BILLING,TRI-R00797,SUBMITTED,2023-03-07T15:26:00+00:00,2023-03-07T20:45:37+00:00,3806,USD,,false,TRI/SRC/events/01453
EV001454,PG,TRI_BILLING,TRI-R00798,SUBMITTED,2023-09-25T22:54:00+00:00,2023-09-26T06:21:34+00:00,15319,USD,,false,TRI/SRC/events/01454
EV001456,PG,TRI_BILLING,TRI-R00799,SUBMITTED,2022-07-19T22:32:00+00:00,2022-07-24T06:04:17+00:00,9609,USD,,false,TRI/SRC/events/01456
EV001457,PG,TRI_BILLING,,PAYMENT_POSTED,2022-08-08T22:06:00+00:00,2022-08-09T04:58:43+00:00,9609,USD,,false,TRI/SRC/events/01457
EV001458,PG,TRI_BILLING,TRI-R00800,SUBMITTED,2023-05-04T21:21:00+00:00,2023-05-06T00:42:37+00:00,30915,USD,,false,TRI/SRC/events/01458
EV001459,PG,TRI_BILLING,,PAYMENT_POSTED,2023-05-08T22:22:00+00:00,2023-05-09T03:59:49+00:00,30915,USD,,false,TRI/SRC/events/01459
EV001460,PG,TRI_BILLING,TRI-R00801,SUBMITTED,2023-05-01T21:42:00+00:00,2023-05-05T12:18:36+00:00,10169,USD,,false,TRI/SRC/events/01460
EV001461,PG,TRI_BILLING,TRI-R00802,SUBMITTED,2022-07-06T18:25:00+00:00,2022-07-12T09:29:59+00:00,46802,USD,,false,TRI/SRC/events/01461
EV001462,PG,TRI_BILLING,,PAYMENT_POSTED,2022-08-25T21:01:00+00:00,2022-08-26T01:24:49+00:00,46802,USD,,false,TRI/SRC/events/01462
EV001463,PG,TRI_BILLING,TRI-R00803,SUBMITTED,2023-06-26T19:37:00+00:00,2023-06-27T07:37:50+00:00,6539,USD,,false,TRI/SRC/events/01463
EV001464,PG,TRI_BILLING,,PAYMENT_POSTED,2023-07-19T17:17:00+00:00,2023-07-19T18:00:26+00:00,6539,USD,,false,TRI/SRC/events/01464
EV001465,PG,TRI_BILLING,TRI-R00804,SUBMITTED,2023-10-02T22:15:00+00:00,2023-10-03T08:58:21+00:00,6082,USD,,false,TRI/SRC/events/01465
EV001466,PG,TRI_BILLING,,PAYMENT_POSTED,2023-11-09T23:51:00+00:00,2023-11-11T11:16:15+00:00,6082,USD,,false,TRI/SRC/events/01466
EV001467,PG,TRI_BILLING,TRI-R00805,SUBMITTED,2022-11-04T22:35:00+00:00,2022-11-05T02:19:40+00:00,9075,USD,,false,TRI/SRC/events/01467
EV001468,PG,TRI_BILLING,,PAYMENT_POSTED,2022-11-17T16:07:00+00:00,2022-11-17T23:32:48+00:00,9075,USD,,false,TRI/SRC/events/01468
EV001469,PG,TRI_BILLING,TRI-R00806,SUBMITTED,2022-12-12T18:03:00+00:00,2022-12-16T02:05:29+00:00,29900,USD,,false,TRI/SRC/events/01469
EV001470,PG,TRI_BILLING,,PAYMENT_POSTED,2022-12-20T23:10:00+00:00,2022-12-21T02:46:30+00:00,29900,USD,,false,TRI/SRC/events/01470
EV001471,PG,TRI_BILLING,TRI-R00807,SUBMITTED,2023-06-06T18:29:00+00:00,2023-06-06T23:48:29+00:00,34549,USD,,false,TRI/SRC/events/01471
EV001472,PG,TRI_BILLING,,PAYMENT_POSTED,2023-07-18T22:59:00+00:00,2023-07-24T07:02:38+00:00,34549,USD,,false,TRI/SRC/events/01472
EV001473,PG,TRI_BILLING,TRI-R00808,SUBMITTED,2023-01-11T23:37:00+00:00,2023-01-12T07:25:12+00:00,11588,USD,,false,TRI/SRC/events/01473
EV001474,PG,TRI_BILLING,TRI-R00808,CLOSED_NO_PAYMENT,2023-03-30T20:45:00+00:00,2023-03-30T22:26:53+00:00,,,,true,TRI/SRC/events/01474
EV001475,PG,TRI_BILLING,TRI-R00809,SUBMITTED,2022-11-17T23:40:00+00:00,2022-11-18T02:21:21+00:00,16231,USD,,false,TRI/SRC/events/01475
EV001476,PG,TRI_BILLING,TRI-R00810,SUBMITTED,2023-03-30T15:37:00+00:00,2023-04-05T18:29:41+00:00,9000,USD,,false,TRI/SRC/events/01476
EV001477,PG,TRI_BILLING,,PAYMENT_POSTED,2023-04-20T18:42:00+00:00,2023-04-23T08:47:24+00:00,9000,USD,,false,TRI/SRC/events/01477
EV001478,PG,TRI_BILLING,TRI-R00811,SUBMITTED,2023-05-31T18:55:00+00:00,2023-06-01T15:13:18+00:00,14562,USD,,false,TRI/SRC/events/01478
EV001479,PG,TRI_BILLING,,PAYMENT_POSTED,2023-06-27T21:02:00+00:00,2023-06-27T23:14:52+00:00,14562,USD,,false,TRI/SRC/events/01479
EV001480,PG,TRI_BILLING,TRI-R00812,SUBMITTED,2023-01-31T15:30:00+00:00,2023-01-31T19:00:30+00:00,7119,USD,,false,TRI/SRC/events/01480
EV001481,PG,TRI_BILLING,,PAYMENT_POSTED,2023-02-13T16:34:00+00:00,2023-02-22T17:43:10+00:00,7119,USD,,false,TRI/SRC/events/01481
EV001482,PG,TRI_BILLING,TRI-R00813,SUBMITTED,2023-07-10T16:19:00+00:00,2023-07-10T18:34:51+00:00,13762,USD,,false,TRI/SRC/events/01482
EV001483,PG,TRI_BILLING,,PAYMENT_POSTED,2023-08-18T19:38:00+00:00,2023-08-19T01:49:53+00:00,13762,USD,,false,TRI/SRC/events/01483
EV001484,PG,TRI_BILLING,TRI-R00814,SUBMITTED,2023-04-20T21:51:00+00:00,2023-04-21T18:33:35+00:00,41236,USD,,false,TRI/SRC/events/01484
EV001485,PG,TRI_BILLING,,PAYMENT_POSTED,2023-05-17T16:23:00+00:00,2023-05-20T21:39:43+00:00,41236,USD,,false,TRI/SRC/events/01485
EV001486,PG,TRI_BILLING,TRI-R00815,SUBMITTED,2022-09-23T22:06:00+00:00,2022-10-04T20:59:06+00:00,34869,USD,,false,TRI/SRC/events/01486
EV001487,PG,TRI_BILLING,,PAYMENT_POSTED,2022-10-20T17:05:00+00:00,2022-10-20T23:12:26+00:00,34869,USD,,false,TRI/SRC/events/01487
EV001488,PG,TRI_BILLING,TRI-R00816,SUBMITTED,2023-05-10T21:32:00+00:00,2023-05-15T06:31:37+00:00,25027,USD,,false,TRI/SRC/events/01488
EV001489,PG,TRI_BILLING,,PAYMENT_POSTED,2023-05-29T18:49:00+00:00,2023-05-29T19:30:17+00:00,25027,USD,,false,TRI/SRC/events/01489
EV001490,PG,TRI_BILLING,TRI-R00817,SUBMITTED,2023-07-10T15:12:00+00:00,2023-07-10T20:17:33+00:00,23048,USD,,false,TRI/SRC/events/01490
EV001491,PG,TRI_BILLING,TRI-R00818,CORRECTED,2023-07-13T21:54:00+00:00,2023-07-14T05:35:13+00:00,23771,USD,,false,TRI/SRC/events/01491
EV001492,PG,TRI_BILLING,TRI-R00817,VOID_VERSION,2023-07-13T21:54:00+00:00,2023-07-14T01:44:57+00:00,23048,USD,,false,TRI/SRC/events/01492
EV001493,PG,TRI_BILLING,,PAYMENT_POSTED,2023-07-27T20:13:00+00:00,2023-07-29T12:29:30+00:00,23771,USD,,false,TRI/SRC/events/01493
EV001494,PG,TRI_BILLING,TRI-R00819,SUBMITTED,2023-05-03T21:31:00+00:00,2023-05-04T05:06:27+00:00,4266,USD,,false,TRI/SRC/events/01494
EV001495,PG,TRI_BILLING,,PAYMENT_POSTED,2023-05-19T21:06:00+00:00,2023-05-26T22:10:25+00:00,4266,USD,,false,TRI/SRC/events/01495
EV001496,PG,TRI_BILLING,TRI-R00820,SUBMITTED,2022-12-30T21:14:00+00:00,2023-01-06T17:00:04+00:00,40554,USD,,false,TRI/SRC/events/01496
EV001497,PG,TRI_BILLING,,PAYMENT_POSTED,2023-01-16T17:30:00+00:00,2023-01-20T17:40:58+00:00,40554,USD,,false,TRI/SRC/events/01497
EV001498,PG,TRI_BILLING,TRI-R00821,SUBMITTED,2023-09-25T16:39:00+00:00,2023-09-27T06:39:00+00:00,12457,USD,,false,TRI/SRC/events/01498
EV001499,PG,TRI_BILLING,TRI-R00822,SUBMITTED,2023-08-23T20:37:00+00:00,2023-08-26T21:40:12+00:00,29129,USD,,false,TRI/SRC/events/01499
EV001500,PG,TRI_BILLING,,PAYMENT_POSTED,2023-09-18T21:48:00+00:00,2023-09-22T22:27:59+00:00,29129,USD,,false,TRI/SRC/events/01500
EV001501,PG,TRI_BILLING,TRI-R00823,SUBMITTED,2022-07-19T22:04:00+00:00,2022-07-20T02:58:43+00:00,4008,USD,,false,TRI/SRC/events/01501
EV001502,PG,TRI_BILLING,,PAYMENT_POSTED,2022-08-15T15:51:00+00:00,2022-08-17T04:40:56+00:00,4008,USD,,false,TRI/SRC/events/01502
EV001503,PG,TRI_BILLING,TRI-R00824,SUBMITTED,2023-08-02T22:56:00+00:00,2023-08-03T05:46:28+00:00,29660,USD,,false,TRI/SRC/events/01503
EV001504,PG,TRI_BILLING,,PAYMENT_POSTED,2023-08-18T14:41:00+00:00,2023-08-20T03:11:43+00:00,29660,USD,,false,TRI/SRC/events/01504
EV001505,PG,TRI_BILLING,TRI-R00825,SUBMITTED,2023-05-01T16:31:00+00:00,2023-05-01T22:59:43+00:00,17886,USD,,false,TRI/SRC/events/01505
EV001506,PG,TRI_BILLING,TRI-R00826,SUBMITTED,2022-10-12T20:52:00+00:00,2022-10-15T11:43:12+00:00,6146,USD,,false,TRI/SRC/events/01506
EV001507,PG,TRI_BILLING,,PAYMENT_POSTED,2022-10-25T14:28:00+00:00,2022-11-15T15:28:00+00:00,6146,USD,,false,TRI/SRC/events/01507
EV001508,PG,TRI_BILLING,TRI-R00827,SUBMITTED,2023-02-23T17:23:00+00:00,2023-02-24T08:32:02+00:00,84256,USD,,false,TRI/SRC/events/01508
EV001509,PG,TRI_BILLING,,PAYMENT_POSTED,2023-03-07T16:26:00+00:00,2023-03-28T06:30:12+00:00,84256,USD,,false,TRI/SRC/events/01509
EV001510,PG,TRI_BILLING,TRI-R00828,SUBMITTED,2023-04-05T17:35:00+00:00,2023-04-13T21:30:40+00:00,91122,USD,,false,TRI/SRC/events/01510
EV001511,PG,TRI_BILLING,,PAYMENT_POSTED,2023-04-10T17:26:00+00:00,2023-04-11T01:24:17+00:00,91122,USD,,false,TRI/SRC/events/01511
EV001512,PG,TRI_BILLING,TRI-R00829,SUBMITTED,2022-10-21T21:54:00+00:00,2022-10-26T09:48:54+00:00,5854,USD,,false,TRI/SRC/events/01512
EV001513,PG,TRI_BILLING,,PAYMENT_POSTED,2022-11-03T21:27:00+00:00,2022-11-05T16:24:59+00:00,5854,USD,,false,TRI/SRC/events/01513
EV001514,PG,TRI_BILLING,TRI-R00830,SUBMITTED,2022-11-29T19:37:00+00:00,2022-11-30T02:28:12+00:00,9432,USD,,false,TRI/SRC/events/01514
EV001515,PG,TRI_BILLING,,PAYMENT_POSTED,2022-12-09T20:28:00+00:00,2022-12-10T04:27:45+00:00,9432,USD,,false,TRI/SRC/events/01515
EV001516,PG,TRI_BILLING,TRI-R00831,SUBMITTED,2022-11-28T17:53:00+00:00,2022-11-29T17:49:10+00:00,18536,USD,,false,TRI/SRC/events/01516
EV001517,PG,TRI_BILLING,TRI-R00832,SUBMITTED,2023-07-26T21:24:00+00:00,2023-07-27T01:29:47+00:00,12113,USD,,false,TRI/SRC/events/01517
EV001518,PG,TRI_BILLING,TRI-R00833,SUBMITTED,2022-11-21T16:49:00+00:00,2022-11-21T21:57:15+00:00,102356,USD,,false,TRI/SRC/events/01518
EV001519,PG,TRI_BILLING,TRI-R00834,CORRECTED,2022-12-01T23:09:00+00:00,2022-12-02T02:43:36+00:00,128609,USD,,false,TRI/SRC/events/01519
EV001520,PG,TRI_BILLING,TRI-R00833,VOID_VERSION,2022-12-01T23:09:00+00:00,2022-12-02T06:16:26+00:00,102356,USD,,false,TRI/SRC/events/01520
EV001521,PG,TRI_BILLING,,PAYMENT_POSTED,2022-11-29T21:09:00+00:00,2022-11-29T21:30:27+00:00,128609,USD,,false,TRI/SRC/events/01521
EV001522,PG,TRI_BILLING,TRI-R00835,SUBMITTED,2023-05-09T21:38:00+00:00,2023-05-09T22:06:04+00:00,7885,USD,,false,TRI/SRC/events/01522
EV001523,PG,TRI_BILLING,,PAYMENT_POSTED,2023-06-01T15:52:00+00:00,2023-06-05T01:55:37+00:00,7885,USD,,false,TRI/SRC/events/01523
EV001524,PG,TRI_BILLING,TRI-R00836,SUBMITTED,2023-03-23T15:58:00+00:00,2023-04-05T21:29:42+00:00,23028,USD,,false,TRI/SRC/events/01524
EV001525,PG,TRI_BILLING,,PAYMENT_POSTED,2023-04-03T21:19:00+00:00,2023-04-08T17:33:30+00:00,23028,USD,,false,TRI/SRC/events/01525
EV001526,PG,TRI_BILLING,TRI-R00837,SUBMITTED,2023-08-31T20:58:00+00:00,2023-09-03T00:21:44+00:00,3106,USD,,false,TRI/SRC/events/01526
EV001527,PG,TRI_BILLING,,PAYMENT_POSTED,2023-09-05T20:30:00+00:00,2023-09-06T03:35:46+00:00,3106,USD,,false,TRI/SRC/events/01527
EV001528,PG,TRI_BILLING,TRI-R00838,SUBMITTED,2022-10-28T18:48:00+00:00,2022-10-31T22:13:24+00:00,8561,USD,,false,TRI/SRC/events/01528
EV001529,PG,TRI_BILLING,TRI-R00839,CORRECTED,2022-11-01T17:23:00+00:00,2022-11-01T23:27:15+00:00,7968,USD,,false,TRI/SRC/events/01529
EV001530,PG,TRI_BILLING,TRI-R00838,VOID_VERSION,2022-11-01T17:23:00+00:00,2022-11-01T22:29:03+00:00,8561,USD,,false,TRI/SRC/events/01530
EV001531,PG,TRI_BILLING,,PAYMENT_POSTED,2022-11-01T22:01:00+00:00,2022-11-02T00:20:21+00:00,7968,USD,,false,TRI/SRC/events/01531
EV001532,PG,TRI_BILLING,TRI-R00840,SUBMITTED,2022-08-04T18:40:00+00:00,2022-08-05T01:04:27+00:00,2745,USD,,false,TRI/SRC/events/01532
EV001533,PG,TRI_BILLING,TRI-R00841,CORRECTED,2022-08-15T14:10:00+00:00,2022-08-15T18:18:40+00:00,3253,USD,,false,TRI/SRC/events/01533
EV001534,PG,TRI_BILLING,,PAYMENT_POSTED,2022-09-01T14:13:00+00:00,2022-11-22T03:11:46+00:00,3253,USD,,false,TRI/SRC/events/01534
EV001535,PG,TRI_BILLING,TRI-R00841,PAYMENT_REVERSED,2022-09-08T20:32:00+00:00,2022-09-09T03:57:05+00:00,1454,USD,EV001534,false,TRI/SRC/events/01535
EV001536,PG,TRI_BILLING,TRI-R00842,SUBMITTED,2023-08-22T16:54:00+00:00,2023-08-27T21:27:47+00:00,10011,USD,,false,TRI/SRC/events/01536
EV001537,PG,TRI_BILLING,,PAYMENT_POSTED,2023-08-30T16:04:00+00:00,2023-09-04T03:44:03+00:00,10011,USD,,false,TRI/SRC/events/01537
EV001538,PG,TRI_BILLING,TRI-R00843,SUBMITTED,2023-08-15T22:22:00+00:00,2023-08-15T22:55:02+00:00,34263,USD,,false,TRI/SRC/events/01538
EV001539,PG,TRI_BILLING,,PAYMENT_POSTED,2023-08-21T14:08:00+00:00,2023-08-23T00:01:20+00:00,34263,USD,,false,TRI/SRC/events/01539
EV001540,PG,TRI_BILLING,TRI-R00844,SUBMITTED,2023-07-07T15:44:00+00:00,2023-07-07T19:40:56+00:00,7356,USD,,false,TRI/SRC/events/01540
EV001541,PG,TRI_BILLING,TRI-R00845,CORRECTED,2023-07-17T16:34:00+00:00,2023-07-23T10:34:46+00:00,8408,USD,,false,TRI/SRC/events/01541
EV001542,PG,TRI_BILLING,,PAYMENT_POSTED,2023-08-15T21:27:00+00:00,2023-08-21T02:14:25+00:00,8408,USD,,false,TRI/SRC/events/01542
EV001543,PG,TRI_BILLING,TRI-R00846,SUBMITTED,2022-11-28T16:11:00+00:00,2022-11-28T22:49:01+00:00,2942,USD,,false,TRI/SRC/events/01543
EV001544,PG,TRI_BILLING,TRI-R00847,SUBMITTED,2023-05-22T19:46:00+00:00,2023-05-31T07:36:40+00:00,69531,USD,,false,TRI/SRC/events/01544
EV001545,PG,TRI_BILLING,,PAYMENT_POSTED,2023-05-29T18:45:00+00:00,2023-05-31T13:37:41+00:00,69531,USD,,false,TRI/SRC/events/01545
EV001546,PG,TRI_BILLING,TRI-R00848,SUBMITTED,2022-11-24T16:35:00+00:00,2022-11-27T06:52:53+00:00,79883,USD,,false,TRI/SRC/events/01546
EV001547,PG,TRI_BILLING,TRI-R00849,SUBMITTED,2022-11-09T16:53:00+00:00,2022-11-16T03:40:21+00:00,15371,USD,,false,TRI/SRC/events/01547
EV001548,PG,TRI_BILLING,,PAYMENT_POSTED,2022-12-12T17:23:00+00:00,2022-12-12T21:26:44+00:00,15371,USD,,false,TRI/SRC/events/01548
EV001549,PG,TRI_BILLING,TRI-R00850,SUBMITTED,2023-01-19T22:45:00+00:00,2023-01-20T01:15:51+00:00,72184,USD,,false,TRI/SRC/events/01549
EV001550,PG,TRI_BILLING,,PAYMENT_POSTED,2023-02-08T20:16:00+00:00,2023-02-09T00:28:36+00:00,72184,USD,,false,TRI/SRC/events/01550
EV001551,PG,TRI_BILLING,TRI-R00851,SUBMITTED,2023-01-18T21:11:00+00:00,2023-01-18T22:58:19+00:00,11217,USD,,false,TRI/SRC/events/01551
EV001552,PG,TRI_BILLING,TRI-R00852,SUBMITTED,2022-09-16T21:01:00+00:00,2022-09-19T12:43:16+00:00,5740,USD,,false,TRI/SRC/events/01552
EV001553,PG,TRI_BILLING,,PAYMENT_POSTED,2022-10-07T18:02:00+00:00,2022-10-07T23:32:29+00:00,5740,USD,,false,TRI/SRC/events/01553
EV001554,PG,TRI_BILLING,TRI-R00853,SUBMITTED,2023-04-17T15:11:00+00:00,2023-04-17T20:01:17+00:00,6543,USD,,false,TRI/SRC/events/01554
EV001555,PG,TRI_BILLING,TRI-R00854,SUBMITTED,2022-07-04T20:30:00+00:00,2022-07-04T20:55:39+00:00,32090,USD,,false,TRI/SRC/events/01555
EV001556,PG,TRI_BILLING,TRI-R00855,CORRECTED,2022-07-15T15:25:00+00:00,2022-07-16T20:46:22+00:00,39201,USD,,false,TRI/SRC/events/01556
EV001557,PG,TRI_BILLING,,PAYMENT_POSTED,2022-07-12T14:21:00+00:00,2022-07-15T19:06:22+00:00,39201,USD,,false,TRI/SRC/events/01557
EV001558,PG,TRI_BILLING,TRI-R00856,SUBMITTED,2023-06-28T17:02:00+00:00,2023-06-28T20:25:41+00:00,12514,USD,,false,TRI/SRC/events/01558
EV001559,PG,TRI_BILLING,,PAYMENT_POSTED,2023-07-03T19:29:00+00:00,2023-07-12T11:56:22+00:00,12514,USD,,false,TRI/SRC/events/01559
EV001560,PG,TRI_BILLING,TRI-R00857,SUBMITTED,2022-08-15T20:33:00+00:00,2022-08-16T03:15:45+00:00,8731,USD,,false,TRI/SRC/events/01560
EV001561,PG,TRI_BILLING,,PAYMENT_POSTED,2022-09-01T18:03:00+00:00,2022-09-01T20:26:25+00:00,8731,USD,,false,TRI/SRC/events/01561
EV001562,PG,TRI_BILLING,TRI-R00858,SUBMITTED,2022-09-15T20:46:00+00:00,2022-09-19T15:22:01+00:00,2500,USD,,false,TRI/SRC/events/01562
EV001563,PG,TRI_BILLING,,PAYMENT_POSTED,2022-10-17T22:12:00+00:00,2022-10-17T23:41:02+00:00,2500,USD,,false,TRI/SRC/events/01563
EV001564,PG,TRI_BILLING,TRI-R00859,SUBMITTED,2022-11-23T16:08:00+00:00,2022-11-23T22:25:05+00:00,5461,USD,,false,TRI/SRC/events/01564
EV001565,PG,TRI_BILLING,TRI-R00860,CORRECTED,2022-11-28T22:46:00+00:00,2022-11-29T02:51:20+00:00,6276,USD,,false,TRI/SRC/events/01565
EV001566,PG,TRI_BILLING,,PAYMENT_POSTED,2023-01-09T15:55:00+00:00,2023-01-11T06:44:45+00:00,6276,USD,,false,TRI/SRC/events/01566
EV001567,PG,TRI_BILLING,TRI-R00861,SUBMITTED,2022-11-23T15:25:00+00:00,2022-11-23T21:48:47+00:00,16598,USD,,false,TRI/SRC/events/01567
EV001568,PG,TRI_BILLING,TRI-R00862,SUBMITTED,2023-03-14T15:28:00+00:00,2023-03-14T22:05:19+00:00,16585,USD,,false,TRI/SRC/events/01568
EV001569,PG,TRI_BILLING,TRI-R00863,CORRECTED,2023-03-20T16:18:00+00:00,2023-03-20T17:05:45+00:00,20021,USD,,false,TRI/SRC/events/01569
EV001570,PG,TRI_BILLING,TRI-R00862,VOID_VERSION,2023-03-20T16:18:00+00:00,2023-03-20T23:22:09+00:00,16585,USD,,false,TRI/SRC/events/01570
EV001571,PG,TRI_BILLING,,PAYMENT_POSTED,2023-03-23T17:24:00+00:00,2023-03-23T22:02:34+00:00,20021,USD,,false,TRI/SRC/events/01571
EV001572,PG,TRI_BILLING,TRI-R00864,SUBMITTED,2022-11-02T20:52:00+00:00,2022-11-02T21:32:16+00:00,3009,USD,,false,TRI/SRC/events/01572
EV001573,PG,TRI_BILLING,,PAYMENT_POSTED,2022-11-21T18:51:00+00:00,2022-11-23T11:52:49+00:00,3009,USD,,false,TRI/SRC/events/01573
EV001574,PG,TRI_BILLING,TRI-R00865,SUBMITTED,2022-09-05T21:46:00+00:00,2022-09-06T01:41:14+00:00,36082,USD,,false,TRI/SRC/events/01574
EV001575,PG,TRI_BILLING,,PAYMENT_POSTED,2022-10-13T18:33:00+00:00,2022-10-18T09:42:42+00:00,36082,USD,,false,TRI/SRC/events/01575
EV001576,PG,TRI_BILLING,TRI-R00866,SUBMITTED,2023-05-04T21:47:00+00:00,2023-05-10T07:12:04+00:00,13605,USD,,false,TRI/SRC/events/01576
EV001577,PG,TRI_BILLING,,PAYMENT_POSTED,2023-05-10T17:47:00+00:00,2023-05-10T18:05:14+00:00,13605,USD,,false,TRI/SRC/events/01577
EV001578,PG,TRI_BILLING,TRI-R00867,SUBMITTED,2023-04-27T19:40:00+00:00,2023-04-28T04:02:12+00:00,29572,USD,,false,TRI/SRC/events/01578
EV001579,PG,TRI_BILLING,,PAYMENT_POSTED,2023-05-29T19:40:00+00:00,2023-06-01T13:42:35+00:00,29572,USD,,false,TRI/SRC/events/01579
EV001580,PG,TRI_BILLING,TRI-R00868,SUBMITTED,2022-10-03T18:35:00+00:00,2022-10-13T22:42:24+00:00,36765,USD,,false,TRI/SRC/events/01580
EV001581,PG,TRI_BILLING,,PAYMENT_POSTED,2022-10-31T17:05:00+00:00,2022-11-01T00:27:34+00:00,36765,USD,,false,TRI/SRC/events/01581
EV001582,PG,TRI_BILLING,TRI-R00869,SUBMITTED,2023-03-22T21:54:00+00:00,2023-03-23T02:02:30+00:00,23724,USD,,false,TRI/SRC/events/01582
EV001583,PG,TRI_BILLING,TRI-R00870,CORRECTED,2023-03-30T22:24:00+00:00,2023-03-31T05:31:05+00:00,24672,USD,,false,TRI/SRC/events/01583
EV001584,PG,TRI_BILLING,TRI-R00869,VOID_VERSION,2023-03-30T22:24:00+00:00,2023-03-31T01:02:19+00:00,23724,USD,,false,TRI/SRC/events/01584
EV001585,PG,TRI_BILLING,,PAYMENT_POSTED,2023-04-03T17:08:00+00:00,2023-04-03T20:59:57+00:00,24672,USD,,false,TRI/SRC/events/01585
EV001586,PG,TRI_BILLING,TRI-R00871,SUBMITTED,2022-07-11T14:33:00+00:00,2022-07-11T19:06:45+00:00,23581,USD,,false,TRI/SRC/events/01586
EV001587,PG,TRI_BILLING,,PAYMENT_POSTED,2022-07-25T22:32:00+00:00,2022-07-31T22:32:05+00:00,23581,USD,,false,TRI/SRC/events/01587
EV001588,PG,TRI_BILLING,TRI-R00872,SUBMITTED,2023-07-05T17:29:00+00:00,2023-07-10T17:02:41+00:00,11904,USD,,false,TRI/SRC/events/01588
EV001589,PG,TRI_BILLING,TRI-R00873,CORRECTED,2023-07-14T16:24:00+00:00,2023-07-17T17:46:46+00:00,13690,USD,,false,TRI/SRC/events/01589
EV001590,PG,TRI_BILLING,TRI-R00872,VOID_VERSION,2023-07-14T16:24:00+00:00,2023-07-14T20:27:28+00:00,11904,USD,,false,TRI/SRC/events/01590
EV001591,PG,TRI_BILLING,TRI-R00874,SUBMITTED,2022-11-02T19:27:00+00:00,2022-11-02T21:37:20+00:00,7536,USD,,false,TRI/SRC/events/01591
EV001592,PG,TRI_BILLING,,PAYMENT_POSTED,2022-11-14T18:58:00+00:00,2022-11-17T08:55:08+00:00,7536,USD,,false,TRI/SRC/events/01592
EV001593,PG,TRI_BILLING,TRI-R00875,SUBMITTED,2022-11-10T17:27:00+00:00,2022-11-17T20:17:02+00:00,20840,USD,,false,TRI/SRC/events/01593
EV001594,PG,TRI_BILLING,,PAYMENT_POSTED,2022-11-28T19:48:00+00:00,2022-11-29T14:31:12+00:00,20840,USD,,false,TRI/SRC/events/01594
EV001595,PG,TRI_BILLING,TRI-R00876,SUBMITTED,2023-04-24T17:14:00+00:00,2023-04-24T19:27:22+00:00,11084,USD,,false,TRI/SRC/events/01595
EV001596,PG,TRI_BILLING,,PAYMENT_POSTED,2023-07-17T17:05:00+00:00,2023-07-19T02:29:33+00:00,11084,USD,,false,TRI/SRC/events/01596
EV001597,PG,TRI_BILLING,TRI-R00877,SUBMITTED,2023-03-24T14:58:00+00:00,2023-04-01T13:49:37+00:00,338505,USD,,false,TRI/SRC/events/01597
EV001598,PG,TRI_BILLING,,PAYMENT_POSTED,2023-04-03T20:12:00+00:00,2023-04-04T02:22:26+00:00,338505,USD,,false,TRI/SRC/events/01598
EV001599,PG,TRI_BILLING,TRI-R00878,SUBMITTED,2023-04-20T15:52:00+00:00,2023-04-20T20:35:43+00:00,11358,USD,,false,TRI/SRC/events/01599
EV001600,PG,TRI_BILLING,,PAYMENT_POSTED,2023-04-26T17:46:00+00:00,2023-04-26T23:47:45+00:00,11358,USD,,false,TRI/SRC/events/01600
EV001601,PG,TRI_BILLING,TRI-R00879,SUBMITTED,2022-07-29T18:27:00+00:00,2022-07-31T06:42:04+00:00,4444,USD,,false,TRI/SRC/events/01601
EV001602,PG,TRI_BILLING,TRI-R00880,CORRECTED,2022-08-03T18:03:00+00:00,2022-08-03T19:16:43+00:00,5685,USD,,false,TRI/SRC/events/01602
EV001603,PG,TRI_BILLING,TRI-R00879,VOID_VERSION,2022-08-03T18:03:00+00:00,2022-08-09T22:29:11+00:00,4444,USD,,false,TRI/SRC/events/01603
EV001604,PG,TRI_BILLING,,PAYMENT_POSTED,2022-08-16T20:07:00+00:00,2022-08-24T05:58:49+00:00,5685,USD,,false,TRI/SRC/events/01604
EV001605,PG,TRI_BILLING,TRI-R00881,SUBMITTED,2022-07-07T19:28:00+00:00,2022-07-07T20:03:53+00:00,7961,USD,,false,TRI/SRC/events/01605
EV001606,PG,TRI_BILLING,,PAYMENT_POSTED,2022-08-09T21:24:00+00:00,2022-08-16T08:12:08+00:00,7961,USD,,false,TRI/SRC/events/01606
EV001607,PG,TRI_BILLING,TRI-R00882,SUBMITTED,2022-11-28T18:40:00+00:00,2022-11-29T00:19:02+00:00,36239,USD,,false,TRI/SRC/events/01607
EV001608,PG,TRI_BILLING,,PAYMENT_POSTED,2022-12-05T23:37:00+00:00,2022-12-10T12:02:17+00:00,36239,USD,,false,TRI/SRC/events/01608
EV001609,PG,TRI_BILLING,TRI-R00883,SUBMITTED,2022-10-24T15:40:00+00:00,2022-10-25T10:55:42+00:00,31299,USD,,false,TRI/SRC/events/01609
EV001610,PG,TRI_BILLING,,PAYMENT_POSTED,2022-11-11T17:17:00+00:00,2022-11-11T19:36:14+00:00,31299,USD,,false,TRI/SRC/events/01610
EV001611,PG,NDX_BILLING,NDX-R00884,SUBMITTED,2023-02-20T17:27:00+00:00,2023-02-22T00:05:27+00:00,15469,USD,,false,NDX/SRC/events/01611
EV001612,PG,NDX_BILLING,,PAYMENT_POSTED,2023-03-09T19:08:00+00:00,2023-03-09T20:40:29+00:00,15469,USD,,false,NDX/SRC/events/01612
EV001613,PG,NDX_BILLING,NDX-R00885,SUBMITTED,2023-05-19T13:29:00+00:00,2023-05-20T14:39:12+00:00,25105,USD,,false,NDX/SRC/events/01613
EV001614,PG,NDX_BILLING,,PAYMENT_POSTED,2023-06-02T19:12:00+00:00,2023-08-28T19:04:00+00:00,25105,USD,,false,NDX/SRC/events/01614
EV001615,PG,NDX_BILLING,NDX-R00886,SUBMITTED,2023-01-30T14:26:00+00:00,2023-02-01T09:30:12+00:00,18324,USD,,false,NDX/SRC/events/01615
EV001616,PG,NDX_BILLING,,PAYMENT_POSTED,2023-02-20T19:42:00+00:00,2023-03-07T16:22:56+00:00,18324,USD,,false,NDX/SRC/events/01616
EV001617,PG,NDX_BILLING,NDX-R00887,SUBMITTED,2023-03-08T17:49:00+00:00,2023-03-12T11:27:23+00:00,12261,USD,,false,NDX/SRC/events/01617
EV001618,PG,NDX_BILLING,,PAYMENT_POSTED,2023-04-24T15:51:00+00:00,2023-04-24T21:20:10+00:00,12261,USD,,false,NDX/SRC/events/01618
EV001619,PG,NDX_BILLING,NDX-R00888,SUBMITTED,2022-10-03T16:47:00+00:00,2022-10-03T18:35:14+00:00,3404,USD,,false,NDX/SRC/events/01619
EV001620,PG,NDX_BILLING,,PAYMENT_POSTED,2022-10-28T20:40:00+00:00,2022-10-30T12:19:37+00:00,3404,USD,,false,NDX/SRC/events/01620
EV001621,PG,NDX_BILLING,NDX-R00889,SUBMITTED,2023-03-14T16:10:00+00:00,2023-03-17T14:21:48+00:00,6980,USD,,false,NDX/SRC/events/01621
EV001622,PG,NDX_BILLING,,PAYMENT_POSTED,2023-04-05T20:55:00+00:00,2023-04-08T00:37:35+00:00,6980,USD,,false,NDX/SRC/events/01622
EV001623,PG,NDX_BILLING,NDX-R00890,SUBMITTED,2023-05-22T12:01:00+00:00,2023-05-22T19:01:11+00:00,7751,USD,,false,NDX/SRC/events/01623
EV001624,PG,NDX_BILLING,NDX-R00890,CLOSED_NO_PAYMENT,2023-06-23T12:11:00+00:00,2023-06-23T16:36:41+00:00,,,,true,NDX/SRC/events/01624
EV001625,PG,NDX_BILLING,NDX-R00891,SUBMITTED,2023-03-14T20:54:00+00:00,2023-03-14T22:12:41+00:00,20279,USD,,false,NDX/SRC/events/01625
EV001626,PG,NDX_BILLING,,PAYMENT_POSTED,2023-04-03T17:13:00+00:00,2023-04-03T21:21:56+00:00,20279,USD,,false,NDX/SRC/events/01626
EV001627,PG,NDX_BILLING,NDX-R00892,SUBMITTED,2023-05-12T20:44:00+00:00,2023-05-12T23:20:44+00:00,4554,USD,,false,NDX/SRC/events/01627
EV001628,PG,NDX_BILLING,,PAYMENT_POSTED,2023-05-31T13:48:00+00:00,2023-05-31T16:49:05+00:00,4554,USD,,false,NDX/SRC/events/01628
EV001629,PG,NDX_BILLING,NDX-R00893,SUBMITTED,2023-07-17T19:08:00+00:00,2023-07-18T02:34:56+00:00,58600,USD,,false,NDX/SRC/events/01629
EV001630,PG,NDX_BILLING,NDX-R00893,CLOSED_NO_PAYMENT,2023-10-02T13:29:00+00:00,2023-10-02T18:01:09+00:00,,,,true,NDX/SRC/events/01630
EV001631,PG,NDX_BILLING,NDX-R00894,SUBMITTED,2023-04-21T18:50:00+00:00,2023-04-21T22:17:24+00:00,38423,USD,,false,NDX/SRC/events/01631
EV001632,PG,NDX_BILLING,,PAYMENT_POSTED,2023-05-10T19:43:00+00:00,2023-05-13T04:49:11+00:00,38423,USD,,false,NDX/SRC/events/01632
EV001633,PG,NDX_BILLING,NDX-R00895,SUBMITTED,2022-10-07T13:40:00+00:00,2022-10-09T17:38:31+00:00,3661,USD,,false,NDX/SRC/events/01633
EV001634,PG,NDX_BILLING,,PAYMENT_POSTED,2022-11-15T15:04:00+00:00,2022-11-16T04:45:25+00:00,3661,USD,,false,NDX/SRC/events/01634
EV001635,PG,NDX_BILLING,NDX-R00896,SUBMITTED,2023-01-23T15:35:00+00:00,2023-01-26T18:41:01+00:00,10388,USD,,false,NDX/SRC/events/01635
EV001636,PG,NDX_BILLING,,PAYMENT_POSTED,2023-02-03T21:56:00+00:00,2023-02-07T07:43:38+00:00,10388,USD,,false,NDX/SRC/events/01636
EV001637,PG,NDX_BILLING,NDX-R00897,SUBMITTED,2023-09-11T15:08:00+00:00,2023-09-12T21:22:23+00:00,3281,USD,,false,NDX/SRC/events/01637
EV001638,PG,NDX_BILLING,,PAYMENT_POSTED,2023-10-02T15:28:00+00:00,2023-10-08T22:48:56+00:00,3281,USD,,false,NDX/SRC/events/01638
EV001639,PG,NDX_BILLING,NDX-R00898,SUBMITTED,2023-09-11T19:51:00+00:00,2023-09-13T13:51:06+00:00,11578,USD,,false,NDX/SRC/events/01639
EV001640,PG,NDX_BILLING,NDX-R00899,SUBMITTED,2023-09-18T18:23:00+00:00,2023-09-19T00:57:12+00:00,13634,USD,,false,NDX/SRC/events/01640
EV001641,PG,NDX_BILLING,,PAYMENT_POSTED,2023-10-02T18:12:00+00:00,2023-10-03T08:22:23+00:00,13634,USD,,false,NDX/SRC/events/01641
EV001642,PG,NDX_BILLING,NDX-R00900,SUBMITTED,2022-12-08T19:08:00+00:00,2022-12-08T22:08:57+00:00,16742,USD,,false,NDX/SRC/events/01642
EV001643,PG,NDX_BILLING,,PAYMENT_POSTED,2022-12-15T13:55:00+00:00,2022-12-18T18:28:15+00:00,16742,USD,,false,NDX/SRC/events/01643
EV001644,PG,NDX_BILLING,NDX-R00901,SUBMITTED,2023-04-10T14:27:00+00:00,2023-04-22T05:26:50+00:00,78382,USD,,false,NDX/SRC/events/01644
EV001645,PG,NDX_BILLING,,PAYMENT_POSTED,2023-10-23T17:54:00+00:00,2023-10-24T19:00:42+00:00,78382,USD,,false,NDX/SRC/events/01645
EV001646,PG,NDX_BILLING,NDX-R00902,SUBMITTED,2022-07-28T18:10:00+00:00,2022-08-01T01:26:29+00:00,6308,USD,,false,NDX/SRC/events/01646
EV001647,PG,NDX_BILLING,NDX-R00902,CLOSED_NO_PAYMENT,2022-09-26T18:53:00+00:00,2022-09-26T20:21:47+00:00,,,,true,NDX/SRC/events/01647
EV001648,PG,NDX_BILLING,NDX-R00903,SUBMITTED,2022-12-06T17:13:00+00:00,2022-12-08T20:26:43+00:00,12558,USD,,false,NDX/SRC/events/01648
EV001649,PG,NDX_BILLING,,PAYMENT_POSTED,2022-12-16T21:25:00+00:00,2022-12-16T23:38:03+00:00,12558,USD,,false,NDX/SRC/events/01649
EV001650,PG,NDX_BILLING,NDX-R00904,SUBMITTED,2022-08-08T12:39:00+00:00,2022-08-10T02:59:49+00:00,7100,USD,,false,NDX/SRC/events/01650
EV001651,PG,NDX_BILLING,,PAYMENT_POSTED,2022-09-01T17:51:00+00:00,2022-09-08T09:03:12+00:00,7100,USD,,false,NDX/SRC/events/01651
EV001652,PG,NDX_BILLING,NDX-R00905,SUBMITTED,2023-04-03T18:39:00+00:00,2023-04-10T22:20:21+00:00,10881,USD,,false,NDX/SRC/events/01652
EV001653,PG,NDX_BILLING,,PAYMENT_POSTED,2023-04-21T20:46:00+00:00,2023-04-22T02:59:31+00:00,10881,USD,,false,NDX/SRC/events/01653
EV001654,PG,NDX_BILLING,NDX-R00906,SUBMITTED,2023-07-17T13:41:00+00:00,2023-07-23T05:24:02+00:00,11160,USD,,false,NDX/SRC/events/01654
EV001655,PG,NDX_BILLING,,PAYMENT_POSTED,2023-08-07T13:09:00+00:00,2023-08-07T13:42:06+00:00,11160,USD,,false,NDX/SRC/events/01655
EV001656,PG,NDX_BILLING,NDX-R00907,SUBMITTED,2022-08-26T14:13:00+00:00,2022-08-29T22:04:54+00:00,5194,USD,,false,NDX/SRC/events/01656
EV001657,PG,NDX_BILLING,NDX-R00907,CLOSED_NO_PAYMENT,2022-11-28T18:19:00+00:00,2022-11-28T19:10:27+00:00,,,,true,NDX/SRC/events/01657
EV001658,PG,NDX_BILLING,NDX-R00908,SUBMITTED,2023-03-23T12:12:00+00:00,2023-03-29T02:37:57+00:00,29369,USD,,false,NDX/SRC/events/01658
EV001659,PG,NDX_BILLING,NDX-R00908,CLOSED_NO_PAYMENT,2023-05-01T17:06:00+00:00,2023-05-01T20:13:04+00:00,,,,true,NDX/SRC/events/01659
EV001660,PG,NDX_BILLING,NDX-R00909,SUBMITTED,2023-02-13T16:17:00+00:00,2023-02-15T11:21:34+00:00,5776,USD,,false,NDX/SRC/events/01660
EV001661,PG,NDX_BILLING,,PAYMENT_POSTED,2023-02-23T15:08:00+00:00,2023-02-26T18:32:48+00:00,5776,USD,,false,NDX/SRC/events/01661
EV001662,PG,NDX_BILLING,NDX-R00910,SUBMITTED,2023-03-02T21:37:00+00:00,2023-03-03T03:40:43+00:00,3532,USD,,false,NDX/SRC/events/01662
EV001663,PG,NDX_BILLING,NDX-R00911,CORRECTED,2023-03-08T13:08:00+00:00,2023-03-29T12:08:00+00:00,4504,USD,,false,NDX/SRC/events/01663
EV001664,PG,NDX_BILLING,,PAYMENT_POSTED,2023-03-08T14:56:00+00:00,2023-03-08T15:31:37+00:00,4504,USD,,false,NDX/SRC/events/01664
EV001665,PG,NDX_BILLING,NDX-R00912,SUBMITTED,2023-03-03T14:46:00+00:00,2023-03-06T06:59:10+00:00,50602,USD,,false,NDX/SRC/events/01665
EV001666,PG,NDX_BILLING,,PAYMENT_POSTED,2023-03-30T15:26:00+00:00,2023-04-01T05:04:26+00:00,50602,USD,,false,NDX/SRC/events/01666
EV001667,PG,NDX_BILLING,NDX-R00913,SUBMITTED,2023-03-03T21:49:00+00:00,2023-03-05T11:05:58+00:00,8341,USD,,false,NDX/SRC/events/01667
EV001668,PG,NDX_BILLING,NDX-R00914,SUBMITTED,2023-02-15T19:17:00+00:00,2023-02-17T05:41:51+00:00,22351,USD,,false,NDX/SRC/events/01668
EV001669,PG,NDX_BILLING,,PAYMENT_POSTED,2023-03-30T20:47:00+00:00,2023-03-30T22:37:29+00:00,22351,USD,,false,NDX/SRC/events/01669
EV001670,PG,NDX_BILLING,NDX-R00915,SUBMITTED,2022-10-17T19:49:00+00:00,2022-10-18T03:10:22+00:00,23464,USD,,false,NDX/SRC/events/01670
EV001671,PG,NDX_BILLING,,PAYMENT_POSTED,2022-11-11T15:11:00+00:00,2022-11-11T18:50:08+00:00,23464,USD,,false,NDX/SRC/events/01671
EV001672,PG,NDX_BILLING,NDX-R00916,SUBMITTED,2022-11-08T21:22:00+00:00,2022-11-09T03:50:58+00:00,47241,USD,,false,NDX/SRC/events/01672
EV001673,PG,NDX_BILLING,,PAYMENT_POSTED,2022-11-28T13:19:00+00:00,2022-11-28T16:57:46+00:00,47241,USD,,false,NDX/SRC/events/01673
EV001674,PG,NDX_BILLING,NDX-R00917,SUBMITTED,2022-09-05T15:45:00+00:00,2022-09-05T22:35:07+00:00,87689,USD,,false,NDX/SRC/events/01674
EV001675,PG,NDX_BILLING,,PAYMENT_POSTED,2022-10-03T15:50:00+00:00,2022-10-03T23:22:02+00:00,87689,USD,,false,NDX/SRC/events/01675
EV001676,PG,NDX_BILLING,NDX-R00918,SUBMITTED,2023-08-31T19:33:00+00:00,2023-09-05T12:02:58+00:00,13621,USD,,false,NDX/SRC/events/01676
EV001677,PG,NDX_BILLING,,PAYMENT_POSTED,2023-09-15T18:40:00+00:00,2023-09-21T10:04:24+00:00,13621,USD,,false,NDX/SRC/events/01677
EV001678,PG,NDX_BILLING,NDX-R00919,SUBMITTED,2023-03-06T18:27:00+00:00,2023-03-06T21:41:38+00:00,6527,USD,,false,NDX/SRC/events/01678
EV001679,PG,NDX_BILLING,,PAYMENT_POSTED,2023-03-17T14:52:00+00:00,2023-03-23T16:38:53+00:00,6527,USD,,false,NDX/SRC/events/01679
EV001680,PG,NDX_BILLING,NDX-R00920,SUBMITTED,2023-06-23T15:14:00+00:00,2023-08-13T22:21:59+00:00,60240,USD,,false,NDX/SRC/events/01680
EV001681,PG,NDX_BILLING,,PAYMENT_POSTED,2023-09-15T18:15:00+00:00,2023-09-15T18:40:05+00:00,60240,USD,,false,NDX/SRC/events/01681
EV001682,PG,NDX_BILLING,NDX-R00921,SUBMITTED,2023-05-19T20:00:00+00:00,2023-05-21T14:14:54+00:00,23170,USD,,false,NDX/SRC/events/01682
EV001683,PG,NDX_BILLING,,PAYMENT_POSTED,2023-06-05T19:42:00+00:00,2023-06-06T21:20:49+00:00,23170,USD,,false,NDX/SRC/events/01683
EV001684,PG,NDX_BILLING,NDX-R00922,SUBMITTED,2023-08-28T18:47:00+00:00,2023-08-29T05:02:19+00:00,102523,USD,,false,NDX/SRC/events/01684
EV001685,PG,NDX_BILLING,NDX-R00923,CORRECTED,2023-09-04T18:26:00+00:00,2023-09-17T09:26:42+00:00,87829,USD,,false,NDX/SRC/events/01685
EV001686,PG,NDX_BILLING,,PAYMENT_POSTED,2023-09-26T20:10:00+00:00,2023-10-04T11:04:27+00:00,87829,USD,,false,NDX/SRC/events/01686
EV001687,PG,NDX_BILLING,NDX-R00924,SUBMITTED,2023-09-04T17:30:00+00:00,2023-09-04T22:19:50+00:00,30289,USD,,false,NDX/SRC/events/01687
EV001688,PG,NDX_BILLING,,PAYMENT_POSTED,2023-09-25T19:44:00+00:00,2023-10-03T00:02:08+00:00,30289,USD,,false,NDX/SRC/events/01688
EV001689,PG,NDX_BILLING,NDX-R00925,SUBMITTED,2022-08-31T13:07:00+00:00,2022-09-08T11:03:14+00:00,9347,USD,,false,NDX/SRC/events/01689
EV001690,PG,NDX_BILLING,,PAYMENT_POSTED,2022-10-07T16:34:00+00:00,2022-10-07T23:18:28+00:00,9347,USD,,false,NDX/SRC/events/01690
EV001691,PG,NDX_BILLING,NDX-R00926,SUBMITTED,2022-09-28T18:04:00+00:00,2022-09-29T00:03:08+00:00,5068,USD,,false,NDX/SRC/events/01691
EV001692,PG,NDX_BILLING,,PAYMENT_POSTED,2022-10-24T17:31:00+00:00,2022-12-29T13:39:29+00:00,5068,USD,,false,NDX/SRC/events/01692
EV001693,PG,NDX_BILLING,NDX-R00927,SUBMITTED,2022-11-22T13:05:00+00:00,2022-11-22T17:39:16+00:00,12125,USD,,false,NDX/SRC/events/01693
EV001694,PG,NDX_BILLING,,PAYMENT_POSTED,2022-11-30T18:29:00+00:00,2022-12-04T12:23:16+00:00,12125,USD,,false,NDX/SRC/events/01694
EV001695,PG,NDX_BILLING,NDX-R00928,SUBMITTED,2023-05-15T18:07:00+00:00,2023-05-31T07:34:55+00:00,52905,USD,,false,NDX/SRC/events/01695
EV001696,PG,NDX_BILLING,,PAYMENT_POSTED,2023-05-29T17:57:00+00:00,2023-05-29T23:49:16+00:00,52905,USD,,false,NDX/SRC/events/01696
EV001697,PG,NDX_BILLING,NDX-R00929,SUBMITTED,2023-05-22T16:14:00+00:00,2023-05-23T05:35:24+00:00,22581,USD,,false,NDX/SRC/events/01697
EV001698,PG,NDX_BILLING,NDX-R00930,SUBMITTED,2022-12-16T19:47:00+00:00,2022-12-17T13:25:03+00:00,103717,USD,,false,NDX/SRC/events/01698
EV001699,PG,NDX_BILLING,NDX-R00931,SUBMITTED,2022-07-18T13:27:00+00:00,2022-08-08T13:27:00+00:00,18265,USD,,false,NDX/SRC/events/01699
EV001700,PG,NDX_BILLING,,PAYMENT_POSTED,2022-07-29T14:52:00+00:00,2022-07-29T21:12:28+00:00,18265,USD,,false,NDX/SRC/events/01700
EV001701,PG,NDX_BILLING,NDX-R00932,SUBMITTED,2023-04-03T14:37:00+00:00,2023-04-08T00:56:25+00:00,3779,USD,,false,NDX/SRC/events/01701
EV001702,PG,NDX_BILLING,,PAYMENT_POSTED,2023-04-17T18:41:00+00:00,2023-04-18T01:40:41+00:00,3779,USD,,false,NDX/SRC/events/01702
EV001703,PG,NDX_BILLING,NDX-R00933,SUBMITTED,2022-09-12T13:32:00+00:00,2022-09-12T15:48:07+00:00,3706,USD,,false,NDX/SRC/events/01703
EV001704,PG,NDX_BILLING,,PAYMENT_POSTED,2022-09-26T17:57:00+00:00,2022-09-28T19:34:16+00:00,3706,USD,,false,NDX/SRC/events/01704
EV001705,PG,NDX_BILLING,NDX-R00934,SUBMITTED,2022-08-08T18:22:00+00:00,2022-08-08T23:24:26+00:00,70015,USD,,false,NDX/SRC/events/01705
EV001706,PG,NDX_BILLING,,PAYMENT_POSTED,2022-09-19T14:19:00+00:00,2022-09-19T21:45:19+00:00,70015,USD,,false,NDX/SRC/events/01706
EV001707,PG,NDX_BILLING,NDX-R00935,SUBMITTED,2023-05-05T12:04:00+00:00,2023-05-06T22:15:50+00:00,3884,USD,,false,NDX/SRC/events/01707
EV001708,PG,NDX_BILLING,,PAYMENT_POSTED,2023-06-20T20:25:00+00:00,2023-07-11T20:25:00+00:00,3884,USD,,false,NDX/SRC/events/01708
EV001709,PG,NDX_BILLING,NDX-R00936,SUBMITTED,2022-12-30T15:37:00+00:00,2023-01-03T21:23:28+00:00,9489,USD,,false,NDX/SRC/events/01709
EV001710,PG,NDX_BILLING,,PAYMENT_POSTED,2023-01-25T14:55:00+00:00,2023-01-25T18:26:42+00:00,9489,USD,,false,NDX/SRC/events/01710
EV001711,PG,NDX_BILLING,NDX-R00937,SUBMITTED,2023-03-02T15:26:00+00:00,2023-03-02T20:09:51+00:00,127580,USD,,false,NDX/SRC/events/01711
EV001712,PG,NDX_BILLING,,PAYMENT_POSTED,2023-03-14T14:56:00+00:00,2023-03-14T17:35:48+00:00,127580,USD,,false,NDX/SRC/events/01712
EV001713,PG,NDX_BILLING,NDX-R00938,SUBMITTED,2022-12-21T21:27:00+00:00,2022-12-22T10:47:27+00:00,75341,USD,,false,NDX/SRC/events/01713
EV001714,PG,NDX_BILLING,,PAYMENT_POSTED,2023-01-02T20:30:00+00:00,2023-01-06T07:00:17+00:00,75341,USD,,false,NDX/SRC/events/01714
EV001715,PG,NDX_BILLING,NDX-R00939,SUBMITTED,2022-10-21T16:06:00+00:00,2022-10-24T08:52:59+00:00,7925,USD,,false,NDX/SRC/events/01715
EV001716,PG,NDX_BILLING,,PAYMENT_POSTED,2022-11-08T20:39:00+00:00,2022-11-09T21:46:38+00:00,7925,USD,,false,NDX/SRC/events/01716
EV001717,PG,NDX_BILLING,NDX-R00940,SUBMITTED,2023-03-17T18:52:00+00:00,2023-03-17T23:07:18+00:00,260454,USD,,false,NDX/SRC/events/01717
EV001718,PG,NDX_BILLING,NDX-R00941,SUBMITTED,2023-08-29T13:11:00+00:00,2023-08-30T21:22:13+00:00,39437,USD,,false,NDX/SRC/events/01718
EV001719,PG,NDX_BILLING,,PAYMENT_POSTED,2023-09-05T17:16:00+00:00,2023-09-07T19:29:47+00:00,39437,USD,,false,NDX/SRC/events/01719
EV001720,PG,NDX_BILLING,NDX-R00942,SUBMITTED,2023-05-23T17:57:00+00:00,2023-05-23T18:36:38+00:00,28749,USD,,false,NDX/SRC/events/01720
EV001721,PG,NDX_BILLING,,PAYMENT_POSTED,2023-07-11T18:16:00+00:00,2023-07-14T22:37:13+00:00,28749,USD,,false,NDX/SRC/events/01721
EV001722,PG,NDX_BILLING,NDX-R00943,SUBMITTED,2023-04-13T18:18:00+00:00,2023-04-13T21:41:23+00:00,57036,USD,,false,NDX/SRC/events/01722
EV001723,PG,NDX_BILLING,,PAYMENT_POSTED,2023-05-08T14:56:00+00:00,2023-05-08T22:42:22+00:00,57036,USD,,false,NDX/SRC/events/01723
EV001724,PG,NDX_BILLING,NDX-R00944,SUBMITTED,2022-07-01T18:06:00+00:00,2022-07-02T00:06:13+00:00,3890,USD,,false,NDX/SRC/events/01724
EV001725,PG,NDX_BILLING,,PAYMENT_POSTED,2022-11-22T15:26:00+00:00,2022-11-26T01:47:15+00:00,3890,USD,,false,NDX/SRC/events/01725
EV001726,PG,NDX_BILLING,NDX-R00945,SUBMITTED,2023-01-27T21:49:00+00:00,2023-01-28T03:32:09+00:00,66093,USD,,false,NDX/SRC/events/01726
EV001727,PG,NDX_BILLING,,PAYMENT_POSTED,2023-01-30T16:01:00+00:00,2023-01-31T17:35:54+00:00,66093,USD,,false,NDX/SRC/events/01727
EV001728,PG,NDX_BILLING,NDX-R00946,SUBMITTED,2023-06-26T19:07:00+00:00,2023-06-26T19:16:59+00:00,5671,USD,,false,NDX/SRC/events/01728
EV001729,PG,NDX_BILLING,,PAYMENT_POSTED,2023-07-20T15:20:00+00:00,2023-08-02T16:42:19+00:00,5671,USD,,false,NDX/SRC/events/01729
EV001730,PG,NDX_BILLING,NDX-R00947,SUBMITTED,2023-01-13T21:34:00+00:00,2023-01-20T23:37:52+00:00,41452,USD,,false,NDX/SRC/events/01730
EV001731,PG,NDX_BILLING,,PAYMENT_POSTED,2023-01-25T20:13:00+00:00,2023-02-11T16:40:45+00:00,41452,USD,,false,NDX/SRC/events/01731
EV001732,PG,NDX_BILLING,NDX-R00948,SUBMITTED,2023-09-04T17:21:00+00:00,2023-09-13T05:56:28+00:00,5761,USD,,false,NDX/SRC/events/01732
EV001733,PG,NDX_BILLING,,PAYMENT_POSTED,2023-10-19T14:07:00+00:00,2023-10-19T16:36:12+00:00,5761,USD,,false,NDX/SRC/events/01733
EV001734,PG,NDX_BILLING,NDX-R00949,SUBMITTED,2023-03-03T16:59:00+00:00,2023-03-04T03:35:47+00:00,22129,USD,,false,NDX/SRC/events/01734
EV001735,PG,NDX_BILLING,,PAYMENT_POSTED,2023-03-14T14:20:00+00:00,2023-03-17T02:29:39+00:00,22129,USD,,false,NDX/SRC/events/01735
EV001736,PG,NDX_BILLING,NDX-R00950,SUBMITTED,2022-07-06T18:02:00+00:00,2022-07-06T22:00:50+00:00,2500,USD,,false,NDX/SRC/events/01736
EV001737,PG,NDX_BILLING,,PAYMENT_POSTED,2022-07-18T13:06:00+00:00,2022-07-18T16:29:51+00:00,2500,USD,,false,NDX/SRC/events/01737
EV001738,PG,NDX_BILLING,NDX-R00951,SUBMITTED,2022-10-25T18:17:00+00:00,2022-10-28T22:32:35+00:00,8512,USD,,false,NDX/SRC/events/01738
EV001739,PG,NDX_BILLING,,PAYMENT_POSTED,2022-11-28T19:37:00+00:00,2022-11-29T01:25:55+00:00,8512,USD,,false,NDX/SRC/events/01739
EV001740,PG,NDX_BILLING,NDX-R00952,SUBMITTED,2022-07-20T12:17:00+00:00,2022-07-28T22:17:01+00:00,47436,USD,,false,NDX/SRC/events/01740
EV001741,PG,NDX_BILLING,,PAYMENT_POSTED,2022-07-26T18:29:00+00:00,2022-07-27T00:41:44+00:00,47436,USD,,false,NDX/SRC/events/01741
EV001742,PG,NDX_BILLING,NDX-R00953,SUBMITTED,2023-09-07T16:22:00+00:00,2023-09-07T21:33:06+00:00,3699,USD,,false,NDX/SRC/events/01742
EV001743,PG,NDX_BILLING,,PAYMENT_POSTED,2023-09-25T14:10:00+00:00,2023-09-27T07:04:29+00:00,3699,USD,,false,NDX/SRC/events/01743
EV001744,PG,NDX_BILLING,NDX-R00954,SUBMITTED,2023-08-14T20:10:00+00:00,2023-08-19T20:16:39+00:00,12484,USD,,false,NDX/SRC/events/01744
EV001745,PG,NDX_BILLING,,PAYMENT_POSTED,2023-09-22T16:41:00+00:00,2023-09-24T08:50:02+00:00,12484,USD,,false,NDX/SRC/events/01745
EV001746,PG,NDX_BILLING,NDX-R00955,SUBMITTED,2022-09-16T18:39:00+00:00,2022-09-26T22:34:22+00:00,15775,USD,,false,NDX/SRC/events/01746
EV001747,PG,NDX_BILLING,,PAYMENT_POSTED,2022-10-03T15:12:00+00:00,2022-10-04T14:16:31+00:00,15775,USD,,false,NDX/SRC/events/01747
EV001748,PG,NDX_BILLING,NDX-R00956,SUBMITTED,2023-01-13T13:58:00+00:00,2023-01-15T15:08:42+00:00,23466,USD,,false,NDX/SRC/events/01748
EV001749,PG,NDX_BILLING,NDX-R00956,CLOSED_NO_PAYMENT,2023-04-27T15:34:00+00:00,2023-04-30T12:32:51+00:00,,,,true,NDX/SRC/events/01749
EV001750,PG,NDX_BILLING,NDX-R00957,SUBMITTED,2022-07-06T19:16:00+00:00,2022-07-07T01:48:15+00:00,10764,USD,,false,NDX/SRC/events/01750
EV001751,PG,NDX_BILLING,,PAYMENT_POSTED,2022-08-04T14:51:00+00:00,2022-08-06T13:24:10+00:00,10764,USD,,false,NDX/SRC/events/01751
EV001752,PG,NDX_BILLING,NDX-R00958,SUBMITTED,2023-03-02T19:13:00+00:00,2023-03-04T13:15:23+00:00,7964,USD,,false,NDX/SRC/events/01752
EV001753,PG,NDX_BILLING,NDX-R00958,CLOSED_NO_PAYMENT,2023-06-26T13:52:00+00:00,2023-07-02T23:44:10+00:00,,,,true,NDX/SRC/events/01753
EV001754,PG,NDX_BILLING,NDX-R00959,SUBMITTED,2022-12-26T15:40:00+00:00,2023-01-02T17:46:58+00:00,9479,USD,,false,NDX/SRC/events/01754
EV001755,PG,NDX_BILLING,NDX-R00959,CLOSED_NO_PAYMENT,2023-03-28T19:16:00+00:00,2023-03-31T09:47:07+00:00,,,,true,NDX/SRC/events/01755
EV001756,PG,NDX_BILLING,NDX-R00960,SUBMITTED,2023-02-27T21:20:00+00:00,2023-03-04T00:21:08+00:00,31242,USD,,false,NDX/SRC/events/01756
EV001757,PG,NDX_BILLING,,PAYMENT_POSTED,2023-03-27T15:04:00+00:00,2023-04-08T08:48:50+00:00,31242,USD,,false,NDX/SRC/events/01757
EV001758,PG,NDX_BILLING,NDX-R00961,SUBMITTED,2023-06-28T16:42:00+00:00,2023-07-13T06:29:30+00:00,10365,USD,,false,NDX/SRC/events/01758
EV001759,PG,NDX_BILLING,,PAYMENT_POSTED,2023-07-17T13:04:00+00:00,2023-07-18T22:05:05+00:00,10365,USD,,false,NDX/SRC/events/01759
EV001760,PG,NDX_BILLING,NDX-R00962,SUBMITTED,2023-02-07T19:02:00+00:00,2023-02-07T19:14:52+00:00,8360,USD,,false,NDX/SRC/events/01760
EV001761,PG,NDX_BILLING,,PAYMENT_POSTED,2023-02-27T15:41:00+00:00,2023-02-27T16:03:36+00:00,8360,USD,,false,NDX/SRC/events/01761
EV001762,PG,NDX_BILLING,NDX-R00963,SUBMITTED,2022-09-01T20:21:00+00:00,2022-09-02T03:49:50+00:00,41449,USD,,false,NDX/SRC/events/01762
EV001763,PG,NDX_BILLING,,PAYMENT_POSTED,2022-10-26T14:28:00+00:00,2022-10-26T19:17:41+00:00,41449,USD,,false,NDX/SRC/events/01763
EV001764,PG,NDX_BILLING,NDX-R00964,SUBMITTED,2022-08-22T20:23:00+00:00,2022-09-10T05:58:28+00:00,115351,USD,,false,NDX/SRC/events/01764
EV001765,PG,NDX_BILLING,,PAYMENT_POSTED,2022-09-05T17:28:00+00:00,2022-09-06T01:21:33+00:00,115351,USD,,false,NDX/SRC/events/01765
EV001766,PG,NDX_BILLING,NDX-R00965,SUBMITTED,2023-09-01T19:58:00+00:00,2023-09-02T01:23:05+00:00,6813,USD,,false,NDX/SRC/events/01766
EV001767,PG,NDX_BILLING,,PAYMENT_POSTED,2023-09-06T13:17:00+00:00,2023-09-07T21:41:34+00:00,6813,USD,,false,NDX/SRC/events/01767
EV001768,PG,NDX_BILLING,NDX-R00966,SUBMITTED,2022-09-12T20:50:00+00:00,2022-09-16T18:58:25+00:00,17901,USD,,false,NDX/SRC/events/01768
EV001769,PG,NDX_BILLING,,PAYMENT_POSTED,2022-10-10T20:52:00+00:00,2022-10-11T04:46:04+00:00,17901,USD,,false,NDX/SRC/events/01769
EV001770,PG,NDX_BILLING,NDX-R00967,SUBMITTED,2023-06-08T19:59:00+00:00,2023-06-09T01:16:52+00:00,6815,USD,,false,NDX/SRC/events/01770
EV001771,PG,NDX_BILLING,NDX-R00968,SUBMITTED,2022-09-28T13:40:00+00:00,2022-11-19T21:40:42+00:00,9605,USD,,false,NDX/SRC/events/01771
EV001772,PG,NDX_BILLING,NDX-R00969,CORRECTED,2022-10-03T19:21:00+00:00,2022-10-03T20:14:08+00:00,9235,USD,,false,NDX/SRC/events/01772
EV001773,PG,NDX_BILLING,NDX-R00968,VOID_VERSION,2022-10-03T19:21:00+00:00,2022-10-05T17:15:13+00:00,9605,USD,,false,NDX/SRC/events/01773
EV001774,PG,NDX_BILLING,,PAYMENT_POSTED,2022-11-09T16:47:00+00:00,2022-11-09T17:16:46+00:00,9235,USD,,false,NDX/SRC/events/01774
EV001775,PG,NDX_BILLING,NDX-R00970,SUBMITTED,2022-09-29T16:38:00+00:00,2022-10-09T04:24:01+00:00,12811,USD,,false,NDX/SRC/events/01775
EV001776,PG,NDX_BILLING,,PAYMENT_POSTED,2022-10-10T17:58:00+00:00,2022-10-15T00:00:52+00:00,12811,USD,,false,NDX/SRC/events/01776
EV001777,PG,NDX_BILLING,NDX-R00970,PAYMENT_REVERSED,2022-10-17T15:34:00+00:00,2022-10-21T08:07:49+00:00,12811,USD,EV001776,false,NDX/SRC/events/01777
EV001778,PG,NDX_BILLING,NDX-R00971,SUBMITTED,2023-04-28T15:50:00+00:00,2023-04-28T19:48:16+00:00,23945,USD,,false,NDX/SRC/events/01778
EV001779,PG,NDX_BILLING,,PAYMENT_POSTED,2023-08-07T14:05:00+00:00,2023-08-08T06:36:57+00:00,23945,USD,,false,NDX/SRC/events/01779
EV001780,PG,NDX_BILLING,NDX-R00972,SUBMITTED,2023-09-19T15:52:00+00:00,2023-09-19T17:19:03+00:00,44826,USD,,false,NDX/SRC/events/01780
EV001781,PG,NDX_BILLING,,PAYMENT_POSTED,2023-10-17T19:42:00+00:00,2023-10-18T01:43:14+00:00,44826,USD,,false,NDX/SRC/events/01781
EV001782,PG,NDX_BILLING,NDX-R00973,SUBMITTED,2023-01-19T17:29:00+00:00,2023-01-19T19:57:22+00:00,60003,USD,,false,NDX/SRC/events/01782
EV001783,PG,NDX_BILLING,,PAYMENT_POSTED,2023-01-31T20:02:00+00:00,2023-02-01T09:51:20+00:00,60003,USD,,false,NDX/SRC/events/01783
EV001784,PG,NDX_BILLING,NDX-R00974,SUBMITTED,2023-03-13T13:43:00+00:00,2023-03-13T21:40:16+00:00,14034,USD,,false,NDX/SRC/events/01784
EV001785,PG,NDX_BILLING,NDX-R00975,CORRECTED,2023-03-24T17:38:00+00:00,2023-03-24T18:34:30+00:00,17877,USD,,false,NDX/SRC/events/01785
EV001786,PG,NDX_BILLING,,PAYMENT_POSTED,2023-04-28T13:30:00+00:00,2023-04-28T15:46:15+00:00,17877,USD,,false,NDX/SRC/events/01786
EV001787,PG,NDX_BILLING,NDX-R00976,SUBMITTED,2023-03-22T19:43:00+00:00,2023-03-22T19:51:30+00:00,24144,USD,,false,NDX/SRC/events/01787
EV001788,PG,NDX_BILLING,,PAYMENT_POSTED,2023-04-04T20:38:00+00:00,2023-04-07T22:08:07+00:00,24144,USD,,false,NDX/SRC/events/01788
EV001789,PG,NDX_BILLING,NDX-R00977,SUBMITTED,2022-07-22T17:18:00+00:00,2022-07-25T09:00:27+00:00,16703,USD,,false,NDX/SRC/events/01789
EV001790,PG,NDX_BILLING,,PAYMENT_POSTED,2022-08-05T15:10:00+00:00,2022-08-07T13:49:36+00:00,16703,USD,,false,NDX/SRC/events/01790
EV001791,PG,NDX_BILLING,NDX-R00978,SUBMITTED,2023-05-09T15:19:00+00:00,2023-05-09T21:53:21+00:00,10168,USD,,false,NDX/SRC/events/01791
EV001792,PG,NDX_BILLING,,PAYMENT_POSTED,2023-05-26T17:48:00+00:00,2023-05-27T00:45:33+00:00,10168,USD,,false,NDX/SRC/events/01792
EV001793,PG,NDX_BILLING,NDX-R00979,SUBMITTED,2023-05-08T20:34:00+00:00,2023-05-12T02:40:49+00:00,18542,USD,,false,NDX/SRC/events/01793
EV001794,PG,NDX_BILLING,NDX-R00980,SUBMITTED,2023-07-12T17:49:00+00:00,2023-07-13T20:55:49+00:00,20990,USD,,false,NDX/SRC/events/01794
EV001795,PG,NDX_BILLING,,PAYMENT_POSTED,2023-07-24T13:19:00+00:00,2023-07-31T18:55:50+00:00,20990,USD,,false,NDX/SRC/events/01795
EV001796,PG,NDX_BILLING,NDX-R00981,SUBMITTED,2023-05-22T18:26:00+00:00,2023-05-26T12:37:37+00:00,8316,USD,,false,NDX/SRC/events/01796
EV001797,PG,NDX_BILLING,,PAYMENT_POSTED,2023-06-19T14:27:00+00:00,2023-06-19T16:00:47+00:00,8316,USD,,false,NDX/SRC/events/01797
EV001798,PG,NDX_BILLING,NDX-R00982,SUBMITTED,2022-12-15T14:06:00+00:00,2022-12-22T03:02:13+00:00,22556,USD,,false,NDX/SRC/events/01798
EV001799,PG,NDX_BILLING,,PAYMENT_POSTED,2023-01-09T14:06:00+00:00,2023-01-27T06:44:31+00:00,22556,USD,,false,NDX/SRC/events/01799
EV001800,PG,NDX_BILLING,NDX-R00983,SUBMITTED,2023-07-10T14:16:00+00:00,2023-07-15T20:03:34+00:00,12331,USD,,false,NDX/SRC/events/01800
EV001801,PG,NDX_BILLING,,PAYMENT_POSTED,2023-08-07T16:59:00+00:00,2023-08-20T16:14:52+00:00,12331,USD,,false,NDX/SRC/events/01801
EV001802,PG,NDX_BILLING,NDX-R00984,SUBMITTED,2022-09-30T12:27:00+00:00,2022-09-30T17:13:12+00:00,84355,USD,,false,NDX/SRC/events/01802
EV001803,PG,NDX_BILLING,,PAYMENT_POSTED,2022-10-20T18:37:00+00:00,2022-10-21T01:42:31+00:00,84355,USD,,false,NDX/SRC/events/01803
EV001804,PG,NDX_BILLING,NDX-R00985,SUBMITTED,2023-03-27T17:08:00+00:00,2023-03-30T00:40:43+00:00,6097,USD,,false,NDX/SRC/events/01804
EV001805,PG,NDX_BILLING,NDX-R00986,SUBMITTED,2023-05-23T17:20:00+00:00,2023-05-24T07:35:08+00:00,4101,USD,,false,NDX/SRC/events/01805
EV001806,PG,NDX_BILLING,NDX-R00986,CLOSED_NO_PAYMENT,2023-08-28T13:14:00+00:00,2023-08-30T22:57:25+00:00,,,,true,NDX/SRC/events/01806
EV001807,PG,NDX_BILLING,NDX-R00987,SUBMITTED,2022-08-01T20:12:00+00:00,2022-08-02T02:48:43+00:00,2948,USD,,false,NDX/SRC/events/01807
EV001808,PG,NDX_BILLING,,PAYMENT_POSTED,2022-10-03T17:34:00+00:00,2022-10-03T20:07:26+00:00,2948,USD,,false,NDX/SRC/events/01808
EV001809,PG,NDX_BILLING,NDX-R00988,SUBMITTED,2023-03-13T18:45:00+00:00,2023-03-26T07:14:25+00:00,4244,USD,,false,NDX/SRC/events/01809
EV001810,PG,NDX_BILLING,,PAYMENT_POSTED,2023-03-20T18:56:00+00:00,2023-03-20T22:19:19+00:00,4244,USD,,false,NDX/SRC/events/01810
EV001811,PG,NDX_BILLING,NDX-R00989,SUBMITTED,2023-01-31T14:45:00+00:00,2023-01-31T16:45:06+00:00,44882,USD,,false,NDX/SRC/events/01811
EV001812,PG,NDX_BILLING,,PAYMENT_POSTED,2023-02-06T13:13:00+00:00,2023-02-10T05:53:00+00:00,44882,USD,,false,NDX/SRC/events/01812
EV001813,PG,NDX_BILLING,NDX-R00990,SUBMITTED,2023-04-17T13:22:00+00:00,2023-04-17T17:00:29+00:00,8383,USD,,false,NDX/SRC/events/01813
EV001814,PG,NDX_BILLING,,PAYMENT_POSTED,2023-06-13T20:03:00+00:00,2023-06-13T23:08:57+00:00,8383,USD,,false,NDX/SRC/events/01814
EV001815,PG,NDX_BILLING,NDX-R00991,SUBMITTED,2023-06-19T14:48:00+00:00,2023-06-23T17:07:56+00:00,9881,USD,,false,NDX/SRC/events/01815
EV001816,PG,NDX_BILLING,,PAYMENT_POSTED,2023-07-18T13:53:00+00:00,2023-07-20T10:58:06+00:00,9881,USD,,false,NDX/SRC/events/01816
EV001817,PG,NDX_BILLING,NDX-R00992,SUBMITTED,2023-05-25T15:54:00+00:00,2023-05-28T10:40:37+00:00,3352,USD,,false,NDX/SRC/events/01817
EV001818,PG,NDX_BILLING,NDX-R00993,CORRECTED,2023-06-02T17:44:00+00:00,2023-06-03T00:54:08+00:00,3581,USD,,false,NDX/SRC/events/01818
EV001819,PG,NDX_BILLING,,PAYMENT_POSTED,2023-06-26T15:09:00+00:00,2023-07-07T02:26:08+00:00,3581,USD,,false,NDX/SRC/events/01819
EV001820,PG,NDX_BILLING,NDX-R00994,SUBMITTED,2022-10-27T19:08:00+00:00,2022-10-28T00:08:28+00:00,5895,USD,,false,NDX/SRC/events/01820
EV001821,PG,NDX_BILLING,,PAYMENT_POSTED,2022-12-22T13:01:00+00:00,2022-12-22T15:56:01+00:00,5895,USD,,false,NDX/SRC/events/01821
EV001822,PG,NDX_BILLING,NDX-R00995,SUBMITTED,2022-08-01T20:24:00+00:00,2022-08-02T03:14:58+00:00,12493,USD,,false,NDX/SRC/events/01822
EV001823,PG,NDX_BILLING,,PAYMENT_POSTED,2022-08-19T18:01:00+00:00,2022-08-22T09:06:26+00:00,12493,USD,,false,NDX/SRC/events/01823
EV001824,PG,NDX_BILLING,NDX-R00996,SUBMITTED,2023-07-14T18:25:00+00:00,2023-07-15T20:34:50+00:00,3727,USD,,false,NDX/SRC/events/01824
EV001825,PG,NDX_BILLING,NDX-R00997,SUBMITTED,2023-03-13T15:19:00+00:00,2023-03-13T18:58:11+00:00,52190,USD,,false,NDX/SRC/events/01825
EV001826,PG,NDX_BILLING,,PAYMENT_POSTED,2023-04-14T12:02:00+00:00,2023-04-17T00:05:13+00:00,52190,USD,,false,NDX/SRC/events/01826
EV001827,PG,NDX_BILLING,NDX-R00998,SUBMITTED,2023-03-17T18:54:00+00:00,2023-03-17T19:00:58+00:00,4518,USD,,false,NDX/SRC/events/01827
EV001828,PG,NDX_BILLING,,PAYMENT_POSTED,2023-04-11T19:52:00+00:00,2023-04-11T23:29:46+00:00,4518,USD,,false,NDX/SRC/events/01828
EV001829,PG,NDX_BILLING,NDX-R00999,SUBMITTED,2023-03-14T18:48:00+00:00,2023-03-15T17:12:38+00:00,24287,USD,,false,NDX/SRC/events/01829
EV001830,PG,NDX_BILLING,,PAYMENT_POSTED,2023-03-20T16:09:00+00:00,2023-03-20T21:33:33+00:00,24287,USD,,false,NDX/SRC/events/01830
EV001831,PG,NDX_BILLING,NDX-R01000,SUBMITTED,2023-02-09T18:25:00+00:00,2023-02-09T19:15:28+00:00,32473,USD,,false,NDX/SRC/events/01831
EV001832,PG,NDX_BILLING,,PAYMENT_POSTED,2023-02-15T15:50:00+00:00,2023-02-15T19:13:34+00:00,32473,USD,,false,NDX/SRC/events/01832
EV001833,PG,NDX_BILLING,NDX-R01001,SUBMITTED,2022-09-12T15:57:00+00:00,2022-09-12T20:22:14+00:00,43193,USD,,false,NDX/SRC/events/01833
EV001834,PG,NDX_BILLING,,PAYMENT_POSTED,2022-10-12T15:02:00+00:00,2022-10-14T19:47:48+00:00,43193,USD,,false,NDX/SRC/events/01834
EV001835,PG,NDX_BILLING,NDX-R01002,SUBMITTED,2022-10-10T18:23:00+00:00,2022-10-12T11:17:16+00:00,37604,USD,,false,NDX/SRC/events/01835
EV001836,PG,NDX_BILLING,,PAYMENT_POSTED,2022-10-31T14:19:00+00:00,2022-11-02T20:56:34+00:00,37604,USD,,false,NDX/SRC/events/01836
EV001837,PG,NDX_BILLING,NDX-R01003,SUBMITTED,2022-08-22T19:25:00+00:00,2022-08-24T21:30:35+00:00,12568,USD,,false,NDX/SRC/events/01837
EV001838,PG,NDX_BILLING,,PAYMENT_POSTED,2022-09-02T19:37:00+00:00,2022-09-03T13:49:53+00:00,12568,USD,,false,NDX/SRC/events/01838
EV001839,PG,NDX_BILLING,NDX-R01004,SUBMITTED,2022-11-16T16:38:00+00:00,2022-11-16T17:53:40+00:00,6642,USD,,false,NDX/SRC/events/01839
EV001840,PG,NDX_BILLING,,PAYMENT_POSTED,2022-12-13T20:32:00+00:00,2022-12-13T23:08:56+00:00,6642,USD,,false,NDX/SRC/events/01840
EV001841,PG,NDX_BILLING,NDX-R01005,SUBMITTED,2023-09-06T16:10:00+00:00,2023-09-07T08:24:42+00:00,6914,USD,,false,NDX/SRC/events/01841
EV001842,PG,NDX_BILLING,,PAYMENT_POSTED,2023-09-18T18:17:00+00:00,2023-09-20T09:34:53+00:00,6914,USD,,false,NDX/SRC/events/01842
EV001843,PG,NDX_BILLING,NDX-R01006,SUBMITTED,2023-04-05T19:45:00+00:00,2023-04-06T00:44:15+00:00,5602,USD,,false,NDX/SRC/events/01843
EV001844,PG,NDX_BILLING,,PAYMENT_POSTED,2023-04-21T17:09:00+00:00,2023-04-21T23:48:10+00:00,5602,USD,,false,NDX/SRC/events/01844
EV001845,PG,NDX_BILLING,NDX-R01007,SUBMITTED,2023-02-01T16:31:00+00:00,2023-02-15T14:06:22+00:00,6839,USD,,false,NDX/SRC/events/01845
EV001846,PG,NDX_BILLING,NDX-R01008,CORRECTED,2023-02-13T15:05:00+00:00,2023-02-18T23:45:04+00:00,7203,USD,,false,NDX/SRC/events/01846
EV001847,PG,NDX_BILLING,NDX-R01007,VOID_VERSION,2023-02-13T15:05:00+00:00,2023-02-13T20:57:26+00:00,6839,USD,,false,NDX/SRC/events/01847
EV001848,PG,NDX_BILLING,,PAYMENT_POSTED,2023-02-22T14:23:00+00:00,2023-02-24T08:18:36+00:00,7203,USD,,false,NDX/SRC/events/01848
EV001849,PG,NDX_BILLING,NDX-R01009,SUBMITTED,2022-11-11T21:16:00+00:00,2022-11-12T04:07:22+00:00,32810,USD,,false,NDX/SRC/events/01849
EV001850,PG,NDX_BILLING,NDX-R01010,CORRECTED,2022-11-14T15:46:00+00:00,2022-11-15T03:06:38+00:00,40364,USD,,false,NDX/SRC/events/01850
EV001851,PG,NDX_BILLING,NDX-R01009,VOID_VERSION,2022-11-14T15:46:00+00:00,2022-11-14T19:59:25+00:00,32810,USD,,false,NDX/SRC/events/01851
EV001852,PG,NDX_BILLING,,PAYMENT_POSTED,2022-12-21T15:12:00+00:00,2022-12-21T18:00:12+00:00,40364,USD,,false,NDX/SRC/events/01852
EV001853,PG,NDX_BILLING,NDX-R01011,SUBMITTED,2023-01-30T15:39:00+00:00,2023-01-30T19:04:59+00:00,17380,USD,,false,NDX/SRC/events/01853
EV001854,PG,NDX_BILLING,,PAYMENT_POSTED,2023-02-20T17:57:00+00:00,2023-02-22T19:08:18+00:00,17380,USD,,false,NDX/SRC/events/01854
EV001855,PG,NDX_BILLING,NDX-R01012,SUBMITTED,2023-03-07T20:17:00+00:00,2023-03-07T21:50:43+00:00,7141,USD,,false,NDX/SRC/events/01855
EV001856,PG,NDX_BILLING,,PAYMENT_POSTED,2023-05-22T15:30:00+00:00,2023-05-24T11:40:16+00:00,7141,USD,,false,NDX/SRC/events/01856
EV001857,PG,NDX_BILLING,NDX-R01013,SUBMITTED,2022-08-26T12:09:00+00:00,2022-08-30T15:57:02+00:00,9720,USD,,false,NDX/SRC/events/01857
EV001858,PG,NDX_BILLING,,PAYMENT_POSTED,2022-09-12T14:13:00+00:00,2022-09-17T03:03:05+00:00,9720,USD,,false,NDX/SRC/events/01858
EV001859,PG,NDX_BILLING,NDX-R01014,SUBMITTED,2023-02-20T15:01:00+00:00,2023-02-20T20:13:08+00:00,88749,USD,,false,NDX/SRC/events/01859
EV001860,PG,NDX_BILLING,,PAYMENT_POSTED,2023-02-27T20:32:00+00:00,2023-02-27T21:10:46+00:00,88749,USD,,false,NDX/SRC/events/01860
EV001861,PG,NDX_BILLING,NDX-R01015,SUBMITTED,2022-11-28T16:20:00+00:00,2022-11-28T19:35:27+00:00,67395,USD,,false,NDX/SRC/events/01861
EV001862,PG,NDX_BILLING,,PAYMENT_POSTED,2022-12-19T14:23:00+00:00,2022-12-21T05:11:31+00:00,67395,USD,,false,NDX/SRC/events/01862
EV001863,PG,NDX_BILLING,NDX-R01016,SUBMITTED,2023-01-05T21:24:00+00:00,2023-01-08T17:21:32+00:00,23835,USD,,false,NDX/SRC/events/01863
EV001864,PG,NDX_BILLING,NDX-R01017,SUBMITTED,2022-09-14T17:13:00+00:00,2022-09-17T03:17:42+00:00,38563,USD,,false,NDX/SRC/events/01864
EV001865,PG,NDX_BILLING,,PAYMENT_POSTED,2022-09-26T14:13:00+00:00,2022-10-03T20:34:30+00:00,38563,USD,,false,NDX/SRC/events/01865
EV001866,PG,NDX_BILLING,NDX-R01018,SUBMITTED,2023-05-19T19:23:00+00:00,2023-05-27T03:12:08+00:00,8225,USD,,false,NDX/SRC/events/01866
EV001867,PG,NDX_BILLING,,PAYMENT_POSTED,2023-06-13T16:05:00+00:00,2023-06-13T18:24:21+00:00,8225,USD,,false,NDX/SRC/events/01867
EV001868,PG,NDX_BILLING,NDX-R01019,SUBMITTED,2022-12-15T15:18:00+00:00,2022-12-15T22:01:46+00:00,12359,USD,,false,NDX/SRC/events/01868
EV001869,PG,NDX_BILLING,NDX-R01020,SUBMITTED,2022-12-29T17:57:00+00:00,2022-12-29T23:54:40+00:00,15679,USD,,false,NDX/SRC/events/01869
EV001870,PG,NDX_BILLING,,PAYMENT_POSTED,2023-01-09T17:24:00+00:00,2023-01-29T01:38:23+00:00,15679,USD,,false,NDX/SRC/events/01870
EV001871,PG,NDX_BILLING,NDX-R01021,SUBMITTED,2023-08-04T15:19:00+00:00,2023-08-14T09:11:55+00:00,5469,USD,,false,NDX/SRC/events/01871
EV001872,PG,NDX_BILLING,NDX-R01022,SUBMITTED,2023-08-23T18:56:00+00:00,2023-08-26T22:51:30+00:00,8747,USD,,false,NDX/SRC/events/01872
EV001873,PG,NDX_BILLING,NDX-R01023,CORRECTED,2023-08-29T12:41:00+00:00,2023-08-30T10:09:12+00:00,7972,USD,,false,NDX/SRC/events/01873
EV001874,PG,NDX_BILLING,,PAYMENT_POSTED,2023-10-17T14:25:00+00:00,2023-10-22T14:52:08+00:00,7972,USD,,false,NDX/SRC/events/01874
EV001875,PG,NDX_BILLING,NDX-R01024,SUBMITTED,2023-06-16T17:47:00+00:00,2023-06-16T23:15:16+00:00,141637,USD,,false,NDX/SRC/events/01875
EV001876,PG,NDX_BILLING,,PAYMENT_POSTED,2023-07-11T18:55:00+00:00,2023-07-15T06:43:57+00:00,141637,USD,,false,NDX/SRC/events/01876
EV001877,PG,NDX_BILLING,NDX-R01025,SUBMITTED,2022-10-27T18:07:00+00:00,2022-10-27T23:42:28+00:00,10547,USD,,false,NDX/SRC/events/01877
EV001878,PG,NDX_BILLING,NDX-R01026,SUBMITTED,2023-05-24T16:48:00+00:00,2023-05-28T09:10:05+00:00,8543,USD,,false,NDX/SRC/events/01878
EV001879,PG,NDX_BILLING,,PAYMENT_POSTED,2023-06-13T12:13:00+00:00,2023-06-13T13:12:19+00:00,8543,USD,,false,NDX/SRC/events/01879
EV001880,PG,NDX_BILLING,NDX-R01027,SUBMITTED,2023-01-09T16:26:00+00:00,2023-01-10T10:56:56+00:00,7820,USD,,false,NDX/SRC/events/01880
EV001881,PG,NDX_BILLING,NDX-R01027,CLOSED_NO_PAYMENT,2023-02-20T17:43:00+00:00,2023-02-24T00:19:32+00:00,,,,true,NDX/SRC/events/01881
EV001882,PG,NDX_BILLING,NDX-R01028,SUBMITTED,2023-07-20T13:02:00+00:00,2023-07-20T17:20:27+00:00,22779,USD,,false,NDX/SRC/events/01882
EV001883,PG,NDX_BILLING,,PAYMENT_POSTED,2023-08-07T18:20:00+00:00,2023-08-28T18:20:00+00:00,22779,USD,,false,NDX/SRC/events/01883
EV001884,PG,NDX_BILLING,NDX-R01029,SUBMITTED,2023-07-03T15:54:00+00:00,2023-07-03T17:43:39+00:00,8654,USD,,false,NDX/SRC/events/01884
EV001885,PG,NDX_BILLING,,PAYMENT_POSTED,2023-07-28T19:07:00+00:00,2023-07-28T21:21:25+00:00,8654,USD,,false,NDX/SRC/events/01885
EV001886,PG,NDX_BILLING,NDX-R01030,SUBMITTED,2022-12-14T15:44:00+00:00,2022-12-14T15:57:35+00:00,10087,USD,,false,NDX/SRC/events/01886
EV001887,PG,NDX_BILLING,NDX-R01030,CLOSED_NO_PAYMENT,2023-03-03T21:20:00+00:00,2023-03-05T15:18:56+00:00,,,,true,NDX/SRC/events/01887
EV001888,PG,NDX_BILLING,NDX-R01031,SUBMITTED,2022-08-29T15:15:00+00:00,2022-08-30T20:22:12+00:00,105796,USD,,false,NDX/SRC/events/01888
EV001889,PG,NDX_BILLING,,PAYMENT_POSTED,2022-10-24T14:27:00+00:00,2022-10-24T18:59:16+00:00,105796,USD,,false,NDX/SRC/events/01889
EV001890,PG,NDX_BILLING,NDX-R01032,SUBMITTED,2023-09-18T13:28:00+00:00,2023-09-27T00:20:24+00:00,12993,USD,,false,NDX/SRC/events/01890
EV001891,PG,NDX_BILLING,,PAYMENT_POSTED,2023-10-02T19:55:00+00:00,2023-10-02T21:34:00+00:00,12993,USD,,false,NDX/SRC/events/01891
EV001892,PG,NDX_BILLING,NDX-R01033,SUBMITTED,2022-08-01T14:31:00+00:00,2022-08-01T22:22:39+00:00,25750,USD,,false,NDX/SRC/events/01892
EV001893,PG,NDX_BILLING,NDX-R01033,CLOSED_NO_PAYMENT,2022-09-19T19:59:00+00:00,2022-09-24T23:53:09+00:00,,,,true,NDX/SRC/events/01893
EV001894,PG,NDX_BILLING,NDX-R01034,SUBMITTED,2023-02-20T21:47:00+00:00,2023-02-22T18:06:16+00:00,23526,USD,,false,NDX/SRC/events/01894
EV001895,PG,NDX_BILLING,NDX-R01035,CORRECTED,2023-02-27T20:49:00+00:00,2023-03-02T04:59:30+00:00,28278,USD,,false,NDX/SRC/events/01895
EV001896,PG,NDX_BILLING,NDX-R01036,SUBMITTED,2023-05-08T20:14:00+00:00,2023-05-11T14:50:16+00:00,2846,USD,,false,NDX/SRC/events/01896
EV001897,PG,NDX_BILLING,,PAYMENT_POSTED,2023-06-19T12:55:00+00:00,2023-06-20T04:54:30+00:00,2846,USD,,false,NDX/SRC/events/01897
EV001898,PG,NDX_BILLING,NDX-R01037,SUBMITTED,2023-05-29T15:13:00+00:00,2023-06-01T03:58:39+00:00,5585,USD,,false,NDX/SRC/events/01898
EV001899,PG,NDX_BILLING,,PAYMENT_POSTED,2023-07-07T19:42:00+00:00,2023-07-07T22:56:49+00:00,5585,USD,,false,NDX/SRC/events/01899
EV001900,PG,NDX_BILLING,NDX-R01038,SUBMITTED,2023-02-24T19:16:00+00:00,2023-02-24T23:05:32+00:00,11939,USD,,false,NDX/SRC/events/01900
EV001901,PG,NDX_BILLING,,PAYMENT_POSTED,2023-04-07T16:28:00+00:00,2023-04-07T18:13:54+00:00,11939,USD,,false,NDX/SRC/events/01901
EV001902,PG,NDX_BILLING,NDX-R01039,SUBMITTED,2022-08-08T20:54:00+00:00,2022-08-19T19:26:27+00:00,6297,USD,,false,NDX/SRC/events/01902
EV001903,PG,NDX_BILLING,,PAYMENT_POSTED,2022-08-29T14:48:00+00:00,2022-08-29T21:58:53+00:00,6297,USD,,false,NDX/SRC/events/01903
EV001904,PG,NDX_BILLING,NDX-R01040,SUBMITTED,2022-07-11T12:54:00+00:00,2022-07-11T13:01:15+00:00,25130,USD,,false,NDX/SRC/events/01904
EV001905,PG,NDX_BILLING,NDX-R01040,CLOSED_NO_PAYMENT,2022-09-19T12:42:00+00:00,2022-09-19T12:56:40+00:00,,,,true,NDX/SRC/events/01905
EV001906,PG,NDX_BILLING,NDX-R01041,SUBMITTED,2022-08-25T16:20:00+00:00,2022-08-25T17:23:03+00:00,18504,USD,,false,NDX/SRC/events/01906
EV001907,PG,NDX_BILLING,NDX-R01041,CLOSED_NO_PAYMENT,2022-10-10T19:04:00+00:00,2022-10-23T10:36:08+00:00,,,,true,NDX/SRC/events/01907
EV001908,PG,NDX_BILLING,NDX-R01042,SUBMITTED,2022-11-28T15:27:00+00:00,2022-11-28T22:34:40+00:00,9429,USD,,false,NDX/SRC/events/01908
EV001909,PG,NDX_BILLING,,PAYMENT_POSTED,2022-12-19T19:57:00+00:00,2022-12-20T01:18:10+00:00,9429,USD,,false,NDX/SRC/events/01909
EV001910,PG,NDX_BILLING,NDX-R01043,SUBMITTED,2022-08-22T16:11:00+00:00,2022-08-24T10:20:03+00:00,11359,USD,,false,NDX/SRC/events/01910
EV001911,PG,NDX_BILLING,NDX-R01044,CORRECTED,2022-08-29T16:25:00+00:00,2022-08-31T03:55:30+00:00,11578,USD,,false,NDX/SRC/events/01911
EV001912,PG,NDX_BILLING,,PAYMENT_POSTED,2022-09-06T12:54:00+00:00,2022-09-09T01:42:51+00:00,11578,USD,,false,NDX/SRC/events/01912
EV001913,PG,NDX_BILLING,NDX-R01045,SUBMITTED,2022-08-19T15:58:00+00:00,2022-08-20T09:50:24+00:00,7487,USD,,false,NDX/SRC/events/01913
EV001914,PG,NDX_BILLING,NDX-R01046,SUBMITTED,2022-07-04T17:59:00+00:00,2022-07-06T12:32:54+00:00,3219,USD,,false,NDX/SRC/events/01914
EV001915,PG,NDX_BILLING,,PAYMENT_POSTED,2022-07-11T13:41:00+00:00,2022-07-13T01:40:12+00:00,3219,USD,,false,NDX/SRC/events/01915
EV001916,PG,NDX_BILLING,NDX-R01047,SUBMITTED,2023-08-24T20:05:00+00:00,2023-08-25T01:05:10+00:00,12304,USD,,false,NDX/SRC/events/01916
EV001917,PG,NDX_BILLING,,PAYMENT_POSTED,2023-09-08T14:28:00+00:00,2023-09-08T19:35:32+00:00,12304,USD,,false,NDX/SRC/events/01917
EV001918,PG,NDX_BILLING,NDX-R01048,SUBMITTED,2023-09-11T16:56:00+00:00,2023-09-11T23:10:51+00:00,335988,USD,,false,NDX/SRC/events/01918
EV001919,PG,NDX_BILLING,NDX-R01049,SUBMITTED,2023-09-07T13:48:00+00:00,2023-09-13T09:18:49+00:00,4656,USD,,false,NDX/SRC/events/01919
EV001920,PG,NDX_BILLING,NDX-R01050,SUBMITTED,2023-04-05T18:58:00+00:00,2023-04-06T15:45:09+00:00,8773,USD,,false,NDX/SRC/events/01920
EV001921,PG,NDX_BILLING,,PAYMENT_POSTED,2023-04-11T13:32:00+00:00,2023-04-12T07:40:20+00:00,8773,USD,,false,NDX/SRC/events/01921
EV001922,PG,NDX_BILLING,NDX-R01051,SUBMITTED,2022-08-05T16:04:00+00:00,2022-08-08T22:44:43+00:00,6297,USD,,false,NDX/SRC/events/01922
EV001923,PG,NDX_BILLING,NDX-R01052,SUBMITTED,2023-08-14T15:17:00+00:00,2023-09-04T15:17:00+00:00,5130,USD,,false,NDX/SRC/events/01923
EV001924,PG,NDX_BILLING,,PAYMENT_POSTED,2023-09-07T20:23:00+00:00,2023-09-08T03:37:54+00:00,5130,USD,,false,NDX/SRC/events/01924
EV001925,PG,NDX_BILLING,NDX-R01052,PAYMENT_REVERSED,2023-09-18T18:10:00+00:00,2023-09-21T17:42:10+00:00,5130,USD,EV001924,false,NDX/SRC/events/01925
EV001926,PG,NDX_BILLING,NDX-R01053,SUBMITTED,2023-09-15T18:26:00+00:00,2023-09-22T20:14:08+00:00,206884,USD,,false,NDX/SRC/events/01926
EV001927,PG,NDX_BILLING,,PAYMENT_POSTED,2023-10-06T20:08:00+00:00,2023-10-07T04:03:50+00:00,206884,USD,,false,NDX/SRC/events/01927
EV001928,PG,NDX_BILLING,NDX-R01054,SUBMITTED,2023-02-28T13:21:00+00:00,2023-02-28T16:11:29+00:00,4924,USD,,false,NDX/SRC/events/01928
EV001929,PG,NDX_BILLING,NDX-R01055,SUBMITTED,2023-02-06T21:48:00+00:00,2023-02-07T16:04:50+00:00,13833,USD,,false,NDX/SRC/events/01929
EV001930,PG,NDX_BILLING,NDX-R01055,CLOSED_NO_PAYMENT,2023-04-03T15:34:00+00:00,2023-04-11T17:38:10+00:00,,,,true,NDX/SRC/events/01930
EV001931,PG,NDX_BILLING,NDX-R01056,SUBMITTED,2023-08-11T18:22:00+00:00,2023-08-11T20:31:16+00:00,10229,USD,,false,NDX/SRC/events/01931
EV001932,PG,NDX_BILLING,,PAYMENT_POSTED,2023-10-20T13:46:00+00:00,2023-10-26T00:56:44+00:00,10229,USD,,false,NDX/SRC/events/01932
EV001933,PG,NDX_BILLING,NDX-R01057,SUBMITTED,2022-10-07T12:22:00+00:00,2022-10-07T12:42:39+00:00,17573,USD,,false,NDX/SRC/events/01933
EV001934,PG,NDX_BILLING,,PAYMENT_POSTED,2022-10-31T14:58:00+00:00,2022-11-02T10:15:21+00:00,17573,USD,,false,NDX/SRC/events/01934
EV001935,PG,NDX_BILLING,NDX-R01058,SUBMITTED,2022-12-22T15:43:00+00:00,2022-12-22T21:49:32+00:00,60682,USD,,false,NDX/SRC/events/01935
EV001936,PG,NDX_BILLING,NDX-R01059,SUBMITTED,2022-08-16T14:39:00+00:00,2022-08-16T21:05:15+00:00,77161,USD,,false,NDX/SRC/events/01936
EV001937,PG,NDX_BILLING,,PAYMENT_POSTED,2022-08-26T12:00:00+00:00,2022-09-06T14:06:46+00:00,77161,USD,,false,NDX/SRC/events/01937
EV001938,PG,NDX_BILLING,NDX-R01060,SUBMITTED,2022-07-13T16:11:00+00:00,2022-07-13T19:40:27+00:00,83308,USD,,false,NDX/SRC/events/01938
EV001939,PG,NDX_BILLING,,PAYMENT_POSTED,2022-08-01T13:36:00+00:00,2022-08-05T05:40:32+00:00,83308,USD,,false,NDX/SRC/events/01939
EV001940,PG,NDX_BILLING,NDX-R01061,SUBMITTED,2022-08-08T18:13:00+00:00,2022-08-12T12:46:18+00:00,60367,USD,,false,NDX/SRC/events/01940
EV001941,PG,NDX_BILLING,NDX-R01061,CLOSED_NO_PAYMENT,2022-10-12T20:31:00+00:00,2022-10-15T03:38:34+00:00,,,,true,NDX/SRC/events/01941
EV001942,PG,NDX_BILLING,NDX-R01062,SUBMITTED,2022-09-27T16:47:00+00:00,2022-09-27T23:36:34+00:00,170958,USD,,false,NDX/SRC/events/01942
EV001943,PG,NDX_BILLING,,PAYMENT_POSTED,2022-10-03T12:05:00+00:00,2022-10-03T15:48:58+00:00,170958,USD,,false,NDX/SRC/events/01943
EV001944,PG,NDX_BILLING,NDX-R01063,SUBMITTED,2023-03-14T16:59:00+00:00,2023-03-15T15:07:51+00:00,13855,USD,,false,NDX/SRC/events/01944
EV001945,PG,NDX_BILLING,,PAYMENT_POSTED,2023-04-03T16:00:00+00:00,2023-04-03T16:48:42+00:00,13855,USD,,false,NDX/SRC/events/01945
EV001946,PG,NDX_BILLING,NDX-R01064,SUBMITTED,2022-11-21T16:25:00+00:00,2022-11-23T15:50:42+00:00,20823,USD,,false,NDX/SRC/events/01946
EV001947,PG,NDX_BILLING,,PAYMENT_POSTED,2022-12-01T18:18:00+00:00,2022-12-01T18:54:08+00:00,20823,USD,,false,NDX/SRC/events/01947
EV001948,PG,NDX_BILLING,NDX-R01065,SUBMITTED,2022-07-18T20:09:00+00:00,2022-07-18T23:20:46+00:00,12160,USD,,false,NDX/SRC/events/01948
EV001949,PG,NDX_BILLING,,PAYMENT_POSTED,2022-07-25T16:33:00+00:00,2022-07-25T19:07:31+00:00,12160,USD,,false,NDX/SRC/events/01949
EV001950,PG,NDX_BILLING,NDX-R01066,SUBMITTED,2022-10-03T12:18:00+00:00,2022-10-05T20:59:33+00:00,13217,USD,,false,NDX/SRC/events/01950
EV001951,PG,NDX_BILLING,,PAYMENT_POSTED,2022-10-10T12:13:00+00:00,2022-10-11T12:24:14+00:00,13217,USD,,false,NDX/SRC/events/01951
EV001952,PG,NDX_BILLING,NDX-R01067,SUBMITTED,2023-07-24T17:51:00+00:00,2023-07-27T06:05:47+00:00,11690,USD,,false,NDX/SRC/events/01952
EV001953,PG,NDX_BILLING,,PAYMENT_POSTED,2023-08-08T12:47:00+00:00,2023-08-14T14:30:29+00:00,11690,USD,,false,NDX/SRC/events/01953
EV001954,PG,NDX_BILLING,NDX-R01068,SUBMITTED,2022-10-10T15:16:00+00:00,2022-10-31T15:16:00+00:00,11431,USD,,false,NDX/SRC/events/01954
EV001955,PG,NDX_BILLING,NDX-R01069,SUBMITTED,2022-12-22T13:09:00+00:00,2022-12-23T15:52:43+00:00,8056,USD,,false,NDX/SRC/events/01955
EV001956,PG,NDX_BILLING,,PAYMENT_POSTED,2022-12-27T20:01:00+00:00,2022-12-30T14:44:54+00:00,8056,USD,,false,NDX/SRC/events/01956
EV001957,PG,NDX_BILLING,NDX-R01070,SUBMITTED,2022-10-14T17:19:00+00:00,2022-10-19T13:16:40+00:00,37535,USD,,false,NDX/SRC/events/01957
EV001958,PG,NDX_BILLING,,PAYMENT_POSTED,2022-10-21T14:00:00+00:00,2022-10-28T18:51:06+00:00,37535,USD,,false,NDX/SRC/events/01958
EV001959,PG,NDX_BILLING,NDX-R01071,SUBMITTED,2023-08-21T20:38:00+00:00,2023-08-24T07:04:49+00:00,62320,USD,,false,NDX/SRC/events/01959
EV001960,PG,NDX_BILLING,,PAYMENT_POSTED,2023-09-25T17:31:00+00:00,2023-09-25T20:16:47+00:00,62320,USD,,false,NDX/SRC/events/01960
EV001961,PG,NDX_BILLING,NDX-R01072,SUBMITTED,2023-02-09T20:26:00+00:00,2023-04-02T06:58:29+00:00,5148,USD,,false,NDX/SRC/events/01961
EV001962,PG,NDX_BILLING,NDX-R01073,SUBMITTED,2023-09-18T17:21:00+00:00,2023-10-01T05:19:09+00:00,12524,USD,,false,NDX/SRC/events/01962
EV001963,PG,NDX_BILLING,,PAYMENT_POSTED,2023-10-20T20:25:00+00:00,2023-10-20T22:27:14+00:00,12524,USD,,false,NDX/SRC/events/01963
EV001964,PG,NDX_BILLING,NDX-R01074,SUBMITTED,2022-10-31T18:19:00+00:00,2022-11-13T17:15:50+00:00,15611,USD,,false,NDX/SRC/events/01964
EV001965,PG,NDX_BILLING,NDX-R01075,CORRECTED,2022-11-02T12:17:00+00:00,2022-11-03T22:12:53+00:00,14320,USD,,false,NDX/SRC/events/01965
EV001966,PG,NDX_BILLING,,PAYMENT_POSTED,2022-12-19T17:56:00+00:00,2022-12-21T00:58:38+00:00,14320,USD,,false,NDX/SRC/events/01966
EV001967,PG,NDX_BILLING,NDX-R01076,SUBMITTED,2022-10-31T17:15:00+00:00,2022-11-02T15:03:04+00:00,23814,USD,,false,NDX/SRC/events/01967
EV001968,PG,NDX_BILLING,NDX-R01077,SUBMITTED,2022-11-07T14:48:00+00:00,2022-11-16T08:09:37+00:00,7478,USD,,false,NDX/SRC/events/01968
EV001969,PG,NDX_BILLING,,PAYMENT_POSTED,2022-11-21T17:05:00+00:00,2022-11-22T22:19:50+00:00,7478,USD,,false,NDX/SRC/events/01969
EV001970,PG,NDX_BILLING,NDX-R01078,SUBMITTED,2022-10-17T18:10:00+00:00,2022-10-20T04:34:29+00:00,7191,USD,,false,NDX/SRC/events/01970
EV001971,PG,NDX_BILLING,,PAYMENT_POSTED,2022-11-25T15:45:00+00:00,2022-11-28T19:34:39+00:00,7191,USD,,false,NDX/SRC/events/01971
EV001972,PG,NDX_BILLING,NDX-R01079,SUBMITTED,2023-07-17T19:36:00+00:00,2023-07-19T01:44:43+00:00,13172,USD,,false,NDX/SRC/events/01972
EV001973,PG,NDX_BILLING,,PAYMENT_POSTED,2023-07-31T13:56:00+00:00,2023-08-03T08:35:55+00:00,13172,USD,,false,NDX/SRC/events/01973
EV001974,PG,NDX_BILLING,NDX-R01080,SUBMITTED,2022-07-18T17:47:00+00:00,2022-09-12T18:47:32+00:00,7616,USD,,false,NDX/SRC/events/01974
EV001975,PG,NDX_BILLING,NDX-R01081,CORRECTED,2022-07-19T17:17:00+00:00,2022-07-20T00:32:01+00:00,6949,USD,,false,NDX/SRC/events/01975
EV001976,PG,NDX_BILLING,,PAYMENT_POSTED,2022-07-27T19:07:00+00:00,2022-07-28T02:24:47+00:00,6949,USD,,false,NDX/SRC/events/01976
EV001977,PG,NDX_BILLING,NDX-R01082,SUBMITTED,2023-04-27T17:04:00+00:00,2023-04-27T17:24:13+00:00,17911,USD,,false,NDX/SRC/events/01977
EV001978,PG,NDX_BILLING,,PAYMENT_POSTED,2023-05-18T17:51:00+00:00,2023-05-18T22:56:59+00:00,17911,USD,,false,NDX/SRC/events/01978
EV001979,PG,NDX_BILLING,NDX-R01083,SUBMITTED,2023-02-14T20:21:00+00:00,2023-05-14T20:50:08+00:00,16185,USD,,false,NDX/SRC/events/01979
EV001980,PG,NDX_BILLING,,PAYMENT_POSTED,2023-02-20T19:26:00+00:00,2023-02-21T00:57:31+00:00,16185,USD,,false,NDX/SRC/events/01980
EV001981,PG,NDX_BILLING,NDX-R01084,SUBMITTED,2023-01-06T19:32:00+00:00,2023-01-12T06:34:50+00:00,10392,USD,,false,NDX/SRC/events/01981
EV001982,PG,NDX_BILLING,,PAYMENT_POSTED,2023-02-02T20:06:00+00:00,2023-02-02T22:15:03+00:00,10392,USD,,false,NDX/SRC/events/01982
EV001983,PG,NDX_BILLING,NDX-R01085,SUBMITTED,2022-12-20T18:17:00+00:00,2022-12-20T22:13:12+00:00,48005,USD,,false,NDX/SRC/events/01983
EV001984,PG,NDX_BILLING,,PAYMENT_POSTED,2022-12-30T13:37:00+00:00,2022-12-30T13:45:54+00:00,48005,USD,,false,NDX/SRC/events/01984
EV001985,PG,NDX_BILLING,NDX-R01086,SUBMITTED,2023-05-17T15:52:00+00:00,2023-05-17T20:42:33+00:00,13311,USD,,false,NDX/SRC/events/01985
EV001986,PG,NDX_BILLING,NDX-R01087,SUBMITTED,2023-07-04T14:46:00+00:00,2023-07-05T09:29:09+00:00,34019,USD,,false,NDX/SRC/events/01986
EV001987,PG,NDX_BILLING,,PAYMENT_POSTED,2023-09-07T17:18:00+00:00,2023-09-10T10:20:58+00:00,34019,USD,,false,NDX/SRC/events/01987
EV001988,PG,NDX_BILLING,NDX-R01088,SUBMITTED,2022-09-07T19:44:00+00:00,2022-09-12T22:44:50+00:00,4710,USD,,false,NDX/SRC/events/01988
EV001989,PG,NDX_BILLING,NDX-R01088,CLOSED_NO_PAYMENT,2022-12-23T21:43:00+00:00,2022-12-26T03:53:07+00:00,,,,true,NDX/SRC/events/01989
EV001990,PG,NDX_BILLING,NDX-R01089,SUBMITTED,2023-08-22T14:10:00+00:00,2023-08-22T22:02:43+00:00,9403,USD,,false,NDX/SRC/events/01990
EV001991,PG,NDX_BILLING,NDX-R01090,CORRECTED,2023-08-25T18:15:00+00:00,2023-08-25T23:04:49+00:00,11692,USD,,false,NDX/SRC/events/01991
EV001992,PG,NDX_BILLING,,PAYMENT_POSTED,2023-08-28T15:08:00+00:00,2023-08-29T05:49:42+00:00,11692,USD,,false,NDX/SRC/events/01992
EV001993,PG,NDX_BILLING,NDX-R01091,SUBMITTED,2023-05-29T16:13:00+00:00,2023-05-29T17:34:51+00:00,19325,USD,,false,NDX/SRC/events/01993
EV001994,PG,NDX_BILLING,,PAYMENT_POSTED,2023-06-23T13:32:00+00:00,2023-07-05T19:49:45+00:00,19325,USD,,false,NDX/SRC/events/01994
EV001995,PG,NDX_BILLING,NDX-R01092,SUBMITTED,2022-10-05T13:35:00+00:00,2022-10-05T19:30:39+00:00,7047,USD,,false,NDX/SRC/events/01995
EV001996,PG,NDX_BILLING,,PAYMENT_POSTED,2022-11-15T13:23:00+00:00,2022-11-15T19:58:27+00:00,7047,USD,,false,NDX/SRC/events/01996
EV001997,PG,NDX_BILLING,NDX-R01093,SUBMITTED,2023-07-25T18:04:00+00:00,2023-07-25T21:29:16+00:00,62685,USD,,false,NDX/SRC/events/01997
EV001998,PG,NDX_BILLING,NDX-R01093,CLOSED_NO_PAYMENT,2023-09-05T14:14:00+00:00,2023-09-05T16:07:06+00:00,,,,true,NDX/SRC/events/01998
EV001999,PG,NDX_BILLING,NDX-R01094,SUBMITTED,2023-05-10T20:58:00+00:00,2023-05-11T04:05:30+00:00,24300,USD,,false,NDX/SRC/events/01999
EV002000,PG,NDX_BILLING,,PAYMENT_POSTED,2023-05-31T19:46:00+00:00,2023-06-03T11:12:38+00:00,24300,USD,,false,NDX/SRC/events/02000
EV002001,PG,NDX_BILLING,NDX-R01095,SUBMITTED,2023-09-12T19:32:00+00:00,2023-09-13T00:38:22+00:00,14130,USD,,false,NDX/SRC/events/02001
EV002002,PG,NDX_BILLING,NDX-R01096,CORRECTED,2023-09-15T16:39:00+00:00,2023-09-20T03:22:36+00:00,15941,USD,,false,NDX/SRC/events/02002
EV002004,PG,NDX_BILLING,NDX-R01097,SUBMITTED,2023-03-10T16:26:00+00:00,2023-03-12T04:09:04+00:00,5130,USD,,false,NDX/SRC/events/02004
EV002005,PG,NDX_BILLING,,PAYMENT_POSTED,2023-03-27T16:22:00+00:00,2023-03-27T20:36:35+00:00,5130,USD,,false,NDX/SRC/events/02005
EV002006,PG,NDX_BILLING,NDX-R01098,SUBMITTED,2023-06-14T15:10:00+00:00,2023-06-14T16:20:59+00:00,3473,USD,,false,NDX/SRC/events/02006
EV002007,PG,NDX_BILLING,,PAYMENT_POSTED,2023-08-09T13:07:00+00:00,2023-08-11T10:32:48+00:00,3473,USD,,false,NDX/SRC/events/02007
EV002008,PG,NDX_BILLING,NDX-R01099,SUBMITTED,2022-10-18T16:39:00+00:00,2022-10-18T21:40:40+00:00,25649,USD,,false,NDX/SRC/events/02008
EV002009,PG,NDX_BILLING,,PAYMENT_POSTED,2022-10-25T16:38:00+00:00,2022-10-26T13:44:27+00:00,25649,USD,,false,NDX/SRC/events/02009
EV002010,PG,NDX_BILLING,NDX-R01100,SUBMITTED,2023-01-30T17:48:00+00:00,2023-01-31T14:41:51+00:00,18398,USD,,false,NDX/SRC/events/02010
EV002011,PG,NDX_BILLING,,PAYMENT_POSTED,2023-02-13T20:36:00+00:00,2023-02-14T03:54:48+00:00,18398,USD,,false,NDX/SRC/events/02011
EV002012,PG,NDX_BILLING,NDX-R01101,SUBMITTED,2023-02-21T18:39:00+00:00,2023-02-22T01:45:31+00:00,63673,USD,,false,NDX/SRC/events/02012
EV002013,PG,NDX_BILLING,,PAYMENT_POSTED,2023-03-07T16:26:00+00:00,2023-03-07T21:33:36+00:00,63673,USD,,false,NDX/SRC/events/02013
EV002014,PG,NDX_BILLING,NDX-R01102,SUBMITTED,2023-07-04T17:55:00+00:00,2023-07-04T21:54:02+00:00,38867,USD,,false,NDX/SRC/events/02014
EV002015,PG,NDX_BILLING,NDX-R01102,CLOSED_NO_PAYMENT,2023-08-31T17:39:00+00:00,2023-09-02T18:48:28+00:00,,,,true,NDX/SRC/events/02015
EV002016,PG,NDX_BILLING,NDX-R01103,SUBMITTED,2022-07-01T18:22:00+00:00,2022-07-02T20:40:53+00:00,14323,USD,,false,NDX/SRC/events/02016
EV002017,PG,NDX_BILLING,NDX-R01104,SUBMITTED,2023-01-30T20:38:00+00:00,2023-02-02T10:19:33+00:00,121098,USD,,false,NDX/SRC/events/02017
EV002018,PG,NDX_BILLING,NDX-R01105,CORRECTED,2023-02-01T18:31:00+00:00,2023-02-02T01:40:34+00:00,155382,USD,,false,NDX/SRC/events/02018
EV002019,PG,NDX_BILLING,,PAYMENT_POSTED,2023-04-25T19:14:00+00:00,2023-04-25T23:33:06+00:00,155382,USD,,false,NDX/SRC/events/02019
EV002020,PG,NDX_BILLING,NDX-R01106,SUBMITTED,2022-12-06T14:16:00+00:00,2022-12-06T19:46:17+00:00,24599,USD,,false,NDX/SRC/events/02020
EV002021,PG,NDX_BILLING,,PAYMENT_POSTED,2023-01-25T14:40:00+00:00,2023-01-27T12:11:31+00:00,24599,USD,,false,NDX/SRC/events/02021
EV002022,PG,NDX_BILLING,NDX-R01107,SUBMITTED,2023-07-13T20:09:00+00:00,2023-08-21T17:00:37+00:00,6625,USD,,false,NDX/SRC/events/02022
EV002023,PG,NDX_BILLING,,PAYMENT_POSTED,2023-08-07T12:45:00+00:00,2023-08-07T15:14:16+00:00,6625,USD,,false,NDX/SRC/events/02023
EV002024,PG,NDX_BILLING,NDX-R01108,SUBMITTED,2022-10-17T12:17:00+00:00,2022-10-18T08:43:37+00:00,16696,USD,,false,NDX/SRC/events/02024
EV002025,PG,NDX_BILLING,,PAYMENT_POSTED,2022-10-24T14:18:00+00:00,2022-10-30T06:40:17+00:00,16696,USD,,false,NDX/SRC/events/02025
EV002026,PG,NDX_BILLING,NDX-R01109,SUBMITTED,2022-10-14T17:37:00+00:00,2022-10-16T01:53:16+00:00,6093,USD,,false,NDX/SRC/events/02026
EV002027,PG,NDX_BILLING,NDX-R01110,SUBMITTED,2023-03-01T19:23:00+00:00,2023-03-02T02:46:01+00:00,95169,USD,,false,NDX/SRC/events/02027
EV002028,PG,NDX_BILLING,,PAYMENT_POSTED,2023-03-06T14:26:00+00:00,2023-03-06T19:43:31+00:00,95169,USD,,false,NDX/SRC/events/02028
EV002029,PG,NDX_BILLING,NDX-R01111,SUBMITTED,2023-06-26T16:33:00+00:00,2023-07-10T02:39:01+00:00,48688,USD,,false,NDX/SRC/events/02029
EV002030,PG,NDX_BILLING,NDX-R01112,CORRECTED,2023-07-07T14:51:00+00:00,2023-07-10T18:08:41+00:00,53755,USD,,false,NDX/SRC/events/02030
EV002031,PG,NDX_BILLING,,PAYMENT_POSTED,2023-07-17T20:25:00+00:00,2023-07-22T01:47:29+00:00,53755,USD,,false,NDX/SRC/events/02031
EV002032,PG,NDX_BILLING,NDX-R01113,SUBMITTED,2022-08-05T13:00:00+00:00,2022-08-05T20:07:46+00:00,4309,USD,,false,NDX/SRC/events/02032
EV002033,PG,NDX_BILLING,,PAYMENT_POSTED,2022-08-15T15:56:00+00:00,2022-08-15T19:27:28+00:00,4309,USD,,false,NDX/SRC/events/02033
EV002034,PG,NDX_BILLING,NDX-R01114,SUBMITTED,2023-09-04T20:28:00+00:00,2023-09-09T10:11:41+00:00,109731,USD,,false,NDX/SRC/events/02034
EV002035,PG,NDX_BILLING,,PAYMENT_POSTED,2023-10-20T17:04:00+00:00,2023-10-24T04:40:59+00:00,109731,USD,,false,NDX/SRC/events/02035
EV002036,PG,NDX_BILLING,NDX-R01115,SUBMITTED,2023-08-21T12:26:00+00:00,2023-08-22T23:15:56+00:00,4675,USD,,false,NDX/SRC/events/02036
EV002037,PG,NDX_BILLING,NDX-R01116,CORRECTED,2023-08-29T17:35:00+00:00,2023-09-02T16:45:31+00:00,5732,USD,,false,NDX/SRC/events/02037
EV002038,PG,NDX_BILLING,,PAYMENT_POSTED,2023-09-11T19:11:00+00:00,2023-09-11T23:14:07+00:00,5732,USD,,false,NDX/SRC/events/02038
EV002039,PG,NDX_BILLING,NDX-R01117,SUBMITTED,2023-03-02T19:21:00+00:00,2023-03-03T02:40:05+00:00,18335,USD,,false,NDX/SRC/events/02039
EV002040,PG,NDX_BILLING,,PAYMENT_POSTED,2023-04-14T13:10:00+00:00,2023-04-17T04:15:40+00:00,18335,USD,,false,NDX/SRC/events/02040
EV002041,PG,NDX_BILLING,NDX-R01118,SUBMITTED,2023-09-04T16:14:00+00:00,2023-09-04T16:27:25+00:00,27386,USD,,false,NDX/SRC/events/02041
EV002043,PG,NDX_BILLING,NDX-R01119,SUBMITTED,2023-07-03T19:09:00+00:00,2023-07-06T15:07:02+00:00,9604,USD,,false,NDX/SRC/events/02043
EV002044,PG,NDX_BILLING,,PAYMENT_POSTED,2023-07-20T17:59:00+00:00,2023-07-24T20:33:42+00:00,9604,USD,,false,NDX/SRC/events/02044
EV002045,PG,NDX_BILLING,NDX-R01120,SUBMITTED,2023-01-25T13:00:00+00:00,2023-01-28T07:33:36+00:00,362535,USD,,false,NDX/SRC/events/02045
EV002046,PG,NDX_BILLING,NDX-R01120,CLOSED_NO_PAYMENT,2023-05-22T17:05:00+00:00,2023-05-30T04:04:54+00:00,,,,true,NDX/SRC/events/02046
EV002047,PG,NDX_BILLING,NDX-R01121,SUBMITTED,2022-11-30T20:19:00+00:00,2022-11-30T21:03:48+00:00,14225,USD,,false,NDX/SRC/events/02047
EV002048,PG,NDX_BILLING,,PAYMENT_POSTED,2022-12-08T19:35:00+00:00,2022-12-09T00:31:03+00:00,14225,USD,,false,NDX/SRC/events/02048
EV002049,PG,NDX_BILLING,NDX-R01122,SUBMITTED,2023-01-03T15:43:00+00:00,2023-01-03T17:32:48+00:00,25872,USD,,false,NDX/SRC/events/02049
EV002050,PG,NDX_BILLING,,PAYMENT_POSTED,2023-01-26T17:21:00+00:00,2023-01-29T12:11:58+00:00,25872,USD,,false,NDX/SRC/events/02050
EV002051,PG,NDX_BILLING,NDX-R01123,SUBMITTED,2023-05-02T15:39:00+00:00,2023-05-02T19:56:55+00:00,3058,USD,,false,NDX/SRC/events/02051
EV002052,PG,NDX_BILLING,,PAYMENT_POSTED,2023-06-12T18:40:00+00:00,2023-06-12T21:28:34+00:00,3058,USD,,false,NDX/SRC/events/02052
EV002053,PG,NDX_BILLING,NDX-R01124,SUBMITTED,2023-07-28T19:02:00+00:00,2023-09-13T07:48:02+00:00,10931,USD,,false,NDX/SRC/events/02053
EV002054,PG,NDX_BILLING,,PAYMENT_POSTED,2023-08-14T12:05:00+00:00,2023-08-14T18:24:34+00:00,10931,USD,,false,NDX/SRC/events/02054
EV002055,PG,NDX_BILLING,NDX-R01125,SUBMITTED,2022-10-24T19:25:00+00:00,2022-10-28T01:35:01+00:00,9609,USD,,false,NDX/SRC/events/02055
EV002056,PG,NDX_BILLING,,PAYMENT_POSTED,2022-11-23T20:22:00+00:00,2022-11-25T14:05:05+00:00,9609,USD,,false,NDX/SRC/events/02056
EV002057,PG,NDX_BILLING,NDX-R01126,SUBMITTED,2022-11-29T21:14:00+00:00,2022-11-30T01:10:31+00:00,160020,USD,,false,NDX/SRC/events/02057
EV002058,PG,NDX_BILLING,,PAYMENT_POSTED,2022-12-26T17:01:00+00:00,2022-12-26T20:31:27+00:00,160020,USD,,false,NDX/SRC/events/02058
EV002059,PG,NDX_BILLING,NDX-R01127,SUBMITTED,2022-10-06T15:24:00+00:00,2022-10-06T20:33:31+00:00,29391,USD,,false,NDX/SRC/events/02059
EV002060,PG,NDX_BILLING,,PAYMENT_POSTED,2022-10-24T15:19:00+00:00,2022-10-30T22:05:32+00:00,29391,USD,,false,NDX/SRC/events/02060
EV002061,PG,NDX_BILLING,NDX-R01128,SUBMITTED,2023-03-10T21:18:00+00:00,2023-03-17T11:11:32+00:00,29071,USD,,false,NDX/SRC/events/02061
EV002062,PG,NDX_BILLING,,PAYMENT_POSTED,2023-04-17T18:28:00+00:00,2023-04-25T10:52:14+00:00,29071,USD,,false,NDX/SRC/events/02062
EV002063,PG,NDX_BILLING,NDX-R01129,SUBMITTED,2023-03-10T14:56:00+00:00,2023-03-10T20:42:26+00:00,7164,USD,,false,NDX/SRC/events/02063
EV002064,PG,NDX_BILLING,NDX-R01130,SUBMITTED,2022-09-09T20:52:00+00:00,2022-09-10T00:31:56+00:00,60117,USD,,false,NDX/SRC/events/02064
EV002065,PG,NDX_BILLING,NDX-R01131,SUBMITTED,2022-10-17T16:02:00+00:00,2022-10-21T01:45:14+00:00,8853,USD,,false,NDX/SRC/events/02065
EV002066,PG,NDX_BILLING,,PAYMENT_POSTED,2022-11-09T19:11:00+00:00,2022-11-10T17:15:23+00:00,8853,USD,,false,NDX/SRC/events/02066
EV002067,PG,NDX_BILLING,NDX-R01132,SUBMITTED,2023-02-27T18:24:00+00:00,2023-02-28T01:46:13+00:00,10219,USD,,false,NDX/SRC/events/02067
EV002068,PG,NDX_BILLING,,PAYMENT_POSTED,2023-03-27T17:50:00+00:00,2023-04-01T17:07:26+00:00,10219,USD,,false,NDX/SRC/events/02068
EV002069,PG,NDX_BILLING,NDX-R01133,SUBMITTED,2022-08-29T20:31:00+00:00,2022-09-02T17:12:38+00:00,25241,USD,,false,NDX/SRC/events/02069
EV002070,PG,NDX_BILLING,,PAYMENT_POSTED,2022-09-27T16:14:00+00:00,2022-09-29T13:40:05+00:00,25241,USD,,false,NDX/SRC/events/02070
EV002071,PG,NDX_BILLING,NDX-R01134,SUBMITTED,2022-09-06T12:56:00+00:00,2022-09-06T16:48:25+00:00,105938,USD,,false,NDX/SRC/events/02071
EV002072,PG,NDX_BILLING,NDX-R01135,CORRECTED,2022-09-08T20:21:00+00:00,2022-09-13T01:05:52+00:00,96553,USD,,false,NDX/SRC/events/02072
EV002073,PG,NDX_BILLING,NDX-R01136,SUBMITTED,2022-09-23T18:58:00+00:00,2022-09-26T06:00:20+00:00,7795,USD,,false,NDX/SRC/events/02073
EV002074,PG,NDX_BILLING,,PAYMENT_POSTED,2022-10-12T13:12:00+00:00,2022-10-14T21:51:18+00:00,7795,USD,,false,NDX/SRC/events/02074
EV002075,PG,NDX_BILLING,NDX-R01137,SUBMITTED,2022-10-24T13:55:00+00:00,2022-10-24T21:47:44+00:00,3869,USD,,false,NDX/SRC/events/02075
EV002076,PG,NDX_BILLING,,PAYMENT_POSTED,2022-11-29T19:46:00+00:00,2022-11-30T00:25:36+00:00,3869,USD,,false,NDX/SRC/events/02076
EV002077,PG,NDX_BILLING,NDX-R01138,SUBMITTED,2022-12-05T20:46:00+00:00,2022-12-07T10:46:28+00:00,4920,USD,,false,NDX/SRC/events/02077
EV002078,PG,NDX_BILLING,,PAYMENT_POSTED,2022-12-22T17:45:00+00:00,2022-12-22T17:56:58+00:00,4920,USD,,false,NDX/SRC/events/02078
EV002079,PG,NDX_BILLING,NDX-R01139,SUBMITTED,2023-08-18T14:21:00+00:00,2023-08-18T16:06:38+00:00,6177,USD,,false,NDX/SRC/events/02079
EV002080,PG,NDX_BILLING,,PAYMENT_POSTED,2023-09-27T19:55:00+00:00,2023-10-05T04:50:23+00:00,6177,USD,,false,NDX/SRC/events/02080
EV002081,PG,NDX_BILLING,NDX-R01140,SUBMITTED,2022-07-25T19:10:00+00:00,2022-07-26T08:53:23+00:00,51433,USD,,false,NDX/SRC/events/02081
EV002082,PG,NDX_BILLING,NDX-R01141,SUBMITTED,2022-10-31T14:40:00+00:00,2022-11-01T21:47:34+00:00,32030,USD,,false,NDX/SRC/events/02082
EV002083,PG,NDX_BILLING,,PAYMENT_POSTED,2022-11-14T15:33:00+00:00,2022-11-18T06:51:22+00:00,32030,USD,,false,NDX/SRC/events/02083
EV002084,PG,NDX_BILLING,NDX-R01142,SUBMITTED,2023-04-10T17:25:00+00:00,2023-04-10T23:53:50+00:00,58563,USD,,false,NDX/SRC/events/02084
EV002085,PG,NDX_BILLING,,PAYMENT_POSTED,2023-04-24T19:50:00+00:00,2023-04-29T08:16:43+00:00,58563,USD,,false,NDX/SRC/events/02085
EV002086,PG,NDX_BILLING,NDX-R01143,SUBMITTED,2023-05-01T16:26:00+00:00,2023-05-04T04:02:24+00:00,23596,USD,,false,NDX/SRC/events/02086
EV002087,PG,NDX_BILLING,,PAYMENT_POSTED,2023-05-22T15:34:00+00:00,2023-05-30T19:39:44+00:00,23596,USD,,false,NDX/SRC/events/02087
EV002088,PG,NDX_BILLING,NDX-R01144,SUBMITTED,2022-08-12T18:15:00+00:00,2022-08-13T14:20:38+00:00,10088,USD,,false,NDX/SRC/events/02088
EV002089,PG,NDX_BILLING,,PAYMENT_POSTED,2022-08-15T16:06:00+00:00,2022-08-16T10:43:48+00:00,10088,USD,,false,NDX/SRC/events/02089
EV002090,PG,NDX_BILLING,NDX-R01145,SUBMITTED,2022-09-22T20:51:00+00:00,2022-09-23T22:56:59+00:00,7982,USD,,false,NDX/SRC/events/02090
EV002091,PG,NDX_BILLING,,PAYMENT_POSTED,2022-10-12T14:24:00+00:00,2022-10-14T02:16:58+00:00,7982,USD,,false,NDX/SRC/events/02091
EV002092,PG,NDX_BILLING,NDX-R01146,SUBMITTED,2023-07-10T16:40:00+00:00,2023-07-31T16:40:00+00:00,10901,USD,,false,NDX/SRC/events/02092
EV002093,PG,NDX_BILLING,,PAYMENT_POSTED,2023-07-24T13:14:00+00:00,2023-07-24T18:36:40+00:00,10901,USD,,false,NDX/SRC/events/02093
EV002094,PG,NDX_BILLING,NDX-R01147,SUBMITTED,2023-04-21T15:17:00+00:00,2023-04-22T20:05:43+00:00,9683,USD,,false,NDX/SRC/events/02094
EV002095,PG,NDX_BILLING,,PAYMENT_POSTED,2023-05-22T16:02:00+00:00,2023-05-22T23:25:08+00:00,9683,USD,,false,NDX/SRC/events/02095
EV002096,PG,NDX_BILLING,NDX-R01148,SUBMITTED,2023-02-06T16:42:00+00:00,2023-02-09T22:05:39+00:00,6119,USD,,false,NDX/SRC/events/02096
EV002097,PG,NDX_BILLING,,PAYMENT_POSTED,2023-03-20T17:41:00+00:00,2023-03-24T08:13:32+00:00,6119,USD,,false,NDX/SRC/events/02097
EV002098,PG,NDX_BILLING,NDX-R01149,SUBMITTED,2023-09-25T20:23:00+00:00,2023-09-27T03:05:51+00:00,17012,USD,,false,NDX/SRC/events/02098
EV002099,PG,NDX_BILLING,NDX-R01150,CORRECTED,2023-09-27T13:05:00+00:00,2023-09-28T22:41:36+00:00,19611,USD,,false,NDX/SRC/events/02099
EV002100,PG,NDX_BILLING,NDX-R01149,VOID_VERSION,2023-09-27T13:05:00+00:00,2023-09-27T20:19:27+00:00,17012,USD,,false,NDX/SRC/events/02100
EV002101,PG,NDX_BILLING,,PAYMENT_POSTED,2023-10-23T19:32:00+00:00,2023-10-26T10:48:25+00:00,19611,USD,,false,NDX/SRC/events/02101
EV002102,PG,NDX_BILLING,NDX-R01151,SUBMITTED,2023-05-29T19:17:00+00:00,2023-05-30T02:54:15+00:00,2800,USD,,false,NDX/SRC/events/02102
EV002103,PG,NDX_BILLING,,PAYMENT_POSTED,2023-07-10T17:00:00+00:00,2023-07-14T00:42:13+00:00,2800,USD,,false,NDX/SRC/events/02103
EV002104,PG,NDX_BILLING,NDX-R01152,SUBMITTED,2022-11-18T16:44:00+00:00,2022-11-18T22:10:40+00:00,21729,USD,,false,NDX/SRC/events/02104
EV002105,PG,NDX_BILLING,,PAYMENT_POSTED,2022-11-23T15:50:00+00:00,2022-11-23T21:13:27+00:00,21729,USD,,false,NDX/SRC/events/02105
EV002106,PG,NDX_BILLING,NDX-R01153,SUBMITTED,2022-11-15T20:49:00+00:00,2022-11-16T00:32:18+00:00,15310,USD,,false,NDX/SRC/events/02106
EV002107,PG,NDX_BILLING,NDX-R01152,PAYMENT_REVERSED,2022-12-07T20:30:00+00:00,2022-12-09T17:50:19+00:00,13104,USD,EV002105,false,NDX/SRC/events/02107
EV002108,PG,NDX_BILLING,NDX-R01154,SUBMITTED,2022-09-16T13:37:00+00:00,2022-09-16T19:40:15+00:00,51520,USD,,false,NDX/SRC/events/02108
EV002109,PG,NDX_BILLING,NDX-R01155,SUBMITTED,2023-07-24T15:32:00+00:00,2023-07-27T14:48:07+00:00,93921,USD,,false,NDX/SRC/events/02109
EV002110,PG,NDX_BILLING,NDX-R01156,SUBMITTED,2022-11-18T15:30:00+00:00,2022-11-18T16:28:10+00:00,8066,USD,,false,NDX/SRC/events/02110
EV002111,PG,NDX_BILLING,,PAYMENT_POSTED,2022-11-28T15:36:00+00:00,2022-12-01T10:18:58+00:00,8066,USD,,false,NDX/SRC/events/02111
EV002112,PG,NDX_BILLING,NDX-R01157,SUBMITTED,2023-05-29T14:28:00+00:00,2023-05-29T21:13:35+00:00,59442,USD,,false,NDX/SRC/events/02112
EV002113,PG,NDX_BILLING,,PAYMENT_POSTED,2023-06-05T18:56:00+00:00,2023-06-06T02:33:57+00:00,59442,USD,,false,NDX/SRC/events/02113
EV002114,PG,NDX_BILLING,NDX-R01158,SUBMITTED,2023-08-28T12:40:00+00:00,2023-08-31T13:56:42+00:00,5598,USD,,false,NDX/SRC/events/02114
EV002115,PG,NDX_BILLING,,PAYMENT_POSTED,2023-09-28T15:45:00+00:00,2023-10-04T12:42:55+00:00,5598,USD,,false,NDX/SRC/events/02115
EV002116,PG,NDX_BILLING,NDX-R01159,SUBMITTED,2023-07-06T13:45:00+00:00,2023-07-09T02:55:04+00:00,34286,USD,,false,NDX/SRC/events/02116
EV002117,PG,NDX_BILLING,NDX-R01160,SUBMITTED,2023-04-18T15:42:00+00:00,2023-04-29T18:48:14+00:00,7285,USD,,false,NDX/SRC/events/02117
EV002118,PG,NDX_BILLING,,PAYMENT_POSTED,2023-04-28T20:59:00+00:00,2023-05-07T06:39:17+00:00,7285,USD,,false,NDX/SRC/events/02118
EV002119,PG,CPL_BILLING,,PAYMENT_POSTED,2022-11-22T14:49:00+00:00,2022-11-24T17:39:22+00:00,6783,USD,,false,CPL/SRC/events/00321-DUP
EV002120,PG,NDX_BILLING,NDX-R00990,SUBMITTED,2023-04-17T13:22:00+00:00,2023-04-17T17:00:29+00:00,8383,USD,,false,NDX/SRC/events/01813-DUP
EV002121,PG,TRI_BILLING,,PAYMENT_POSTED,2023-07-28T18:31:00+00:00,2023-08-14T04:53:09+00:00,14687,USD,,false,TRI/SRC/events/01207-DUP
EV002122,PG,NDX_BILLING,,PAYMENT_POSTED,2023-10-17T19:42:00+00:00,2023-10-18T01:43:14+00:00,44826,USD,,false,NDX/SRC/events/01781-DUP
EV002123,PG,NDX_BILLING,,PAYMENT_POSTED,2023-01-31T20:02:00+00:00,2023-02-01T09:51:20+00:00,60003,USD,,false,NDX/SRC/events/01783-DUP
EV002124,PG,NDX_BILLING,NDX-R01074,SUBMITTED,2022-10-31T18:19:00+00:00,2022-11-13T17:15:50+00:00,15611,USD,,false,NDX/SRC/events/01964-DUP
EV002125,PG,TRI_BILLING,TRI-R00762,CORRECTED,2023-07-07T21:07:00+00:00,2023-07-08T01:57:30+00:00,3322,USD,,false,TRI/SRC/events/01392-DUP
EV002126,PG,CPL_BILLING,,PAYMENT_POSTED,2023-08-23T17:11:00+00:00,2023-08-23T20:15:58+00:00,8643,USD,,false,CPL/SRC/events/00136-DUP
EV002127,PG,NDX_BILLING,,PAYMENT_POSTED,2022-11-08T20:39:00+00:00,2022-11-09T21:46:38+00:00,7925,USD,,false,NDX/SRC/events/01716-DUP
EV002128,PG,NDX_BILLING,NDX-R01129,SUBMITTED,2023-03-10T14:56:00+00:00,2023-03-10T20:42:26+00:00,7164,USD,,false,NDX/SRC/events/02063-DUP
EV002129,PG,TRI_BILLING,TRI-R00525,SUBMITTED,2022-12-12T23:49:00+00:00,2022-12-15T10:57:02+00:00,13508,USD,,false,TRI/SRC/events/00961-DUP
EV002130,PG,CPL_BILLING,,PAYMENT_POSTED,2022-08-29T19:38:00+00:00,2022-09-01T05:35:12+00:00,8195,USD,,false,CPL/SRC/events/00100-DUP
EV002131,PG,TRI_BILLING,TRI-R00572,SUBMITTED,2023-03-01T22:00:00+00:00,2023-03-02T01:55:09+00:00,24144,USD,,false,TRI/SRC/events/01046-DUP
EV002132,PG,CPL_BILLING,,PAYMENT_POSTED,2023-08-21T16:47:00+00:00,2023-08-21T19:05:59+00:00,29377,USD,,false,CPL/SRC/events/00521-DUP
EV002133,PG,CPL_BILLING,CPL-R00123,SUBMITTED,2023-09-11T19:50:00+00:00,2023-09-16T08:25:09+00:00,11656,USD,,false,CPL/SRC/events/00226-DUP
EV002134,PG,TRI_BILLING,TRI-R00598,SUBMITTED,2023-02-27T21:11:00+00:00,2023-03-01T18:09:54+00:00,11055,USD,,false,TRI/SRC/events/01094-DUP
EV002135,PG,CPL_BILLING,CPL-R00253,SUBMITTED,2022-08-09T21:18:00+00:00,2022-08-11T02:18:23+00:00,13664,USD,,false,CPL/SRC/events/00468-DUP
EV002136,PG,TRI_BILLING,TRI-R00801,SUBMITTED,2023-05-01T21:42:00+00:00,2023-05-05T12:18:36+00:00,10169,USD,,false,TRI/SRC/events/01460-DUP
EV002137,PG,NDX_BILLING,NDX-R01079,SUBMITTED,2023-07-17T19:36:00+00:00,2023-07-19T01:44:43+00:00,13172,USD,,false,NDX/SRC/events/01972-DUP
EV002138,PG,NDX_BILLING,NDX-R01017,SUBMITTED,2022-09-14T17:13:00+00:00,2022-09-17T03:17:42+00:00,38563,USD,,false,NDX/SRC/events/01864-DUP
EV002139,PG,NDX_BILLING,,PAYMENT_POSTED,2022-10-12T15:02:00+00:00,2022-10-14T19:47:48+00:00,43193,USD,,false,NDX/SRC/events/01834-DUP
EV002140,PG,TRI_BILLING,,UNKNOWN,2023-03-13T21:29:00+00:00,2023-03-14T03:45:49+00:00,,,,false,TRI/SRC/events/02140
EV002141,PG,NDX_BILLING,,UNKNOWN,2023-07-06T17:14:00+00:00,2023-07-08T04:06:49+00:00,,,,false,NDX/SRC/events/02141
EV002142,PG,CPL_BILLING,,UNKNOWN,2022-09-27T19:37:00+00:00,2022-10-04T03:35:57+00:00,,,,false,CPL/SRC/events/02142
EV002143,PG,TRI_BILLING,,UNKNOWN,2022-07-25T17:22:00+00:00,2022-07-26T11:03:53+00:00,,,,false,TRI/SRC/events/02143
EV002144,PG,NDX_BILLING,,UNKNOWN,2022-12-19T16:34:00+00:00,2022-12-19T20:26:36+00:00,,,,false,NDX/SRC/events/02144
EV002145,PG,NDX_BILLING,,UNKNOWN,2022-07-04T13:43:00+00:00,2022-07-04T14:26:36+00:00,,,,false,NDX/SRC/events/02145
EV002146,PG,CPL_BILLING,,UNKNOWN,2023-03-24T16:53:00+00:00,2023-03-26T11:48:45+00:00,,,,false,CPL/SRC/events/02146
EV002147,PG,TRI_BILLING,,UNKNOWN,2022-08-29T22:52:00+00:00,2022-08-30T03:59:27+00:00,,,,false,TRI/SRC/events/02147
EV002148,PG,CPL_BILLING,,UNKNOWN,2023-03-20T21:49:00+00:00,2023-03-22T17:58:02+00:00,,,,false,CPL/SRC/events/02148
EV002149,PG,NDX_BILLING,,UNKNOWN,2023-08-14T16:15:00+00:00,2023-08-14T17:05:25+00:00,,,,false,NDX/SRC/events/02149
